cell_id,cell
1,H04_4
2,H04_0
3,H04_2
4,H04_1
5,H04_6
6,H04_59
7,H04_21
8,H04_3
9,H04_10
10,H04_8
11,H04_14
12,H04_7
13,H04_26
14,H04_42
15,H04_9
16,H04_18
17,H04_13
18,H04_16
19,H04_30
20,H04_39
21,H04_23
22,H04_15
23,H04_29
24,H04_11
25,H04_5
26,H04_25
27,H04_40
28,H04_33
29,H04_22
30,H04_51
31,H04_19
32,H04_20
33,H04_17
34,H04_28
35,H04_31
36,H04_35
37,H04_38
38,H04_27
39,H04_43
40,H04_53
41,H04_36
42,H04_34
43,H04_46
44,H04_37
45,H04_45
46,H04_44
47,H04_63
48,H04_55
49,H04_56
50,H04_50
51,H04_58
52,H04_68
53,H04_71
54,H04_57
55,H04_62
56,H04_52
57,H04_54
58,H04_49
59,H04_65
60,H04_61
61,H04_79
62,H04_70
63,H04_113
64,H04_84
65,H04_48
66,H04_89
67,H04_149
68,H04_86
69,H04_87
70,H04_140
71,H04_129
72,H04_123
73,H04_92
74,H04_98
75,H04_99
76,H04_133
77,H04_110
78,H04_78
79,H04_60
80,H04_119
81,H04_69
82,H04_112
83,H04_104
84,H04_80
85,H04_106
86,H04_193
87,H04_94
88,H04_118
89,H04_159
90,H04_132
91,H04_120
92,H04_134
93,H04_114
94,H04_136
95,H04_135
96,H04_117
97,H04_127
98,H04_128
99,H04_172
100,H04_130
101,H04_161
102,H04_150
103,H04_143
104,H04_155
105,H04_164
106,H04_166
107,H04_169
108,H04_88
109,H04_177
110,H04_154
111,H04_168
112,H04_105
113,H04_109
114,H04_90
115,H04_141
116,H04_153
117,H04_205
118,H04_152
119,H04_167
120,H04_184
121,H04_122
122,H04_165
123,H04_171
124,H04_151
125,H04_158
126,H04_170
127,H04_125
128,H04_81
129,H04_223
130,H04_194
131,H04_93
132,H04_126
133,H04_163
134,H04_102
135,H04_97
136,H04_186
137,H04_181
138,H04_96
139,H04_187
140,H04_211
141,H04_157
142,H04_176
143,H04_85
144,H04_175
145,H04_179
146,H04_100
147,H04_190
148,H04_214
149,H04_210
150,H04_188
151,H04_180
152,H04_213
153,H04_212
154,H04_232
155,H04_220
156,H04_267
157,H04_219
158,H04_183
159,H04_146
160,H04_189
161,H04_215
162,H04_204
163,H04_201
164,H04_195
165,H04_234
166,H04_142
167,H04_197
168,H04_238
169,H04_225
170,H04_202
171,H04_206
172,H04_231
173,H04_235
174,H04_207
175,H04_253
176,H04_224
177,H04_138
178,H04_218
179,H04_216
180,H04_233
181,H04_198
182,H04_246
183,H04_217
184,H04_242
185,H04_247
186,H04_182
187,H04_243
188,H04_222
189,H04_229
190,H04_237
191,H04_240
192,H04_272
193,H04_268
194,H04_292
195,H04_252
196,H04_254
197,H04_265
198,H04_236
199,H04_289
200,H04_245
201,H04_256
202,H04_270
203,H04_261
204,H04_248
205,H04_239
206,H04_281
207,H04_266
208,H04_269
209,H04_305
210,H04_276
211,H04_271
212,H04_297
213,H04_302
214,H04_244
215,H04_277
216,H04_336
217,H04_308
218,H04_303
219,H04_337
220,H04_290
221,H04_288
222,H04_278
223,H04_301
224,H04_295
225,H04_291
226,H04_311
227,H04_327
228,H04_310
229,H04_293
230,H04_332
231,H04_296
232,H04_362
233,H04_330
234,H04_354
235,H04_316
236,H04_304
237,H04_286
238,H04_313
239,H04_352
240,H04_319
241,H04_321
242,H04_361
243,H04_273
244,H04_345
245,H04_348
246,H04_312
247,H04_318
248,H04_309
249,H04_298
250,H04_343
251,H04_379
252,H04_351
253,H04_333
254,H04_334
255,H04_350
256,H04_346
257,H04_324
258,H04_335
259,H04_355
260,H04_386
261,H04_347
262,H04_365
263,H04_367
264,H04_405
265,H04_341
266,H04_378
267,H04_329
268,H04_374
269,H04_377
270,H04_371
271,H04_368
272,H04_353
273,H04_349
274,H04_366
275,H04_381
276,H04_369
277,H04_328
278,H04_174
279,H04_396
280,H04_375
281,H04_372
282,H04_407
283,H04_418
284,H04_388
285,H04_403
286,H04_360
287,H04_380
288,H04_370
289,H04_398
290,H04_385
291,H04_435
292,H04_392
293,H04_382
294,H04_387
295,H04_416
296,H04_428
297,H04_399
298,H04_397
299,H04_404
300,H04_417
301,H04_383
302,H04_422
303,H04_376
304,H04_426
305,H04_414
306,H04_406
307,H04_326
308,H04_410
309,H04_423
310,H04_433
311,I06_13
312,I06_7
313,I06_9
314,I06_68
315,I06_4
316,I06_14
317,I06_15
318,I06_25
319,I06_29
320,I06_18
321,I06_56
322,I06_11
323,I06_5
324,I06_34
325,I06_30
326,I06_45
327,I06_47
328,I06_10
329,I06_2
330,I06_0
331,I06_20
332,I06_8
333,I06_87
334,I06_52
335,I06_27
336,I06_84
337,I06_58
338,I06_53
339,I06_37
340,I06_85
341,I06_67
342,I06_70
343,I06_79
344,I06_86
345,I06_49
346,I06_81
347,I06_26
348,I06_1
349,I06_3
350,I06_75
351,I06_62
352,I06_77
353,I06_50
354,I06_59
355,I06_74
356,I06_64
357,I06_61
358,I06_91
359,I06_76
360,I06_153
361,I06_22
362,I06_72
363,I06_105
364,I06_43
365,I06_83
366,I06_54
367,I06_97
368,I06_82
369,I06_92
370,I06_109
371,I06_103
372,I06_98
373,I06_100
374,I06_107
375,I06_127
376,I06_90
377,I06_88
378,I06_93
379,I06_94
380,I06_130
381,I06_117
382,I06_112
383,I06_149
384,I06_134
385,I06_113
386,I06_119
387,I06_126
388,I06_66
389,I06_78
390,I06_137
391,I06_106
392,I06_108
393,I06_111
394,I06_158
395,I06_102
396,I06_118
397,I06_104
398,I06_143
399,I06_140
400,I06_46
401,I06_144
402,I06_146
403,I06_128
404,I06_148
405,I06_124
406,I06_234
407,I06_131
408,I06_147
409,I06_141
410,I06_171
411,I06_142
412,I06_145
413,I06_132
414,I06_169
415,I06_187
416,I06_192
417,I06_174
418,I06_139
419,I06_165
420,I06_195
421,I06_167
422,I06_166
423,I06_205
424,I06_154
425,I06_135
426,I06_136
427,I06_177
428,I06_159
429,I06_180
430,I06_183
431,I06_184
432,I06_221
433,I06_176
434,I06_204
435,I06_160
436,I06_181
437,I06_200
438,I06_203
439,I06_196
440,I06_178
441,I06_191
442,I06_253
443,I06_201
444,I06_194
445,I06_202
446,I06_239
447,I06_235
448,I06_277
449,I06_188
450,I06_210
451,I06_207
452,I06_218
453,I06_215
454,I06_197
455,I06_231
456,I06_206
457,I06_257
458,I06_219
459,I06_222
460,I06_220
461,I06_230
462,I06_237
463,I06_225
464,I06_224
465,I06_232
466,I06_261
467,I06_223
468,I06_252
469,I06_229
470,I06_244
471,I06_248
472,I06_242
473,I06_238
474,I06_241
475,I06_250
476,I06_245
477,I06_292
478,I06_243
479,I06_213
480,I06_258
481,I06_284
482,I06_256
483,I06_259
484,I06_240
485,I06_214
486,I06_265
487,I06_320
488,I06_276
489,I06_264
490,I06_283
491,I06_267
492,I06_263
493,I06_272
494,I06_273
495,I06_278
496,I06_266
497,I06_279
498,I06_299
499,I06_289
500,I06_286
501,I06_282
502,I06_274
503,I06_312
504,I06_322
505,I06_163
506,I06_288
507,I06_290
508,I06_271
509,I06_297
510,I06_311
511,I06_304
512,I06_313
513,I06_305
514,I06_316
515,I06_327
516,I06_314
517,I06_335
518,I06_340
519,I06_325
520,I06_328
521,I06_319
522,I06_216
523,I06_363
524,I06_330
525,I06_368
526,I06_341
527,I06_324
528,I06_332
529,I06_294
530,I06_336
531,I06_334
532,I06_338
533,I06_352
534,I06_326
535,I06_337
536,I06_353
537,I06_343
538,I06_351
539,I06_331
540,I06_369
541,I06_378
542,I06_376
543,I06_371
544,I06_364
545,I06_360
546,I06_367
547,I06_358
548,I06_365
549,I06_361
550,I06_377
551,I06_370
552,I06_306
553,I06_380
554,I06_379
555,I06_362
556,I06_372
557,I06_384
558,I06_346
559,I06_375
560,I06_394
561,I06_396
562,I06_383
563,I06_390
564,I06_373
565,I06_419
566,I06_388
567,I06_374
568,I06_382
569,I06_386
570,I06_401
571,I06_395
572,I06_404
573,I06_406
574,I06_416
575,I06_413
576,I06_415
577,I06_347
578,I06_429
579,I06_428
580,I06_411
581,I06_412
582,I06_426
583,I06_409
584,I06_389
585,I06_414
586,I06_392
587,I06_295
588,I06_424
589,I06_407
590,I06_391
591,I06_441
592,I06_423
593,I06_408
594,I06_443
595,I06_421
596,I06_447
597,I06_448
598,I06_457
599,I06_425
600,I06_449
601,I06_446
602,I06_438
603,I06_444
604,I06_454
605,I06_458
606,H03_10
607,H03_4
608,H03_19
609,H03_26
610,H03_41
611,H03_12
612,H03_5
613,H03_57
614,H03_25
615,H03_47
616,H03_22
617,H03_0
618,H03_3
619,H03_6
620,H03_30
621,H03_2
622,H03_44
623,H03_48
624,H03_1
625,H03_58
626,H03_32
627,H03_23
628,H03_21
629,H03_27
630,H03_24
631,H03_52
632,H03_15
633,H03_36
634,H03_42
635,H03_59
636,H03_63
637,H03_17
638,H03_33
639,H03_13
640,H03_61
641,H03_43
642,H03_38
643,H03_29
644,H03_28
645,H03_67
646,H03_69
647,H03_14
648,H03_45
649,H03_95
650,H03_31
651,H03_84
652,H03_20
653,H03_49
654,H03_7
655,H03_92
656,H03_80
657,H03_77
658,H03_79
659,H03_85
660,H03_78
661,H03_94
662,H03_68
663,H03_117
664,H03_109
665,H03_107
666,H03_129
667,H03_118
668,H03_112
669,H03_96
670,H03_128
671,H03_113
672,H03_111
673,H03_115
674,H03_142
675,H03_126
676,H03_120
677,H03_145
678,H03_131
679,H03_156
680,H03_157
681,H03_140
682,H03_168
683,H03_153
684,H03_170
685,H03_169
686,H03_99
687,H03_167
688,H03_65
689,H03_174
690,H03_172
691,H03_158
692,H03_189
693,H03_182
694,H03_184
695,H03_144
696,H03_183
697,H03_212
698,H03_121
699,H03_190
700,H03_201
701,H03_191
702,H03_199
703,H03_200
704,H03_214
705,H03_193
706,H03_222
707,H03_226
708,H03_221
709,H03_272
710,H03_255
711,H03_243
712,H03_210
713,H03_241
714,H03_223
715,H03_246
716,H03_277
717,H03_240
718,H03_257
719,H03_258
720,H03_278
721,H03_276
722,H03_317
723,H03_304
724,H03_300
725,H03_303
726,H03_287
727,H03_315
728,H03_316
729,H03_302
730,H03_290
731,H03_299
732,H03_341
733,H03_339
734,H03_350
735,H03_338
736,H03_314
737,H03_340
738,H03_349
739,H03_326
740,H03_329
741,H03_357
742,H03_337
743,H03_368
744,H03_328
745,H03_369
746,H03_367
747,H03_351
748,H03_383
749,H03_327
750,H03_379
751,H03_380
752,H05_0
753,H05_6
754,H05_20
755,H05_17
756,H05_62
757,H05_5
758,H05_27
759,H05_48
760,H05_9
761,H05_26
762,H05_12
763,H05_4
764,H05_84
765,H05_7
766,H05_11
767,H05_77
768,H05_1
769,H05_73
770,H05_57
771,H05_16
772,H05_3
773,H05_8
774,H05_69
775,H05_33
776,H05_23
777,H05_13
778,H05_51
779,H05_28
780,H05_55
781,H05_2
782,H05_38
783,H05_83
784,H05_42
785,H05_45
786,H05_86
787,H05_85
788,H05_74
789,H05_44
790,H05_35
791,H05_34
792,H05_22
793,H05_21
794,H05_76
795,H05_36
796,H05_52
797,H05_40
798,H05_63
799,H05_163
800,H05_60
801,H05_10
802,H05_15
803,H05_103
804,H05_78
805,H05_115
806,H05_128
807,H05_82
808,H05_93
809,H05_100
810,H05_96
811,H05_102
812,H05_75
813,H05_97
814,H05_89
815,H05_67
816,H05_123
817,H05_136
818,H05_155
819,H05_129
820,H05_117
821,H05_121
822,H05_134
823,H05_95
824,H05_107
825,H05_50
826,H05_106
827,H05_109
828,H05_98
829,H05_143
830,H05_116
831,H05_126
832,H05_119
833,H05_68
834,H05_122
835,H05_147
836,H05_164
837,H05_149
838,H05_140
839,H05_135
840,H05_114
841,H05_159
842,H05_144
843,H05_104
844,H05_171
845,H05_137
846,H05_157
847,H05_178
848,H05_131
849,H05_132
850,H05_142
851,H05_167
852,H05_152
853,H05_161
854,H05_169
855,H05_188
856,H05_156
857,H05_158
858,H05_187
859,H05_192
860,H05_145
861,H05_162
862,H05_186
863,H05_180
864,H05_181
865,H05_175
866,H05_165
867,H05_201
868,H05_166
869,H05_174
870,H05_151
871,H05_160
872,H05_218
873,H05_204
874,H05_146
875,H05_191
876,H05_182
877,H05_199
878,H05_190
879,H05_208
880,H05_197
881,H05_195
882,H05_200
883,H05_193
884,H05_32
885,H05_108
886,H05_209
887,H05_210
888,H05_256
889,H05_248
890,H05_249
891,H05_206
892,H05_173
893,H05_222
894,H05_223
895,H05_219
896,H05_230
897,H05_202
898,H05_250
899,H05_216
900,H05_215
901,H05_214
902,H05_176
903,H05_237
904,H05_226
905,H05_264
906,H05_247
907,H05_198
908,H05_255
909,H05_212
910,H05_221
911,H05_243
912,H05_253
913,H05_234
914,H05_231
915,H05_235
916,H05_272
917,H05_240
918,H05_246
919,H05_242
920,H05_227
921,H05_281
922,H05_257
923,H05_232
924,H05_238
925,H05_245
926,H05_283
927,H05_211
928,H05_288
929,H05_254
930,H05_179
931,H05_276
932,H05_277
933,H05_244
934,H05_315
935,H05_282
936,H05_293
937,H05_270
938,H05_266
939,H05_269
940,H05_268
941,H05_275
942,H05_261
943,H05_286
944,H05_317
945,H05_265
946,H05_236
947,H05_309
948,H05_290
949,H05_304
950,H05_285
951,H05_310
952,H05_289
953,H05_322
954,H05_301
955,H05_298
956,H05_335
957,H05_334
958,H05_291
959,H05_321
960,H05_263
961,H05_338
962,H05_313
963,H05_314
964,H05_311
965,H05_333
966,H05_363
967,H05_337
968,H05_312
969,H05_329
970,H05_262
971,H05_316
972,H05_297
973,H05_375
974,H05_319
975,H05_323
976,H05_292
977,H05_344
978,H05_342
979,H05_343
980,H05_325
981,H05_360
982,H05_364
983,H05_365
984,H05_271
985,H05_327
986,H05_348
987,H05_358
988,H05_346
989,H05_356
990,H05_320
991,H05_368
992,H05_377
993,H05_362
994,H05_372
995,H05_353
996,H05_350
997,H05_381
998,H05_376
999,H05_371
1000,H05_369
1001,H05_306
1002,H05_382
1003,H05_367
1004,H05_388
1005,H05_392
1006,H05_370
1007,H05_419
1008,H05_397
1009,H05_401
1010,H05_378
1011,H05_393
1012,H05_398
1013,H05_390
1014,H05_413
1015,H05_406
1016,H05_408
1017,H05_394
1018,H05_400
1019,H05_396
1020,H05_395
1021,H05_410
1022,H05_403
1023,H05_426
1024,H05_420
1025,H05_389
1026,H05_409
1027,H05_439
1028,H05_404
1029,H05_423
1030,H05_446
1031,H05_405
1032,H05_411
1033,H05_260
1034,H05_496
1035,H05_417
1036,H05_414
1037,H05_424
1038,H05_416
1039,H05_385
1040,H05_407
1041,H05_415
1042,H05_425
1043,H05_482
1044,H05_427
1045,H05_431
1046,H05_421
1047,H05_422
1048,H05_429
1049,H05_434
1050,H05_450
1051,H05_437
1052,H05_452
1053,H05_418
1054,H05_455
1055,H05_435
1056,H05_477
1057,H05_441
1058,H05_480
1059,H05_440
1060,H05_486
1061,H05_463
1062,H05_428
1063,H05_438
1064,H05_454
1065,H05_451
1066,H05_458
1067,H05_457
1068,H05_464
1069,H05_449
1070,H05_512
1071,H05_468
1072,H05_462
1073,H05_467
1074,H05_495
1075,H05_481
1076,H05_472
1077,H05_476
1078,H05_448
1079,H05_485
1080,H05_497
1081,H05_489
1082,H05_493
1083,H05_492
1084,H05_502
1085,H05_436
1086,H05_461
1087,H05_498
1088,H05_522
1089,H05_479
1090,H05_484
1091,H05_459
1092,H05_475
1093,H05_469
1094,H05_491
1095,H05_500
1096,H05_509
1097,H05_507
1098,H05_511
1099,H05_514
1100,H05_513
1101,H05_520
1102,H05_517
1103,H05_528
1104,H05_527
1105,G03_8
1106,G03_0
1107,G03_111
1108,G03_5
1109,G03_154
1110,G03_92
1111,G03_101
1112,G03_48
1113,G03_114
1114,G03_13
1115,G03_7
1116,G03_29
1117,G03_11
1118,G03_126
1119,G03_118
1120,G03_28
1121,G03_133
1122,G03_25
1123,G03_131
1124,G03_123
1125,G03_23
1126,G03_124
1127,G03_47
1128,G03_24
1129,G03_57
1130,G03_180
1131,G03_10
1132,G03_50
1133,G03_9
1134,G03_110
1135,G03_121
1136,G03_38
1137,G03_71
1138,G03_160
1139,G03_151
1140,G03_161
1141,G03_135
1142,G03_129
1143,G03_170
1144,G03_143
1145,G03_141
1146,G03_171
1147,G03_138
1148,G03_153
1149,G03_162
1150,G03_139
1151,G03_33
1152,G03_128
1153,G03_149
1154,G03_146
1155,G03_150
1156,G03_193
1157,G03_172
1158,G03_148
1159,G03_182
1160,G03_163
1161,G03_159
1162,G03_201
1163,G03_132
1164,G03_179
1165,G03_183
1166,G03_178
1167,G03_184
1168,G03_192
1169,G03_204
1170,G03_200
1171,G03_189
1172,G03_195
1173,G03_181
1174,G03_194
1175,G03_203
1176,G03_225
1177,G03_177
1178,G03_190
1179,G03_173
1180,G03_202
1181,G03_245
1182,G03_198
1183,G03_206
1184,G03_197
1185,G03_213
1186,G03_207
1187,G03_196
1188,G03_216
1189,G03_220
1190,G03_191
1191,G03_158
1192,G03_212
1193,G03_205
1194,G03_223
1195,G03_211
1196,G03_249
1197,G03_230
1198,G03_237
1199,G03_227
1200,G03_235
1201,G03_210
1202,G03_224
1203,G03_238
1204,G03_239
1205,G03_242
1206,G03_250
1207,G03_218
1208,G03_229
1209,G03_243
1210,G03_231
1211,G03_233
1212,G03_246
1213,G03_255
1214,G03_244
1215,G03_254
1216,G03_228
1217,G03_247
1218,G03_251
1219,G03_236
1220,G03_248
1221,G03_257
1222,G03_279
1223,G03_263
1224,G03_234
1225,G03_258
1226,G03_278
1227,G03_253
1228,G03_265
1229,G03_266
1230,G03_240
1231,G03_288
1232,G03_270
1233,G03_268
1234,G03_274
1235,G03_272
1236,G03_289
1237,G03_226
1238,G03_267
1239,G03_282
1240,G03_273
1241,G03_294
1242,G03_284
1243,G03_295
1244,G03_276
1245,G03_277
1246,G03_291
1247,G03_275
1248,G03_301
1249,G03_280
1250,G03_302
1251,G03_315
1252,G03_310
1253,G03_307
1254,G03_317
1255,G03_303
1256,G03_286
1257,G03_297
1258,G03_308
1259,G03_296
1260,G03_323
1261,G03_300
1262,G03_316
1263,G03_304
1264,G03_313
1265,G03_324
1266,G03_312
1267,G03_305
1268,G03_319
1269,G03_321
1270,G03_350
1271,G03_336
1272,G03_335
1273,G03_339
1274,G03_314
1275,G03_322
1276,G03_347
1277,G03_359
1278,G03_327
1279,G03_349
1280,G03_325
1281,G03_338
1282,G03_326
1283,G03_348
1284,G03_340
1285,G03_343
1286,G03_352
1287,G03_365
1288,G03_353
1289,G03_341
1290,G03_375
1291,G03_383
1292,G03_356
1293,G03_363
1294,G03_371
1295,G03_351
1296,G03_362
1297,G03_366
1298,G03_361
1299,G03_337
1300,G03_372
1301,G03_364
1302,G03_370
1303,G03_388
1304,G03_384
1305,G03_385
1306,G03_386
1307,G03_380
1308,G03_373
1309,G03_381
1310,G03_369
1311,G03_382
1312,G03_376
1313,H06_65
1314,H06_31
1315,H06_0
1316,H06_133
1317,H06_84
1318,H06_111
1319,H06_141
1320,H06_120
1321,H06_116
1322,H06_73
1323,H06_142
1324,H06_134
1325,H06_137
1326,H06_144
1327,H06_115
1328,H06_147
1329,H06_93
1330,H06_117
1331,H06_36
1332,H06_143
1333,H06_47
1334,H06_139
1335,H06_148
1336,H06_122
1337,H06_155
1338,H06_132
1339,H06_113
1340,H06_121
1341,H06_168
1342,H06_207
1343,H06_39
1344,H06_158
1345,H06_160
1346,H06_227
1347,H06_208
1348,H06_161
1349,H06_159
1350,H06_182
1351,H06_220
1352,H06_221
1353,H06_169
1354,H06_189
1355,H06_185
1356,H06_118
1357,H06_202
1358,H06_204
1359,H06_240
1360,H06_218
1361,H06_222
1362,H06_225
1363,H06_242
1364,H06_226
1365,H06_241
1366,H06_243
1367,H06_198
1368,H06_282
1369,H06_186
1370,H06_68
1371,H06_261
1372,H06_298
1373,H06_263
1374,H06_272
1375,H06_269
1376,H06_223
1377,H06_264
1378,H06_146
1379,H06_286
1380,H06_259
1381,H06_324
1382,H06_284
1383,H06_303
1384,H06_301
1385,H06_344
1386,H06_326
1387,H06_302
1388,H06_350
1389,H06_304
1390,H06_321
1391,H06_316
1392,H06_335
1393,H06_322
1394,H06_349
1395,H06_323
1396,H06_347
1397,H06_370
1398,H06_342
1399,H06_388
1400,H06_332
1401,H06_395
1402,H06_371
1403,H06_368
1404,H06_392
1405,H06_390
1406,H06_348
1407,H06_396
1408,H06_424
1409,H06_446
1410,H06_456
1411,H06_454
1412,H06_445
1413,H06_457
1414,H06_439
1415,H06_441
1416,H06_489
1417,H06_438
1418,H06_444
1419,H06_488
1420,H06_490
1421,H06_508
1422,H06_487
1423,H06_509
1424,H06_507
1425,H06_546
1426,H06_517
1427,H06_535
1428,H06_506
1429,H06_533
1430,H06_545
1431,H06_516
1432,H06_563
1433,H06_567
1434,H06_578
1435,H06_594
1436,H06_576
1437,H06_577
1438,H06_569
1439,H06_592
1440,H06_579
1441,H06_593
1442,G04_0
1443,G04_49
1444,G04_71
1445,G04_54
1446,G04_74
1447,G04_102
1448,G04_126
1449,G04_84
1450,G04_46
1451,G04_86
1452,G04_52
1453,G04_149
1454,G04_170
1455,G04_168
1456,G04_125
1457,G04_127
1458,G04_217
1459,G04_150
1460,G04_197
1461,G04_196
1462,G04_218
1463,G04_169
1464,G04_198
1465,G04_200
1466,G04_55
1467,G04_123
1468,G04_165
1469,G04_238
1470,G04_237
1471,G04_236
1472,G04_271
1473,G04_291
1474,G04_269
1475,G04_120
1476,G04_195
1477,G04_199
1478,G04_309
1479,G04_270
1480,G04_328
1481,G04_192
1482,G04_352
1483,G04_355
1484,G04_326
1485,G04_325
1486,G04_419
1487,G04_435
1488,G04_433
1489,G04_87
1490,G04_437
1491,G04_416
1492,G04_434
1493,G04_466
1494,G04_418
1495,G04_495
1496,G04_467
1497,G04_519
1498,G04_396
1499,G04_518
1500,G04_530
1501,G04_529
1502,G04_583
1503,G04_563
1504,G04_564
1505,G04_612
1506,G04_581
1507,G04_582
1508,G04_596
1509,G04_608
1510,G04_595
1511,G04_609
1512,G04_633
1513,G04_613
1514,I05_0
1515,I05_41
1516,I05_85
1517,I05_26
1518,I05_100
1519,I05_98
1520,I05_84
1521,I05_83
1522,I05_140
1523,I05_48
1524,I05_42
1525,I05_90
1526,I05_30
1527,I05_124
1528,I05_49
1529,I05_65
1530,I05_54
1531,I05_60
1532,I05_91
1533,I05_43
1534,I05_139
1535,I05_86
1536,I05_101
1537,I05_67
1538,I05_59
1539,I05_57
1540,I05_70
1541,I05_63
1542,I05_106
1543,I05_66
1544,I05_71
1545,I05_75
1546,I05_103
1547,I05_107
1548,I05_29
1549,I05_47
1550,I05_116
1551,I05_149
1552,I05_52
1553,I05_87
1554,I05_171
1555,I05_68
1556,I05_21
1557,I05_129
1558,I05_143
1559,I05_127
1560,I05_56
1561,I05_108
1562,I05_38
1563,I05_126
1564,I05_3
1565,I05_89
1566,I05_53
1567,I05_102
1568,I05_9
1569,I05_72
1570,I05_123
1571,I05_51
1572,I05_145
1573,I05_99
1574,I05_144
1575,I05_10
1576,I05_109
1577,I05_92
1578,I05_23
1579,I05_136
1580,I05_11
1581,I05_134
1582,I05_158
1583,I05_105
1584,I05_148
1585,I05_94
1586,I05_104
1587,I05_17
1588,I05_118
1589,I05_96
1590,I05_150
1591,I05_141
1592,I05_137
1593,I05_121
1594,I05_76
1595,I05_16
1596,I05_154
1597,I05_128
1598,I05_199
1599,I05_125
1600,I05_160
1601,I05_138
1602,I05_155
1603,I05_161
1604,I05_156
1605,I05_198
1606,I05_157
1607,I05_147
1608,I05_142
1609,I05_146
1610,I05_166
1611,I05_182
1612,I05_164
1613,I05_151
1614,I05_209
1615,I05_44
1616,I05_181
1617,I05_131
1618,I05_167
1619,I05_159
1620,I05_172
1621,I05_110
1622,I05_180
1623,I05_22
1624,I05_200
1625,I05_168
1626,I05_130
1627,I05_204
1628,I05_170
1629,I05_169
1630,I05_185
1631,I05_190
1632,I05_165
1633,I05_191
1634,I05_79
1635,I05_179
1636,I05_195
1637,I05_163
1638,I05_208
1639,I05_203
1640,I05_186
1641,I05_173
1642,I05_36
1643,I05_197
1644,I05_183
1645,I05_184
1646,I05_175
1647,I05_213
1648,I05_189
1649,I05_188
1650,I05_236
1651,I05_232
1652,I05_187
1653,I05_214
1654,I05_202
1655,I05_228
1656,I05_174
1657,I05_210
1658,I05_234
1659,I05_212
1660,I05_215
1661,I05_217
1662,I05_162
1663,I05_239
1664,I05_226
1665,I05_221
1666,I05_222
1667,I05_231
1668,I05_220
1669,I05_250
1670,I05_235
1671,I05_238
1672,I05_205
1673,I05_277
1674,I05_263
1675,I05_206
1676,I05_240
1677,I05_260
1678,I05_251
1679,I05_243
1680,I05_259
1681,I05_297
1682,I05_257
1683,I05_266
1684,I05_247
1685,I05_278
1686,I05_279
1687,I05_285
1688,I05_269
1689,I05_295
1690,I05_261
1691,I05_218
1692,I05_256
1693,I05_321
1694,I05_283
1695,I05_290
1696,I05_287
1697,I05_305
1698,I05_302
1699,I05_308
1700,I05_292
1701,I05_288
1702,I05_312
1703,I05_330
1704,I05_280
1705,I05_275
1706,I05_332
1707,I05_327
1708,I05_331
1709,I05_306
1710,I05_325
1711,I05_324
1712,I05_319
1713,I05_318
1714,I05_317
1715,I05_334
1716,I05_333
1717,I05_298
1718,I05_341
1719,I05_357
1720,I05_339
1721,I05_359
1722,I05_328
1723,I05_367
1724,I05_323
1725,I05_264
1726,I05_355
1727,I05_349
1728,I05_360
1729,I05_343
1730,I05_348
1731,I05_301
1732,I05_246
1733,I05_389
1734,I05_362
1735,I05_329
1736,I05_255
1737,I05_267
1738,I05_364
1739,I05_346
1740,I05_361
1741,I05_378
1742,I05_405
1743,I05_365
1744,I05_369
1745,I05_385
1746,I05_375
1747,I05_403
1748,I05_392
1749,I05_395
1750,I05_372
1751,I05_368
1752,I05_410
1753,I05_363
1754,I05_370
1755,I05_376
1756,I05_380
1757,I05_386
1758,I05_383
1759,I05_413
1760,I05_350
1761,I05_400
1762,I05_431
1763,I05_381
1764,I05_398
1765,I05_406
1766,I05_390
1767,I05_379
1768,I05_414
1769,I05_443
1770,I05_428
1771,I05_415
1772,I05_404
1773,I05_411
1774,I05_416
1775,I05_394
1776,I05_399
1777,I05_409
1778,I05_432
1779,I05_425
1780,I05_407
1781,I05_439
1782,I05_426
1783,I05_448
1784,I05_429
1785,I05_446
1786,I05_457
1787,I05_440
1788,I05_435
1789,I05_436
1790,I05_468
1791,I05_441
1792,I05_455
1793,I05_458
1794,I05_449
1795,I05_454
1796,I05_437
1797,I05_474
1798,I05_452
1799,I05_464
1800,I05_459
1801,I05_462
1802,I05_489
1803,I05_472
1804,I05_486
1805,I05_484
1806,I05_467
1807,I05_488
1808,I05_505
1809,I05_504
1810,I05_498
1811,G02_0
1812,G02_15
1813,G02_10
1814,G02_7
1815,G02_20
1816,G02_51
1817,G02_17
1818,G02_12
1819,G02_11
1820,G02_16
1821,G02_30
1822,G02_8
1823,G02_39
1824,G02_45
1825,G02_29
1826,G02_25
1827,G02_26
1828,G02_19
1829,G02_105
1830,G02_9
1831,G02_42
1832,G02_54
1833,G02_3
1834,G02_31
1835,G02_22
1836,G02_13
1837,G02_79
1838,G02_50
1839,G02_23
1840,G02_52
1841,G02_18
1842,G02_14
1843,G02_62
1844,G02_56
1845,G02_55
1846,G02_87
1847,G02_75
1848,G02_78
1849,G02_58
1850,G02_74
1851,G02_73
1852,G02_27
1853,G02_80
1854,G02_61
1855,G02_72
1856,G02_24
1857,G02_93
1858,G02_46
1859,G02_66
1860,G02_60
1861,G02_36
1862,G02_88
1863,G02_89
1864,G02_67
1865,G02_85
1866,G02_109
1867,G02_65
1868,G02_70
1869,G02_94
1870,G02_69
1871,G02_95
1872,G02_86
1873,G02_76
1874,G02_96
1875,G02_114
1876,G02_68
1877,G02_92
1878,G02_104
1879,G02_111
1880,G02_107
1881,G02_101
1882,G02_117
1883,G02_83
1884,G02_99
1885,G02_97
1886,G02_116
1887,G02_112
1888,G02_115
1889,G02_113
1890,G02_102
1891,G02_124
1892,G02_71
1893,G02_100
1894,G02_132
1895,G02_103
1896,G02_81
1897,G02_121
1898,G02_126
1899,G02_131
1900,G02_106
1901,G02_137
1902,G02_122
1903,G02_136
1904,G02_130
1905,G02_135
1906,G02_128
1907,G02_127
1908,G02_110
1909,G02_138
1910,G02_158
1911,G02_185
1912,G02_152
1913,G02_148
1914,G02_156
1915,G02_145
1916,G02_143
1917,G02_142
1918,G02_178
1919,G02_140
1920,G02_157
1921,G02_160
1922,G02_133
1923,G02_167
1924,G02_134
1925,G02_177
1926,G02_151
1927,G02_184
1928,G02_175
1929,G02_168
1930,G02_162
1931,G02_172
1932,G02_176
1933,G02_139
1934,G02_149
1935,G02_159
1936,G02_155
1937,G02_195
1938,G02_154
1939,G02_171
1940,G02_161
1941,G02_198
1942,G02_165
1943,G02_173
1944,G02_180
1945,G02_181
1946,G02_201
1947,G02_188
1948,G02_187
1949,G02_174
1950,G02_192
1951,G02_199
1952,G02_129
1953,G02_190
1954,G02_183
1955,G02_186
1956,G02_170
1957,G02_182
1958,G02_200
1959,G02_203
1960,G02_211
1961,G02_202
1962,G02_237
1963,G02_191
1964,G02_204
1965,G02_194
1966,G02_212
1967,G02_197
1968,G02_209
1969,G02_213
1970,G02_210
1971,G02_229
1972,G02_217
1973,G02_239
1974,G02_196
1975,G02_223
1976,G02_227
1977,G02_205
1978,G02_226
1979,G02_240
1980,G02_233
1981,G02_241
1982,G02_219
1983,G02_221
1984,G02_243
1985,G02_246
1986,G02_242
1987,G02_263
1988,G02_261
1989,G02_260
1990,G02_253
1991,G02_251
1992,G02_234
1993,G02_266
1994,G02_254
1995,G02_264
1996,G02_262
1997,G02_259
1998,G02_268
1999,G02_265
2000,G02_258
2001,G02_275
2002,G02_271
2003,G02_279
2004,G02_277
2005,G02_269
2006,G02_297
2007,G02_273
2008,G02_315
2009,G02_298
2010,G02_286
2011,G02_280
2012,G02_284
2013,G02_288
2014,G02_290
2015,G02_287
2016,G02_308
2017,G02_274
2018,G02_282
2019,G02_278
2020,G02_283
2021,G02_281
2022,G02_295
2023,G02_289
2024,G02_294
2025,G02_293
2026,G02_305
2027,G02_312
2028,G02_302
2029,G02_323
2030,G02_328
2031,G02_307
2032,G02_292
2033,G02_326
2034,G02_314
2035,G02_344
2036,G02_299
2037,G02_311
2038,G02_252
2039,G02_346
2040,G02_300
2041,G02_329
2042,G02_319
2043,G02_324
2044,G02_360
2045,G02_330
2046,G02_359
2047,G02_321
2048,G02_361
2049,G02_325
2050,G02_332
2051,G02_318
2052,G02_356
2053,G02_336
2054,G02_347
2055,G02_334
2056,G02_341
2057,G02_338
2058,G02_342
2059,G02_343
2060,G02_353
2061,G02_350
2062,G02_345
2063,G02_358
2064,G02_362
2065,G02_357
2066,G02_354
2067,G02_348
2068,G02_352
2069,I04_87
2070,I04_18
2071,I04_62
2072,I04_1
2073,I04_34
2074,I04_17
2075,I04_29
2076,I04_0
2077,I04_11
2078,I04_31
2079,I04_59
2080,I04_53
2081,I04_38
2082,I04_46
2083,I04_43
2084,I04_51
2085,I04_83
2086,I04_27
2087,I04_4
2088,I04_60
2089,I04_56
2090,I04_44
2091,I04_6
2092,I04_8
2093,I04_50
2094,I04_7
2095,I04_54
2096,I04_26
2097,I04_90
2098,I04_69
2099,I04_64
2100,I04_58
2101,I04_16
2102,I04_41
2103,I04_63
2104,I04_13
2105,I04_110
2106,I04_30
2107,I04_10
2108,I04_52
2109,I04_37
2110,I04_14
2111,I04_91
2112,I04_104
2113,I04_3
2114,I04_22
2115,I04_116
2116,I04_82
2117,I04_48
2118,I04_21
2119,I04_132
2120,I04_135
2121,I04_119
2122,I04_99
2123,I04_153
2124,I04_105
2125,I04_112
2126,I04_19
2127,I04_113
2128,I04_111
2129,I04_122
2130,I04_136
2131,I04_121
2132,I04_143
2133,I04_129
2134,I04_131
2135,I04_139
2136,I04_169
2137,I04_168
2138,I04_137
2139,I04_140
2140,I04_65
2141,I04_138
2142,I04_141
2143,I04_164
2144,I04_148
2145,I04_156
2146,I04_147
2147,I04_180
2148,I04_159
2149,I04_158
2150,I04_171
2151,I04_176
2152,I04_175
2153,I04_174
2154,I04_183
2155,I04_186
2156,I04_187
2157,I04_182
2158,I04_167
2159,I04_204
2160,I04_178
2161,I04_15
2162,I04_188
2163,I04_201
2164,I04_197
2165,I04_200
2166,I04_155
2167,I04_196
2168,I04_207
2169,I04_203
2170,I04_206
2171,I04_198
2172,I04_219
2173,I04_224
2174,I04_202
2175,I04_235
2176,I04_215
2177,I04_213
2178,I04_223
2179,I04_217
2180,I04_236
2181,I04_214
2182,I04_211
2183,I04_246
2184,I04_205
2185,I04_251
2186,I04_238
2187,I04_222
2188,I04_226
2189,I04_229
2190,I04_72
2191,I04_240
2192,I04_232
2193,I04_252
2194,I04_231
2195,I04_233
2196,I04_239
2197,I04_283
2198,I04_244
2199,I04_271
2200,I04_259
2201,I04_255
2202,I04_264
2203,I04_285
2204,I04_262
2205,I04_276
2206,I04_260
2207,I04_274
2208,I04_267
2209,I04_286
2210,I04_272
2211,I04_275
2212,I04_282
2213,I04_273
2214,I04_280
2215,I04_277
2216,I04_281
2217,I04_268
2218,I04_289
2219,I04_287
2220,I04_212
2221,I04_293
2222,I04_292
2223,I04_300
2224,I04_299
2225,I04_313
2226,I04_309
2227,I04_324
2228,I04_306
2229,I04_316
2230,I04_336
2231,I04_326
2232,I04_315
2233,I04_314
2234,I04_321
2235,I04_344
2236,I04_330
2237,I04_319
2238,I04_358
2239,I04_325
2240,I04_327
2241,I04_318
2242,I04_335
2243,I04_322
2244,I04_334
2245,I04_346
2246,I04_329
2247,I04_351
2248,I04_333
2249,I04_297
2250,I04_372
2251,I04_350
2252,I04_376
2253,I04_367
2254,I04_338
2255,I04_354
2256,I04_340
2257,I04_379
2258,I04_381
2259,I04_347
2260,I04_343
2261,I04_385
2262,I04_359
2263,I04_373
2264,I04_392
2265,I04_371
2266,I04_355
2267,I04_393
2268,I04_353
2269,I04_383
2270,I04_397
2271,I04_375
2272,I04_362
2273,I04_356
2274,I04_395
2275,I04_396
2276,I04_364
2277,I04_380
2278,I04_389
2279,I04_374
2280,I04_366
2281,I04_391
2282,I04_390
2283,I04_398
2284,I04_394
2285,H02_4
2286,H02_3
2287,H02_6
2288,H02_16
2289,H02_5
2290,H02_205
2291,H02_207
2292,H02_257
2293,H02_221
2294,H02_313
2295,H02_340
2296,H02_339
2297,H02_379
2298,H02_0
2299,H02_397
2300,E06_24
2301,E06_2
2302,E06_0
2303,E06_170
2304,E06_335
2305,E06_720
2306,E06_718
2307,E06_785
2308,D02_0
2309,D02_10
2310,D02_19
2311,D02_37
2312,D02_23
2313,D02_73
2314,D02_30
2315,D02_15
2316,D02_26
2317,D02_22
2318,D02_35
2319,D02_28
2320,D02_42
2321,D02_38
2322,D02_63
2323,D02_4
2324,D02_45
2325,D02_34
2326,D02_81
2327,D02_13
2328,D02_80
2329,D02_70
2330,D02_65
2331,D02_31
2332,D02_43
2333,D02_32
2334,D02_5
2335,D02_7
2336,D02_9
2337,D02_17
2338,D02_25
2339,D02_12
2340,D02_18
2341,D02_44
2342,D02_1
2343,D02_6
2344,D02_77
2345,D02_71
2346,D02_40
2347,D02_27
2348,D02_47
2349,D02_69
2350,D02_62
2351,D02_74
2352,D02_87
2353,D02_75
2354,D02_72
2355,D02_110
2356,D02_98
2357,D02_104
2358,D02_105
2359,D02_112
2360,D02_103
2361,D02_109
2362,D02_94
2363,D02_86
2364,D02_2
2365,D02_95
2366,D02_97
2367,D02_111
2368,D02_89
2369,D02_122
2370,D02_93
2371,D02_120
2372,D02_102
2373,D02_118
2374,D02_88
2375,D02_101
2376,D02_85
2377,D02_133
2378,D02_91
2379,D02_128
2380,D02_142
2381,D02_121
2382,D02_117
2383,D02_140
2384,D02_129
2385,D02_123
2386,D02_119
2387,D02_136
2388,D02_156
2389,D02_125
2390,D02_130
2391,D02_92
2392,D02_155
2393,D02_151
2394,D02_143
2395,D02_138
2396,D02_139
2397,D02_150
2398,D02_141
2399,D02_147
2400,D02_160
2401,D02_146
2402,D02_186
2403,D02_158
2404,D02_168
2405,D02_170
2406,D02_171
2407,D02_149
2408,D02_176
2409,D02_162
2410,D02_167
2411,D02_152
2412,D02_175
2413,D02_179
2414,D02_174
2415,D02_178
2416,D02_172
2417,D02_165
2418,D02_163
2419,D02_185
2420,D02_193
2421,D02_48
2422,D02_157
2423,D02_173
2424,D02_183
2425,D02_184
2426,D02_180
2427,D02_177
2428,D02_199
2429,D02_206
2430,D02_192
2431,D02_190
2432,D02_203
2433,D02_198
2434,D02_182
2435,D02_208
2436,D02_200
2437,D02_191
2438,D02_194
2439,D02_197
2440,D02_212
2441,D02_202
2442,D02_209
2443,D02_211
2444,D02_205
2445,D02_232
2446,D02_220
2447,D02_225
2448,D02_221
2449,D02_219
2450,D02_239
2451,D02_226
2452,D02_238
2453,D02_224
2454,D02_233
2455,D02_231
2456,D02_223
2457,D02_249
2458,D02_222
2459,D02_241
2460,D02_248
2461,D02_234
2462,D02_230
2463,D02_262
2464,D02_237
2465,D02_255
2466,D02_252
2467,D02_261
2468,D02_251
2469,D02_269
2470,D02_270
2471,D02_263
2472,D02_278
2473,D02_256
2474,D02_264
2475,D02_271
2476,D02_272
2477,D02_283
2478,D04_0
2479,D04_53
2480,D04_23
2481,D04_62
2482,D04_21
2483,D04_32
2484,D04_58
2485,D04_59
2486,D04_54
2487,D04_94
2488,D04_87
2489,D04_39
2490,D04_11
2491,D04_1
2492,D04_18
2493,D04_84
2494,D04_92
2495,D04_74
2496,D04_8
2497,D04_45
2498,D04_6
2499,D04_13
2500,D04_57
2501,D04_24
2502,D04_82
2503,D04_146
2504,D04_85
2505,D04_48
2506,D04_19
2507,D04_4
2508,D04_40
2509,D04_46
2510,D04_70
2511,D04_86
2512,D04_65
2513,D04_30
2514,D04_44
2515,D04_28
2516,D04_88
2517,D04_134
2518,D04_111
2519,D04_80
2520,D04_90
2521,D04_3
2522,D04_63
2523,D04_51
2524,D04_155
2525,D04_25
2526,D04_91
2527,D04_37
2528,D04_15
2529,D04_69
2530,D04_114
2531,D04_106
2532,D04_93
2533,D04_9
2534,D04_113
2535,D04_14
2536,D04_36
2537,D04_104
2538,D04_7
2539,D04_103
2540,D04_144
2541,D04_177
2542,D04_38
2543,D04_96
2544,D04_112
2545,D04_176
2546,D04_105
2547,D04_16
2548,D04_56
2549,D04_175
2550,D04_205
2551,D04_2
2552,D04_10
2553,D04_109
2554,D04_190
2555,D04_147
2556,D04_127
2557,D04_101
2558,D04_27
2559,D04_156
2560,D04_34
2561,D04_157
2562,D04_174
2563,D04_130
2564,D04_139
2565,D04_187
2566,D04_33
2567,D04_140
2568,D04_133
2569,D04_142
2570,D04_136
2571,D04_131
2572,D04_204
2573,D04_141
2574,D04_154
2575,D04_192
2576,D04_164
2577,D04_128
2578,D04_163
2579,D04_188
2580,D04_171
2581,D04_226
2582,D04_165
2583,D04_132
2584,D04_189
2585,D04_215
2586,D04_225
2587,D04_184
2588,D04_217
2589,D04_193
2590,D04_180
2591,D04_195
2592,D04_181
2593,D04_203
2594,D04_224
2595,D04_218
2596,D04_254
2597,D04_252
2598,D04_223
2599,D04_253
2600,D04_257
2601,D04_265
2602,D04_262
2603,D04_274
2604,D04_256
2605,D04_227
2606,D04_269
2607,D04_183
2608,D04_255
2609,D04_239
2610,D04_216
2611,D04_273
2612,D04_285
2613,D04_220
2614,D04_237
2615,D04_244
2616,D04_219
2617,D04_286
2618,D04_264
2619,D04_266
2620,D04_263
2621,D04_298
2622,D04_284
2623,D04_300
2624,D04_276
2625,D04_319
2626,D04_278
2627,D04_313
2628,D04_283
2629,D04_328
2630,D04_279
2631,D04_307
2632,D04_296
2633,D04_305
2634,D04_277
2635,D04_288
2636,D04_275
2637,D04_338
2638,D04_302
2639,D04_311
2640,D04_306
2641,D04_324
2642,D04_351
2643,D04_318
2644,D04_299
2645,D04_330
2646,D04_281
2647,D04_341
2648,D04_320
2649,D04_236
2650,D04_315
2651,D04_314
2652,D04_316
2653,D04_346
2654,D04_327
2655,D04_326
2656,D04_321
2657,D04_387
2658,D04_325
2659,D04_399
2660,D04_354
2661,D04_344
2662,D04_340
2663,D04_380
2664,D04_384
2665,D04_409
2666,D04_397
2667,D04_345
2668,D04_363
2669,D04_377
2670,D04_339
2671,D04_358
2672,D04_364
2673,D04_445
2674,D04_405
2675,D04_372
2676,D04_379
2677,D04_375
2678,D04_356
2679,D04_404
2680,D04_438
2681,D04_374
2682,D04_329
2683,D04_390
2684,D04_393
2685,D04_388
2686,D04_413
2687,D04_383
2688,D04_400
2689,D04_418
2690,D04_428
2691,D04_337
2692,D04_398
2693,D04_417
2694,D04_408
2695,D04_420
2696,D04_422
2697,D04_441
2698,D04_456
2699,D04_463
2700,D04_414
2701,D04_439
2702,D04_376
2703,D04_432
2704,D04_435
2705,D04_424
2706,D04_434
2707,D04_433
2708,D04_407
2709,D04_473
2710,D04_425
2711,D04_442
2712,D04_451
2713,D04_81
2714,D04_486
2715,D04_472
2716,D04_459
2717,D04_487
2718,D04_460
2719,D04_490
2720,D04_475
2721,D04_461
2722,D04_482
2723,D04_474
2724,D04_469
2725,D04_466
2726,D04_401
2727,D04_494
2728,D04_485
2729,D04_488
2730,D04_502
2731,D04_498
2732,D04_496
2733,D04_465
2734,D04_500
2735,D04_462
2736,D04_470
2737,D04_492
2738,D04_506
2739,D04_467
2740,D04_509
2741,D04_499
2742,D04_524
2743,D04_532
2744,D04_503
2745,D04_529
2746,D04_481
2747,D04_520
2748,D04_513
2749,D04_511
2750,D04_515
2751,D04_517
2752,D04_523
2753,D04_535
2754,D04_542
2755,D06_0
2756,D06_32
2757,D06_43
2758,D06_29
2759,D06_36
2760,D06_38
2761,D06_10
2762,D06_16
2763,D06_14
2764,D06_4
2765,D06_37
2766,D06_6
2767,D06_30
2768,D06_34
2769,D06_47
2770,D06_12
2771,D06_46
2772,D06_57
2773,D06_82
2774,D06_56
2775,D06_67
2776,D06_59
2777,D06_63
2778,D06_3
2779,D06_80
2780,D06_53
2781,D06_100
2782,D06_55
2783,D06_58
2784,D06_83
2785,D06_64
2786,D06_74
2787,D06_75
2788,D06_107
2789,D06_88
2790,D06_78
2791,D06_104
2792,D06_116
2793,D06_84
2794,D06_101
2795,D06_73
2796,D06_106
2797,D06_136
2798,D06_121
2799,D06_96
2800,D06_115
2801,D06_99
2802,D06_93
2803,D06_87
2804,D06_135
2805,D06_129
2806,D06_125
2807,D06_122
2808,D06_117
2809,D06_155
2810,D06_153
2811,D06_131
2812,D06_77
2813,D06_174
2814,D06_118
2815,D06_112
2816,D06_172
2817,D06_110
2818,D06_190
2819,D06_154
2820,D06_214
2821,D06_144
2822,D06_166
2823,D06_148
2824,D06_191
2825,D06_143
2826,D06_152
2827,D06_167
2828,D06_192
2829,D06_201
2830,D06_163
2831,D06_161
2832,D06_164
2833,D06_150
2834,D06_162
2835,D06_171
2836,D06_194
2837,D06_180
2838,D06_182
2839,D06_187
2840,D06_119
2841,D06_184
2842,D06_165
2843,D06_232
2844,D06_206
2845,D06_159
2846,D06_213
2847,D06_183
2848,D06_208
2849,D06_196
2850,D06_146
2851,D06_240
2852,D06_248
2853,D06_266
2854,D06_205
2855,D06_227
2856,D06_211
2857,D06_231
2858,D06_228
2859,D06_237
2860,D06_181
2861,D06_222
2862,D06_195
2863,D06_255
2864,D06_235
2865,D06_245
2866,D06_270
2867,D06_271
2868,D06_242
2869,D06_252
2870,D06_247
2871,D06_264
2872,D06_260
2873,D06_269
2874,D06_256
2875,D06_251
2876,D06_285
2877,D06_218
2878,D06_279
2879,D06_243
2880,D06_267
2881,D06_265
2882,D06_310
2883,D06_210
2884,D06_259
2885,D06_261
2886,D06_301
2887,D06_263
2888,D06_335
2889,D06_253
2890,D06_262
2891,D06_241
2892,D06_275
2893,D06_284
2894,D06_280
2895,D06_276
2896,D06_313
2897,D06_298
2898,D06_277
2899,D06_323
2900,D06_296
2901,D06_292
2902,D06_258
2903,D06_302
2904,D06_306
2905,D06_315
2906,D06_344
2907,D06_328
2908,D06_293
2909,D06_287
2910,D06_339
2911,D06_272
2912,D06_300
2913,D06_336
2914,D06_309
2915,D06_317
2916,D06_331
2917,D06_311
2918,D06_342
2919,D06_303
2920,D06_291
2921,D06_350
2922,D06_207
2923,D06_332
2924,D06_346
2925,D06_334
2926,D06_330
2927,D06_340
2928,D06_329
2929,D06_356
2930,D06_355
2931,D06_333
2932,D06_372
2933,D06_370
2934,D06_345
2935,D06_326
2936,D06_348
2937,D06_393
2938,D06_347
2939,D06_358
2940,D06_327
2941,D06_376
2942,D06_362
2943,D06_338
2944,D06_349
2945,D06_383
2946,D06_354
2947,D06_357
2948,D06_375
2949,D06_408
2950,D06_390
2951,D06_378
2952,D06_379
2953,D06_399
2954,D06_341
2955,D06_397
2956,D06_388
2957,D06_371
2958,D06_374
2959,D06_382
2960,D06_373
2961,D06_391
2962,D06_385
2963,D06_389
2964,D06_400
2965,D06_398
2966,D06_414
2967,D06_404
2968,D06_409
2969,D06_394
2970,D06_406
2971,D05_0
2972,D05_100
2973,D05_23
2974,D05_27
2975,D05_12
2976,D05_32
2977,D05_67
2978,D05_5
2979,D05_10
2980,D05_9
2981,D05_66
2982,D05_48
2983,D05_49
2984,D05_83
2985,D05_52
2986,D05_50
2987,D05_78
2988,D05_40
2989,D05_64
2990,D05_125
2991,D05_53
2992,D05_85
2993,D05_34
2994,D05_60
2995,D05_80
2996,D05_59
2997,D05_124
2998,D05_38
2999,D05_74
3000,D05_46
3001,D05_84
3002,D05_55
3003,D05_135
3004,D05_37
3005,D05_62
3006,D05_39
3007,D05_33
3008,D05_75
3009,D05_73
3010,D05_97
3011,D05_106
3012,D05_77
3013,D05_136
3014,D05_146
3015,D05_57
3016,D05_95
3017,D05_119
3018,D05_79
3019,D05_126
3020,D05_120
3021,D05_82
3022,D05_13
3023,D05_127
3024,D05_133
3025,D05_56
3026,D05_115
3027,D05_151
3028,D05_129
3029,D05_130
3030,D05_145
3031,D05_98
3032,D05_112
3033,D05_128
3034,D05_103
3035,D05_96
3036,D05_101
3037,D05_153
3038,D05_142
3039,D05_121
3040,D05_163
3041,D05_134
3042,D05_143
3043,D05_140
3044,D05_118
3045,D05_170
3046,D05_141
3047,D05_154
3048,D05_189
3049,D05_148
3050,D05_94
3051,D05_138
3052,D05_116
3053,D05_171
3054,D05_180
3055,D05_131
3056,D05_159
3057,D05_149
3058,D05_43
3059,D05_164
3060,D05_191
3061,D05_102
3062,D05_197
3063,D05_160
3064,D05_168
3065,D05_93
3066,D05_162
3067,D05_172
3068,D05_16
3069,D05_221
3070,D05_204
3071,D05_196
3072,D05_158
3073,D05_179
3074,D05_176
3075,D05_192
3076,D05_255
3077,D05_167
3078,D05_194
3079,D05_187
3080,D05_235
3081,D05_182
3082,D05_212
3083,D05_188
3084,D05_195
3085,D05_199
3086,D05_185
3087,D05_206
3088,D05_200
3089,D05_224
3090,D05_218
3091,D05_203
3092,D05_207
3093,D05_220
3094,D05_210
3095,D05_205
3096,D05_279
3097,D05_202
3098,D05_225
3099,D05_181
3100,D05_229
3101,D05_219
3102,D05_217
3103,D05_230
3104,D05_216
3105,D05_222
3106,D05_227
3107,D05_213
3108,D05_239
3109,D05_251
3110,D05_215
3111,D05_271
3112,D05_247
3113,D05_241
3114,D05_280
3115,D05_245
3116,D05_228
3117,D05_256
3118,D05_257
3119,D05_278
3120,D05_273
3121,D05_260
3122,D05_296
3123,D05_301
3124,D05_268
3125,D05_287
3126,D05_226
3127,D05_274
3128,D05_264
3129,D05_269
3130,D05_261
3131,D05_237
3132,D05_283
3133,D05_313
3134,D05_275
3135,D05_282
3136,D05_267
3137,D05_293
3138,D05_286
3139,D05_289
3140,D05_310
3141,D05_302
3142,D05_320
3143,D05_297
3144,D05_319
3145,D05_299
3146,D05_295
3147,D05_309
3148,D05_276
3149,D05_291
3150,D05_308
3151,D05_284
3152,D05_312
3153,D05_333
3154,D05_317
3155,D05_314
3156,D05_324
3157,D05_292
3158,D05_303
3159,D05_298
3160,D05_334
3161,D05_307
3162,D05_323
3163,D05_336
3164,D05_316
3165,D05_340
3166,D05_322
3167,D05_338
3168,D05_332
3169,D05_348
3170,D05_306
3171,D05_369
3172,D05_342
3173,D05_331
3174,D05_344
3175,D05_354
3176,D05_346
3177,D05_357
3178,D05_364
3179,D05_359
3180,D03_85
3181,D03_13
3182,D03_0
3183,D03_74
3184,D03_20
3185,D03_24
3186,D03_64
3187,D03_16
3188,D03_38
3189,D03_54
3190,D03_17
3191,D03_44
3192,D03_50
3193,D03_7
3194,D03_43
3195,D03_55
3196,D03_73
3197,D03_65
3198,D03_29
3199,D03_58
3200,D03_42
3201,D03_14
3202,D03_53
3203,D03_68
3204,D03_2
3205,D03_39
3206,D03_8
3207,D03_19
3208,D03_45
3209,D03_31
3210,D03_30
3211,D03_6
3212,D03_59
3213,D03_22
3214,D03_37
3215,D03_9
3216,D03_1
3217,D03_33
3218,D03_52
3219,D03_100
3220,D03_12
3221,D03_82
3222,D03_32
3223,D03_69
3224,D03_26
3225,D03_80
3226,D03_71
3227,D03_23
3228,D03_92
3229,D03_75
3230,D03_67
3231,D03_138
3232,D03_77
3233,D03_81
3234,D03_93
3235,D03_133
3236,D03_106
3237,D03_104
3238,D03_86
3239,D03_109
3240,D03_97
3241,D03_113
3242,D03_126
3243,D03_21
3244,D03_96
3245,D03_90
3246,D03_88
3247,D03_60
3248,D03_95
3249,D03_137
3250,D03_107
3251,D03_136
3252,D03_40
3253,D03_161
3254,D03_127
3255,D03_121
3256,D03_102
3257,D03_114
3258,D03_83
3259,D03_101
3260,D03_201
3261,D03_142
3262,D03_123
3263,D03_129
3264,D03_175
3265,D03_157
3266,D03_156
3267,D03_119
3268,D03_98
3269,D03_154
3270,D03_128
3271,D03_124
3272,D03_117
3273,D03_141
3274,D03_180
3275,D03_179
3276,D03_181
3277,D03_135
3278,D03_158
3279,D03_202
3280,D03_116
3281,D03_139
3282,D03_131
3283,D03_144
3284,D03_223
3285,D03_118
3286,D03_185
3287,D03_176
3288,D03_221
3289,D03_187
3290,D03_140
3291,D03_149
3292,D03_163
3293,D03_150
3294,D03_145
3295,D03_167
3296,D03_120
3297,D03_189
3298,D03_203
3299,D03_155
3300,D03_152
3301,D03_178
3302,D03_220
3303,D03_160
3304,D03_177
3305,D03_170
3306,D03_173
3307,D03_237
3308,D03_197
3309,D03_166
3310,D03_193
3311,D03_224
3312,D03_214
3313,D03_188
3314,D03_192
3315,D03_200
3316,D03_204
3317,D03_196
3318,D03_165
3319,D03_268
3320,D03_194
3321,D03_190
3322,D03_239
3323,D03_219
3324,D03_217
3325,D03_236
3326,D03_222
3327,D03_218
3328,D03_231
3329,D03_240
3330,D03_232
3331,D03_228
3332,D03_213
3333,D03_264
3334,D03_172
3335,D03_235
3336,D03_267
3337,D03_238
3338,D03_259
3339,D03_234
3340,D03_174
3341,D03_278
3342,D03_229
3343,D03_253
3344,D03_254
3345,D03_258
3346,D03_269
3347,D03_275
3348,D03_263
3349,D03_266
3350,D03_247
3351,D03_307
3352,D03_265
3353,D03_252
3354,D03_262
3355,D03_279
3356,D03_293
3357,D03_290
3358,D03_277
3359,D03_280
3360,D03_283
3361,D03_306
3362,D03_273
3363,D03_285
3364,D03_305
3365,D03_284
3366,D03_289
3367,D03_304
3368,D03_272
3369,D03_321
3370,D03_308
3371,D03_298
3372,D03_324
3373,D03_282
3374,D03_322
3375,D03_333
3376,D03_323
3377,D03_341
3378,D03_313
3379,D03_320
3380,D03_286
3381,D03_326
3382,D03_311
3383,D03_332
3384,D03_345
3385,D03_340
3386,D03_329
3387,D03_325
3388,D03_338
3389,D03_327
3390,D03_330
3391,D03_346
3392,D03_344
3393,D03_358
3394,D03_364
3395,D03_359
3396,D03_376
3397,D03_349
3398,D03_369
3399,D03_373
3400,D03_379
3401,D03_360
3402,D03_375
3403,D03_401
3404,D03_400
3405,D03_377
3406,D03_361
3407,D03_366
3408,D03_317
3409,D03_380
3410,D03_374
3411,D03_417
3412,D03_372
3413,D03_378
3414,D03_371
3415,D03_407
3416,D03_418
3417,D03_429
3418,D03_411
3419,D03_416
3420,D03_428
3421,I06_16
3422,I06_138
3423,I06_175
3424,I06_189
3425,I06_212
3426,I06_227
3427,I06_301
3428,G05_60
3429,G05_43
3430,G05_0
3431,G05_87
3432,G05_76
3433,G05_10
3434,G05_39
3435,G05_12
3436,G05_61
3437,G05_90
3438,G05_16
3439,G05_55
3440,G05_19
3441,G05_62
3442,G05_99
3443,G05_11
3444,G05_25
3445,G05_26
3446,G05_58
3447,G05_22
3448,G05_88
3449,G05_81
3450,G05_20
3451,G05_66
3452,G05_116
3453,G05_67
3454,G05_68
3455,G05_37
3456,G05_100
3457,G05_104
3458,G05_92
3459,G05_53
3460,G05_86
3461,G05_84
3462,G05_109
3463,G05_49
3464,G05_69
3465,G05_65
3466,G05_64
3467,G05_79
3468,G05_128
3469,G05_102
3470,G05_74
3471,G05_54
3472,G05_115
3473,G05_120
3474,G05_24
3475,G05_40
3476,G05_35
3477,G05_59
3478,G05_8
3479,G05_44
3480,G05_83
3481,G05_91
3482,G05_71
3483,G05_21
3484,G05_89
3485,G05_32
3486,G05_114
3487,G05_110
3488,G05_112
3489,G05_93
3490,G05_63
3491,G05_82
3492,G05_77
3493,G05_85
3494,G05_50
3495,G05_28
3496,G05_18
3497,G05_57
3498,G05_132
3499,G05_5
3500,G05_126
3501,G05_2
3502,G05_15
3503,G05_119
3504,G05_52
3505,G05_80
3506,G05_7
3507,G05_161
3508,G05_195
3509,G05_70
3510,G05_148
3511,G05_94
3512,G05_117
3513,G05_47
3514,G05_33
3515,G05_144
3516,G05_160
3517,G05_95
3518,G05_123
3519,G05_166
3520,G05_1
3521,G05_113
3522,G05_176
3523,G05_135
3524,G05_134
3525,G05_162
3526,G05_157
3527,G05_118
3528,G05_127
3529,G05_46
3530,G05_165
3531,G05_96
3532,G05_97
3533,G05_159
3534,G05_107
3535,G05_106
3536,G05_180
3537,G05_101
3538,G05_124
3539,G05_78
3540,G05_201
3541,G05_177
3542,G05_151
3543,G05_122
3544,G05_142
3545,G05_136
3546,G05_139
3547,G05_184
3548,G05_121
3549,G05_192
3550,G05_111
3551,G05_143
3552,G05_158
3553,G05_156
3554,G05_155
3555,G05_72
3556,G05_152
3557,G05_150
3558,G05_181
3559,G05_219
3560,G05_189
3561,G05_175
3562,G05_169
3563,G05_183
3564,G05_168
3565,G05_133
3566,G05_199
3567,G05_131
3568,G05_137
3569,G05_154
3570,G05_130
3571,G05_209
3572,G05_193
3573,G05_164
3574,G05_125
3575,G05_170
3576,G05_163
3577,G05_203
3578,G05_149
3579,G05_172
3580,G05_190
3581,G05_171
3582,G05_250
3583,G05_140
3584,G05_241
3585,G05_217
3586,G05_173
3587,G05_138
3588,G05_207
3589,G05_210
3590,G05_221
3591,G05_105
3592,G05_198
3593,G05_187
3594,G05_202
3595,G05_129
3596,G05_194
3597,G05_186
3598,G05_224
3599,G05_291
3600,G05_258
3601,G05_222
3602,G05_153
3603,G05_188
3604,G05_205
3605,G05_213
3606,G05_212
3607,G05_298
3608,G05_229
3609,G05_256
3610,G05_265
3611,G05_200
3612,G05_141
3613,G05_145
3614,G05_283
3615,G05_146
3616,G05_239
3617,G05_218
3618,G05_279
3619,G05_297
3620,G05_204
3621,G05_244
3622,G05_245
3623,G05_254
3624,G05_223
3625,G05_261
3626,G05_249
3627,G05_247
3628,G05_272
3629,G05_174
3630,G05_286
3631,G05_216
3632,G05_232
3633,G05_284
3634,G05_281
3635,G05_220
3636,G05_231
3637,G05_274
3638,G05_234
3639,G05_228
3640,G05_267
3641,G05_182
3642,G05_248
3643,G05_235
3644,G05_326
3645,G05_278
3646,G05_262
3647,G05_259
3648,G05_289
3649,G05_240
3650,G05_226
3651,G05_287
3652,G05_185
3653,G05_307
3654,G05_290
3655,G05_273
3656,G05_280
3657,G05_206
3658,G05_243
3659,G05_270
3660,G05_237
3661,G05_253
3662,G05_255
3663,G05_242
3664,G05_251
3665,G05_233
3666,G05_271
3667,G05_301
3668,G05_215
3669,G05_275
3670,G05_277
3671,G05_238
3672,G05_331
3673,G05_236
3674,G05_263
3675,G05_295
3676,G05_345
3677,G05_320
3678,G05_353
3679,G05_230
3680,G05_300
3681,G05_293
3682,G05_292
3683,G05_282
3684,G05_264
3685,G05_338
3686,G05_340
3687,G05_246
3688,G05_343
3689,G05_309
3690,G05_333
3691,G05_329
3692,G05_334
3693,G05_103
3694,G05_302
3695,G05_324
3696,G05_299
3697,G05_288
3698,G05_310
3699,G05_330
3700,G05_350
3701,G05_359
3702,G05_306
3703,G05_268
3704,G05_342
3705,G05_303
3706,G05_327
3707,G05_296
3708,G05_269
3709,G05_285
3710,G05_314
3711,G05_305
3712,G05_317
3713,G05_355
3714,G05_371
3715,G05_374
3716,G05_316
3717,G05_337
3718,G05_304
3719,G05_379
3720,G05_266
3721,G05_319
3722,G05_356
3723,G05_318
3724,G05_352
3725,G05_294
3726,G05_399
3727,G05_323
3728,G05_396
3729,G05_400
3730,G05_325
3731,G05_308
3732,G05_376
3733,G05_425
3734,G05_367
3735,G05_397
3736,G05_381
3737,G05_380
3738,G05_402
3739,G05_383
3740,G05_332
3741,G05_321
3742,G05_344
3743,G05_391
3744,G05_312
3745,G05_358
3746,G05_322
3747,G05_429
3748,G05_346
3749,G05_336
3750,G05_387
3751,G05_339
3752,G05_366
3753,G05_375
3754,G05_372
3755,G05_404
3756,G05_335
3757,G05_328
3758,G05_365
3759,G05_348
3760,G05_354
3761,G05_386
3762,G05_362
3763,G05_360
3764,G05_347
3765,G05_394
3766,G05_431
3767,G05_445
3768,G05_406
3769,G05_465
3770,G05_403
3771,G05_420
3772,G05_341
3773,G05_426
3774,G05_405
3775,G05_357
3776,G05_408
3777,G05_392
3778,G05_377
3779,G05_398
3780,G05_351
3781,G05_385
3782,G05_411
3783,G05_409
3784,G05_413
3785,G05_401
3786,G05_407
3787,G05_370
3788,G05_427
3789,G05_378
3790,G05_423
3791,G05_418
3792,G05_428
3793,G05_384
3794,G05_531
3795,G05_460
3796,G05_437
3797,G05_315
3798,G05_368
3799,G05_446
3800,G05_421
3801,G05_395
3802,G05_447
3803,G05_390
3804,G05_440
3805,G05_453
3806,G05_452
3807,G05_441
3808,G05_424
3809,G05_439
3810,G05_443
3811,G05_456
3812,G05_416
3813,G05_477
3814,G05_419
3815,G05_454
3816,G05_433
3817,G05_459
3818,G05_486
3819,G05_461
3820,G05_466
3821,G05_436
3822,G05_432
3823,G05_415
3824,G05_458
3825,G05_520
3826,G05_481
3827,G05_496
3828,G05_438
3829,G05_464
3830,G05_487
3831,G05_498
3832,G05_448
3833,G05_468
3834,G05_450
3835,G05_488
3836,G05_449
3837,G05_489
3838,G05_483
3839,G05_525
3840,G05_444
3841,G05_442
3842,G05_533
3843,G05_512
3844,G05_479
3845,G05_469
3846,G05_476
3847,G05_485
3848,G05_518
3849,G05_507
3850,G05_502
3851,G05_457
3852,G05_455
3853,G05_492
3854,G05_544
3855,G05_524
3856,G05_470
3857,G05_473
3858,G05_482
3859,G05_474
3860,G05_463
3861,G05_546
3862,G05_497
3863,G05_430
3864,G05_538
3865,G05_472
3866,G05_545
3867,G05_475
3868,G05_513
3869,G05_495
3870,G05_540
3871,G05_527
3872,G05_491
3873,G05_517
3874,G05_514
3875,G05_478
3876,G05_511
3877,G05_505
3878,G05_543
3879,G05_490
3880,G05_484
3881,G05_501
3882,G05_541
3883,G05_515
3884,G05_510
3885,G05_504
3886,G05_503
3887,G05_519
3888,G05_550
3889,G05_542
3890,G05_570
3891,G05_522
3892,G05_563
3893,G05_571
3894,G05_555
3895,G05_471
3896,G05_493
3897,G05_480
3898,G05_606
3899,G05_551
3900,G05_530
3901,G05_526
3902,G05_534
3903,G05_566
3904,G05_535
3905,G05_508
3906,G05_573
3907,G05_580
3908,G05_521
3909,G05_569
3910,G05_529
3911,G05_516
3912,G05_564
3913,G05_585
3914,G05_598
3915,G05_509
3916,G05_554
3917,G05_594
3918,G05_592
3919,G05_559
3920,G05_586
3921,G05_499
3922,G05_575
3923,G05_536
3924,G05_537
3925,G05_556
3926,G05_532
3927,G05_523
3928,G05_549
3929,G05_539
3930,G05_528
3931,G05_552
3932,G05_467
3933,G05_548
3934,G05_614
3935,G05_590
3936,G05_589
3937,G05_568
3938,G05_560
3939,G05_617
3940,G05_567
3941,G05_603
3942,G05_611
3943,G05_601
3944,G05_607
3945,G05_577
3946,G05_597
3947,G05_584
3948,G05_627
3949,G05_576
3950,G05_581
3951,G05_578
3952,G05_605
3953,G05_595
3954,G05_604
3955,G05_623
3956,G05_626
3957,G05_628
3958,G05_599
3959,G05_561
3960,G05_622
3961,G05_557
3962,G05_638
3963,G05_596
3964,G05_602
3965,G05_629
3966,G05_636
3967,G05_593
3968,G05_625
3969,G05_631
3970,G05_616
3971,G05_665
3972,G05_574
3973,G05_609
3974,G05_579
3975,G05_621
3976,G05_652
3977,G05_588
3978,G05_618
3979,G05_591
3980,G05_632
3981,G05_610
3982,G05_572
3983,G05_678
3984,G05_583
3985,G05_655
3986,G05_666
3987,G05_582
3988,G05_600
3989,G05_587
3990,G05_656
3991,G05_637
3992,G05_619
3993,G05_649
3994,G05_620
3995,G05_615
3996,G05_613
3997,G05_671
3998,G05_670
3999,G05_608
4000,G05_658
4001,G05_641
4002,G05_661
4003,G05_650
4004,G05_633
4005,G05_664
4006,G05_659
4007,G05_653
4008,G05_688
4009,G05_639
4010,G05_677
4011,G05_624
4012,G05_715
4013,G05_634
4014,G05_612
4015,G05_646
4016,G05_642
4017,G05_565
4018,G05_648
4019,G05_647
4020,G05_691
4021,G05_654
4022,G05_657
4023,G05_690
4024,G05_667
4025,G05_728
4026,G05_692
4027,G05_700
4028,G05_214
4029,G05_643
4030,G05_696
4031,G05_640
4032,G05_630
4033,G05_682
4034,G05_660
4035,G05_645
4036,G05_680
4037,G05_732
4038,G05_716
4039,G05_662
4040,G05_698
4041,G05_686
4042,G05_668
4043,G05_663
4044,G05_673
4045,G05_695
4046,G05_685
4047,G05_708
4048,G05_676
4049,G05_699
4050,G05_675
4051,G05_674
4052,G05_705
4053,G05_679
4054,G05_672
4055,G05_726
4056,G05_697
4057,G05_711
4058,G05_681
4059,G05_669
4060,G05_707
4061,G05_731
4062,G05_735
4063,G05_703
4064,G05_687
4065,G05_751
4066,G05_706
4067,G05_744
4068,G05_729
4069,G05_727
4070,G05_730
4071,G05_749
4072,G05_683
4073,G05_724
4074,G05_719
4075,G05_689
4076,G05_694
4077,G05_684
4078,G05_746
4079,G05_736
4080,G05_720
4081,G05_717
4082,G05_758
4083,G05_693
4084,G05_702
4085,G05_714
4086,G05_701
4087,G05_783
4088,G05_764
4089,G05_723
4090,G05_738
4091,G05_753
4092,G05_710
4093,G05_704
4094,G05_721
4095,G05_754
4096,G05_767
4097,G05_725
4098,G05_713
4099,G05_742
4100,G05_740
4101,G05_755
4102,G05_718
4103,G05_709
4104,G05_739
4105,G05_734
4106,G05_733
4107,G05_737
4108,G05_772
4109,G05_752
4110,G05_769
4111,G05_756
4112,G05_786
4113,G05_743
4114,G05_757
4115,G05_748
4116,G05_747
4117,G05_784
4118,G05_761
4119,G05_762
4120,G05_745
4121,G05_768
4122,G05_782
4123,G05_766
4124,G05_765
4125,G05_771
4126,G05_777
4127,G05_789
4128,G05_791
4129,G05_790
4130,G05_780
4131,G05_793
4132,F03_0
4133,F03_5
4134,F03_20
4135,F03_15
4136,F03_25
4137,F03_21
4138,F03_19
4139,F03_31
4140,F03_14
4141,F03_43
4142,F03_23
4143,F03_33
4144,F03_22
4145,F03_38
4146,F03_50
4147,F03_39
4148,F03_36
4149,F03_32
4150,F03_71
4151,F03_45
4152,F03_58
4153,F03_69
4154,F03_11
4155,F03_57
4156,F03_52
4157,F03_47
4158,F03_56
4159,F03_27
4160,F03_89
4161,F03_79
4162,F03_51
4163,F03_61
4164,F03_82
4165,F03_64
4166,F03_91
4167,F03_53
4168,F03_60
4169,F03_100
4170,F03_18
4171,F03_40
4172,F03_41
4173,F03_72
4174,F03_28
4175,F03_66
4176,F03_97
4177,F03_76
4178,F03_68
4179,F03_88
4180,F03_90
4181,F03_108
4182,F03_148
4183,F03_113
4184,F03_98
4185,F03_77
4186,F03_93
4187,F03_135
4188,F03_101
4189,F03_122
4190,F03_85
4191,F03_124
4192,F03_26
4193,F03_112
4194,F03_95
4195,F03_55
4196,F03_81
4197,F03_104
4198,F03_127
4199,F03_116
4200,F03_103
4201,F03_155
4202,F03_121
4203,F03_107
4204,F03_94
4205,F03_154
4206,F03_152
4207,F03_105
4208,F03_153
4209,F03_137
4210,F03_92
4211,F03_109
4212,F03_140
4213,F03_136
4214,F03_80
4215,F03_156
4216,F03_158
4217,F03_106
4218,F03_172
4219,F03_123
4220,F03_145
4221,F03_173
4222,F03_34
4223,F03_183
4224,F03_96
4225,F03_151
4226,F03_126
4227,F03_117
4228,F03_169
4229,F03_129
4230,F03_138
4231,F03_120
4232,F03_147
4233,F03_54
4234,F03_141
4235,F03_114
4236,F03_171
4237,F03_179
4238,F03_159
4239,F03_111
4240,F03_167
4241,F03_175
4242,F03_149
4243,F03_189
4244,F03_174
4245,F03_187
4246,F03_170
4247,F03_139
4248,F03_178
4249,F03_182
4250,F03_207
4251,F03_181
4252,F03_67
4253,F03_194
4254,F03_168
4255,F03_164
4256,F03_176
4257,F03_191
4258,F03_161
4259,F03_208
4260,F03_162
4261,F03_186
4262,F03_196
4263,F03_177
4264,F03_132
4265,F03_118
4266,F03_180
4267,F03_218
4268,F03_222
4269,F03_163
4270,F03_184
4271,F03_205
4272,F03_242
4273,F03_241
4274,F03_192
4275,F03_213
4276,F03_200
4277,F03_214
4278,F03_188
4279,F03_280
4280,F03_210
4281,F03_193
4282,F03_185
4283,F03_219
4284,F03_166
4285,F03_212
4286,F03_165
4287,F03_263
4288,F03_199
4289,F03_254
4290,F03_227
4291,F03_201
4292,F03_247
4293,F03_239
4294,F03_249
4295,F03_231
4296,F03_211
4297,F03_226
4298,F03_236
4299,F03_235
4300,F03_238
4301,F03_245
4302,F03_225
4303,F03_279
4304,F03_237
4305,F03_229
4306,F03_220
4307,F03_217
4308,F03_259
4309,F03_204
4310,F03_203
4311,F03_244
4312,F03_206
4313,F03_216
4314,F03_243
4315,F03_240
4316,F03_246
4317,F03_265
4318,F03_215
4319,F03_258
4320,F03_223
4321,F03_252
4322,F03_256
4323,F03_221
4324,F03_230
4325,F03_295
4326,F03_197
4327,F03_278
4328,F03_232
4329,F03_233
4330,F03_228
4331,F03_276
4332,F03_195
4333,F03_224
4334,F03_209
4335,F03_253
4336,F03_264
4337,F03_270
4338,F03_290
4339,F03_261
4340,F03_255
4341,F03_273
4342,F03_284
4343,F03_257
4344,F03_277
4345,F03_299
4346,F03_268
4347,F03_202
4348,F03_282
4349,F03_260
4350,F03_307
4351,F03_269
4352,F03_266
4353,F03_358
4354,F03_294
4355,F03_262
4356,F03_250
4357,F03_234
4358,F03_336
4359,F03_319
4360,F03_287
4361,F03_286
4362,F03_271
4363,F03_292
4364,F03_308
4365,F03_315
4366,F03_291
4367,F03_298
4368,F03_248
4369,F03_313
4370,F03_309
4371,F03_296
4372,F03_300
4373,F03_324
4374,F03_297
4375,F03_316
4376,F03_349
4377,F03_285
4378,F03_303
4379,F03_302
4380,F03_283
4381,F03_293
4382,F03_322
4383,F03_321
4384,F03_311
4385,F03_289
4386,F03_327
4387,F03_347
4388,F03_318
4389,F03_281
4390,F03_275
4391,F03_272
4392,F03_328
4393,F03_310
4394,F03_301
4395,F03_330
4396,F03_317
4397,F03_351
4398,F03_357
4399,F03_267
4400,F03_274
4401,F03_329
4402,F03_325
4403,F03_334
4404,F03_342
4405,F03_338
4406,F03_353
4407,F03_335
4408,F03_341
4409,F05_0
4410,F05_8
4411,F05_62
4412,F05_57
4413,F05_50
4414,F05_136
4415,F05_26
4416,F05_27
4417,F05_63
4418,F05_100
4419,F05_56
4420,F05_35
4421,F05_60
4422,F05_80
4423,F05_21
4424,F05_33
4425,F05_58
4426,F05_55
4427,F05_78
4428,F05_34
4429,F05_48
4430,F05_43
4431,F05_75
4432,F05_70
4433,F05_5
4434,F05_42
4435,F05_28
4436,F05_23
4437,F05_59
4438,F05_76
4439,F05_41
4440,F05_77
4441,F05_79
4442,F05_54
4443,F05_99
4444,F05_3
4445,F05_108
4446,F05_2
4447,F05_65
4448,F05_32
4449,F05_74
4450,F05_47
4451,F05_49
4452,F05_39
4453,F05_66
4454,F05_61
4455,F05_52
4456,F05_92
4457,F05_152
4458,F05_12
4459,F05_110
4460,F05_45
4461,F05_94
4462,F05_38
4463,F05_15
4464,F05_67
4465,F05_19
4466,F05_88
4467,F05_73
4468,F05_68
4469,F05_97
4470,F05_64
4471,F05_71
4472,F05_101
4473,F05_111
4474,F05_9
4475,F05_44
4476,F05_89
4477,F05_24
4478,F05_91
4479,F05_95
4480,F05_16
4481,F05_53
4482,F05_7
4483,F05_191
4484,F05_82
4485,F05_20
4486,F05_116
4487,F05_145
4488,F05_112
4489,F05_146
4490,F05_137
4491,F05_93
4492,F05_72
4493,F05_69
4494,F05_140
4495,F05_119
4496,F05_106
4497,F05_134
4498,F05_142
4499,F05_185
4500,F05_107
4501,F05_86
4502,F05_135
4503,F05_138
4504,F05_84
4505,F05_87
4506,F05_98
4507,F05_158
4508,F05_161
4509,F05_124
4510,F05_104
4511,F05_141
4512,F05_120
4513,F05_13
4514,F05_125
4515,F05_85
4516,F05_113
4517,F05_96
4518,F05_153
4519,F05_133
4520,F05_130
4521,F05_90
4522,F05_157
4523,F05_123
4524,F05_103
4525,F05_115
4526,F05_121
4527,F05_167
4528,F05_105
4529,F05_160
4530,F05_163
4531,F05_164
4532,F05_114
4533,F05_159
4534,F05_186
4535,F05_40
4536,F05_187
4537,F05_117
4538,F05_147
4539,F05_176
4540,F05_118
4541,F05_182
4542,F05_102
4543,F05_151
4544,F05_165
4545,F05_129
4546,F05_181
4547,F05_132
4548,F05_175
4549,F05_189
4550,F05_209
4551,F05_128
4552,F05_174
4553,F05_178
4554,F05_183
4555,F05_218
4556,F05_217
4557,F05_156
4558,F05_179
4559,F05_184
4560,F05_143
4561,F05_204
4562,F05_177
4563,F05_148
4564,F05_169
4565,F05_195
4566,F05_199
4567,F05_224
4568,F05_180
4569,F05_172
4570,F05_200
4571,F05_188
4572,F05_154
4573,F05_235
4574,F05_220
4575,F05_1
4576,F05_203
4577,F05_171
4578,F05_139
4579,F05_150
4580,F05_222
4581,F05_214
4582,F05_173
4583,F05_51
4584,F05_144
4585,F05_201
4586,F05_202
4587,F05_194
4588,F05_219
4589,F05_170
4590,F05_207
4591,F05_205
4592,F05_206
4593,F05_221
4594,F05_259
4595,F05_223
4596,F05_197
4597,F05_213
4598,F05_216
4599,F05_198
4600,F05_149
4601,F05_228
4602,F05_232
4603,F05_264
4604,F05_215
4605,F05_297
4606,F05_227
4607,F05_210
4608,F05_231
4609,F05_211
4610,F05_283
4611,F05_193
4612,F05_225
4613,F05_258
4614,F05_269
4615,F05_238
4616,F05_256
4617,F05_285
4618,F05_265
4619,F05_237
4620,F05_230
4621,F05_241
4622,F05_311
4623,F05_233
4624,F05_253
4625,F05_166
4626,F05_309
4627,F05_240
4628,F05_236
4629,F05_262
4630,F05_254
4631,F05_312
4632,F05_300
4633,F05_239
4634,F05_272
4635,F05_270
4636,F05_291
4637,F05_251
4638,F05_234
4639,F05_282
4640,F05_294
4641,F05_336
4642,F05_305
4643,F05_273
4644,F05_260
4645,F05_284
4646,F05_267
4647,F05_266
4648,F05_307
4649,F05_293
4650,F05_290
4651,F05_286
4652,F05_257
4653,F05_261
4654,F05_327
4655,F05_317
4656,F05_352
4657,F05_329
4658,F05_252
4659,F05_302
4660,F05_316
4661,F05_287
4662,F05_348
4663,F05_255
4664,F05_303
4665,F05_304
4666,F05_247
4667,F05_328
4668,F05_249
4669,F05_339
4670,F05_278
4671,F05_318
4672,F05_288
4673,F05_306
4674,F05_299
4675,F05_292
4676,F05_274
4677,F05_295
4678,F05_275
4679,F05_298
4680,F05_276
4681,F05_280
4682,F05_308
4683,F05_337
4684,F05_344
4685,F05_322
4686,F05_331
4687,F05_361
4688,F05_359
4689,F05_289
4690,F05_358
4691,F05_248
4692,F05_350
4693,F05_310
4694,F05_319
4695,F05_349
4696,F05_342
4697,F05_347
4698,F05_334
4699,F05_314
4700,F05_281
4701,F05_313
4702,F05_301
4703,F05_364
4704,F05_354
4705,F05_332
4706,F05_315
4707,F05_321
4708,F05_330
4709,F05_324
4710,F05_326
4711,F05_338
4712,F05_376
4713,F05_378
4714,F05_351
4715,F05_320
4716,F05_335
4717,F05_373
4718,F05_384
4719,F05_365
4720,F05_379
4721,F05_333
4722,F05_353
4723,F05_383
4724,F05_341
4725,F05_355
4726,F05_381
4727,F05_367
4728,F05_404
4729,F05_345
4730,F05_340
4731,F05_380
4732,F05_403
4733,F05_401
4734,F05_356
4735,F05_362
4736,F05_371
4737,F05_393
4738,F05_413
4739,F05_405
4740,F05_391
4741,F05_343
4742,F05_408
4743,F05_400
4744,F05_387
4745,F05_402
4746,F05_375
4747,F05_440
4748,F05_368
4749,F05_360
4750,F05_427
4751,F05_396
4752,F05_411
4753,F05_463
4754,F05_370
4755,F05_363
4756,F05_421
4757,F05_417
4758,F05_439
4759,F05_374
4760,F05_460
4761,F05_407
4762,F05_422
4763,F05_414
4764,F05_369
4765,F05_415
4766,F05_377
4767,F05_386
4768,F05_397
4769,F05_395
4770,F05_428
4771,F05_434
4772,F05_357
4773,F05_425
4774,F05_474
4775,F05_449
4776,F05_443
4777,F05_385
4778,F05_389
4779,F05_433
4780,F05_420
4781,F05_419
4782,F05_366
4783,F05_436
4784,F05_418
4785,F05_429
4786,F05_424
4787,F05_410
4788,F05_444
4789,F05_484
4790,F05_409
4791,F05_454
4792,F05_453
4793,F05_430
4794,F05_416
4795,F05_390
4796,F05_388
4797,F05_382
4798,F05_392
4799,F05_441
4800,F05_412
4801,F05_471
4802,F05_478
4803,F05_490
4804,F05_406
4805,F05_464
4806,F05_461
4807,F05_493
4808,F05_435
4809,F05_438
4810,F05_398
4811,F05_372
4812,F05_399
4813,F05_483
4814,F05_456
4815,F05_467
4816,F05_472
4817,F05_510
4818,F05_475
4819,F05_469
4820,F05_432
4821,F05_450
4822,F05_479
4823,F05_476
4824,F05_442
4825,F05_462
4826,F05_500
4827,F05_515
4828,F05_423
4829,F05_526
4830,F05_477
4831,F05_521
4832,F05_488
4833,F05_447
4834,F05_494
4835,F05_481
4836,F05_509
4837,F05_503
4838,F05_431
4839,F05_585
4840,F05_516
4841,F05_458
4842,F05_519
4843,F05_542
4844,F05_502
4845,F05_473
4846,F05_426
4847,F05_518
4848,F05_470
4849,F05_446
4850,F05_457
4851,F05_531
4852,F05_552
4853,F05_495
4854,F05_499
4855,F05_505
4856,F05_496
4857,F05_459
4858,F05_487
4859,F05_491
4860,F05_448
4861,F05_465
4862,F05_455
4863,F05_550
4864,F05_468
4865,F05_466
4866,F05_508
4867,F05_489
4868,F05_485
4869,F05_566
4870,F05_529
4871,F05_482
4872,F05_504
4873,F05_513
4874,F05_534
4875,F05_486
4876,F05_480
4877,F05_511
4878,F05_501
4879,F05_584
4880,F05_498
4881,F05_561
4882,F05_546
4883,F05_514
4884,F05_507
4885,F05_547
4886,F05_538
4887,F05_497
4888,F05_533
4889,F05_535
4890,F05_539
4891,F05_541
4892,F05_581
4893,F05_517
4894,F05_611
4895,F05_527
4896,F05_599
4897,F05_558
4898,F05_528
4899,F05_598
4900,F05_523
4901,F05_540
4902,F05_612
4903,F05_579
4904,F05_586
4905,F05_597
4906,F05_532
4907,F05_522
4908,F05_588
4909,F05_530
4910,F05_582
4911,F05_622
4912,F05_587
4913,F05_580
4914,F05_564
4915,F05_578
4916,F05_525
4917,F05_570
4918,F05_553
4919,F05_536
4920,F05_604
4921,F05_520
4922,F05_617
4923,F05_583
4924,F05_591
4925,F05_559
4926,F05_544
4927,F05_571
4928,F05_565
4929,F05_560
4930,F05_576
4931,F05_549
4932,F05_633
4933,F05_618
4934,F05_554
4935,F05_545
4936,F05_572
4937,F05_551
4938,F05_609
4939,F05_557
4940,F05_601
4941,F05_590
4942,F05_543
4943,F05_567
4944,F05_704
4945,F05_689
4946,F05_575
4947,F05_610
4948,F05_595
4949,F05_657
4950,F05_594
4951,F05_637
4952,F05_592
4953,F05_574
4954,F05_573
4955,F05_614
4956,F05_569
4957,F05_562
4958,F05_548
4959,F05_623
4960,F05_648
4961,F05_568
4962,F05_627
4963,F05_613
4964,F05_682
4965,F05_563
4966,F05_625
4967,F05_577
4968,F05_593
4969,F05_616
4970,F05_606
4971,F05_679
4972,F05_652
4973,F05_662
4974,F05_608
4975,F05_631
4976,F05_615
4977,F05_589
4978,F05_630
4979,F05_650
4980,F05_629
4981,F05_596
4982,F05_603
4983,F05_600
4984,F05_602
4985,F05_663
4986,F05_674
4987,F05_607
4988,F05_646
4989,F05_639
4990,F05_641
4991,F05_643
4992,F05_675
4993,F05_693
4994,F05_642
4995,F05_632
4996,F05_669
4997,F05_656
4998,F05_640
4999,F05_621
5000,F05_634
5001,F05_638
5002,F05_677
5003,F05_654
5004,F05_624
5005,F05_703
5006,F05_665
5007,F05_635
5008,F05_649
5009,F05_645
5010,F05_658
5011,F05_653
5012,F05_681
5013,F05_661
5014,F05_712
5015,F05_729
5016,F05_684
5017,F05_696
5018,F05_685
5019,F05_644
5020,F05_699
5021,F05_651
5022,F05_667
5023,F05_672
5024,F05_664
5025,F05_705
5026,F05_690
5027,F05_655
5028,F05_694
5029,F05_687
5030,F05_691
5031,F05_628
5032,F05_660
5033,F05_711
5034,F05_686
5035,F05_647
5036,F05_680
5037,F05_702
5038,F05_676
5039,F05_659
5040,F05_737
5041,F05_683
5042,F05_670
5043,F05_706
5044,F05_673
5045,F05_668
5046,F05_736
5047,F05_708
5048,F05_733
5049,F05_692
5050,F05_698
5051,F05_709
5052,F05_710
5053,F05_732
5054,F05_734
5055,F05_714
5056,F05_716
5057,F05_760
5058,F05_678
5059,F05_701
5060,F05_750
5061,F05_727
5062,F05_688
5063,F05_735
5064,F05_721
5065,F05_707
5066,F05_722
5067,F05_666
5068,F05_700
5069,F05_731
5070,F05_719
5071,F05_726
5072,F05_762
5073,F05_752
5074,F05_725
5075,F05_713
5076,F05_761
5077,F05_695
5078,F05_730
5079,F05_718
5080,F05_717
5081,F05_697
5082,F05_724
5083,F05_738
5084,F05_728
5085,F05_715
5086,F05_723
5087,F05_742
5088,F05_757
5089,F05_749
5090,F05_758
5091,E04_0
5092,E04_34
5093,E04_56
5094,E04_12
5095,E04_73
5096,E04_5
5097,E04_116
5098,E04_45
5099,E04_97
5100,E04_43
5101,E04_18
5102,E04_63
5103,E04_78
5104,E04_76
5105,E04_91
5106,E04_100
5107,E04_27
5108,E04_66
5109,E04_31
5110,E04_129
5111,E04_109
5112,E04_80
5113,E04_67
5114,E04_69
5115,E04_61
5116,E04_117
5117,E04_90
5118,E04_64
5119,E04_79
5120,E04_39
5121,E04_2
5122,E04_24
5123,E04_107
5124,E04_62
5125,E04_95
5126,E04_119
5127,E04_57
5128,E04_60
5129,E04_93
5130,E04_4
5131,E04_114
5132,E04_44
5133,E04_81
5134,E04_83
5135,E04_113
5136,E04_19
5137,E04_72
5138,E04_71
5139,E04_102
5140,E04_52
5141,E04_74
5142,E04_14
5143,E04_29
5144,E04_112
5145,E04_68
5146,E04_138
5147,E04_137
5148,E04_54
5149,E04_108
5150,E04_111
5151,E04_35
5152,E04_50
5153,E04_75
5154,E04_70
5155,E04_77
5156,E04_110
5157,E04_16
5158,E04_26
5159,E04_88
5160,E04_101
5161,E04_96
5162,E04_82
5163,E04_104
5164,E04_86
5165,E04_187
5166,E04_59
5167,E04_3
5168,E04_87
5169,E04_8
5170,E04_130
5171,E04_1
5172,E04_115
5173,E04_139
5174,E04_92
5175,E04_103
5176,E04_99
5177,E04_150
5178,E04_161
5179,E04_143
5180,E04_65
5181,E04_85
5182,E04_89
5183,E04_98
5184,E04_126
5185,E04_127
5186,E04_133
5187,E04_134
5188,E04_122
5189,E04_167
5190,E04_136
5191,E04_153
5192,E04_145
5193,E04_176
5194,E04_156
5195,E04_58
5196,E04_151
5197,E04_154
5198,E04_160
5199,E04_165
5200,E04_121
5201,E04_185
5202,E04_105
5203,E04_6
5204,E04_135
5205,E04_166
5206,E04_157
5207,E04_123
5208,E04_140
5209,E04_141
5210,E04_169
5211,E04_177
5212,E04_132
5213,E04_172
5214,E04_144
5215,E04_149
5216,E04_124
5217,E04_148
5218,E04_184
5219,E04_142
5220,E04_125
5221,E04_158
5222,E04_182
5223,E04_120
5224,E04_202
5225,E04_128
5226,E04_168
5227,E04_206
5228,E04_196
5229,E04_179
5230,E04_174
5231,E04_146
5232,E04_193
5233,E04_155
5234,E04_192
5235,E04_204
5236,E04_222
5237,E04_131
5238,E04_162
5239,E04_147
5240,E04_164
5241,E04_175
5242,E04_178
5243,E04_220
5244,E04_191
5245,E04_207
5246,E04_152
5247,E04_195
5248,E04_159
5249,E04_10
5250,E04_213
5251,E04_223
5252,E04_183
5253,E04_173
5254,E04_218
5255,E04_170
5256,E04_171
5257,E04_208
5258,E04_205
5259,E04_197
5260,E04_209
5261,E04_221
5262,E04_242
5263,E04_217
5264,E04_180
5265,E04_237
5266,E04_216
5267,E04_194
5268,E04_203
5269,E04_199
5270,E04_190
5271,E04_188
5272,E04_253
5273,E04_229
5274,E04_224
5275,E04_186
5276,E04_232
5277,E04_238
5278,E04_219
5279,E04_241
5280,E04_181
5281,E04_189
5282,E04_233
5283,E04_227
5284,E04_210
5285,E04_267
5286,E04_264
5287,E04_228
5288,E04_200
5289,E04_246
5290,E04_201
5291,E04_244
5292,E04_239
5293,E04_240
5294,E04_211
5295,E04_319
5296,E04_231
5297,E04_257
5298,E04_263
5299,E04_247
5300,E04_255
5301,E04_281
5302,E04_298
5303,E04_280
5304,E04_245
5305,E04_254
5306,E04_243
5307,E04_272
5308,E04_275
5309,E04_293
5310,E04_258
5311,E04_235
5312,E04_287
5313,E04_283
5314,E04_269
5315,E04_259
5316,E04_248
5317,E04_279
5318,E04_236
5319,E04_276
5320,E04_256
5321,E04_265
5322,E04_277
5323,E04_251
5324,E04_299
5325,E04_249
5326,E04_291
5327,E04_234
5328,E04_252
5329,E04_304
5330,E04_297
5331,E04_286
5332,E04_306
5333,E04_295
5334,E04_278
5335,E04_225
5336,E04_268
5337,E04_300
5338,E04_310
5339,E04_305
5340,E04_289
5341,E04_320
5342,E04_250
5343,E04_285
5344,E04_357
5345,E04_262
5346,E04_288
5347,E04_230
5348,E04_309
5349,E04_327
5350,E04_292
5351,E04_313
5352,E04_324
5353,E04_351
5354,E04_294
5355,E04_322
5356,E04_282
5357,E04_302
5358,E04_328
5359,E04_315
5360,E04_346
5361,E04_307
5362,E04_317
5363,E04_332
5364,E04_270
5365,E04_314
5366,E04_323
5367,E04_331
5368,E04_301
5369,E04_333
5370,E04_325
5371,E04_359
5372,E04_318
5373,E04_316
5374,E04_376
5375,E04_290
5376,E04_312
5377,E04_365
5378,E04_379
5379,E04_363
5380,E04_340
5381,E04_345
5382,E04_308
5383,E04_347
5384,E04_341
5385,E04_354
5386,E04_366
5387,E04_339
5388,E04_397
5389,E04_334
5390,E04_321
5391,E04_364
5392,E04_343
5393,E04_338
5394,E04_329
5395,E04_356
5396,E04_326
5397,E04_362
5398,E04_375
5399,E04_342
5400,E04_416
5401,E04_335
5402,E04_370
5403,E04_369
5404,E04_336
5405,E04_373
5406,E04_439
5407,E04_374
5408,E04_368
5409,E04_360
5410,E04_419
5411,E04_396
5412,E04_348
5413,E04_400
5414,E04_358
5415,E04_378
5416,E04_355
5417,E04_403
5418,E04_383
5419,E04_401
5420,E04_406
5421,E04_371
5422,E04_433
5423,E04_388
5424,E04_402
5425,E04_387
5426,E04_350
5427,E04_386
5428,E04_408
5429,E04_452
5430,E04_423
5431,E04_353
5432,E04_390
5433,E04_380
5434,E04_385
5435,E04_422
5436,E04_382
5437,E04_381
5438,E04_429
5439,E04_434
5440,E04_440
5441,E04_445
5442,E04_391
5443,E04_372
5444,E04_384
5445,E04_407
5446,E04_417
5447,E04_441
5448,E04_427
5449,E04_413
5450,E04_448
5451,E04_418
5452,E04_457
5453,E04_437
5454,E04_420
5455,E04_393
5456,E04_394
5457,E04_451
5458,E04_421
5459,E04_399
5460,E04_465
5461,E04_392
5462,E04_395
5463,E04_425
5464,E04_398
5465,E04_426
5466,E04_404
5467,E04_447
5468,E04_428
5469,E04_449
5470,E04_389
5471,E04_480
5472,E04_435
5473,E04_463
5474,E04_431
5475,E04_483
5476,E04_414
5477,E04_412
5478,E04_487
5479,E04_502
5480,E04_472
5481,E04_411
5482,E04_444
5483,E04_499
5484,E04_500
5485,E04_430
5486,E04_432
5487,E04_442
5488,E04_409
5489,E04_491
5490,E04_470
5491,E04_509
5492,E04_471
5493,E04_486
5494,E04_464
5495,E04_477
5496,E04_424
5497,E04_493
5498,E04_476
5499,E04_495
5500,E04_482
5501,E04_453
5502,E04_481
5503,E04_469
5504,E04_460
5505,E04_443
5506,E04_484
5507,E04_462
5508,E04_468
5509,E04_496
5510,E04_501
5511,E04_473
5512,E04_466
5513,E04_515
5514,E04_523
5515,E04_479
5516,E04_520
5517,E04_513
5518,E04_517
5519,E04_456
5520,E04_489
5521,E04_508
5522,E04_522
5523,E04_516
5524,E04_485
5525,E04_459
5526,E04_547
5527,E04_488
5528,E04_504
5529,E04_545
5530,E04_512
5531,E04_536
5532,E04_581
5533,E04_498
5534,E04_534
5535,E04_535
5536,E04_560
5537,E04_529
5538,E04_553
5539,E04_526
5540,E04_475
5541,E04_543
5542,E04_494
5543,E04_524
5544,E04_490
5545,E04_492
5546,E04_546
5547,E04_564
5548,E04_552
5549,E04_568
5550,E04_507
5551,E04_506
5552,E04_551
5553,E04_575
5554,E04_549
5555,E04_577
5556,E04_528
5557,E04_514
5558,E04_505
5559,E04_537
5560,E04_511
5561,E04_544
5562,E04_510
5563,E04_583
5564,E04_532
5565,E04_521
5566,E04_557
5567,E04_533
5568,E04_591
5569,E04_525
5570,E04_618
5571,E04_527
5572,E04_530
5573,E04_594
5574,E04_601
5575,E04_578
5576,E04_518
5577,E04_604
5578,E04_497
5579,E04_605
5580,E04_567
5581,E04_559
5582,E04_595
5583,E04_555
5584,E04_574
5585,E04_563
5586,E04_569
5587,E04_542
5588,E04_593
5589,E04_550
5590,E04_586
5591,E04_541
5592,E04_608
5593,E04_565
5594,E04_600
5595,E04_622
5596,E04_585
5597,E04_588
5598,E04_539
5599,E04_540
5600,E04_548
5601,E04_580
5602,E04_597
5603,E04_602
5604,E04_621
5605,E04_606
5606,E04_556
5607,E04_579
5608,E04_612
5609,E04_603
5610,E04_562
5611,E04_590
5612,E04_558
5613,E04_554
5614,E04_610
5615,E04_592
5616,E04_616
5617,E04_589
5618,E04_614
5619,E04_620
5620,E04_643
5621,E04_623
5622,E04_582
5623,E04_617
5624,E04_566
5625,E04_615
5626,E04_599
5627,E04_619
5628,E04_638
5629,E04_609
5630,E04_627
5631,E04_647
5632,E04_626
5633,E04_598
5634,E04_607
5635,E04_573
5636,E04_624
5637,E04_642
5638,E04_630
5639,E04_628
5640,E04_646
5641,E04_613
5642,E04_637
5643,E04_639
5644,E04_611
5645,E04_636
5646,E04_635
5647,E04_632
5648,E04_633
5649,E04_644
5650,E04_631
5651,E04_629
5652,E04_648
5653,E04_645
5654,E04_649
5655,E04_640
5656,E04_641
5657,E04_653
5658,E04_661
5659,H05_71
5660,H05_72
5661,H05_81
5662,H05_113
5663,H05_383
5664,H05_460
5665,G03_72
5666,G03_19
5667,G03_105
5668,G03_104
5669,G03_17
5670,G03_137
5671,G03_147
5672,G03_31
5673,G03_112
5674,G03_127
5675,G03_75
5676,G03_144
5677,G03_145
5678,G03_169
5679,G03_168
5680,G03_165
5681,G03_164
5682,G03_166
5683,G03_188
5684,G03_176
5685,G03_199
5686,G03_232
5687,G03_209
5688,G03_222
5689,G03_260
5690,G03_261
5691,G03_252
5692,G03_262
5693,G03_293
5694,G03_299
5695,G03_318
5696,G03_311
5697,G03_329
5698,G03_344
5699,G03_330
5700,G03_345
5701,G03_298
5702,G03_358
5703,G03_332
5704,G03_331
5705,E06_9
5706,E06_58
5707,E06_85
5708,E06_20
5709,E06_29
5710,E06_14
5711,E06_10
5712,E06_41
5713,E06_52
5714,E06_42
5715,E06_35
5716,E06_7
5717,E06_33
5718,E06_50
5719,E06_37
5720,E06_34
5721,E06_56
5722,E06_59
5723,E06_63
5724,E06_45
5725,E06_38
5726,E06_48
5727,E06_36
5728,E06_39
5729,E06_1
5730,E06_47
5731,E06_15
5732,E06_54
5733,E06_28
5734,E06_27
5735,E06_46
5736,E06_60
5737,E06_26
5738,E06_49
5739,E06_68
5740,E06_44
5741,E06_75
5742,E06_51
5743,E06_87
5744,E06_106
5745,E06_53
5746,E06_57
5747,E06_88
5748,E06_16
5749,E06_111
5750,E06_81
5751,E06_102
5752,E06_43
5753,E06_82
5754,E06_89
5755,E06_80
5756,E06_91
5757,E06_8
5758,E06_125
5759,E06_104
5760,E06_69
5761,E06_103
5762,E06_128
5763,E06_86
5764,E06_64
5765,E06_74
5766,E06_114
5767,E06_98
5768,E06_141
5769,E06_76
5770,E06_158
5771,E06_79
5772,E06_62
5773,E06_105
5774,E06_119
5775,E06_100
5776,E06_83
5777,E06_142
5778,E06_113
5779,E06_120
5780,E06_95
5781,E06_132
5782,E06_99
5783,E06_122
5784,E06_117
5785,E06_110
5786,E06_96
5787,E06_108
5788,E06_123
5789,E06_116
5790,E06_143
5791,E06_72
5792,E06_130
5793,E06_138
5794,E06_92
5795,E06_163
5796,E06_124
5797,E06_136
5798,E06_155
5799,E06_137
5800,E06_121
5801,E06_174
5802,E06_126
5803,E06_78
5804,E06_156
5805,E06_168
5806,E06_146
5807,E06_184
5808,E06_12
5809,E06_180
5810,E06_118
5811,E06_186
5812,E06_161
5813,E06_159
5814,E06_203
5815,E06_140
5816,E06_176
5817,E06_169
5818,E06_157
5819,E06_167
5820,E06_133
5821,E06_151
5822,E06_225
5823,E06_164
5824,E06_129
5825,E06_139
5826,E06_144
5827,E06_188
5828,E06_181
5829,E06_187
5830,E06_198
5831,E06_154
5832,E06_134
5833,E06_135
5834,E06_148
5835,E06_115
5836,E06_183
5837,E06_208
5838,E06_202
5839,E06_210
5840,E06_150
5841,E06_175
5842,E06_182
5843,E06_178
5844,E06_204
5845,E06_218
5846,E06_173
5847,E06_179
5848,E06_177
5849,E06_196
5850,E06_160
5851,E06_190
5852,E06_162
5853,E06_152
5854,E06_219
5855,E06_153
5856,E06_194
5857,E06_192
5858,E06_213
5859,E06_262
5860,E06_201
5861,E06_197
5862,E06_235
5863,E06_189
5864,E06_172
5865,E06_253
5866,E06_238
5867,E06_207
5868,E06_211
5869,E06_185
5870,E06_171
5871,E06_242
5872,E06_215
5873,E06_254
5874,E06_233
5875,E06_269
5876,E06_232
5877,E06_264
5878,E06_255
5879,E06_226
5880,E06_230
5881,E06_191
5882,E06_260
5883,E06_195
5884,E06_229
5885,E06_241
5886,E06_214
5887,E06_200
5888,E06_245
5889,E06_236
5890,E06_231
5891,E06_263
5892,E06_217
5893,E06_244
5894,E06_281
5895,E06_239
5896,E06_222
5897,E06_259
5898,E06_221
5899,E06_228
5900,E06_234
5901,E06_305
5902,E06_97
5903,E06_288
5904,E06_199
5905,E06_303
5906,E06_220
5907,E06_272
5908,E06_223
5909,E06_270
5910,E06_247
5911,E06_252
5912,E06_248
5913,E06_250
5914,E06_216
5915,E06_251
5916,E06_224
5917,E06_256
5918,E06_267
5919,E06_273
5920,E06_227
5921,E06_283
5922,E06_329
5923,E06_311
5924,E06_258
5925,E06_310
5926,E06_268
5927,E06_293
5928,E06_279
5929,E06_257
5930,E06_205
5931,E06_331
5932,E06_302
5933,E06_243
5934,E06_332
5935,E06_249
5936,E06_315
5937,E06_297
5938,E06_246
5939,E06_290
5940,E06_286
5941,E06_291
5942,E06_328
5943,E06_289
5944,E06_461
5945,E06_300
5946,E06_276
5947,E06_278
5948,E06_307
5949,E06_347
5950,E06_277
5951,E06_284
5952,E06_271
5953,E06_274
5954,E06_275
5955,E06_292
5956,E06_327
5957,E06_349
5958,E06_299
5959,E06_355
5960,E06_374
5961,E06_356
5962,E06_379
5963,E06_325
5964,E06_294
5965,E06_351
5966,E06_338
5967,E06_321
5968,E06_324
5969,E06_306
5970,E06_358
5971,E06_345
5972,E06_337
5973,E06_383
5974,E06_326
5975,E06_301
5976,E06_348
5977,E06_333
5978,E06_346
5979,E06_322
5980,E06_308
5981,E06_295
5982,E06_298
5983,E06_354
5984,E06_314
5985,E06_285
5986,E06_377
5987,E06_304
5988,E06_412
5989,E06_287
5990,E06_318
5991,E06_330
5992,E06_409
5993,E06_343
5994,E06_296
5995,E06_339
5996,E06_352
5997,E06_320
5998,E06_309
5999,E06_362
6000,E06_384
6001,E06_357
6002,E06_312
6003,E06_367
6004,E06_344
6005,E06_369
6006,E06_387
6007,E06_336
6008,E06_323
6009,E06_316
6010,E06_415
6011,E06_416
6012,E06_399
6013,E06_406
6014,E06_389
6015,E06_376
6016,E06_359
6017,E06_317
6018,E06_368
6019,E06_400
6020,E06_388
6021,E06_421
6022,E06_341
6023,E06_378
6024,E06_372
6025,E06_439
6026,E06_405
6027,E06_579
6028,E06_397
6029,E06_373
6030,E06_418
6031,E06_433
6032,E06_319
6033,E06_402
6034,E06_391
6035,E06_360
6036,E06_445
6037,E06_411
6038,E06_434
6039,E06_440
6040,E06_392
6041,E06_334
6042,E06_404
6043,E06_475
6044,E06_410
6045,E06_463
6046,E06_446
6047,E06_385
6048,E06_375
6049,E06_361
6050,E06_419
6051,E06_395
6052,E06_468
6053,E06_366
6054,E06_390
6055,E06_417
6056,E06_420
6057,E06_371
6058,E06_370
6059,E06_481
6060,E06_386
6061,E06_466
6062,E06_408
6063,E06_506
6064,E06_413
6065,E06_382
6066,E06_365
6067,E06_363
6068,E06_443
6069,E06_403
6070,E06_437
6071,E06_398
6072,E06_414
6073,E06_513
6074,E06_453
6075,E06_442
6076,E06_523
6077,E06_482
6078,E06_477
6079,E06_486
6080,E06_519
6081,E06_435
6082,E06_407
6083,E06_426
6084,E06_438
6085,E06_454
6086,E06_483
6087,E06_460
6088,E06_508
6089,E06_464
6090,E06_441
6091,E06_505
6092,E06_479
6093,E06_476
6094,E06_448
6095,E06_500
6096,E06_436
6097,E06_502
6098,E06_422
6099,E06_522
6100,E06_261
6101,E06_444
6102,E06_480
6103,E06_510
6104,E06_427
6105,E06_401
6106,E06_518
6107,E06_425
6108,E06_428
6109,E06_499
6110,E06_511
6111,E06_563
6112,E06_462
6113,E06_465
6114,E06_459
6115,E06_491
6116,E06_458
6117,E06_457
6118,E06_527
6119,E06_430
6120,E06_429
6121,E06_551
6122,E06_423
6123,E06_456
6124,E06_447
6125,E06_469
6126,E06_548
6127,E06_544
6128,E06_515
6129,E06_350
6130,E06_396
6131,E06_489
6132,E06_449
6133,E06_478
6134,E06_455
6135,E06_432
6136,E06_556
6137,E06_509
6138,E06_498
6139,E06_473
6140,E06_531
6141,E06_576
6142,E06_538
6143,E06_545
6144,E06_494
6145,E06_585
6146,E06_539
6147,E06_472
6148,E06_561
6149,E06_532
6150,E06_512
6151,E06_589
6152,E06_516
6153,E06_471
6154,E06_504
6155,E06_549
6156,E06_594
6157,E06_597
6158,E06_572
6159,E06_470
6160,E06_474
6161,E06_488
6162,E06_552
6163,E06_564
6164,E06_632
6165,E06_490
6166,E06_528
6167,E06_537
6168,E06_591
6169,E06_535
6170,E06_497
6171,E06_503
6172,E06_484
6173,E06_487
6174,E06_557
6175,E06_501
6176,E06_554
6177,E06_520
6178,E06_536
6179,E06_605
6180,E06_582
6181,E06_452
6182,E06_606
6183,E06_525
6184,E06_565
6185,E06_617
6186,E06_496
6187,E06_547
6188,E06_495
6189,E06_517
6190,E06_492
6191,E06_555
6192,E06_629
6193,E06_568
6194,E06_630
6195,E06_529
6196,E06_670
6197,E06_542
6198,E06_592
6199,E06_687
6200,E06_533
6201,E06_524
6202,E06_569
6203,E06_616
6204,E06_588
6205,E06_631
6206,E06_560
6207,E06_573
6208,E06_467
6209,E06_590
6210,E06_546
6211,E06_604
6212,E06_570
6213,E06_540
6214,E06_609
6215,E06_587
6216,E06_562
6217,E06_610
6218,E06_566
6219,E06_530
6220,E06_567
6221,E06_638
6222,E06_619
6223,E06_613
6224,E06_526
6225,E06_575
6226,E06_599
6227,E06_611
6228,E06_618
6229,E06_586
6230,E06_534
6231,E06_621
6232,E06_659
6233,E06_656
6234,E06_661
6235,E06_673
6236,E06_558
6237,E06_578
6238,E06_627
6239,E06_677
6240,E06_581
6241,E06_550
6242,E06_633
6243,E06_583
6244,E06_628
6245,E06_584
6246,E06_612
6247,E06_580
6248,E06_571
6249,E06_626
6250,E06_595
6251,E06_601
6252,E06_681
6253,E06_593
6254,E06_664
6255,E06_658
6256,E06_662
6257,E06_676
6258,E06_692
6259,E06_620
6260,E06_672
6261,E06_600
6262,E06_666
6263,E06_712
6264,E06_678
6265,E06_717
6266,E06_684
6267,E06_596
6268,E06_637
6269,E06_690
6270,E06_635
6271,E06_650
6272,E06_624
6273,E06_641
6274,E06_682
6275,E06_622
6276,E06_708
6277,E06_607
6278,E06_598
6279,E06_642
6280,E06_710
6281,E06_655
6282,E06_675
6283,E06_647
6284,E06_667
6285,E06_668
6286,E06_654
6287,E06_770
6288,E06_603
6289,E06_738
6290,E06_669
6291,E06_699
6292,E06_651
6293,E06_686
6294,E06_706
6295,E06_634
6296,E06_646
6297,E06_689
6298,E06_639
6299,E06_653
6300,E06_649
6301,E06_748
6302,E06_747
6303,E06_721
6304,E06_640
6305,E06_781
6306,E06_660
6307,E06_696
6308,E06_643
6309,E06_727
6310,E06_697
6311,E06_657
6312,E06_769
6313,E06_663
6314,E06_711
6315,E06_758
6316,E06_709
6317,E06_754
6318,E06_714
6319,E06_752
6320,E06_761
6321,E06_778
6322,E06_715
6323,E06_753
6324,E06_736
6325,E06_694
6326,E06_685
6327,E06_648
6328,E06_683
6329,E06_688
6330,E06_725
6331,E06_691
6332,E06_740
6333,E06_749
6334,E06_724
6335,E06_722
6336,E06_765
6337,E06_739
6338,E06_713
6339,E06_723
6340,E06_701
6341,E06_728
6342,E06_775
6343,E06_737
6344,E06_751
6345,E06_744
6346,E06_755
6347,E06_764
6348,E06_698
6349,E06_772
6350,E06_759
6351,E06_707
6352,E06_695
6353,E06_794
6354,E06_704
6355,E06_645
6356,E06_726
6357,E06_693
6358,E06_702
6359,E06_779
6360,E06_735
6361,E06_757
6362,E06_780
6363,E06_700
6364,E06_719
6365,E06_705
6366,E06_703
6367,E06_746
6368,E06_767
6369,E06_733
6370,E06_766
6371,E06_801
6372,E06_743
6373,E06_774
6374,E06_760
6375,E06_742
6376,E06_731
6377,E06_783
6378,E06_750
6379,E06_799
6380,E06_763
6381,E06_745
6382,E06_768
6383,E06_777
6384,E06_784
6385,E06_729
6386,E06_803
6387,E06_792
6388,E06_771
6389,E06_789
6390,E06_782
6391,E06_762
6392,E06_791
6393,E06_788
6394,E06_797
6395,E06_795
6396,E06_800
6397,E06_796
6398,E06_773
6399,D02_84
6400,D02_82
6401,D02_195
6402,D02_253
6403,D02_265
6404,D02_267
6405,D02_273
6406,D02_258
6407,D02_280
6408,G06_63
6409,G06_0
6410,G06_82
6411,G06_60
6412,G06_61
6413,G06_87
6414,G06_55
6415,G06_52
6416,G06_54
6417,G06_81
6418,G06_111
6419,G06_66
6420,G06_110
6421,G06_65
6422,G06_88
6423,G06_50
6424,G06_25
6425,G06_18
6426,G06_56
6427,G06_16
6428,G06_67
6429,G06_79
6430,G06_47
6431,G06_76
6432,G06_41
6433,G06_58
6434,G06_30
6435,G06_114
6436,G06_7
6437,G06_89
6438,G06_90
6439,G06_36
6440,G06_42
6441,G06_32
6442,G06_142
6443,G06_92
6444,G06_91
6445,G06_29
6446,G06_98
6447,G06_12
6448,G06_34
6449,G06_70
6450,G06_108
6451,G06_28
6452,G06_139
6453,G06_59
6454,G06_80
6455,G06_83
6456,G06_104
6457,G06_95
6458,G06_2
6459,G06_126
6460,G06_102
6461,G06_71
6462,G06_103
6463,G06_84
6464,G06_35
6465,G06_158
6466,G06_51
6467,G06_11
6468,G06_86
6469,G06_127
6470,G06_73
6471,G06_97
6472,G06_194
6473,G06_146
6474,G06_147
6475,G06_94
6476,G06_78
6477,G06_163
6478,G06_177
6479,G06_3
6480,G06_143
6481,G06_159
6482,G06_128
6483,G06_105
6484,G06_113
6485,G06_135
6486,G06_184
6487,G06_121
6488,G06_120
6489,G06_106
6490,G06_8
6491,G06_117
6492,G06_116
6493,G06_130
6494,G06_43
6495,G06_99
6496,G06_150
6497,G06_101
6498,G06_152
6499,G06_107
6500,G06_57
6501,G06_141
6502,G06_281
6503,G06_122
6504,G06_175
6505,G06_132
6506,G06_13
6507,G06_161
6508,G06_157
6509,G06_169
6510,G06_125
6511,G06_109
6512,G06_181
6513,G06_123
6514,G06_148
6515,G06_136
6516,G06_171
6517,G06_160
6518,G06_1
6519,G06_149
6520,G06_190
6521,G06_172
6522,G06_168
6523,G06_170
6524,G06_213
6525,G06_192
6526,G06_188
6527,G06_137
6528,G06_154
6529,G06_68
6530,G06_220
6531,G06_165
6532,G06_189
6533,G06_167
6534,G06_138
6535,G06_198
6536,G06_162
6537,G06_151
6538,G06_183
6539,G06_166
6540,G06_217
6541,G06_178
6542,G06_179
6543,G06_191
6544,G06_164
6545,G06_155
6546,G06_196
6547,G06_214
6548,G06_239
6549,G06_200
6550,G06_205
6551,G06_254
6552,G06_222
6553,G06_226
6554,G06_186
6555,G06_174
6556,G06_218
6557,G06_202
6558,G06_245
6559,G06_221
6560,G06_187
6561,G06_246
6562,G06_156
6563,G06_215
6564,G06_193
6565,G06_235
6566,G06_238
6567,G06_230
6568,G06_208
6569,G06_225
6570,G06_207
6571,G06_261
6572,G06_252
6573,G06_201
6574,G06_295
6575,G06_216
6576,G06_219
6577,G06_212
6578,G06_228
6579,G06_182
6580,G06_185
6581,G06_296
6582,G06_197
6583,G06_199
6584,G06_118
6585,G06_231
6586,G06_269
6587,G06_129
6588,G06_256
6589,G06_241
6590,G06_263
6591,G06_232
6592,G06_227
6593,G06_209
6594,G06_266
6595,G06_204
6596,G06_247
6597,G06_273
6598,G06_275
6599,G06_255
6600,G06_290
6601,G06_233
6602,G06_285
6603,G06_260
6604,G06_203
6605,G06_206
6606,G06_240
6607,G06_224
6608,G06_223
6609,G06_264
6610,G06_317
6611,G06_267
6612,G06_251
6613,G06_237
6614,G06_242
6615,G06_236
6616,G06_244
6617,G06_279
6618,G06_288
6619,G06_284
6620,G06_311
6621,G06_336
6622,G06_243
6623,G06_302
6624,G06_250
6625,G06_259
6626,G06_248
6627,G06_234
6628,G06_300
6629,G06_337
6630,G06_280
6631,G06_360
6632,G06_274
6633,G06_272
6634,G06_304
6635,G06_249
6636,G06_268
6637,G06_278
6638,G06_298
6639,G06_313
6640,G06_315
6641,G06_271
6642,G06_309
6643,G06_328
6644,G06_265
6645,G06_338
6646,G06_270
6647,G06_310
6648,G06_289
6649,G06_330
6650,G06_291
6651,G06_332
6652,G06_383
6653,G06_287
6654,G06_345
6655,G06_293
6656,G06_335
6657,G06_321
6658,G06_294
6659,G06_349
6660,G06_392
6661,G06_326
6662,G06_362
6663,G06_370
6664,G06_324
6665,G06_297
6666,G06_378
6667,G06_348
6668,G06_314
6669,G06_299
6670,G06_145
6671,G06_331
6672,G06_334
6673,G06_303
6674,G06_318
6675,G06_320
6676,G06_385
6677,G06_368
6678,G06_308
6679,G06_363
6680,G06_354
6681,G06_408
6682,G06_333
6683,G06_347
6684,G06_306
6685,G06_369
6686,G06_365
6687,G06_412
6688,G06_391
6689,G06_409
6690,G06_398
6691,G06_400
6692,G06_410
6693,G06_325
6694,G06_353
6695,G06_372
6696,G06_436
6697,G06_339
6698,G06_380
6699,G06_355
6700,G06_344
6701,G06_376
6702,G06_422
6703,G06_350
6704,G06_352
6705,G06_277
6706,G06_403
6707,G06_399
6708,G06_379
6709,G06_341
6710,G06_440
6711,G06_366
6712,G06_342
6713,G06_401
6714,G06_381
6715,G06_373
6716,G06_357
6717,G06_465
6718,G06_367
6719,G06_396
6720,G06_454
6721,G06_458
6722,G06_441
6723,G06_430
6724,G06_389
6725,G06_375
6726,G06_405
6727,G06_407
6728,G06_361
6729,G06_374
6730,G06_340
6731,G06_413
6732,G06_382
6733,G06_377
6734,G06_359
6735,G06_420
6736,G06_397
6737,G06_384
6738,G06_404
6739,G06_449
6740,G06_427
6741,G06_393
6742,G06_476
6743,G06_429
6744,G06_468
6745,G06_411
6746,G06_452
6747,G06_466
6748,G06_424
6749,G06_390
6750,G06_414
6751,G06_509
6752,G06_386
6753,G06_421
6754,G06_453
6755,G06_428
6756,G06_387
6757,G06_450
6758,G06_447
6759,G06_501
6760,G06_473
6761,G06_455
6762,G06_394
6763,G06_432
6764,G06_461
6765,G06_437
6766,G06_371
6767,G06_417
6768,G06_459
6769,G06_543
6770,G06_416
6771,G06_433
6772,G06_418
6773,G06_484
6774,G06_506
6775,G06_451
6776,G06_435
6777,G06_423
6778,G06_486
6779,G06_448
6780,G06_445
6781,G06_480
6782,G06_457
6783,G06_419
6784,G06_444
6785,G06_426
6786,G06_517
6787,G06_514
6788,G06_442
6789,G06_482
6790,G06_431
6791,G06_503
6792,G06_434
6793,G06_439
6794,G06_487
6795,G06_544
6796,G06_460
6797,G06_425
6798,G06_438
6799,G06_493
6800,G06_531
6801,G06_464
6802,G06_512
6803,G06_467
6804,G06_513
6805,G06_463
6806,G06_502
6807,G06_474
6808,G06_462
6809,G06_515
6810,G06_495
6811,G06_488
6812,G06_524
6813,G06_491
6814,G06_456
6815,G06_562
6816,G06_492
6817,G06_505
6818,G06_532
6819,G06_523
6820,G06_538
6821,G06_478
6822,G06_540
6823,G06_525
6824,G06_472
6825,G06_565
6826,G06_536
6827,G06_574
6828,G06_477
6829,G06_489
6830,G06_483
6831,G06_499
6832,G06_542
6833,G06_500
6834,G06_481
6835,G06_508
6836,G06_510
6837,G06_479
6838,G06_516
6839,G06_485
6840,G06_471
6841,G06_541
6842,G06_555
6843,G06_470
6844,G06_552
6845,G06_521
6846,G06_490
6847,G06_554
6848,G06_533
6849,G06_559
6850,G06_497
6851,G06_415
6852,G06_388
6853,G06_498
6854,G06_564
6855,G06_548
6856,G06_446
6857,G06_534
6858,G06_529
6859,G06_599
6860,G06_586
6861,G06_546
6862,G06_511
6863,G06_582
6864,G06_553
6865,G06_600
6866,G06_520
6867,G06_585
6868,G06_551
6869,G06_580
6870,G06_573
6871,G06_526
6872,G06_519
6873,G06_530
6874,G06_528
6875,G06_522
6876,G06_549
6877,G06_535
6878,G06_569
6879,G06_584
6880,G06_577
6881,G06_561
6882,G06_605
6883,G06_608
6884,G06_550
6885,G06_596
6886,G06_578
6887,G06_556
6888,G06_568
6889,G06_575
6890,G06_570
6891,G06_598
6892,G06_547
6893,G06_593
6894,G06_566
6895,G06_558
6896,G06_630
6897,G06_560
6898,G06_571
6899,G06_583
6900,G06_581
6901,G06_589
6902,G06_614
6903,G06_616
6904,G06_603
6905,G06_576
6906,G06_602
6907,G06_632
6908,G06_629
6909,G06_597
6910,G06_639
6911,G06_640
6912,G06_634
6913,G06_609
6914,G06_579
6915,G06_649
6916,G06_588
6917,G06_615
6918,G06_695
6919,G06_637
6920,G06_594
6921,G06_644
6922,G06_655
6923,G06_645
6924,G06_604
6925,G06_595
6926,G06_591
6927,G06_662
6928,G06_646
6929,G06_624
6930,G06_620
6931,G06_610
6932,G06_587
6933,G06_607
6934,G06_651
6935,G06_647
6936,G06_606
6937,G06_638
6938,G06_691
6939,G06_677
6940,G06_611
6941,G06_665
6942,G06_669
6943,G06_572
6944,G06_648
6945,G06_661
6946,G06_623
6947,G06_670
6948,G06_657
6949,G06_654
6950,G06_676
6951,G06_659
6952,G06_660
6953,G06_664
6954,G06_619
6955,G06_642
6956,G06_627
6957,G06_631
6958,G06_656
6959,G06_592
6960,G06_626
6961,G06_689
6962,G06_650
6963,G06_658
6964,G06_636
6965,G06_628
6966,G06_617
6967,G06_643
6968,G06_618
6969,G06_666
6970,G06_686
6971,G06_663
6972,G06_680
6973,G06_641
6974,G06_712
6975,G06_703
6976,G06_674
6977,G06_683
6978,G06_698
6979,G06_711
6980,G06_724
6981,G06_706
6982,G06_700
6983,G06_653
6984,G06_715
6985,G06_713
6986,G06_675
6987,G06_672
6988,G06_688
6989,G06_679
6990,G06_684
6991,G06_678
6992,G06_685
6993,G06_673
6994,G06_716
6995,G06_667
6996,G06_704
6997,G06_737
6998,G06_701
6999,G06_687
7000,G06_694
7001,G06_697
7002,G06_734
7003,G06_671
7004,G06_757
7005,G06_740
7006,G06_727
7007,G06_692
7008,G06_714
7009,G06_690
7010,G06_693
7011,G06_738
7012,G06_682
7013,G06_710
7014,G06_718
7015,G06_731
7016,G06_696
7017,G06_764
7018,G06_723
7019,G06_732
7020,G06_681
7021,G06_707
7022,G06_741
7023,G06_709
7024,G06_739
7025,G06_725
7026,G06_758
7027,G06_733
7028,G06_755
7029,G06_699
7030,G06_720
7031,G06_728
7032,G06_736
7033,G06_719
7034,G06_749
7035,G06_708
7036,G06_761
7037,G06_735
7038,G06_726
7039,G06_721
7040,G06_729
7041,G06_730
7042,G06_752
7043,G06_613
7044,G06_759
7045,G06_753
7046,G06_762
7047,G06_763
7048,G06_756
7049,D04_97
7050,D04_121
7051,D04_73
7052,D04_119
7053,D04_98
7054,D04_99
7055,D04_75
7056,D04_115
7057,D04_120
7058,D04_158
7059,D04_122
7060,D04_118
7061,D04_116
7062,D04_123
7063,D04_160
7064,D04_191
7065,D04_124
7066,D04_159
7067,D04_178
7068,D04_161
7069,D04_210
7070,D04_207
7071,D04_229
7072,D04_213
7073,D04_259
7074,D04_230
7075,D04_228
7076,D04_212
7077,D04_125
7078,D04_209
7079,D04_234
7080,D04_232
7081,D04_272
7082,D04_233
7083,D04_211
7084,D04_260
7085,D04_271
7086,D04_289
7087,D04_270
7088,D04_231
7089,D04_292
7090,D04_312
7091,D04_370
7092,D04_333
7093,D04_334
7094,D04_291
7095,D04_348
7096,D04_290
7097,D04_331
7098,D04_369
7099,D04_332
7100,D04_347
7101,D04_162
7102,D04_402
7103,D04_367
7104,D04_415
7105,D04_452
7106,D04_382
7107,D04_476
7108,D04_423
7109,D04_507
7110,D04_497
7111,D04_531
7112,D04_522
7113,D04_547
7114,E05_0
7115,E05_16
7116,E05_32
7117,E05_76
7118,E05_21
7119,E05_33
7120,E05_8
7121,E05_53
7122,E05_34
7123,E05_29
7124,E05_87
7125,E05_30
7126,E05_39
7127,E05_91
7128,E05_96
7129,E05_28
7130,E05_43
7131,E05_69
7132,E05_71
7133,E05_35
7134,E05_36
7135,E05_101
7136,E05_25
7137,E05_41
7138,E05_12
7139,E05_70
7140,E05_31
7141,E05_64
7142,E05_15
7143,E05_49
7144,E05_7
7145,E05_1
7146,E05_74
7147,E05_38
7148,E05_62
7149,E05_56
7150,E05_55
7151,E05_59
7152,E05_45
7153,E05_51
7154,E05_94
7155,E05_100
7156,E05_57
7157,E05_75
7158,E05_54
7159,E05_44
7160,E05_141
7161,E05_130
7162,E05_118
7163,E05_90
7164,E05_158
7165,E05_52
7166,E05_133
7167,E05_156
7168,E05_134
7169,E05_120
7170,E05_93
7171,E05_78
7172,E05_77
7173,E05_86
7174,E05_125
7175,E05_80
7176,E05_67
7177,E05_66
7178,E05_68
7179,E05_124
7180,E05_63
7181,E05_151
7182,E05_113
7183,E05_109
7184,E05_73
7185,E05_81
7186,E05_72
7187,E05_112
7188,E05_117
7189,E05_99
7190,E05_164
7191,E05_65
7192,E05_98
7193,E05_95
7194,E05_108
7195,E05_119
7196,E05_157
7197,E05_82
7198,E05_149
7199,E05_111
7200,E05_137
7201,E05_127
7202,E05_161
7203,E05_27
7204,E05_165
7205,E05_145
7206,E05_142
7207,E05_89
7208,E05_178
7209,E05_136
7210,E05_150
7211,E05_105
7212,E05_176
7213,E05_122
7214,E05_121
7215,E05_3
7216,E05_103
7217,E05_148
7218,E05_207
7219,E05_139
7220,E05_104
7221,E05_115
7222,E05_163
7223,E05_128
7224,E05_162
7225,E05_166
7226,E05_92
7227,E05_146
7228,E05_114
7229,E05_177
7230,E05_138
7231,E05_131
7232,E05_216
7233,E05_147
7234,E05_250
7235,E05_223
7236,E05_135
7237,E05_126
7238,E05_228
7239,E05_232
7240,E05_159
7241,E05_220
7242,E05_186
7243,E05_153
7244,E05_154
7245,E05_214
7246,E05_169
7247,E05_143
7248,E05_215
7249,E05_209
7250,E05_140
7251,E05_152
7252,E05_248
7253,E05_243
7254,E05_40
7255,E05_240
7256,E05_244
7257,E05_171
7258,E05_189
7259,E05_181
7260,E05_263
7261,E05_278
7262,E05_184
7263,E05_187
7264,E05_283
7265,E05_170
7266,E05_237
7267,E05_213
7268,E05_274
7269,E05_188
7270,E05_217
7271,E05_382
7272,E05_204
7273,E05_205
7274,E05_254
7275,E05_218
7276,E05_230
7277,E05_175
7278,E05_269
7279,E05_262
7280,E05_183
7281,E05_173
7282,E05_192
7283,E05_182
7284,E05_268
7285,E05_199
7286,E05_288
7287,E05_107
7288,E05_179
7289,E05_239
7290,E05_255
7291,E05_211
7292,E05_203
7293,E05_185
7294,E05_219
7295,E05_210
7296,E05_251
7297,E05_277
7298,E05_241
7299,E05_200
7300,E05_261
7301,E05_271
7302,E05_201
7303,E05_197
7304,E05_247
7305,E05_227
7306,E05_310
7307,E05_257
7308,E05_202
7309,E05_208
7310,E05_222
7311,E05_348
7312,E05_315
7313,E05_293
7314,E05_235
7315,E05_226
7316,E05_352
7317,E05_290
7318,E05_334
7319,E05_328
7320,E05_212
7321,E05_286
7322,E05_266
7323,E05_324
7324,E05_234
7325,E05_298
7326,E05_275
7327,E05_299
7328,E05_312
7329,E05_295
7330,E05_259
7331,E05_224
7332,E05_256
7333,E05_314
7334,E05_355
7335,E05_229
7336,E05_249
7337,E05_253
7338,E05_270
7339,E05_385
7340,E05_296
7341,E05_233
7342,E05_231
7343,E05_317
7344,E05_236
7345,E05_344
7346,E05_336
7347,E05_318
7348,E05_305
7349,E05_196
7350,E05_221
7351,E05_339
7352,E05_267
7353,E05_272
7354,E05_342
7355,E05_260
7356,E05_341
7357,E05_252
7358,E05_300
7359,E05_340
7360,E05_327
7361,E05_304
7362,E05_291
7363,E05_242
7364,E05_420
7365,E05_238
7366,E05_302
7367,E05_306
7368,E05_303
7369,E05_332
7370,E05_308
7371,E05_273
7372,E05_258
7373,E05_316
7374,E05_287
7375,E05_321
7376,E05_280
7377,E05_365
7378,E05_394
7379,E05_325
7380,E05_284
7381,E05_351
7382,E05_279
7383,E05_329
7384,E05_347
7385,E05_416
7386,E05_322
7387,E05_349
7388,E05_326
7389,E05_330
7390,E05_285
7391,E05_323
7392,E05_264
7393,E05_350
7394,E05_276
7395,E05_265
7396,E05_282
7397,E05_281
7398,E05_375
7399,E05_483
7400,E05_333
7401,E05_246
7402,E05_386
7403,E05_370
7404,E05_381
7405,E05_311
7406,E05_292
7407,E05_309
7408,E05_369
7409,E05_453
7410,E05_419
7411,E05_331
7412,E05_301
7413,E05_396
7414,E05_374
7415,E05_297
7416,E05_362
7417,E05_456
7418,E05_320
7419,E05_358
7420,E05_432
7421,E05_373
7422,E05_404
7423,E05_335
7424,E05_372
7425,E05_367
7426,E05_431
7427,E05_426
7428,E05_360
7429,E05_473
7430,E05_409
7431,E05_410
7432,E05_418
7433,E05_343
7434,E05_371
7435,E05_368
7436,E05_345
7437,E05_414
7438,E05_423
7439,E05_338
7440,E05_395
7441,E05_380
7442,E05_412
7443,E05_353
7444,E05_433
7445,E05_383
7446,E05_422
7447,E05_429
7448,E05_475
7449,E05_454
7450,E05_467
7451,E05_445
7452,E05_366
7453,E05_439
7454,E05_363
7455,E05_357
7456,E05_448
7457,E05_406
7458,E05_398
7459,E05_393
7460,E05_437
7461,E05_533
7462,E05_408
7463,E05_356
7464,E05_377
7465,E05_411
7466,E05_403
7467,E05_443
7468,E05_399
7469,E05_446
7470,E05_451
7471,E05_405
7472,E05_465
7473,E05_289
7474,E05_450
7475,E05_402
7476,E05_392
7477,E05_376
7478,E05_400
7479,E05_346
7480,E05_407
7481,E05_471
7482,E05_462
7483,E05_417
7484,E05_502
7485,E05_496
7486,E05_452
7487,E05_391
7488,E05_477
7489,E05_539
7490,E05_434
7491,E05_447
7492,E05_430
7493,E05_457
7494,E05_390
7495,E05_487
7496,E05_415
7497,E05_449
7498,E05_472
7499,E05_337
7500,E05_458
7501,E05_489
7502,E05_455
7503,E05_474
7504,E05_516
7505,E05_427
7506,E05_476
7507,E05_514
7508,E05_421
7509,E05_442
7510,E05_441
7511,E05_521
7512,E05_515
7513,E05_436
7514,E05_424
7515,E05_485
7516,E05_428
7517,E05_486
7518,E05_413
7519,E05_440
7520,E05_504
7521,E05_480
7522,E05_555
7523,E05_438
7524,E05_518
7525,E05_567
7526,E05_484
7527,E05_548
7528,E05_461
7529,E05_527
7530,E05_541
7531,E05_520
7532,E05_603
7533,E05_469
7534,E05_519
7535,E05_494
7536,E05_550
7537,E05_532
7538,E05_579
7539,E05_510
7540,E05_481
7541,E05_580
7542,E05_460
7543,E05_525
7544,E05_499
7545,E05_524
7546,E05_534
7547,E05_479
7548,E05_620
7549,E05_568
7550,E05_507
7551,E05_488
7552,E05_493
7553,E05_564
7554,E05_490
7555,E05_608
7556,E05_529
7557,E05_530
7558,E05_503
7559,E05_511
7560,E05_590
7561,E05_498
7562,E05_508
7563,E05_492
7564,E05_501
7565,E05_500
7566,E05_538
7567,E05_512
7568,E05_559
7569,E05_482
7570,E05_628
7571,E05_554
7572,E05_607
7573,E05_558
7574,E05_606
7575,E05_491
7576,E05_605
7577,E05_641
7578,E05_613
7579,E05_551
7580,E05_561
7581,E05_588
7582,E05_574
7583,E05_545
7584,E05_599
7585,E05_528
7586,E05_618
7587,E05_359
7588,E05_569
7589,E05_611
7590,E05_544
7591,E05_571
7592,E05_509
7593,E05_563
7594,E05_546
7595,E05_638
7596,E05_536
7597,E05_592
7598,E05_517
7599,E05_609
7600,E05_542
7601,E05_526
7602,E05_595
7603,E05_578
7604,E05_643
7605,E05_549
7606,E05_547
7607,E05_531
7608,E05_631
7609,E05_575
7610,E05_522
7611,E05_630
7612,E05_644
7613,E05_586
7614,E05_640
7615,E05_543
7616,E05_584
7617,E05_552
7618,E05_666
7619,E05_535
7620,E05_556
7621,E05_537
7622,E05_557
7623,E05_591
7624,E05_594
7625,E05_562
7626,E05_625
7627,E05_589
7628,E05_572
7629,E05_600
7630,E05_642
7631,E05_645
7632,E05_565
7633,E05_581
7634,E05_598
7635,E05_651
7636,E05_614
7637,E05_576
7638,E05_647
7639,E05_708
7640,E05_622
7641,E05_650
7642,E05_671
7643,E05_698
7644,E05_657
7645,E05_624
7646,E05_560
7647,E05_636
7648,E05_570
7649,E05_637
7650,E05_566
7651,E05_583
7652,E05_672
7653,E05_635
7654,E05_649
7655,E05_662
7656,E05_626
7657,E05_582
7658,E05_612
7659,E05_616
7660,E05_615
7661,E05_619
7662,E05_663
7663,E05_683
7664,E05_685
7665,E05_639
7666,E05_610
7667,E05_634
7668,E05_704
7669,E05_587
7670,E05_602
7671,E05_585
7672,E05_659
7673,E05_593
7674,E05_684
7675,E05_668
7676,E05_401
7677,E05_604
7678,E05_705
7679,E05_712
7680,E05_466
7681,E05_737
7682,E05_633
7683,E05_656
7684,E05_597
7685,E05_687
7686,E05_654
7687,E05_596
7688,E05_682
7689,E05_713
7690,E05_632
7691,E05_739
7692,E05_694
7693,E05_664
7694,E05_750
7695,E05_658
7696,E05_714
7697,E05_627
7698,E05_629
7699,E05_725
7700,E05_688
7701,E05_690
7702,E05_726
7703,E05_700
7704,E05_669
7705,E05_661
7706,E05_722
7707,E05_686
7708,E05_653
7709,E05_716
7710,E05_718
7711,E05_674
7712,E05_675
7713,E05_673
7714,E05_699
7715,E05_732
7716,E05_667
7717,E05_728
7718,E05_748
7719,E05_692
7720,E05_691
7721,E05_677
7722,E05_767
7723,E05_758
7724,E05_697
7725,E05_693
7726,E05_670
7727,E05_736
7728,E05_695
7729,E05_735
7730,E05_679
7731,E05_724
7732,E05_733
7733,E05_743
7734,E05_720
7735,E05_676
7736,E05_744
7737,E05_754
7738,E05_761
7739,E05_696
7740,E05_741
7741,E05_742
7742,E05_715
7743,E05_723
7744,E05_721
7745,E05_710
7746,E05_776
7747,E05_702
7748,E05_792
7749,E05_513
7750,E05_799
7751,E05_706
7752,E05_781
7753,E05_729
7754,E05_719
7755,E05_749
7756,E05_778
7757,E05_745
7758,E05_740
7759,E05_800
7760,E05_765
7761,E05_717
7762,E05_730
7763,E05_757
7764,E05_711
7765,E05_727
7766,E05_813
7767,E05_786
7768,E05_731
7769,E05_784
7770,E05_747
7771,E05_785
7772,E05_768
7773,E05_774
7774,E05_753
7775,E05_777
7776,E05_794
7777,E05_802
7778,E05_752
7779,E05_805
7780,E05_751
7781,E05_775
7782,E05_814
7783,E05_796
7784,E05_801
7785,E05_764
7786,E05_797
7787,E05_806
7788,E05_756
7789,E05_810
7790,E05_779
7791,E05_766
7792,E05_755
7793,E05_783
7794,E05_790
7795,E05_772
7796,E05_771
7797,E05_808
7798,E05_763
7799,E05_769
7800,E05_826
7801,E05_762
7802,E05_817
7803,E05_807
7804,E05_770
7805,E05_780
7806,E05_789
7807,E05_811
7808,E05_823
7809,E05_828
7810,E05_791
7811,E05_787
7812,E05_793
7813,E05_822
7814,E05_819
7815,E05_798
7816,E05_821
7817,E05_816
7818,E05_795
7819,E05_835
7820,E05_830
7821,E05_827
7822,E05_834
7823,E05_829
7824,E05_844
7825,E05_833
7826,E05_846
7827,E05_832
7828,E05_847
7829,E05_812
7830,E05_854
7831,E05_856
7832,E05_818
7833,E05_842
7834,E05_866
7835,E05_882
7836,E05_809
7837,E05_680
7838,E05_838
7839,E05_862
7840,E05_855
7841,E05_849
7842,E05_815
7843,E05_843
7844,E05_825
7845,E05_831
7846,E05_864
7847,E05_872
7848,E05_820
7849,E05_850
7850,E05_858
7851,E05_865
7852,E05_824
7853,E05_836
7854,E05_837
7855,E05_840
7856,E05_867
7857,E05_845
7858,E05_871
7859,E05_848
7860,E05_881
7861,E05_860
7862,E05_863
7863,E05_851
7864,E05_852
7865,E05_874
7866,E05_861
7867,E05_853
7868,E05_857
7869,E05_878
7870,E05_859
7871,E05_879
7872,E05_870
7873,E05_869
7874,E05_891
7875,E05_883
7876,E05_875
7877,E05_877
7878,E05_894
7879,E05_884
7880,E05_887
7881,E05_903
7882,E05_902
7883,E05_892
7884,E05_888
7885,H06_106
7886,H06_21
7887,H06_6
7888,H06_102
7889,H06_150
7890,H06_151
7891,H06_112
7892,H06_10
7893,H06_1
7894,H06_131
7895,H06_11
7896,H06_104
7897,H06_78
7898,H06_8
7899,H06_48
7900,H06_178
7901,H06_109
7902,H06_156
7903,H06_127
7904,H06_130
7905,H06_129
7906,H06_92
7907,H06_22
7908,H06_108
7909,H06_49
7910,H06_27
7911,H06_135
7912,H06_103
7913,H06_152
7914,H06_105
7915,H06_171
7916,H06_138
7917,H06_110
7918,H06_194
7919,H06_157
7920,H06_145
7921,H06_114
7922,H06_20
7923,H06_107
7924,H06_180
7925,H06_149
7926,H06_128
7927,H06_140
7928,H06_188
7929,H06_126
7930,H06_177
7931,H06_201
7932,H06_181
7933,H06_216
7934,H06_172
7935,H06_162
7936,H06_173
7937,H06_5
7938,H06_153
7939,H06_206
7940,H06_167
7941,H06_179
7942,H06_200
7943,H06_196
7944,H06_215
7945,H06_195
7946,H06_197
7947,H06_164
7948,H06_203
7949,H06_219
7950,H06_190
7951,H06_260
7952,H06_246
7953,H06_175
7954,H06_251
7955,H06_236
7956,H06_235
7957,H06_244
7958,H06_183
7959,H06_170
7960,H06_184
7961,H06_174
7962,H06_262
7963,H06_211
7964,H06_267
7965,H06_250
7966,H06_291
7967,H06_238
7968,H06_281
7969,H06_248
7970,H06_212
7971,H06_292
7972,H06_192
7973,H06_256
7974,H06_233
7975,H06_255
7976,H06_229
7977,H06_257
7978,H06_258
7979,H06_315
7980,H06_275
7981,H06_274
7982,H06_217
7983,H06_239
7984,H06_252
7985,H06_224
7986,H06_193
7987,H06_276
7988,H06_299
7989,H06_253
7990,H06_232
7991,H06_300
7992,H06_214
7993,H06_254
7994,H06_231
7995,H06_228
7996,H06_249
7997,H06_306
7998,H06_297
7999,H06_245
8000,H06_289
8001,H06_270
8002,H06_283
8003,H06_288
8004,H06_268
8005,H06_294
8006,H06_280
8007,H06_247
8008,H06_279
8009,H06_295
8010,H06_309
8011,H06_345
8012,H06_336
8013,H06_265
8014,H06_273
8015,H06_305
8016,H06_277
8017,H06_308
8018,H06_278
8019,H06_285
8020,H06_318
8021,H06_266
8022,H06_307
8023,H06_337
8024,H06_346
8025,H06_331
8026,H06_319
8027,H06_329
8028,H06_290
8029,H06_338
8030,H06_340
8031,H06_359
8032,H06_313
8033,H06_317
8034,H06_311
8035,H06_334
8036,H06_314
8037,H06_339
8038,H06_354
8039,H06_312
8040,H06_287
8041,H06_293
8042,H06_356
8043,H06_343
8044,H06_333
8045,H06_234
8046,H06_379
8047,H06_384
8048,H06_330
8049,H06_320
8050,H06_374
8051,H06_367
8052,H06_386
8053,H06_353
8054,H06_362
8055,H06_328
8056,H06_352
8057,H06_361
8058,H06_397
8059,H06_351
8060,H06_357
8061,H06_375
8062,H06_355
8063,H06_405
8064,H06_366
8065,H06_378
8066,H06_402
8067,H06_369
8068,H06_360
8069,H06_380
8070,H06_373
8071,H06_364
8072,H06_381
8073,H06_417
8074,H06_387
8075,H06_403
8076,H06_385
8077,H06_365
8078,H06_376
8079,H06_363
8080,H06_416
8081,H06_414
8082,H06_382
8083,H06_429
8084,H06_389
8085,H06_420
8086,H06_377
8087,H06_400
8088,H06_383
8089,H06_404
8090,H06_418
8091,H06_398
8092,H06_399
8093,H06_423
8094,H06_435
8095,H06_422
8096,H06_401
8097,H06_450
8098,H06_486
8099,H06_431
8100,H06_473
8101,H06_407
8102,H06_409
8103,H06_413
8104,H06_408
8105,H06_411
8106,H06_430
8107,H06_412
8108,H06_443
8109,H06_434
8110,H06_453
8111,H06_433
8112,H06_432
8113,H06_410
8114,H06_455
8115,H06_447
8116,H06_421
8117,H06_440
8118,H06_481
8119,H06_462
8120,H06_468
8121,H06_476
8122,H06_496
8123,H06_469
8124,H06_428
8125,H06_448
8126,H06_436
8127,H06_463
8128,H06_451
8129,H06_497
8130,H06_461
8131,H06_483
8132,H06_442
8133,H06_460
8134,H06_452
8135,H06_482
8136,H06_449
8137,H06_478
8138,H06_515
8139,H06_513
8140,H06_500
8141,H06_504
8142,H06_479
8143,H06_528
8144,H06_465
8145,H06_499
8146,H06_466
8147,H06_464
8148,H06_471
8149,H06_498
8150,H06_470
8151,H06_485
8152,H06_467
8153,H06_511
8154,H06_543
8155,H06_477
8156,H06_525
8157,H06_514
8158,H06_503
8159,H06_527
8160,H06_495
8161,H06_494
8162,H06_502
8163,H06_505
8164,H06_501
8165,H06_524
8166,H06_539
8167,H06_532
8168,H06_537
8169,H06_526
8170,H06_551
8171,H06_559
8172,H06_523
8173,H06_561
8174,H06_530
8175,H06_541
8176,H06_550
8177,H06_544
8178,H06_538
8179,H06_547
8180,H06_552
8181,H06_586
8182,H06_549
8183,H06_573
8184,H06_548
8185,H06_560
8186,H06_585
8187,H06_572
8188,H06_583
8189,H06_584
8190,H06_571
8191,H06_588
8192,D05_31
8193,D05_90
8194,D05_72
8195,D05_70
8196,D05_20
8197,D05_110
8198,D05_108
8199,D05_86
8200,D05_137
8201,D05_157
8202,D05_243
8203,D05_349
8204,D05_288
8205,D05_350
8206,D05_373
8207,D05_318
8208,G04_66
8209,G04_62
8210,G04_17
8211,G04_76
8212,G04_34
8213,G04_15
8214,G04_104
8215,G04_20
8216,G04_77
8217,G04_80
8218,G04_64
8219,G04_90
8220,G04_31
8221,G04_26
8222,G04_14
8223,G04_60
8224,G04_28
8225,G04_117
8226,G04_58
8227,G04_108
8228,G04_13
8229,G04_109
8230,G04_19
8231,G04_27
8232,G04_47
8233,G04_96
8234,G04_51
8235,G04_21
8236,G04_68
8237,G04_99
8238,G04_78
8239,G04_61
8240,G04_57
8241,G04_37
8242,G04_3
8243,G04_94
8244,G04_97
8245,G04_93
8246,G04_92
8247,G04_10
8248,G04_95
8249,G04_107
8250,G04_79
8251,G04_63
8252,G04_65
8253,G04_24
8254,G04_1
8255,G04_106
8256,G04_83
8257,G04_73
8258,G04_8
8259,G04_115
8260,G04_130
8261,G04_145
8262,G04_140
8263,G04_105
8264,G04_111
8265,G04_134
8266,G04_5
8267,G04_121
8268,G04_110
8269,G04_81
8270,G04_133
8271,G04_138
8272,G04_139
8273,G04_98
8274,G04_159
8275,G04_4
8276,G04_132
8277,G04_151
8278,G04_154
8279,G04_156
8280,G04_135
8281,G04_124
8282,G04_152
8283,G04_118
8284,G04_160
8285,G04_153
8286,G04_122
8287,G04_100
8288,G04_141
8289,G04_155
8290,G04_91
8291,G04_131
8292,G04_112
8293,G04_187
8294,G04_161
8295,G04_163
8296,G04_177
8297,G04_114
8298,G04_189
8299,G04_179
8300,G04_144
8301,G04_176
8302,G04_137
8303,G04_172
8304,G04_211
8305,G04_193
8306,G04_157
8307,G04_191
8308,G04_119
8309,G04_171
8310,G04_113
8311,G04_185
8312,G04_174
8313,G04_146
8314,G04_136
8315,G04_143
8316,G04_246
8317,G04_282
8318,G04_182
8319,G04_222
8320,G04_142
8321,G04_175
8322,G04_180
8323,G04_158
8324,G04_228
8325,G04_264
8326,G04_258
8327,G04_210
8328,G04_186
8329,G04_173
8330,G04_225
8331,G04_178
8332,G04_206
8333,G04_216
8334,G04_249
8335,G04_224
8336,G04_167
8337,G04_219
8338,G04_202
8339,G04_164
8340,G04_214
8341,G04_147
8342,G04_243
8343,G04_181
8344,G04_166
8345,G04_250
8346,G04_227
8347,G04_266
8348,G04_208
8349,G04_201
8350,G04_190
8351,G04_232
8352,G04_183
8353,G04_223
8354,G04_252
8355,G04_205
8356,G04_204
8357,G04_256
8358,G04_207
8359,G04_212
8360,G04_285
8361,G04_260
8362,G04_307
8363,G04_277
8364,G04_229
8365,G04_272
8366,G04_209
8367,G04_242
8368,G04_188
8369,G04_248
8370,G04_245
8371,G04_261
8372,G04_203
8373,G04_274
8374,G04_265
8375,G04_279
8376,G04_215
8377,G04_257
8378,G04_241
8379,G04_251
8380,G04_220
8381,G04_268
8382,G04_233
8383,G04_234
8384,G04_221
8385,G04_244
8386,G04_312
8387,G04_247
8388,G04_300
8389,G04_284
8390,G04_306
8391,G04_304
8392,G04_303
8393,G04_278
8394,G04_275
8395,G04_273
8396,G04_281
8397,G04_226
8398,G04_263
8399,G04_230
8400,G04_283
8401,G04_305
8402,G04_231
8403,G04_318
8404,G04_255
8405,G04_254
8406,G04_347
8407,G04_294
8408,G04_320
8409,G04_302
8410,G04_363
8411,G04_340
8412,G04_287
8413,G04_276
8414,G04_292
8415,G04_316
8416,G04_323
8417,G04_342
8418,G04_330
8419,G04_351
8420,G04_296
8421,G04_335
8422,G04_348
8423,G04_286
8424,G04_345
8425,G04_313
8426,G04_301
8427,G04_341
8428,G04_310
8429,G04_337
8430,G04_295
8431,G04_353
8432,G04_344
8433,G04_346
8434,G04_368
8435,G04_334
8436,G04_349
8437,G04_333
8438,G04_311
8439,G04_358
8440,G04_324
8441,G04_362
8442,G04_314
8443,G04_317
8444,G04_336
8445,G04_315
8446,G04_332
8447,G04_298
8448,G04_338
8449,G04_359
8450,G04_399
8451,G04_343
8452,G04_297
8453,G04_390
8454,G04_384
8455,G04_413
8456,G04_420
8457,G04_382
8458,G04_379
8459,G04_377
8460,G04_240
8461,G04_405
8462,G04_365
8463,G04_374
8464,G04_369
8465,G04_371
8466,G04_373
8467,G04_366
8468,G04_388
8469,G04_367
8470,G04_357
8471,G04_383
8472,G04_375
8473,G04_387
8474,G04_380
8475,G04_407
8476,G04_429
8477,G04_364
8478,G04_406
8479,G04_427
8480,G04_408
8481,G04_372
8482,G04_360
8483,G04_321
8484,G04_378
8485,G04_404
8486,G04_394
8487,G04_424
8488,G04_412
8489,G04_411
8490,G04_409
8491,G04_417
8492,G04_398
8493,G04_410
8494,G04_438
8495,G04_448
8496,G04_472
8497,G04_460
8498,G04_391
8499,G04_386
8500,G04_454
8501,G04_450
8502,G04_402
8503,G04_444
8504,G04_432
8505,G04_395
8506,G04_425
8507,G04_439
8508,G04_414
8509,G04_422
8510,G04_446
8511,G04_403
8512,G04_449
8513,G04_421
8514,G04_428
8515,G04_415
8516,G04_447
8517,G04_401
8518,G04_452
8519,G04_483
8520,G04_477
8521,G04_457
8522,G04_512
8523,G04_476
8524,G04_464
8525,G04_431
8526,G04_493
8527,G04_473
8528,G04_485
8529,G04_426
8530,G04_456
8531,G04_471
8532,G04_436
8533,G04_423
8534,G04_430
8535,G04_494
8536,G04_487
8537,G04_482
8538,G04_453
8539,G04_508
8540,G04_465
8541,G04_462
8542,G04_459
8543,G04_442
8544,G04_486
8545,G04_440
8546,G04_533
8547,G04_480
8548,G04_481
8549,G04_492
8550,G04_502
8551,G04_516
8552,G04_499
8553,G04_498
8554,G04_470
8555,G04_497
8556,G04_513
8557,G04_463
8558,G04_532
8559,G04_505
8560,G04_510
8561,G04_458
8562,G04_515
8563,G04_469
8564,G04_474
8565,G04_509
8566,G04_455
8567,G04_461
8568,G04_506
8569,G04_514
8570,G04_490
8571,G04_503
8572,G04_539
8573,G04_528
8574,G04_531
8575,G04_478
8576,G04_538
8577,G04_523
8578,G04_501
8579,G04_475
8580,G04_534
8581,G04_479
8582,G04_541
8583,G04_540
8584,G04_557
8585,G04_544
8586,G04_543
8587,G04_573
8588,G04_521
8589,G04_504
8590,G04_500
8591,G04_560
8592,G04_524
8593,G04_542
8594,G04_545
8595,G04_535
8596,G04_507
8597,G04_547
8598,G04_511
8599,G04_554
8600,G04_522
8601,G04_537
8602,G04_578
8603,G04_527
8604,G04_525
8605,G04_552
8606,G04_577
8607,G04_567
8608,G04_571
8609,G04_575
8610,G04_551
8611,G04_591
8612,G04_568
8613,G04_555
8614,G04_553
8615,G04_603
8616,G04_606
8617,G04_546
8618,G04_574
8619,G04_536
8620,G04_566
8621,G04_556
8622,G04_604
8623,G04_624
8624,G04_587
8625,G04_562
8626,G04_594
8627,G04_586
8628,G04_592
8629,G04_579
8630,G04_599
8631,G04_561
8632,G04_630
8633,G04_598
8634,G04_600
8635,G04_584
8636,G04_569
8637,G04_570
8638,G04_626
8639,G04_585
8640,G04_601
8641,G04_576
8642,G04_593
8643,G04_622
8644,G04_620
8645,G04_588
8646,G04_623
8647,G04_636
8648,G04_610
8649,G04_597
8650,G04_616
8651,G04_607
8652,G04_632
8653,G04_615
8654,G04_625
8655,G04_629
8656,G04_628
8657,G04_642
8658,G04_644
8659,G04_645
8660,G04_641
8661,G04_640
8662,G04_639
8663,G04_635
8664,G04_654
8665,F04_0
8666,F04_41
8667,F04_4
8668,F04_7
8669,F04_55
8670,F04_61
8671,F04_86
8672,F04_38
8673,F04_12
8674,F04_49
8675,F04_8
8676,F04_52
8677,F04_18
8678,F04_25
8679,F04_59
8680,F04_31
8681,F04_5
8682,F04_26
8683,F04_17
8684,F04_35
8685,F04_42
8686,F04_43
8687,F04_33
8688,F04_40
8689,F04_79
8690,F04_19
8691,F04_9
8692,F04_65
8693,F04_48
8694,F04_44
8695,F04_70
8696,F04_64
8697,F04_54
8698,F04_32
8699,F04_67
8700,F04_63
8701,F04_51
8702,F04_39
8703,F04_74
8704,F04_50
8705,F04_62
8706,F04_53
8707,F04_56
8708,F04_34
8709,F04_57
8710,F04_87
8711,F04_77
8712,F04_85
8713,F04_89
8714,F04_90
8715,F04_99
8716,F04_88
8717,F04_80
8718,F04_47
8719,F04_104
8720,F04_30
8721,F04_82
8722,F04_112
8723,F04_96
8724,F04_69
8725,F04_95
8726,F04_78
8727,F04_119
8728,F04_106
8729,F04_126
8730,F04_103
8731,F04_75
8732,F04_111
8733,F04_102
8734,F04_94
8735,F04_73
8736,F04_72
8737,F04_97
8738,F04_115
8739,F04_98
8740,F04_110
8741,F04_91
8742,F04_84
8743,F04_140
8744,F04_83
8745,F04_136
8746,F04_121
8747,F04_125
8748,F04_114
8749,F04_107
8750,F04_151
8751,F04_138
8752,F04_134
8753,F04_101
8754,F04_122
8755,F04_108
8756,F04_142
8757,F04_71
8758,F04_158
8759,F04_130
8760,F04_66
8761,F04_120
8762,F04_93
8763,F04_117
8764,F04_155
8765,F04_100
8766,F04_116
8767,F04_139
8768,F04_113
8769,F04_206
8770,F04_124
8771,F04_166
8772,F04_168
8773,F04_153
8774,F04_21
8775,F04_185
8776,F04_179
8777,F04_157
8778,F04_164
8779,F04_178
8780,F04_162
8781,F04_144
8782,F04_76
8783,F04_141
8784,F04_189
8785,F04_135
8786,F04_154
8787,F04_180
8788,F04_193
8789,F04_211
8790,F04_210
8791,F04_156
8792,F04_163
8793,F04_109
8794,F04_150
8795,F04_174
8796,F04_173
8797,F04_215
8798,F04_132
8799,F04_133
8800,F04_131
8801,F04_129
8802,F04_146
8803,F04_186
8804,F04_196
8805,F04_127
8806,F04_182
8807,F04_213
8808,F04_175
8809,F04_198
8810,F04_152
8811,F04_137
8812,F04_159
8813,F04_225
8814,F04_200
8815,F04_199
8816,F04_209
8817,F04_177
8818,F04_181
8819,F04_184
8820,F04_219
8821,F04_160
8822,F04_229
8823,F04_195
8824,F04_197
8825,F04_251
8826,F04_214
8827,F04_245
8828,F04_252
8829,F04_202
8830,F04_167
8831,F04_161
8832,F04_188
8833,F04_187
8834,F04_216
8835,F04_207
8836,F04_194
8837,F04_246
8838,F04_220
8839,F04_228
8840,F04_244
8841,F04_190
8842,F04_242
8843,F04_241
8844,F04_239
8845,F04_201
8846,F04_231
8847,F04_217
8848,F04_260
8849,F04_256
8850,F04_118
8851,F04_253
8852,F04_265
8853,F04_172
8854,F04_247
8855,F04_224
8856,F04_105
8857,F04_204
8858,F04_171
8859,F04_236
8860,F04_226
8861,F04_243
8862,F04_212
8863,F04_221
8864,F04_257
8865,F04_208
8866,F04_238
8867,F04_318
8868,F04_232
8869,F04_233
8870,F04_165
8871,F04_234
8872,F04_222
8873,F04_248
8874,F04_258
8875,F04_237
8876,F04_275
8877,F04_128
8878,F04_274
8879,F04_218
8880,F04_249
8881,F04_267
8882,F04_223
8883,F04_240
8884,F04_273
8885,F04_279
8886,F04_281
8887,F04_288
8888,F04_254
8889,F04_277
8890,F04_271
8891,F04_235
8892,F04_250
8893,F04_261
8894,F04_272
8895,F04_286
8896,F04_259
8897,F04_278
8898,F04_280
8899,F04_283
8900,F04_284
8901,F04_305
8902,F04_270
8903,F04_344
8904,F04_294
8905,F04_309
8906,F04_269
8907,F04_325
8908,F04_295
8909,F04_346
8910,F04_300
8911,F04_291
8912,F04_311
8913,F04_285
8914,F04_255
8915,F04_290
8916,F04_227
8917,F04_342
8918,F04_263
8919,F04_329
8920,F04_334
8921,F04_319
8922,F04_262
8923,F04_308
8924,F04_317
8925,F04_307
8926,F04_301
8927,F04_287
8928,F04_268
8929,F04_321
8930,F04_338
8931,F04_266
8932,F04_264
8933,F04_336
8934,F04_339
8935,F04_362
8936,F04_191
8937,F04_337
8938,F04_299
8939,F04_303
8940,F04_296
8941,F04_276
8942,F04_293
8943,F04_312
8944,F04_304
8945,F04_331
8946,F04_335
8947,F04_369
8948,F04_315
8949,F04_340
8950,F04_320
8951,F04_313
8952,F04_364
8953,F04_353
8954,F04_376
8955,F04_302
8956,F04_403
8957,F04_314
8958,F04_365
8959,F04_366
8960,F04_316
8961,F04_349
8962,F04_306
8963,F04_370
8964,F04_361
8965,F04_367
8966,F04_360
8967,F04_297
8968,F04_378
8969,F04_292
8970,F04_382
8971,F04_298
8972,F04_415
8973,F04_145
8974,F04_388
8975,F04_310
8976,F04_324
8977,F04_343
8978,F04_383
8979,F04_345
8980,F04_230
8981,F04_354
8982,F04_351
8983,F04_323
8984,F04_169
8985,F04_328
8986,F04_397
8987,F04_358
8988,F04_341
8989,F04_327
8990,F04_332
8991,F04_387
8992,F04_356
8993,F04_400
8994,F04_377
8995,F04_401
8996,F04_330
8997,F04_368
8998,F04_326
8999,F04_355
9000,F04_350
9001,F04_413
9002,F04_363
9003,F04_421
9004,F04_398
9005,F04_371
9006,F04_359
9007,F04_372
9008,F04_402
9009,F04_414
9010,F04_381
9011,F04_357
9012,F04_396
9013,F04_379
9014,F04_404
9015,F04_406
9016,F04_405
9017,F04_447
9018,F04_380
9019,F04_390
9020,F04_430
9021,F04_423
9022,F04_474
9023,F04_392
9024,F04_395
9025,F04_436
9026,F04_385
9027,F04_463
9028,F04_448
9029,F04_389
9030,F04_373
9031,F04_422
9032,F04_374
9033,F04_384
9034,F04_417
9035,F04_391
9036,F04_424
9037,F04_375
9038,F04_393
9039,F04_399
9040,F04_394
9041,F04_441
9042,F04_427
9043,F04_432
9044,F04_439
9045,F04_449
9046,F04_419
9047,F04_409
9048,F04_496
9049,F04_408
9050,F04_460
9051,F04_443
9052,F04_416
9053,F04_454
9054,F04_461
9055,F04_467
9056,F04_459
9057,F04_411
9058,F04_446
9059,F04_476
9060,F04_452
9061,F04_472
9062,F04_478
9063,F04_487
9064,F04_425
9065,F04_426
9066,F04_491
9067,F04_482
9068,F04_440
9069,F04_418
9070,F04_473
9071,F04_434
9072,F04_479
9073,F04_494
9074,F04_498
9075,F04_455
9076,F04_526
9077,F04_485
9078,F04_450
9079,F04_442
9080,F04_477
9081,F04_428
9082,F04_475
9083,F04_508
9084,F04_489
9085,F04_444
9086,F04_433
9087,F04_506
9088,F04_492
9089,F04_497
9090,F04_451
9091,F04_505
9092,F04_469
9093,F04_524
9094,F04_445
9095,F04_456
9096,F04_438
9097,F04_483
9098,F04_510
9099,F04_410
9100,F04_513
9101,F04_495
9102,F04_501
9103,F04_484
9104,F04_453
9105,F04_514
9106,F04_471
9107,F04_546
9108,F04_412
9109,F04_502
9110,F04_486
9111,F04_490
9112,F04_480
9113,F04_534
9114,F04_519
9115,F04_481
9116,F04_528
9117,F04_573
9118,F04_527
9119,F04_503
9120,F04_511
9121,F04_561
9122,F04_437
9123,F04_509
9124,F04_529
9125,F04_554
9126,F04_532
9127,F04_517
9128,F04_553
9129,F04_507
9130,F04_547
9131,F04_512
9132,F04_550
9133,F04_525
9134,F04_515
9135,F04_549
9136,F04_520
9137,F04_435
9138,F04_552
9139,F04_518
9140,F04_558
9141,F04_543
9142,F04_499
9143,F04_535
9144,F04_530
9145,F04_565
9146,F04_548
9147,F04_562
9148,F04_570
9149,F04_542
9150,F04_587
9151,F04_559
9152,F04_567
9153,F04_531
9154,F04_551
9155,F04_588
9156,F04_533
9157,F04_545
9158,F04_544
9159,F04_577
9160,F04_536
9161,F04_568
9162,F04_563
9163,F04_555
9164,F04_586
9165,F04_598
9166,F04_571
9167,F04_560
9168,F04_556
9169,F04_583
9170,F04_564
9171,F04_566
9172,F04_569
9173,F04_539
9174,F04_584
9175,F04_541
9176,F04_591
9177,F04_557
9178,F04_540
9179,F04_589
9180,F04_592
9181,F04_590
9182,F04_593
9183,F04_580
9184,F04_572
9185,F04_582
9186,F04_597
9187,F04_574
9188,F04_579
9189,F04_581
9190,F04_594
9191,F04_595
9192,F04_596
9193,F06_0
9194,F06_20
9195,F06_10
9196,F06_93
9197,F06_126
9198,F06_9
9199,F06_87
9200,F06_32
9201,F06_82
9202,F06_35
9203,F06_45
9204,F06_26
9205,F06_85
9206,F06_80
9207,F06_83
9208,F06_111
9209,F06_130
9210,F06_88
9211,F06_78
9212,F06_15
9213,F06_13
9214,F06_96
9215,F06_90
9216,F06_42
9217,F06_71
9218,F06_65
9219,F06_51
9220,F06_34
9221,F06_98
9222,F06_112
9223,F06_103
9224,F06_36
9225,F06_142
9226,F06_121
9227,F06_114
9228,F06_33
9229,F06_115
9230,F06_97
9231,F06_11
9232,F06_95
9233,F06_89
9234,F06_41
9235,F06_117
9236,F06_104
9237,F06_105
9238,F06_38
9239,F06_120
9240,F06_137
9241,F06_24
9242,F06_110
9243,F06_99
9244,F06_118
9245,F06_79
9246,F06_43
9247,F06_46
9248,F06_154
9249,F06_108
9250,F06_27
9251,F06_100
9252,F06_159
9253,F06_101
9254,F06_91
9255,F06_77
9256,F06_135
9257,F06_148
9258,F06_125
9259,F06_92
9260,F06_47
9261,F06_102
9262,F06_151
9263,F06_56
9264,F06_106
9265,F06_52
9266,F06_113
9267,F06_169
9268,F06_107
9269,F06_144
9270,F06_150
9271,F06_156
9272,F06_94
9273,F06_143
9274,F06_152
9275,F06_145
9276,F06_122
9277,F06_119
9278,F06_167
9279,F06_109
9280,F06_134
9281,F06_124
9282,F06_139
9283,F06_132
9284,F06_129
9285,F06_123
9286,F06_163
9287,F06_190
9288,F06_116
9289,F06_178
9290,F06_141
9291,F06_171
9292,F06_161
9293,F06_146
9294,F06_176
9295,F06_160
9296,F06_181
9297,F06_136
9298,F06_170
9299,F06_201
9300,F06_149
9301,F06_162
9302,F06_179
9303,F06_175
9304,F06_138
9305,F06_147
9306,F06_186
9307,F06_217
9308,F06_187
9309,F06_172
9310,F06_182
9311,F06_183
9312,F06_174
9313,F06_166
9314,F06_223
9315,F06_213
9316,F06_202
9317,F06_158
9318,F06_177
9319,F06_155
9320,F06_185
9321,F06_222
9322,F06_165
9323,F06_157
9324,F06_210
9325,F06_164
9326,F06_184
9327,F06_180
9328,F06_221
9329,F06_133
9330,F06_198
9331,F06_235
9332,F06_233
9333,F06_196
9334,F06_168
9335,F06_200
9336,F06_199
9337,F06_225
9338,F06_193
9339,F06_224
9340,F06_189
9341,F06_194
9342,F06_197
9343,F06_192
9344,F06_195
9345,F06_219
9346,F06_231
9347,F06_220
9348,F06_215
9349,F06_206
9350,F06_268
9351,F06_249
9352,F06_234
9353,F06_230
9354,F06_211
9355,F06_208
9356,F06_204
9357,F06_229
9358,F06_188
9359,F06_173
9360,F06_264
9361,F06_273
9362,F06_216
9363,F06_232
9364,F06_250
9365,F06_247
9366,F06_214
9367,F06_243
9368,F06_209
9369,F06_212
9370,F06_257
9371,F06_245
9372,F06_262
9373,F06_255
9374,F06_203
9375,F06_241
9376,F06_260
9377,F06_311
9378,F06_291
9379,F06_252
9380,F06_237
9381,F06_253
9382,F06_207
9383,F06_226
9384,F06_218
9385,F06_205
9386,F06_270
9387,F06_285
9388,F06_254
9389,F06_293
9390,F06_258
9391,F06_309
9392,F06_240
9393,F06_259
9394,F06_278
9395,F06_269
9396,F06_266
9397,F06_228
9398,F06_267
9399,F06_283
9400,F06_263
9401,F06_301
9402,F06_300
9403,F06_248
9404,F06_275
9405,F06_304
9406,F06_302
9407,F06_290
9408,F06_246
9409,F06_292
9410,F06_261
9411,F06_244
9412,F06_284
9413,F06_299
9414,F06_318
9415,F06_279
9416,F06_321
9417,F06_277
9418,F06_347
9419,F06_328
9420,F06_276
9421,F06_281
9422,F06_271
9423,F06_303
9424,F06_307
9425,F06_251
9426,F06_319
9427,F06_227
9428,F06_282
9429,F06_288
9430,F06_345
9431,F06_317
9432,F06_280
9433,F06_349
9434,F06_322
9435,F06_353
9436,F06_296
9437,F06_308
9438,F06_323
9439,F06_286
9440,F06_312
9441,F06_325
9442,F06_314
9443,F06_371
9444,F06_334
9445,F06_350
9446,F06_374
9447,F06_340
9448,F06_294
9449,F06_341
9450,F06_342
9451,F06_327
9452,F06_333
9453,F06_315
9454,F06_369
9455,F06_356
9456,F06_375
9457,F06_331
9458,F06_344
9459,F06_339
9460,F06_388
9461,F06_351
9462,F06_368
9463,F06_365
9464,F06_305
9465,F06_313
9466,F06_376
9467,F06_352
9468,F06_320
9469,F06_310
9470,F06_367
9471,F06_359
9472,F06_354
9473,F06_337
9474,F06_382
9475,F06_394
9476,F06_366
9477,F06_381
9478,F06_332
9479,F06_343
9480,F06_330
9481,F06_326
9482,F06_297
9483,F06_336
9484,F06_385
9485,F06_389
9486,F06_403
9487,F06_338
9488,F06_362
9489,F06_348
9490,F06_404
9491,F06_400
9492,F06_364
9493,F06_377
9494,F06_346
9495,F06_387
9496,F06_413
9497,F06_396
9498,F06_373
9499,F06_402
9500,F06_430
9501,F06_355
9502,F06_411
9503,F06_379
9504,F06_395
9505,F06_450
9506,F06_358
9507,F06_440
9508,F06_405
9509,F06_391
9510,F06_380
9511,F06_363
9512,F06_406
9513,F06_384
9514,F06_409
9515,F06_386
9516,F06_456
9517,F06_372
9518,F06_390
9519,F06_370
9520,F06_392
9521,F06_455
9522,F06_398
9523,F06_397
9524,F06_416
9525,F06_418
9526,F06_383
9527,F06_460
9528,F06_424
9529,F06_442
9530,F06_399
9531,F06_425
9532,F06_417
9533,F06_412
9534,F06_421
9535,F06_447
9536,F06_429
9537,F06_408
9538,F06_435
9539,F06_451
9540,F06_407
9541,F06_426
9542,F06_458
9543,F06_466
9544,F06_423
9545,F06_420
9546,F06_422
9547,F06_453
9548,F06_428
9549,F06_434
9550,F06_474
9551,F06_427
9552,F06_401
9553,F06_469
9554,F06_441
9555,F06_459
9556,F06_415
9557,F06_439
9558,F06_414
9559,F06_487
9560,F06_443
9561,F06_468
9562,F06_477
9563,F06_436
9564,F06_444
9565,F06_445
9566,F06_489
9567,F06_471
9568,F06_461
9569,F06_491
9570,F06_475
9571,F06_495
9572,F06_493
9573,F06_437
9574,F06_476
9575,F06_431
9576,F06_449
9577,F06_490
9578,F06_454
9579,F06_494
9580,F06_473
9581,F06_438
9582,F06_482
9583,F06_448
9584,F06_452
9585,F06_470
9586,F06_492
9587,F06_457
9588,F06_498
9589,F06_465
9590,F06_515
9591,F06_463
9592,F06_506
9593,F06_505
9594,F06_485
9595,F06_521
9596,F06_462
9597,F06_480
9598,F06_512
9599,F06_464
9600,F06_529
9601,F06_472
9602,F06_481
9603,F06_525
9604,F06_534
9605,F06_501
9606,F06_496
9607,F06_509
9608,F06_483
9609,F06_507
9610,F06_488
9611,F06_503
9612,F06_479
9613,F06_531
9614,F06_484
9615,F06_478
9616,F06_522
9617,F06_497
9618,F06_504
9619,F06_543
9620,F06_486
9621,F06_513
9622,F06_532
9623,F06_519
9624,F06_541
9625,F06_542
9626,F06_518
9627,F06_500
9628,F06_547
9629,F06_523
9630,F06_536
9631,F06_559
9632,F06_540
9633,F06_545
9634,F06_530
9635,F06_584
9636,F06_516
9637,F06_570
9638,F06_502
9639,F06_510
9640,F06_517
9641,F06_508
9642,F06_535
9643,F06_514
9644,F06_511
9645,F06_586
9646,F06_539
9647,F06_533
9648,F06_537
9649,F06_528
9650,F06_558
9651,F06_578
9652,F06_565
9653,F06_546
9654,F06_571
9655,F06_527
9656,F06_550
9657,F06_566
9658,F06_562
9659,F06_544
9660,F06_524
9661,F06_575
9662,F06_561
9663,F06_583
9664,F06_548
9665,F06_580
9666,F06_585
9667,F06_598
9668,F06_555
9669,F06_557
9670,F06_601
9671,F06_552
9672,F06_572
9673,F06_538
9674,F06_581
9675,F06_574
9676,F06_556
9677,F06_589
9678,F06_576
9679,F06_573
9680,F06_587
9681,F06_567
9682,F06_553
9683,F06_592
9684,F06_568
9685,F06_579
9686,F06_564
9687,F06_582
9688,F06_549
9689,F06_600
9690,F06_577
9691,F06_594
9692,F06_595
9693,F06_597
9694,F06_596
9695,F06_569
9696,F06_599
9697,F06_593
9698,F06_590
9699,G02_84
9700,G02_245
9701,G02_296
9702,G02_340
9703,G02_317
9704,G02_339
9705,G02_331
9706,D03_182
9707,D03_205
9708,D03_63
9709,D03_143
9710,D03_207
9711,D03_183
9712,D03_226
9713,D03_208
9714,D03_206
9715,D03_227
9716,D03_209
9717,D03_110
9718,D03_225
9719,D03_211
9720,D03_242
9721,D03_260
9722,D03_270
9723,D03_243
9724,D03_241
9725,D03_271
9726,D03_281
9727,D03_294
9728,D03_336
9729,D03_309
9730,D03_337
9731,D03_348
9732,D03_353
9733,D03_385
9734,D03_343
9735,D03_351
9736,D03_352
9737,D03_386
9738,D03_402
9739,D03_413
9740,D03_389
9741,D03_381
9742,D03_382
9743,D03_388
9744,D03_404
9745,D03_405
9746,D03_406
9747,D03_403
9748,D03_415
9749,D03_431
9750,D03_433
9751,D03_422
9752,D03_439
9753,D03_432
9754,D03_424
9755,D03_437
9756,D03_448
9757,H04_108
9758,H04_107
9759,H04_148
9760,H04_124
9761,H04_191
9762,H04_221
9763,H04_192
9764,H04_209
9765,H04_249
9766,H04_250
9767,H04_208
9768,H04_263
9769,H04_282
9770,H04_285
9771,H04_283
9772,H04_284
9773,H04_342
9774,H04_325
9775,H04_262
9776,H04_323
9777,H04_307
9778,H04_363
9779,H04_390
9780,H04_389
9781,H04_364
9782,H04_400
9783,H04_391
9784,H03_51
9785,H03_74
9786,H03_102
9787,H03_86
9788,H03_54
9789,H03_39
9790,H03_73
9791,H03_66
9792,H03_35
9793,H03_53
9794,H03_100
9795,H03_55
9796,H03_90
9797,H03_37
9798,H03_98
9799,H03_72
9800,H03_105
9801,H03_40
9802,H03_91
9803,H03_71
9804,H03_76
9805,H03_103
9806,H03_122
9807,H03_75
9808,H03_136
9809,H03_125
9810,H03_119
9811,H03_149
9812,H03_162
9813,H03_137
9814,H03_133
9815,H03_123
9816,H03_138
9817,H03_165
9818,H03_134
9819,H03_135
9820,H03_124
9821,H03_148
9822,H03_159
9823,H03_132
9824,H03_164
9825,H03_147
9826,H03_161
9827,H03_178
9828,H03_150
9829,H03_152
9830,H03_163
9831,H03_146
9832,H03_194
9833,H03_195
9834,H03_176
9835,H03_186
9836,H03_177
9837,H03_187
9838,H03_206
9839,H03_185
9840,H03_217
9841,H03_207
9842,H03_204
9843,H03_215
9844,H03_180
9845,H03_196
9846,H03_197
9847,H03_202
9848,H03_166
9849,H03_203
9850,H03_216
9851,H03_218
9852,H03_225
9853,H03_198
9854,H03_220
9855,H03_237
9856,H03_230
9857,H03_235
9858,H03_231
9859,H03_233
9860,H03_234
9861,H03_266
9862,H03_236
9863,H03_265
9864,H03_232
9865,H03_224
9866,H03_262
9867,H03_250
9868,H03_251
9869,H03_261
9870,H03_281
9871,H03_248
9872,H03_263
9873,H03_269
9874,H03_285
9875,H03_264
9876,H03_267
9877,H03_282
9878,H03_280
9879,H03_268
9880,H03_252
9881,H03_249
9882,H03_291
9883,H03_247
9884,H03_296
9885,H03_279
9886,H03_283
9887,H03_260
9888,H03_292
9889,H03_309
9890,H03_284
9891,H03_294
9892,H03_311
9893,H03_310
9894,H03_307
9895,H03_209
9896,H03_293
9897,H03_324
9898,H03_334
9899,H03_312
9900,H03_322
9901,H03_308
9902,H03_306
9903,H03_295
9904,H03_325
9905,H03_335
9906,H03_318
9907,H03_332
9908,H03_330
9909,H03_321
9910,H03_323
9911,H03_342
9912,H03_345
9913,H03_331
9914,H03_320
9915,H03_343
9916,H03_355
9917,H03_344
9918,H03_333
9919,H03_366
9920,H03_354
9921,H03_365
9922,H03_364
9923,H03_353
9924,H03_358
9925,H03_356
9926,H03_375
9927,H03_362
9928,H03_319
9929,H03_363
9930,I05_13
9931,I05_20
9932,I05_133
9933,I05_25
9934,I05_24
9935,I05_18
9936,I05_19
9937,I05_28
9938,I05_117
9939,I05_115
9940,I05_1
9941,I05_120
9942,I05_119
9943,I05_207
9944,I05_194
9945,I05_211
9946,I05_233
9947,I05_262
9948,I05_249
9949,I05_358
9950,I05_433
9951,H02_95
9952,H02_23
9953,H02_44
9954,H02_81
9955,H02_103
9956,H02_33
9957,H02_42
9958,H02_82
9959,H02_70
9960,H02_73
9961,H02_113
9962,H02_91
9963,H02_117
9964,H02_47
9965,H02_49
9966,H02_80
9967,H02_125
9968,H02_53
9969,H02_58
9970,H02_99
9971,H02_96
9972,H02_79
9973,H02_88
9974,H02_140
9975,H02_123
9976,H02_8
9977,H02_72
9978,H02_61
9979,H02_92
9980,H02_126
9981,H02_56
9982,H02_39
9983,H02_37
9984,H02_100
9985,H02_164
9986,H02_78
9987,H02_36
9988,H02_31
9989,H02_77
9990,H02_69
9991,H02_43
9992,H02_144
9993,H02_59
9994,H02_83
9995,H02_14
9996,H02_25
9997,H02_71
9998,H02_124
9999,H02_62
10000,H02_74
10001,H02_102
10002,H02_75
10003,H02_111
10004,H02_137
10005,H02_51
10006,H02_18
10007,H02_135
10008,H02_152
10009,H02_156
10010,H02_108
10011,H02_107
10012,H02_57
10013,H02_90
10014,H02_159
10015,H02_60
10016,H02_87
10017,H02_9
10018,H02_114
10019,H02_121
10020,H02_127
10021,H02_119
10022,H02_28
10023,H02_138
10024,H02_162
10025,H02_120
10026,H02_12
10027,H02_93
10028,H02_89
10029,H02_142
10030,H02_94
10031,H02_101
10032,H02_157
10033,H02_131
10034,H02_136
10035,H02_84
10036,H02_98
10037,H02_109
10038,H02_122
10039,H02_106
10040,H02_148
10041,H02_154
10042,H02_115
10043,H02_55
10044,H02_105
10045,H02_24
10046,H02_163
10047,H02_158
10048,H02_139
10049,H02_110
10050,H02_19
10051,H02_112
10052,H02_143
10053,H02_116
10054,H02_133
10055,H02_176
10056,H02_179
10057,H02_134
10058,H02_15
10059,H02_34
10060,H02_149
10061,H02_130
10062,H02_118
10063,H02_141
10064,H02_153
10065,H02_150
10066,H02_185
10067,H02_151
10068,H02_174
10069,H02_65
10070,H02_145
10071,H02_166
10072,H02_184
10073,H02_186
10074,H02_160
10075,H02_155
10076,H02_161
10077,H02_202
10078,H02_182
10079,H02_7
10080,H02_201
10081,H02_173
10082,H02_68
10083,H02_21
10084,H02_172
10085,H02_200
10086,H02_203
10087,H02_199
10088,H02_168
10089,H02_194
10090,H02_170
10091,H02_195
10092,H02_171
10093,H02_181
10094,H02_211
10095,H02_175
10096,H02_167
10097,H02_190
10098,H02_218
10099,H02_180
10100,H02_177
10101,H02_193
10102,H02_216
10103,H02_237
10104,H02_224
10105,H02_217
10106,H02_165
10107,H02_213
10108,H02_209
10109,H02_226
10110,H02_219
10111,H02_215
10112,H02_178
10113,H02_225
10114,H02_234
10115,H02_191
10116,H02_223
10117,H02_197
10118,H02_214
10119,H02_240
10120,H02_265
10121,H02_220
10122,H02_128
10123,H02_241
10124,H02_212
10125,H02_196
10126,H02_228
10127,H02_227
10128,H02_239
10129,H02_233
10130,H02_206
10131,H02_245
10132,H02_229
10133,H02_247
10134,H02_210
10135,H02_254
10136,H02_230
10137,H02_11
10138,H02_250
10139,H02_222
10140,H02_253
10141,H02_235
10142,H02_263
10143,H02_232
10144,H02_262
10145,H02_268
10146,H02_259
10147,H02_238
10148,H02_249
10149,H02_236
10150,H02_246
10151,H02_251
10152,H02_242
10153,H02_281
10154,H02_252
10155,H02_298
10156,H02_258
10157,H02_248
10158,H02_269
10159,H02_275
10160,H02_271
10161,H02_270
10162,H02_279
10163,H02_283
10164,H02_264
10165,H02_261
10166,H02_276
10167,H02_244
10168,H02_306
10169,H02_297
10170,H02_243
10171,H02_290
10172,H02_274
10173,H02_299
10174,H02_260
10175,H02_277
10176,H02_303
10177,H02_316
10178,H02_291
10179,H02_282
10180,H02_286
10181,H02_302
10182,H02_309
10183,H02_314
10184,H02_285
10185,H02_288
10186,H02_272
10187,H02_326
10188,H02_284
10189,H02_293
10190,H02_287
10191,H02_289
10192,H02_331
10193,H02_307
10194,H02_318
10195,H02_294
10196,H02_322
10197,H02_327
10198,H02_337
10199,H02_363
10200,H02_344
10201,H02_320
10202,H02_328
10203,H02_343
10204,H02_357
10205,H02_335
10206,H02_273
10207,H02_356
10208,H02_304
10209,H02_321
10210,H02_315
10211,H02_324
10212,H02_310
10213,H02_305
10214,H02_349
10215,H02_351
10216,H02_323
10217,H02_370
10218,H02_341
10219,H02_336
10220,H02_342
10221,H02_372
10222,H02_330
10223,H02_347
10224,H02_348
10225,H02_329
10226,H02_366
10227,H02_319
10228,H02_334
10229,H02_359
10230,H02_325
10231,H02_373
10232,H02_333
10233,H02_362
10234,H02_352
10235,H02_358
10236,H02_367
10237,H02_350
10238,H02_332
10239,H02_377
10240,H02_376
10241,H02_360
10242,H02_345
10243,H02_381
10244,H02_371
10245,H02_398
10246,H02_401
10247,H02_390
10248,H02_410
10249,H02_387
10250,H02_403
10251,H02_378
10252,H02_402
10253,H02_399
10254,H02_411
10255,H02_404
10256,H02_416
10257,H02_393
10258,H02_375
10259,H02_412
10260,H02_408
10261,H02_386
10262,H02_422
10263,H02_400
10264,H02_418
10265,H02_383
10266,H02_407
10267,H02_405
10268,H02_389
10269,H02_395
10270,H02_438
10271,H02_423
10272,H02_406
10273,H02_437
10274,H02_433
10275,H02_417
10276,H02_439
10277,H02_421
10278,H02_460
10279,H02_426
10280,H02_435
10281,H02_452
10282,H02_447
10283,H02_436
10284,H02_449
10285,H02_441
10286,H02_446
10287,H02_450
10288,H02_425
10289,H02_465
10290,H02_432
10291,H02_440
10292,H02_428
10293,H02_434
10294,H02_481
10295,H02_458
10296,H02_455
10297,H02_469
10298,H02_464
10299,H02_444
10300,H02_451
10301,H02_463
10302,H02_448
10303,H02_462
10304,H02_479
10305,H02_453
10306,H02_461
10307,H02_456
10308,H02_442
10309,H02_459
10310,H02_477
10311,H02_486
10312,H02_454
10313,H02_466
10314,H02_487
10315,H02_475
10316,H02_474
10317,H02_478
10318,H02_364
10319,H02_491
10320,H02_484
10321,H02_488
