point_id,region_id
1,1
2,1
3,1
4,1
5,1
6,1
7,1
8,1
9,1
10,1
11,2
12,1
13,1
14,1
15,1
16,1
17,1
18,1
19,1
20,1
21,1
22,1
23,1
24,1
25,1
26,1
27,1
28,1
29,1
30,1
31,1
32,1
33,1
34,1
35,1
36,1
37,1
38,1
39,1
40,1
41,1
42,1
43,1
44,1
45,1
46,1
47,1
48,1
49,1
50,1
51,1
52,1
53,1
54,1
55,1
56,1
57,1
58,1
59,1
60,1
61,1
62,1
63,1
64,1
65,1
66,1
67,1
68,1
69,1
70,1
71,1
72,1
73,1
74,1
75,1
76,1
77,1
78,1
79,1
80,1
81,1
82,1
83,1
84,1
85,1
86,1
87,1
88,1
89,1
90,1
91,1
92,1
93,1
94,1
95,1
96,1
97,1
98,1
99,1
100,1
101,1
102,2
103,1
104,1
105,1
106,1
107,1
108,1
109,1
110,1
111,1
112,1
113,1
114,1
115,1
116,1
117,1
118,2
119,2
120,1
121,1
122,1
123,1
124,3
125,1
126,3
127,1
128,3
129,3
130,3
131,1
132,1
133,1
134,1
135,3
136,1
137,1
138,1
139,3
140,1
141,1
142,2
143,3
144,3
145,3
146,3
147,3
148,3
149,3
150,3
151,3
152,3
153,3
154,3
155,3
156,3
157,3
158,3
159,3
160,3
161,3
162,3
163,3
164,3
165,1
166,1
167,1
168,1
169,1
170,1
171,1
172,1
173,1
174,3
175,3
176,3
177,3
178,1
179,1
180,1
181,1
182,1
183,1
184,1
185,3
186,1
187,1
188,1
189,1
190,1
191,1
192,1
193,1
194,1
195,1
196,1
197,3
198,1
199,1
200,1
201,1
202,1
203,1
204,1
205,1
206,1
207,1
208,1
209,1
210,1
211,3
212,3
213,3
214,3
215,3
216,3
217,1
218,1
219,1
220,1
221,1
222,1
223,1
224,3
225,1
226,1
227,1
228,1
229,1
230,1
231,1
232,1
233,1
234,1
235,1
236,1
237,1
238,1
239,3
240,1
241,1
242,1
243,1
244,1
245,1
246,1
247,1
248,1
249,1
250,1
251,3
252,3
253,3
254,3
255,1
256,1
257,1
258,1
259,2
260,1
261,1
262,1
263,1
264,1
265,1
266,3
267,3
268,3
269,3
270,3
271,3
272,3
273,3
274,1
275,1
276,1
277,1
278,1
279,1
280,1
281,1
282,1
283,1
284,3
285,1
286,1
287,1
288,1
289,1
290,1
291,1
292,1
293,1
294,1
295,1
296,1
297,3
298,3
299,1
300,1
301,1
302,1
303,1
304,1
305,1
306,1
307,1
308,1
309,3
310,1
311,1
312,1
313,1
314,1
315,1
316,1
317,1
318,1
319,1
320,1
321,1
322,3
323,1
324,3
325,3
326,3
327,3
328,1
329,1
330,1
331,1
332,1
333,1
334,3
335,1
336,3
337,3
338,3
339,3
340,3
341,3
342,3
343,3
344,1
345,1
346,1
347,1
348,1
349,1
350,1
351,1
352,3
353,3
354,1
355,1
356,1
357,1
358,1
359,1
360,1
361,1
362,1
363,1
364,1
365,1
366,3
367,1
368,1
369,1
370,1
371,1
372,1
373,1
374,1
375,1
376,1
377,1
378,1
379,3
380,3
381,1
382,1
383,1
384,1
385,1
386,1
387,1
388,1
389,1
390,1
391,1
392,1
393,1
394,3
395,3
396,3
397,1
398,1
399,1
400,1
401,1
402,1
403,1
404,1
405,1
406,3
407,3
408,1
409,1
410,1
411,1
412,1
413,1
414,1
415,1
416,1
417,1
418,1
419,1
420,1
421,1
422,3
423,3
424,3
425,3
426,3
427,1
428,1
429,1
430,1
431,1
432,1
433,1
434,1
435,1
436,1
437,1
438,1
439,3
440,3
441,1
442,1
443,1
444,1
445,1
446,1
447,1
448,1
449,1
450,1
451,1
452,3
453,3
454,1
455,1
456,1
457,1
458,1
459,1
460,1
461,1
462,1
463,1
464,1
465,1
466,1
467,1
468,3
469,3
470,3
471,3
472,3
473,1
474,1
475,1
476,1
477,1
478,1
479,1
480,1
481,1
482,1
483,1
484,1
485,1
486,1
487,3
488,3
489,1
490,1
491,1
492,1
493,1
494,1
495,1
496,1
497,1
498,1
499,1
500,3
501,2
502,3
503,3
504,3
505,3
506,1
507,1
508,1
509,1
510,1
511,1
512,1
513,1
514,1
515,1
516,1
517,3
518,3
519,1
520,1
521,1
522,1
523,3
524,3
525,1
526,1
527,1
528,1
529,1
530,1
531,1
532,3
533,3
534,3
535,3
536,3
537,3
538,3
539,3
540,1
541,1
542,1
543,1
544,1
545,1
546,1
547,1
548,3
549,1
550,1
551,1
552,1
553,1
554,1
555,1
556,1
557,1
558,1
559,1
560,1
561,3
562,3
563,3
564,3
565,3
566,1
567,1
568,1
569,1
570,1
571,1
572,1
573,1
574,1
575,1
576,1
577,3
578,1
579,1
580,1
581,1
582,1
583,2
584,3
585,3
586,1
587,1
588,1
589,1
590,1
591,1
592,1
593,3
594,1
595,3
596,3
597,3
598,3
599,3
600,1
601,1
602,1
603,1
604,1
605,1
606,1
607,1
608,1
609,1
610,1
611,3
612,1
613,1
614,1
615,1
616,1
617,1
618,1
619,1
620,1
621,1
622,1
623,1
624,1
625,2
626,1
627,3
628,3
629,3
630,1
631,1
632,1
633,1
634,1
635,2
636,3
637,3
638,3
639,3
640,1
641,1
642,1
643,1
644,1
645,1
646,1
647,1
648,1
649,1
650,1
651,1
652,1
653,1
654,1
655,1
656,1
657,3
658,3
659,3
660,1
661,1
662,1
663,1
664,1
665,1
666,1
667,1
668,1
669,1
670,1
671,1
672,1
673,1
674,1
675,1
676,1
677,1
678,1
679,1
680,1
681,3
682,3
683,3
684,3
685,3
686,3
687,3
688,3
689,3
690,1
691,1
692,1
693,1
694,1
695,1
696,1
697,3
698,3
699,3
700,1
701,1
702,1
703,1
704,1
705,1
706,1
707,1
708,1
709,1
710,3
711,1
712,1
713,1
714,1
715,1
716,1
717,3
718,1
719,1
720,1
721,1
722,1
723,1
724,1
725,1
726,1
727,1
728,1
729,1
730,1
731,3
732,3
733,1
734,1
735,1
736,1
737,1
738,1
739,1
740,1
741,1
742,1
743,1
744,1
745,1
746,1
747,1
748,1
749,1
750,1
751,3
752,1
753,1
754,1
755,1
756,1
757,1
758,1
759,1
760,1
761,3
762,1
763,1
764,1
765,3
766,3
767,3
768,1
769,1
770,1
771,1
772,1
773,1
774,1
775,1
776,1
777,1
778,3
779,1
780,2
781,3
782,1
783,1
784,1
785,1
786,1
787,1
788,1
789,1
790,1
791,2
792,2
793,1
794,1
795,1
796,3
797,1
798,1
799,1
800,1
801,1
802,1
803,1
804,1
805,1
806,2
807,3
808,3
809,3
810,3
811,3
812,3
813,1
814,1
815,1
816,1
817,1
818,1
819,1
820,1
821,1
822,1
823,1
824,1
825,3
826,3
827,3
828,1
829,1
830,1
831,1
832,1
833,1
834,1
835,1
836,1
837,1
838,1
839,3
840,3
841,3
842,3
843,3
844,3
845,3
846,1
847,1
848,1
849,1
850,1
851,1
852,1
853,1
854,1
855,1
856,1
857,1
858,1
859,1
860,1
861,1
862,1
863,3
864,3
865,3
866,1
867,1
868,1
869,1
870,1
871,1
872,3
873,1
874,3
875,3
876,1
877,1
878,1
879,1
880,1
881,1
882,1
883,1
884,1
885,1
886,2
887,3
888,1
889,1
890,1
891,1
892,3
893,3
894,1
895,1
896,1
897,1
898,1
899,1
900,1
901,1
902,1
903,1
904,1
905,1
906,1
907,3
908,1
909,3
910,1
911,1
912,1
913,1
914,1
915,1
916,2
917,1
918,1
919,3
920,1
921,1
922,1
923,1
924,1
925,1
926,2
927,3
928,3
929,3
930,3
931,1
932,1
933,1
934,1
935,1
936,1
937,1
938,1
939,1
940,1
941,1
942,1
943,1
944,1
945,1
946,1
947,3
948,3
949,3
950,1
951,1
952,1
953,1
954,1
955,1
956,1
957,1
958,1
959,2
960,3
961,3
962,1
963,1
964,1
965,1
966,1
967,1
968,1
969,1
970,1
971,1
972,3
973,3
974,3
975,1
976,1
977,1
978,1
979,1
980,1
981,1
982,1
983,1
984,1
985,3
986,3
987,1
988,1
989,1
990,1
991,1
992,1
993,1
994,1
995,1
996,1
997,1
998,3
999,3
1000,3
1001,3
1002,3
1003,1
1004,1
1005,1
1006,1
1007,1
1008,1
1009,1
1010,1
1011,1
1012,1
1013,2
1014,1
1015,1
1016,3
1017,1
1018,1
1019,1
1020,1
1021,1
1022,1
1023,1
1024,1
1025,1
1026,1
1027,1
1028,1
1029,1
1030,1
1031,1
1032,3
1033,1
1034,1
1035,1
1036,1
1037,1
1038,1
1039,1
1040,1
1041,1
1042,1
1043,1
1044,1
1045,1
1046,1
1047,1
1048,1
1049,1
1050,3
1051,1
1052,1
1053,1
1054,1
1055,1
1056,1
1057,1
1058,1
1059,1
1060,1
1061,1
1062,1
1063,1
1064,1
1065,1
1066,1
1067,1
1068,1
1069,1
1070,1
1071,1
1072,1
1073,1
1074,1
1075,1
1076,1
1077,1
1078,1
1079,1
1080,1
1081,1
1082,1
1083,1
1084,1
1085,1
1086,1
1087,1
1088,3
1089,3
1090,3
1091,3
1092,3
1093,1
1094,1
1095,2
1096,1
1097,1
1098,1
1099,1
1100,1
1101,2
1102,1
1103,1
1104,3
1105,3
1106,1
1107,1
1108,1
1109,1
1110,1
1111,1
1112,1
1113,1
1114,1
1115,1
1116,1
1117,1
1118,3
1119,1
1120,1
1121,3
1122,1
1123,3
1124,3
1125,3
1126,3
1127,3
1128,1
1129,1
1130,1
1131,1
1132,1
1133,1
1134,1
1135,1
1136,1
1137,1
1138,1
1139,1
1140,1
1141,3
1142,3
1143,3
1144,3
1145,3
1146,3
1147,1
1148,1
1149,1
1150,1
1151,1
1152,1
1153,1
1154,1
1155,1
1156,1
1157,1
1158,1
1159,3
1160,3
1161,1
1162,1
1163,1
1164,1
1165,1
1166,1
1167,1
1168,1
1169,1
1170,1
1171,1
1172,1
1173,1
1174,1
1175,1
1176,3
1177,1
1178,3
1179,3
1180,3
1181,1
1182,1
1183,1
1184,1
1185,1
1186,1
1187,1
1188,1
1189,1
1190,1
1191,1
1192,3
1193,3
1194,1
1195,1
1196,1
1197,1
1198,1
1199,1
1200,1
1201,1
1202,1
1203,1
1204,1
1205,1
1206,1
1207,1
1208,1
1209,3
1210,1
1211,3
1212,3
1213,3
1214,3
1215,1
1216,1
1217,1
1218,1
1219,1
1220,1
1221,1
1222,3
1223,3
1224,3
1225,3
1226,3
1227,3
1228,1
1229,1
1230,2
1231,1
1232,1
1233,1
1234,1
1235,1
1236,1
1237,1
1238,1
1239,3
1240,3
1241,1
1242,1
1243,1
1244,1
1245,1
1246,1
1247,1
1248,1
1249,1
1250,2
1251,1
1252,1
1253,1
1254,3
1255,3
1256,1
1257,1
1258,1
1259,1
1260,1
1261,3
1262,3
1263,3
1264,3
1265,1
1266,1
1267,1
1268,1
1269,1
1270,1
1271,2
1272,1
1273,1
1274,1
1275,1
1276,1
1277,1
1278,3
1279,3
1280,3
1281,3
1282,1
1283,1
1284,1
1285,1
1286,1
1287,1
1288,1
1289,1
1290,1
1291,3
1292,3
1293,3
1294,2
1295,1
1296,1
1297,1
1298,1
1299,1
1300,1
1301,1
1302,1
1303,1
1304,1
1305,1
1306,1
1307,3
1308,3
1309,3
1310,3
1311,3
1312,3
1313,3
1314,1
1315,1
1316,1
1317,1
1318,1
1319,1
1320,1
1321,1
1322,1
1323,1
1324,1
1325,1
1326,3
1327,3
1328,1
1329,3
1330,3
1331,3
1332,3
1333,3
1334,1
1335,1
1336,1
1337,1
1338,1
1339,1
1340,1
1341,1
1342,3
1343,1
1344,1
1345,3
1346,3
1347,3
1348,3
1349,1
1350,1
1351,1
1352,1
1353,1
1354,1
1355,1
1356,1
1357,2
1358,1
1359,1
1360,1
1361,1
1362,1
1363,1
1364,1
1365,1
1366,1
1367,1
1368,3
1369,2
1370,3
1371,1
1372,1
1373,1
1374,1
1375,1
1376,1
1377,1
1378,1
1379,1
1380,1
1381,1
1382,1
1383,3
1384,3
1385,1
1386,1
1387,1
1388,1
1389,1
1390,1
1391,1
1392,1
1393,1
1394,1
1395,3
1396,3
1397,1
1398,3
1399,3
1400,1
1401,3
1402,3
1403,1
1404,1
1405,1
1406,1
1407,1
1408,3
1409,1
1410,3
1411,1
1412,3
1413,1
1414,3
1415,1
1416,1
1417,1
1418,1
1419,1
1420,1
1421,1
1422,1
1423,1
1424,3
1425,3
1426,1
1427,1
1428,1
1429,1
1430,1
1431,1
1432,1
1433,1
1434,2
1435,1
1436,1
1437,3
1438,3
1439,1
1440,1
1441,1
1442,1
1443,1
1444,1
1445,2
1446,1
1447,1
1448,1
1449,1
1450,1
1451,1
1452,1
1453,1
1454,3
1455,3
1456,1
1457,1
1458,1
1459,1
1460,1
1461,2
1462,1
1463,1
1464,3
1465,3
1466,3
1467,3
1468,1
1469,1
1470,1
1471,1
1472,1
1473,1
1474,1
1475,1
1476,1
1477,1
1478,3
1479,2
1480,3
1481,3
1482,3
1483,3
1484,1
1485,1
1486,1
1487,1
1488,1
1489,1
1490,1
1491,1
1492,1
1493,1
1494,3
1495,3
1496,3
1497,3
1498,1
1499,1
1500,1
1501,1
1502,1
1503,1
1504,1
1505,1
1506,1
1507,3
1508,1
1509,1
1510,3
1511,3
1512,3
1513,3
1514,3
1515,3
1516,1
1517,1
1518,1
1519,1
1520,1
1521,1
1522,1
1523,1
1524,3
1525,1
1526,1
1527,1
1528,1
1529,1
1530,1
1531,1
1532,1
1533,1
1534,1
1535,1
1536,3
1537,3
1538,3
1539,1
1540,1
1541,1
1542,1
1543,1
1544,1
1545,1
1546,1
1547,1
1548,1
1549,1
1550,1
1551,1
1552,1
1553,1
1554,1
1555,1
1556,1
1557,1
1558,3
1559,2
1560,2
1561,1
1562,3
1563,3
1564,1
1565,1
1566,1
1567,1
1568,1
1569,1
1570,1
1571,1
1572,1
1573,1
1574,3
1575,1
1576,3
1577,3
1578,3
1579,1
1580,1
1581,1
1582,1
1583,1
1584,1
1585,1
1586,1
1587,1
1588,1
1589,1
1590,3
1591,2
1592,3
1593,1
1594,1
1595,1
1596,1
1597,1
1598,1
1599,1
1600,3
1601,3
1602,3
1603,2
1604,1
1605,1
1606,1
1607,1
1608,1
1609,1
1610,1
1611,1
1612,1
1613,1
1614,3
1615,3
1616,3
1617,1
1618,1
1619,1
1620,1
1621,1
1622,1
1623,1
1624,1
1625,1
1626,1
1627,1
1628,1
1629,1
1630,1
1631,1
1632,1
1633,1
1634,3
1635,3
1636,3
1637,3
1638,1
1639,1
1640,1
1641,1
1642,1
1643,1
1644,1
1645,1
1646,1
1647,1
1648,1
1649,3
1650,3
1651,3
1652,1
1653,1
1654,1
1655,1
1656,1
1657,1
1658,1
1659,1
1660,1
1661,1
1662,1
1663,1
1664,1
1665,1
1666,1
1667,1
1668,1
1669,1
1670,1
1671,1
1672,1
1673,1
1674,2
1675,1
1676,1
1677,1
1678,1
1679,1
1680,1
1681,1
1682,1
1683,1
1684,1
1685,1
1686,1
1687,1
1688,1
1689,1
1690,1
1691,3
1692,1
1693,3
1694,3
1695,3
1696,3
1697,3
1698,1
1699,1
1700,1
1701,1
1702,1
1703,1
1704,1
1705,1
1706,1
1707,1
1708,1
1709,1
1710,1
1711,1
1712,3
1713,1
1714,1
1715,1
1716,3
1717,3
1718,1
1719,1
1720,1
1721,1
1722,3
1723,3
1724,3
1725,3
1726,1
1727,1
1728,2
1729,1
1730,1
1731,1
1732,1
1733,1
1734,1
1735,1
1736,2
1737,3
1738,3
1739,1
1740,1
1741,1
1742,1
1743,1
1744,1
1745,1
1746,1
1747,1
1748,1
1749,3
1750,3
1751,3
1752,3
1753,3
1754,1
1755,1
1756,1
1757,1
1758,1
1759,1
1760,1
1761,1
1762,1
1763,1
1764,1
1765,1
1766,1
1767,1
1768,1
1769,3
1770,1
1771,1
1772,1
1773,1
1774,1
1775,1
1776,1
1777,1
1778,3
1779,1
1780,1
1781,1
1782,1
1783,1
1784,1
1785,1
1786,1
1787,1
1788,1
1789,1
1790,1
1791,3
1792,1
1793,1
1794,1
1795,1
1796,1
1797,1
1798,3
1799,2
1800,3
1801,3
1802,3
1803,1
1804,1
1805,1
1806,1
1807,3
1808,1
1809,3
1810,3
1811,3
1812,3
1813,1
1814,1
1815,1
1816,1
1817,1
1818,1
1819,1
1820,1
1821,1
1822,1
1823,1
1824,1
1825,1
1826,1
1827,1
1828,1
1829,1
1830,3
1831,3
1832,1
1833,1
1834,1
1835,1
1836,1
1837,1
1838,1
1839,1
1840,1
1841,1
1842,1
1843,1
1844,3
1845,3
1846,1
1847,1
1848,1
1849,1
1850,1
1851,1
1852,1
1853,1
1854,1
1855,3
1856,3
1857,3
1858,1
1859,1
1860,1
1861,1
1862,1
1863,1
1864,1
1865,1
1866,1
1867,3
1868,3
1869,3
1870,3
1871,3
1872,1
1873,1
1874,1
1875,1
1876,1
1877,1
1878,1
1879,1
1880,1
1881,1
1882,1
1883,1
1884,1
1885,1
1886,1
1887,3
1888,3
1889,3
1890,1
1891,1
1892,1
1893,1
1894,1
1895,1
1896,1
1897,1
1898,1
1899,1
1900,1
1901,1
1902,1
1903,1
1904,1
1905,1
1906,1
1907,3
1908,3
1909,3
1910,3
1911,1
1912,1
1913,1
1914,1
1915,1
1916,1
1917,1
1918,1
1919,1
1920,2
1921,1
1922,3
1923,3
1924,1
1925,1
1926,1
1927,1
1928,1
1929,1
1930,1
1931,3
1932,1
1933,1
1934,1
1935,1
1936,3
1937,1
1938,1
1939,1
1940,1
1941,1
1942,1
1943,1
1944,3
1945,3
1946,3
1947,3
1948,3
1949,3
1950,1
1951,1
1952,1
1953,1
1954,1
1955,1
1956,1
1957,1
1958,1
1959,1
1960,1
1961,3
1962,1
1963,3
1964,1
1965,1
1966,1
1967,1
1968,1
1969,1
1970,3
1971,1
1972,3
1973,2
1974,1
1975,1
1976,1
1977,1
1978,1
1979,1
1980,1
1981,1
1982,1
1983,1
1984,1
1985,1
1986,1
1987,1
1988,2
1989,1
1990,1
1991,1
1992,1
1993,1
1994,1
1995,1
1996,1
1997,1
1998,1
1999,1
2000,1
2001,2
2002,3
2003,3
2004,3
2005,3
2006,3
2007,3
2008,1
2009,1
2010,1
2011,1
2012,1
2013,1
2014,1
2015,1
2016,1
2017,1
2018,1
2019,1
2020,1
2021,1
2022,2
2023,1
2024,1
2025,1
2026,1
2027,1
2028,1
2029,1
2030,1
2031,1
2032,1
2033,1
2034,1
2035,1
2036,1
2037,1
2038,1
2039,3
2040,1
2041,1
2042,1
2043,1
2044,1
2045,1
2046,1
2047,1
2048,1
2049,1
2050,1
2051,3
2052,2
2053,3
2054,3
2055,3
2056,3
2057,1
2058,1
2059,1
2060,2
2061,3
2062,3
2063,3
2064,3
2065,3
2066,1
2067,1
2068,1
2069,1
2070,1
2071,1
2072,1
2073,1
2074,1
2075,1
2076,1
2077,1
2078,1
2079,1
2080,1
2081,3
2082,3
2083,3
2084,3
2085,3
2086,3
2087,1
2088,1
2089,1
2090,1
2091,1
2092,1
2093,1
2094,1
2095,1
2096,1
2097,1
2098,1
2099,3
2100,3
2101,3
2102,1
2103,1
2104,1
2105,1
2106,1
2107,1
2108,3
2109,1
2110,1
2111,1
2112,1
2113,2
2114,3
2115,3
2116,3
2117,1
2118,1
2119,1
2120,1
2121,1
2122,1
2123,1
2124,3
2125,3
2126,1
2127,1
2128,1
2129,1
2130,1
2131,1
2132,1
2133,1
2134,1
2135,1
2136,1
2137,1
2138,1
2139,1
2140,1
2141,1
2142,1
2143,1
2144,1
2145,3
2146,3
2147,1
2148,1
2149,1
2150,1
2151,1
2152,1
2153,1
2154,1
2155,1
2156,1
2157,1
2158,3
2159,3
2160,3
2161,1
2162,1
2163,1
2164,1
2165,1
2166,1
2167,1
2168,1
2169,1
2170,1
2171,3
2172,3
2173,3
2174,3
2175,1
2176,1
2177,1
2178,1
2179,1
2180,1
2181,1
2182,1
2183,1
2184,1
2185,3
2186,3
2187,3
2188,3
2189,1
2190,1
2191,1
2192,1
2193,1
2194,1
2195,1
2196,1
2197,1
2198,1
2199,1
2200,1
2201,1
2202,1
2203,1
2204,3
2205,3
2206,3
2207,1
2208,1
2209,1
2210,1
2211,1
2212,1
2213,1
2214,3
2215,2
2216,3
2217,1
2218,1
2219,1
2220,1
2221,1
2222,1
2223,1
2224,1
2225,1
2226,1
2227,2
2228,3
2229,1
2230,1
2231,1
2232,1
2233,1
2234,1
2235,1
2236,3
2237,3
2238,3
2239,1
2240,1
2241,1
2242,1
2243,1
2244,1
2245,1
2246,1
2247,1
2248,1
2249,1
2250,1
2251,1
2252,1
2253,1
2254,3
2255,3
2256,3
2257,3
2258,1
2259,1
2260,1
2261,1
2262,1
2263,2
2264,1
2265,1
2266,3
2267,3
2268,3
2269,3
2270,3
2271,1
2272,1
2273,1
2274,1
2275,1
2276,1
2277,1
2278,1
2279,1
2280,1
2281,1
2282,1
2283,1
2284,1
2285,1
2286,3
2287,3
2288,3
2289,3
2290,3
2291,1
2292,1
2293,1
2294,1
2295,1
2296,1
2297,1
2298,1
2299,1
2300,1
2301,1
2302,3
2303,2
2304,3
2305,2
2306,3
2307,3
2308,1
2309,1
2310,1
2311,1
2312,1
2313,2
2314,1
2315,1
2316,1
2317,1
2318,1
2319,1
2320,1
2321,1
2322,3
2323,3
2324,3
2325,3
2326,3
2327,3
2328,1
2329,1
2330,1
2331,1
2332,1
2333,1
2334,1
2335,1
2336,1
2337,3
2338,3
2339,1
2340,1
2341,1
2342,1
2343,1
2344,1
2345,1
2346,1
2347,1
2348,1
2349,1
2350,1
2351,1
2352,2
2353,3
2354,3
2355,3
2356,3
2357,3
2358,1
2359,1
2360,1
2361,1
2362,1
2363,1
2364,1
2365,1
2366,3
2367,1
2368,1
2369,1
2370,1
2371,1
2372,1
2373,1
2374,1
2375,1
2376,1
2377,1
2378,1
2379,1
2380,1
2381,1
2382,1
2383,1
2384,3
2385,1
2386,3
2387,3
2388,3
2389,1
2390,1
2391,1
2392,1
2393,1
2394,1
2395,1
2396,1
2397,1
2398,1
2399,1
2400,1
2401,1
2402,1
2403,3
2404,1
2405,1
2406,1
2407,1
2408,1
2409,1
2410,1
2411,1
2412,1
2413,1
2414,1
2415,1
2416,3
2417,3
2418,3
2419,3
2420,1
2421,1
2422,1
2423,1
2424,1
2425,1
2426,3
2427,1
2428,3
2429,3
2430,3
2431,1
2432,1
2433,1
2434,1
2435,1
2436,1
2437,1
2438,1
2439,1
2440,1
2441,1
2442,1
2443,1
2444,1
2445,3
2446,3
2447,1
2448,1
2449,1
2450,1
2451,1
2452,1
2453,1
2454,1
2455,1
2456,1
2457,1
2458,3
2459,3
2460,3
2461,3
2462,1
2463,1
2464,1
2465,1
2466,1
2467,1
2468,1
2469,1
2470,3
2471,3
2472,1
2473,1
2474,1
2475,1
2476,1
2477,1
2478,1
2479,1
2480,1
2481,1
2482,1
2483,1
2484,1
2485,1
2486,1
2487,1
2488,1
2489,3
2490,3
2491,2
2492,3
2493,3
2494,1
2495,1
2496,1
2497,1
2498,1
2499,1
2500,1
2501,1
2502,2
2503,1
2504,1
2505,1
2506,1
2507,3
2508,3
2509,3
2510,1
2511,1
2512,1
2513,1
2514,1
2515,1
2516,1
2517,1
2518,3
2519,1
2520,3
2521,3
2522,3
2523,1
2524,1
2525,1
2526,1
2527,1
2528,1
2529,1
2530,1
2531,1
2532,1
2533,3
2534,1
2535,3
2536,3
2537,3
2538,3
2539,1
2540,1
2541,1
2542,1
2543,1
2544,1
2545,1
2546,1
2547,1
2548,1
2549,1
2550,1
2551,1
2552,1
2553,1
2554,1
2555,1
2556,1
2557,3
2558,1
2559,1
2560,1
2561,1
2562,1
2563,1
2564,1
2565,3
2566,1
2567,1
2568,3
2569,1
2570,1
2571,1
2572,1
2573,2
2574,3
2575,3
2576,1
2577,1
2578,1
2579,1
2580,1
2581,1
2582,1
2583,1
2584,1
2585,1
2586,1
2587,2
2588,1
2589,3
2590,3
2591,3
2592,3
2593,1
2594,1
2595,1
2596,1
2597,1
2598,1
2599,1
2600,3
2601,3
2602,3
2603,3
2604,3
2605,3
2606,3
2607,1
2608,1
2609,1
2610,1
2611,1
2612,1
2613,1
2614,1
2615,1
2616,1
2617,1
2618,1
2619,1
2620,1
2621,3
2622,3
2623,3
2624,1
2625,1
2626,1
2627,1
2628,1
2629,1
2630,1
2631,1
2632,1
2633,1
2634,1
2635,3
2636,3
2637,3
2638,3
2639,3
2640,3
2641,1
2642,1
2643,1
2644,1
2645,1
2646,1
2647,1
2648,1
2649,1
2650,1
2651,1
2652,1
2653,1
2654,1
2655,1
2656,1
2657,1
2658,1
2659,2
2660,3
2661,3
2662,3
2663,1
2664,1
2665,1
2666,1
2667,1
2668,1
2669,1
2670,1
2671,1
2672,1
2673,1
2674,1
2675,1
2676,1
2677,1
2678,3
2679,1
2680,1
2681,1
2682,1
2683,1
2684,1
2685,1
2686,1
2687,1
2688,1
2689,1
2690,1
2691,1
2692,1
2693,3
2694,3
2695,3
2696,3
2697,3
2698,3
2699,1
2700,1
2701,1
2702,1
2703,1
2704,1
2705,1
2706,1
2707,1
2708,1
2709,1
2710,3
2711,3
2712,1
2713,1
2714,1
2715,1
2716,1
2717,1
2718,1
2719,1
2720,1
2721,1
2722,1
2723,1
2724,3
2725,1
2726,3
2727,3
2728,1
2729,1
2730,1
2731,1
2732,1
2733,1
2734,1
2735,1
2736,2
2737,1
2738,3
2739,1
2740,1
2741,1
2742,3
2743,1
2744,1
2745,1
2746,1
2747,1
2748,1
2749,1
2750,1
2751,1
2752,1
2753,1
2754,3
2755,1
2756,1
2757,1
2758,1
2759,3
2760,3
2761,1
2762,1
2763,1
2764,1
2765,1
2766,1
2767,1
2768,1
2769,1
2770,1
2771,1
2772,1
2773,1
2774,1
2775,1
2776,1
2777,1
2778,1
2779,1
2780,3
2781,3
2782,1
2783,1
2784,1
2785,1
2786,1
2787,1
2788,1
2789,1
2790,1
2791,1
2792,1
2793,1
2794,1
2795,1
2796,1
2797,1
2798,1
2799,1
2800,3
2801,1
2802,1
2803,1
2804,1
2805,1
2806,1
2807,1
2808,1
2809,3
2810,1
2811,1
2812,1
2813,1
2814,1
2815,1
2816,1
2817,1
2818,1
2819,1
2820,1
2821,1
2822,1
2823,1
2824,2
2825,3
2826,3
2827,3
2828,3
2829,3
2830,1
2831,3
2832,1
2833,1
2834,1
2835,1
2836,1
2837,1
2838,1
2839,1
2840,3
2841,3
2842,3
2843,3
2844,3
2845,1
2846,1
2847,1
2848,1
2849,1
2850,1
2851,1
2852,1
2853,1
2854,1
2855,1
2856,3
2857,3
2858,3
2859,3
2860,3
2861,1
2862,1
2863,1
2864,1
2865,1
2866,1
2867,1
2868,1
2869,1
2870,3
2871,1
2872,1
2873,3
2874,1
2875,1
2876,1
2877,3
2878,3
2879,3
2880,3
2881,1
2882,1
2883,1
2884,1
2885,1
2886,1
2887,1
2888,1
2889,1
2890,1
2891,1
2892,1
2893,1
2894,1
2895,3
2896,3
2897,1
2898,1
2899,1
2900,1
2901,1
2902,1
2903,2
2904,1
2905,1
2906,1
2907,1
2908,2
2909,3
2910,1
2911,1
2912,1
2913,1
2914,1
2915,1
2916,1
2917,1
2918,1
2919,1
2920,3
2921,3
2922,3
2923,3
2924,3
2925,1
2926,1
2927,1
2928,1
2929,1
2930,1
2931,1
2932,1
2933,1
2934,1
2935,1
2936,3
2937,3
2938,3
2939,1
2940,1
2941,1
2942,1
2943,1
2944,1
2945,1
2946,1
2947,3
2948,1
2949,1
2950,1
2951,1
2952,1
2953,1
2954,1
2955,1
2956,1
2957,1
2958,1
2959,1
2960,3
2961,3
2962,3
2963,3
2964,3
2965,1
2966,1
2967,1
2968,1
2969,1
2970,1
2971,1
2972,1
2973,1
2974,1
2975,1
2976,3
2977,1
2978,1
2979,1
2980,1
2981,1
2982,1
2983,1
2984,1
2985,1
2986,2
2987,1
2988,2
2989,1
2990,3
2991,2
2992,2
2993,1
2994,1
2995,1
2996,3
2997,3
2998,3
2999,3
3000,3
3001,3
3002,1
3003,1
3004,1
3005,1
3006,1
3007,1
3008,1
3009,1
3010,1
3011,1
3012,1
3013,3
3014,1
3015,1
3016,1
3017,1
3018,1
3019,1
3020,1
3021,1
3022,1
3023,1
3024,3
3025,3
3026,3
3027,1
3028,1
3029,1
3030,1
3031,1
3032,1
3033,1
3034,1
3035,1
3036,1
3037,1
3038,1
3039,3
3040,1
3041,3
3042,3
3043,3
3044,3
3045,3
3046,1
3047,1
3048,1
3049,1
3050,1
3051,1
3052,1
3053,3
3054,3
3055,1
3056,1
3057,1
3058,1
3059,1
3060,1
3061,1
3062,1
3063,1
3064,1
3065,1
3066,3
3067,3
3068,3
3069,3
3070,3
3071,1
3072,1
3073,2
3074,1
3075,1
3076,1
3077,1
3078,1
3079,1
3080,1
3081,1
3082,3
3083,3
3084,3
3085,3
3086,3
3087,3
3088,3
3089,1
3090,1
3091,1
3092,1
3093,1
3094,1
3095,1
3096,1
3097,1
3098,1
3099,1
3100,1
3101,1
3102,1
3103,1
3104,3
3105,1
3106,3
3107,3
3108,2
3109,3
3110,3
3111,3
3112,3
3113,3
3114,3
3115,1
3116,1
3117,1
3118,1
3119,1
3120,1
3121,1
3122,1
3123,1
3124,1
3125,1
3126,1
3127,1
3128,1
3129,1
3130,1
3131,3
3132,3
3133,3
3134,3
3135,1
3136,1
3137,1
3138,1
3139,1
3140,1
3141,1
3142,1
3143,1
3144,1
3145,1
3146,1
3147,1
3148,1
3149,1
3150,1
3151,3
3152,3
3153,3
3154,3
3155,3
3156,1
3157,1
3158,1
3159,1
3160,1
3161,1
3162,1
3163,1
3164,1
3165,1
3166,1
3167,1
3168,1
3169,1
3170,1
3171,1
3172,1
3173,1
3174,3
3175,3
3176,3
3177,1
3178,1
3179,1
3180,1
3181,1
3182,1
3183,1
3184,1
3185,3
3186,3
3187,3
3188,3
3189,1
3190,1
3191,1
3192,1
3193,1
3194,1
3195,1
3196,1
3197,1
3198,3
3199,3
3200,1
3201,3
3202,3
3203,3
3204,3
3205,3
3206,1
3207,1
3208,1
3209,1
3210,1
3211,1
3212,1
3213,1
3214,1
3215,1
3216,1
3217,3
3218,1
3219,1
3220,1
3221,1
3222,1
3223,1
3224,1
3225,1
3226,1
3227,1
3228,1
3229,1
3230,1
3231,1
3232,1
3233,1
3234,3
3235,3
3236,3
3237,1
3238,1
3239,1
3240,1
3241,3
3242,3
3243,1
3244,1
3245,1
3246,1
3247,1
3248,1
3249,1
3250,1
3251,1
3252,3
3253,1
3254,1
3255,1
3256,3
3257,3
3258,3
3259,1
3260,1
3261,1
3262,1
3263,1
3264,1
3265,1
3266,1
3267,1
3268,1
3269,1
3270,1
3271,1
3272,1
3273,1
3274,1
3275,3
3276,3
3277,3
3278,1
3279,1
3280,1
3281,1
3282,1
3283,2
3284,1
3285,1
3286,1
3287,1
3288,3
3289,3
3290,3
3291,1
3292,1
3293,1
3294,1
3295,1
3296,1
3297,1
3298,1
3299,1
3300,1
3301,1
3302,1
3303,1
3304,1
3305,3
3306,3
3307,1
3308,1
3309,1
3310,1
3311,1
3312,1
3313,1
3314,1
3315,3
3316,3
3317,3
3318,3
3319,3
3320,1
3321,1
3322,1
3323,1
3324,1
3325,1
3326,1
3327,1
3328,1
3329,1
3330,1
3331,1
3332,1
3333,1
3334,1
3335,1
3336,1
3337,1
3338,1
3339,1
3340,1
3341,1
3342,1
3343,1
3344,1
3345,1
3346,1
3347,1
3348,3
3349,3
3350,3
3351,1
3352,1
3353,1
3354,1
3355,1
3356,1
3357,1
3358,1
3359,1
3360,1
3361,1
3362,1
3363,1
3364,1
3365,1
3366,3
3367,3
3368,1
3369,1
3370,1
3371,1
3372,1
3373,1
3374,1
3375,3
3376,1
3377,1
3378,1
3379,1
3380,1
3381,3
3382,1
3383,1
3384,1
3385,1
3386,1
3387,1
3388,1
3389,1
3390,1
3391,1
3392,1
3393,1
3394,1
3395,1
3396,3
3397,3
3398,3
3399,3
3400,3
3401,1
3402,1
3403,1
3404,1
3405,1
3406,1
3407,1
3408,1
3409,1
3410,1
3411,2
3412,1
3413,1
3414,1
3415,1
3416,3
3417,3
3418,3
3419,1
3420,1
3421,1
3422,1
3423,1
3424,1
3425,1
3426,1
3427,1
3428,1
3429,1
3430,1
3431,3
3432,3
3433,3
3434,3
3435,3
3436,1
3437,1
3438,1
3439,1
3440,1
3441,1
3442,1
3443,1
3444,1
3445,1
3446,1
3447,1
3448,1
3449,1
3450,1
3451,3
3452,1
3453,3
3454,1
3455,1
3456,1
3457,1
3458,3
3459,1
3460,1
3461,1
3462,1
3463,1
3464,3
3465,3
3466,3
3467,3
3468,3
3469,1
3470,1
3471,1
3472,1
3473,1
3474,3
3475,3
3476,3
3477,3
3478,1
3479,1
3480,1
3481,1
3482,1
3483,1
3484,1
3485,1
3486,1
3487,1
3488,1
3489,1
3490,1
3491,1
3492,3
3493,2
3494,1
3495,1
3496,1
3497,1
3498,2
3499,1
3500,1
3501,1
3502,1
3503,1
3504,1
3505,1
3506,3
3507,3
3508,3
3509,3
3510,1
3511,1
3512,1
3513,1
3514,1
3515,1
3516,1
3517,1
3518,1
3519,1
3520,1
3521,2
3522,3
3523,3
3524,3
3525,3
3526,1
3527,1
3528,1
3529,1
3530,1
3531,1
3532,1
3533,1
3534,1
3535,1
3536,1
3537,1
3538,3
3539,1
3540,3
3541,3
3542,3
3543,1
3544,1
3545,1
3546,1
3547,1
3548,1
3549,1
3550,1
3551,1
3552,1
3553,1
3554,1
3555,3
3556,3
3557,1
3558,1
3559,1
3560,1
3561,1
3562,1
3563,3
3564,1
3565,3
3566,3
3567,3
3568,3
3569,3
3570,1
3571,1
3572,1
3573,1
3574,1
3575,1
3576,1
3577,1
3578,3
3579,3
3580,1
3581,1
3582,1
3583,1
3584,1
3585,1
3586,1
3587,1
3588,1
3589,1
3590,1
3591,1
3592,3
3593,3
3594,1
3595,1
3596,1
3597,1
3598,1
3599,1
3600,1
3601,3
3602,1
3603,1
3604,1
3605,1
3606,1
3607,1
3608,1
3609,1
3610,1
3611,1
3612,1
3613,1
3614,1
3615,1
3616,3
3617,1
3618,3
3619,3
3620,1
3621,2
3622,3
3623,3
3624,3
3625,3
3626,3
3627,3
3628,1
3629,1
3630,1
3631,1
3632,1
3633,1
3634,1
3635,3
3636,3
3637,1
3638,1
3639,1
3640,1
3641,1
3642,1
3643,3
3644,1
3645,1
3646,1
3647,1
3648,1
3649,1
3650,1
3651,1
3652,1
3653,2
3654,1
3655,1
3656,3
3657,3
3658,3
3659,1
3660,1
3661,1
3662,3
3663,3
3664,3
3665,3
3666,3
3667,1
3668,1
3669,1
3670,1
3671,1
3672,1
3673,1
3674,1
3675,1
3676,1
3677,3
3678,3
3679,1
3680,1
3681,1
3682,1
3683,1
3684,1
3685,1
3686,1
3687,1
3688,1
3689,1
3690,1
3691,1
3692,1
3693,1
3694,1
3695,1
3696,1
3697,3
3698,3
3699,3
3700,3
3701,3
3702,3
3703,3
3704,1
3705,1
3706,1
3707,1
3708,1
3709,1
3710,1
3711,1
3712,1
3713,3
3714,1
3715,2
3716,3
3717,3
3718,3
3719,3
3720,1
3721,1
3722,1
3723,1
3724,1
3725,1
3726,1
3727,1
3728,1
3729,1
3730,2
3731,1
3732,3
3733,1
3734,1
3735,1
3736,3
3737,1
3738,3
3739,3
3740,1
3741,1
3742,1
3743,1
3744,1
3745,1
3746,1
3747,1
3748,1
3749,1
3750,3
3751,2
3752,1
3753,3
3754,3
3755,3
3756,3
3757,3
3758,3
3759,3
3760,1
3761,1
3762,1
3763,1
3764,1
3765,1
3766,1
3767,1
3768,1
3769,1
3770,2
3771,1
3772,1
3773,3
3774,1
3775,3
3776,3
3777,3
3778,3
3779,1
3780,1
3781,1
3782,1
3783,1
3784,1
3785,1
3786,1
3787,1
3788,3
3789,1
3790,3
3791,1
3792,1
3793,1
3794,1
3795,1
3796,1
3797,1
3798,1
3799,1
3800,3
3801,1
3802,1
3803,1
3804,3
3805,1
3806,1
3807,3
3808,3
3809,1
3810,1
3811,1
3812,1
3813,1
3814,1
3815,1
3816,1
3817,1
3818,1
3819,1
3820,1
3821,1
3822,1
3823,3
3824,1
3825,2
3826,3
3827,1
3828,1
3829,1
3830,1
3831,1
3832,1
3833,1
3834,2
3835,1
3836,3
3837,1
3838,1
3839,1
3840,3
3841,3
3842,1
3843,1
3844,1
3845,1
3846,1
3847,1
3848,1
3849,1
3850,1
3851,1
3852,1
3853,1
3854,1
3855,3
3856,2
3857,3
3858,3
3859,3
3860,3
3861,3
3862,1
3863,1
3864,1
3865,1
3866,1
3867,1
3868,1
3869,1
3870,1
3871,1
3872,1
3873,1
3874,1
3875,1
3876,1
3877,3
3878,1
3879,1
3880,3
3881,3
3882,3
3883,3
3884,3
3885,1
3886,1
3887,1
3888,1
3889,1
3890,1
3891,1
3892,1
3893,1
3894,1
3895,1
3896,1
3897,3
3898,3
3899,3
3900,1
3901,1
3902,1
3903,1
3904,1
3905,1
3906,1
3907,1
3908,1
3909,1
3910,1
3911,1
3912,1
3913,3
3914,1
3915,1
3916,1
3917,1
3918,1
3919,1
3920,1
3921,1
3922,1
3923,1
3924,1
3925,1
3926,1
3927,1
3928,1
3929,1
3930,1
3931,1
3932,3
3933,1
3934,1
3935,1
3936,1
3937,1
3938,1
3939,2
3940,1
3941,1
3942,1
3943,1
3944,1
3945,1
3946,1
3947,3
3948,3
3949,3
3950,3
3951,3
3952,3
3953,3
3954,2
3955,1
3956,1
3957,1
3958,1
3959,1
3960,1
3961,1
3962,1
3963,3
3964,3
3965,3
3966,3
3967,3
3968,3
3969,3
3970,1
3971,1
3972,1
3973,1
3974,1
3975,1
3976,1
3977,1
3978,1
3979,2
3980,1
3981,2
3982,1
3983,1
3984,3
3985,3
3986,3
3987,1
3988,1
3989,1
3990,1
3991,1
3992,1
3993,1
3994,1
3995,1
3996,1
3997,1
3998,1
3999,1
4000,3
4001,1
4002,3
4003,3
4004,1
4005,1
4006,1
4007,1
4008,1
4009,1
4010,1
4011,1
4012,1
4013,1
4014,1
4015,1
4016,2
4017,3
4018,3
4019,3
4020,3
4021,3
4022,3
4023,3
4024,1
4025,1
4026,1
4027,1
4028,1
4029,1
4030,1
4031,1
4032,1
4033,1
4034,1
4035,1
4036,3
4037,3
4038,1
4039,1
4040,1
4041,1
4042,1
4043,1
4044,1
4045,1
4046,1
4047,1
4048,1
4049,1
4050,1
4051,3
4052,3
4053,3
4054,3
4055,3
4056,3
4057,3
4058,3
4059,3
4060,3
4061,1
4062,1
4063,1
4064,1
4065,1
4066,1
4067,1
4068,1
4069,1
4070,3
4071,3
4072,1
4073,2
4074,1
4075,1
4076,1
4077,1
4078,1
4079,1
4080,1
4081,1
4082,1
4083,1
4084,1
4085,1
4086,1
4087,3
4088,1
4089,1
4090,1
4091,3
4092,3
4093,1
4094,1
4095,1
4096,1
4097,1
4098,1
4099,1
4100,1
4101,1
4102,1
4103,1
4104,1
4105,1
4106,2
4107,3
4108,3
4109,3
4110,1
4111,1
4112,3
4113,1
4114,1
4115,1
4116,1
4117,3
4118,1
4119,3
4120,3
4121,3
4122,3
4123,3
4124,3
4125,1
4126,1
4127,1
4128,1
4129,1
4130,1
4131,3
4132,1
4133,3
4134,3
4135,3
4136,3
4137,1
4138,1
4139,1
4140,1
4141,1
4142,1
4143,1
4144,1
4145,1
4146,1
4147,3
4148,2
4149,1
4150,3
4151,1
4152,1
4153,1
4154,1
4155,1
4156,1
4157,1
4158,1
4159,1
4160,1
4161,1
4162,1
4163,2
4164,3
4165,1
4166,3
4167,3
4168,3
4169,3
4170,3
4171,1
4172,1
4173,1
4174,1
4175,1
4176,1
4177,1
4178,1
4179,1
4180,1
4181,2
4182,1
4183,1
4184,1
4185,3
4186,3
4187,3
4188,3
4189,1
4190,1
4191,1
4192,1
4193,1
4194,1
4195,1
4196,1
4197,1
4198,1
4199,1
4200,3
4201,3
4202,1
4203,3
4204,3
4205,1
4206,1
4207,1
4208,1
4209,1
4210,3
4211,3
4212,1
4213,3
4214,3
4215,3
4216,3
4217,1
4218,1
4219,1
4220,1
4221,1
4222,1
4223,1
4224,1
4225,1
4226,1
4227,1
4228,1
4229,1
4230,1
4231,3
4232,1
4233,3
4234,3
4235,3
4236,1
4237,1
4238,1
4239,1
4240,1
4241,1
4242,1
4243,1
4244,1
4245,1
4246,1
4247,1
4248,1
4249,1
4250,1
4251,1
4252,1
4253,1
4254,1
4255,1
4256,1
4257,1
4258,1
4259,1
4260,3
4261,1
4262,1
4263,1
4264,1
4265,1
4266,1
4267,1
4268,1
4269,1
4270,1
4271,1
4272,1
4273,1
4274,3
4275,3
4276,1
4277,1
4278,1
4279,1
4280,1
4281,1
4282,1
4283,1
4284,1
4285,1
4286,1
4287,1
4288,1
4289,3
4290,3
4291,3
4292,3
4293,1
4294,1
4295,1
4296,1
4297,1
4298,1
4299,1
4300,3
4301,3
4302,3
4303,1
4304,1
4305,1
4306,1
4307,1
4308,1
4309,1
4310,1
4311,1
4312,2
4313,3
4314,3
4315,3
4316,3
4317,3
4318,1
4319,1
4320,1
4321,1
4322,1
4323,1
4324,1
4325,1
4326,1
4327,1
4328,2
4329,3
4330,1
4331,3
4332,3
4333,3
4334,1
4335,1
4336,1
4337,1
4338,1
4339,1
4340,1
4341,1
4342,1
4343,1
4344,1
4345,1
4346,3
4347,3
4348,3
4349,1
4350,1
4351,1
4352,1
4353,1
4354,1
4355,1
4356,1
4357,1
4358,3
4359,1
4360,2
4361,3
4362,3
4363,3
4364,1
4365,1
4366,1
4367,1
4368,1
4369,1
4370,1
4371,1
4372,1
4373,1
4374,1
4375,1
4376,1
4377,1
4378,1
4379,1
4380,3
4381,1
4382,3
4383,3
4384,3
4385,3
4386,3
4387,3
4388,3
4389,3
4390,1
4391,1
4392,1
4393,1
4394,1
4395,1
4396,1
4397,1
4398,1
4399,1
4400,3
4401,3
4402,1
4403,3
4404,3
4405,3
4406,3
4407,3
4408,1
4409,1
4410,1
4411,1
4412,1
4413,1
4414,1
4415,1
4416,1
4417,1
4418,1
4419,3
4420,1
4421,3
4422,3
4423,3
4424,3
4425,1
4426,1
4427,1
4428,1
4429,1
4430,1
4431,1
4432,1
4433,1
4434,1
4435,1
4436,1
4437,1
4438,1
4439,1
4440,3
4441,3
4442,3
4443,1
4444,1
4445,1
4446,1
4447,1
4448,1
4449,1
4450,1
4451,1
4452,1
4453,1
4454,1
4455,1
4456,3
4457,2
4458,3
4459,3
4460,1
4461,1
4462,1
4463,1
4464,1
4465,1
4466,1
4467,1
4468,1
4469,1
4470,1
4471,1
4472,1
4473,1
4474,1
4475,1
4476,3
4477,1
4478,1
4479,1
4480,1
4481,1
4482,1
4483,1
4484,1
4485,1
4486,1
4487,1
4488,1
4489,1
4490,3
4491,3
4492,3
4493,1
4494,1
4495,1
4496,1
4497,1
4498,1
4499,1
4500,1
4501,1
4502,1
4503,1
4504,1
4505,1
4506,1
4507,1
4508,3
4509,3
4510,3
4511,1
4512,1
4513,3
4514,2
4515,1
4516,1
4517,3
4518,3
4519,3
4520,3
4521,3
4522,3
4523,1
4524,1
4525,1
4526,1
4527,1
4528,1
4529,1
4530,1
4531,3
4532,3
4533,1
4534,1
4535,1
4536,1
4537,1
4538,1
4539,1
4540,1
4541,1
4542,1
4543,3
4544,3
4545,3
4546,3
4547,1
4548,1
4549,1
4550,1
4551,1
4552,1
4553,1
4554,1
4555,1
4556,3
4557,3
4558,3
4559,1
4560,1
4561,1
4562,1
4563,1
4564,1
4565,1
4566,2
4567,1
4568,1
4569,3
4570,3
4571,3
4572,3
4573,3
4574,1
4575,1
4576,1
4577,1
4578,3
4579,3
4580,3
4581,3
4582,1
4583,1
4584,1
4585,1
4586,1
4587,1
4588,1
4589,1
4590,1
4591,3
4592,1
4593,1
4594,1
4595,1
4596,1
4597,1
4598,1
4599,1
4600,1
4601,1
4602,1
4603,3
4604,1
4605,1
4606,1
4607,1
4608,1
4609,1
4610,1
4611,1
4612,1
4613,1
4614,1
4615,1
4616,1
4617,1
4618,3
4619,1
4620,1
4621,1
4622,3
4623,1
4624,3
4625,3
4626,3
4627,1
4628,1
4629,1
4630,1
4631,1
4632,1
4633,1
4634,1
4635,1
4636,3
4637,3
4638,1
4639,1
4640,1
4641,1
4642,1
4643,1
4644,3
4645,1
4646,1
4647,1
4648,3
4649,3
4650,3
4651,3
4652,1
4653,1
4654,1
4655,1
4656,1
4657,1
4658,1
4659,1
4660,1
4661,3
4662,3
4663,1
4664,1
4665,1
4666,1
4667,1
4668,1
4669,1
4670,1
4671,1
4672,1
4673,3
4674,3
4675,3
4676,3
4677,1
4678,1
4679,1
4680,1
4681,1
4682,2
4683,3
4684,3
4685,1
4686,1
4687,1
4688,1
4689,1
4690,1
4691,1
4692,1
4693,1
4694,1
4695,1
4696,1
4697,1
4698,1
4699,1
4700,1
4701,1
4702,3
4703,3
4704,3
4705,1
4706,1
4707,1
4708,1
4709,1
4710,1
4711,3
4712,3
4713,1
4714,1
4715,1
4716,1
4717,1
4718,1
4719,1
4720,2
4721,1
4722,1
4723,1
4724,1
4725,1
4726,3
4727,2
4728,3
4729,3
4730,3
4731,3
4732,3
4733,1
4734,1
4735,1
4736,1
4737,1
4738,1
4739,1
4740,1
4741,1
4742,1
4743,1
4744,1
4745,1
4746,1
4747,3
4748,3
4749,3
4750,3
4751,1
4752,1
4753,1
4754,1
4755,1
4756,3
4757,3
4758,3
4759,1
4760,1
4761,1
4762,1
4763,1
4764,1
4765,1
4766,1
4767,1
4768,3
4769,1
4770,1
4771,3
4772,1
4773,1
4774,1
4775,1
4776,1
4777,1
4778,3
4779,3
4780,3
4781,3
4782,3
4783,3
4784,1
4785,1
4786,1
4787,1
4788,1
4789,1
4790,1
4791,1
4792,1
4793,1
4794,1
4795,1
4796,3
4797,1
4798,3
4799,1
4800,3
4801,1
4802,3
4803,3
4804,1
4805,1
4806,1
4807,1
4808,1
4809,1
4810,1
4811,3
4812,1
4813,1
4814,3
4815,3
4816,1
4817,1
4818,1
4819,1
4820,1
4821,1
4822,1
4823,1
4824,1
4825,1
4826,1
4827,1
4828,1
4829,1
4830,3
4831,3
4832,3
4833,3
4834,3
4835,1
4836,1
4837,1
4838,1
4839,1
4840,1
4841,1
4842,1
4843,1
4844,3
4845,3
4846,3
4847,3
4848,3
4849,3
4850,3
4851,1
4852,1
4853,1
4854,1
4855,1
4856,1
4857,1
4858,1
4859,1
4860,1
4861,1
4862,1
4863,1
4864,1
4865,1
4866,1
4867,1
4868,1
4869,1
4870,1
4871,1
4872,1
4873,1
4874,3
4875,3
4876,3
4877,3
4878,1
4879,1
4880,1
4881,1
4882,1
4883,1
4884,1
4885,1
4886,1
4887,1
4888,1
4889,1
4890,1
4891,3
4892,3
4893,1
4894,1
4895,1
4896,1
4897,1
4898,1
4899,1
4900,1
4901,1
4902,3
4903,3
4904,1
4905,1
4906,1
4907,1
4908,1
4909,1
4910,1
4911,1
4912,1
4913,1
4914,1
4915,1
4916,1
4917,1
4918,1
4919,3
4920,1
4921,3
4922,3
4923,3
4924,3
4925,1
4926,1
4927,1
4928,1
4929,1
4930,1
4931,1
4932,1
4933,1
4934,1
4935,1
4936,1
4937,1
4938,3
4939,1
4940,1
4941,1
4942,1
4943,1
4944,1
4945,1
4946,1
4947,1
4948,1
4949,1
4950,1
4951,1
4952,1
4953,1
4954,3
4955,1
4956,3
4957,3
4958,3
4959,1
4960,1
4961,1
4962,1
4963,1
4964,1
4965,1
4966,1
4967,1
4968,1
4969,3
4970,3
4971,3
4972,3
4973,1
4974,1
4975,1
4976,1
4977,1
4978,1
4979,1
4980,1
4981,1
4982,1
4983,1
4984,3
4985,3
4986,1
4987,1
4988,2
4989,1
4990,1
4991,1
4992,1
4993,1
4994,1
4995,1
4996,1
4997,1
4998,1
4999,1
5000,1
5001,1
5002,3
5003,2
5004,3
5005,3
5006,1
5007,1
5008,1
5009,1
5010,1
5011,1
5012,1
5013,1
5014,1
5015,2
5016,1
5017,1
5018,1
5019,1
5020,3
5021,1
5022,1
5023,1
5024,1
5025,1
5026,1
5027,1
5028,1
5029,1
5030,3
5031,1
5032,1
5033,1
5034,1
5035,1
5036,1
5037,1
5038,1
5039,1
5040,3
5041,1
5042,1
5043,1
5044,3
5045,1
5046,3
5047,3
5048,3
5049,3
5050,3
5051,3
5052,3
5053,3
5054,1
5055,1
5056,1
5057,1
5058,1
5059,1
5060,1
5061,1
5062,1
5063,1
5064,1
5065,1
5066,1
5067,3
5068,3
5069,3
5070,3
5071,1
5072,1
5073,1
5074,1
5075,1
5076,1
5077,1
5078,1
5079,1
5080,1
5081,1
5082,1
5083,1
5084,1
5085,3
5086,1
5087,3
5088,3
5089,3
5090,3
5091,3
5092,1
5093,1
5094,1
5095,1
5096,1
5097,1
5098,1
5099,1
5100,1
5101,1
5102,1
5103,1
5104,3
5105,1
5106,3
5107,3
5108,1
5109,3
5110,3
5111,3
5112,3
5113,1
5114,1
5115,1
5116,1
5117,1
5118,1
5119,1
5120,1
5121,1
5122,1
5123,3
5124,1
5125,1
5126,3
5127,3
5128,1
5129,1
5130,1
5131,1
5132,1
5133,1
5134,1
5135,1
5136,1
5137,1
5138,1
5139,1
5140,1
5141,1
5142,3
5143,1
5144,1
5145,1
5146,1
5147,3
5148,3
5149,1
5150,1
5151,1
5152,1
5153,1
5154,1
5155,1
5156,1
5157,1
5158,3
5159,3
5160,3
5161,3
5162,3
5163,3
5164,1
5165,1
5166,1
5167,1
5168,1
5169,1
5170,1
5171,1
5172,1
5173,1
5174,1
5175,2
5176,3
5177,3
5178,3
5179,3
5180,1
5181,1
5182,1
5183,1
5184,1
5185,1
5186,1
5187,1
5188,1
5189,3
5190,3
5191,3
5192,3
5193,1
5194,1
5195,1
5196,1
5197,1
5198,1
5199,1
5200,1
5201,1
5202,1
5203,1
5204,1
5205,1
5206,1
5207,1
5208,1
5209,3
5210,3
5211,3
5212,3
5213,3
5214,1
5215,1
5216,1
5217,1
5218,1
5219,1
5220,1
5221,1
5222,1
5223,1
5224,1
5225,3
5226,3
5227,1
5228,1
5229,1
5230,1
5231,1
5232,1
5233,1
5234,1
5235,1
5236,2
5237,1
5238,1
5239,3
5240,3
5241,3
5242,3
5243,3
5244,1
5245,1
5246,1
5247,1
5248,1
5249,1
5250,1
5251,1
5252,1
5253,1
5254,1
5255,1
5256,1
5257,1
5258,1
5259,1
5260,1
5261,1
5262,1
5263,3
5264,3
5265,3
5266,3
5267,1
5268,1
5269,1
5270,1
5271,1
5272,3
5273,2
5274,1
5275,3
5276,1
5277,3
5278,3
5279,1
5280,1
5281,1
5282,1
5283,1
5284,1
5285,1
5286,1
5287,1
5288,1
5289,1
5290,1
5291,1
5292,1
5293,1
5294,3
5295,1
5296,3
5297,3
5298,3
5299,3
5300,3
5301,1
5302,1
5303,1
5304,1
5305,1
5306,1
5307,1
5308,1
5309,1
5310,1
5311,1
5312,3
5313,1
5314,3
5315,2
5316,3
5317,3
5318,1
5319,1
5320,1
5321,1
5322,1
5323,1
5324,1
5325,1
5326,3
5327,1
5328,3
5329,2
5330,3
5331,3
5332,3
5333,3
5334,1
5335,1
5336,1
5337,1
5338,1
5339,1
5340,1
5341,3
5342,1
5343,1
5344,1
5345,1
5346,1
5347,1
5348,1
5349,1
5350,1
5351,1
5352,1
5353,1
5354,1
5355,1
5356,1
5357,1
5358,1
5359,1
5360,1
5361,1
5362,3
5363,1
5364,3
5365,3
5366,3
5367,1
5368,1
5369,1
5370,1
5371,1
5372,1
5373,1
5374,1
5375,1
5376,1
5377,3
5378,3
5379,3
5380,3
5381,3
5382,3
5383,3
5384,3
5385,3
5386,3
5387,1
5388,1
5389,1
5390,1
5391,1
5392,1
5393,1
5394,1
5395,1
5396,1
5397,1
5398,1
5399,1
5400,1
5401,3
5402,3
5403,3
5404,3
5405,3
5406,3
5407,1
5408,1
5409,1
5410,1
5411,1
5412,1
5413,1
5414,1
5415,1
5416,1
5417,1
5418,1
5419,1
5420,1
5421,1
5422,3
5423,3
5424,3
5425,3
5426,1
5427,1
5428,1
5429,1
5430,1
5431,1
5432,1
5433,1
5434,1
5435,1
5436,1
5437,3
5438,3
5439,3
5440,1
5441,1
5442,1
5443,1
5444,1
5445,1
5446,1
5447,1
5448,1
5449,2
5450,1
5451,1
5452,1
5453,1
5454,1
5455,3
5456,3
5457,1
5458,1
5459,1
5460,1
5461,1
5462,1
5463,1
5464,1
5465,1
5466,1
5467,1
5468,1
5469,1
5470,1
5471,1
5472,3
5473,3
5474,3
5475,3
5476,3
5477,3
5478,3
5479,1
5480,1
5481,1
5482,1
5483,1
5484,3
5485,3
5486,1
5487,3
5488,3
5489,1
5490,1
5491,1
5492,1
5493,1
5494,1
5495,3
5496,3
5497,2
5498,3
5499,3
5500,3
5501,3
5502,3
5503,1
5504,1
5505,1
5506,1
5507,1
5508,1
5509,1
5510,3
5511,3
5512,3
5513,3
5514,1
5515,1
5516,1
5517,1
5518,1
5519,1
5520,1
5521,1
5522,1
5523,1
5524,1
5525,1
5526,2
5527,1
5528,1
5529,1
5530,1
5531,1
5532,3
5533,3
5534,1
5535,1
5536,1
5537,1
5538,1
5539,1
5540,1
5541,1
5542,1
5543,1
5544,3
5545,3
5546,3
5547,1
5548,1
5549,1
5550,1
5551,1
5552,1
5553,1
5554,1
5555,1
5556,1
5557,1
5558,3
5559,3
5560,3
5561,3
5562,1
5563,1
5564,1
5565,1
5566,1
5567,1
5568,1
5569,1
5570,1
5571,3
5572,1
5573,1
5574,3
5575,1
5576,1
5577,1
5578,1
5579,1
5580,1
5581,3
5582,1
5583,1
5584,1
5585,1
5586,1
5587,1
5588,1
5589,1
5590,1
5591,1
5592,1
5593,1
5594,3
5595,3
5596,1
5597,3
5598,3
5599,3
5600,3
5601,1
5602,1
5603,1
5604,1
5605,1
5606,1
5607,1
5608,1
5609,1
5610,1
5611,1
5612,1
5613,3
5614,3
5615,3
5616,3
5617,3
5618,1
5619,1
5620,1
5621,1
5622,1
5623,1
5624,1
5625,1
5626,1
5627,1
5628,1
5629,1
5630,3
5631,2
5632,1
5633,1
5634,1
5635,3
5636,3
5637,3
5638,3
5639,3
5640,3
5641,1
5642,1
5643,1
5644,1
5645,2
5646,1
5647,1
5648,1
5649,1
5650,2
5651,1
5652,1
5653,3
5654,3
5655,3
5656,3
5657,3
5658,3
5659,3
5660,1
5661,1
5662,1
5663,1
5664,1
5665,1
5666,1
5667,1
5668,1
5669,1
5670,2
5671,3
5672,3
5673,1
5674,1
5675,1
5676,1
5677,1
5678,1
5679,1
5680,1
5681,1
5682,2
5683,1
5684,1
5685,1
5686,1
5687,1
5688,3
5689,3
5690,3
5691,1
5692,1
5693,3
5694,3
5695,3
5696,3
5697,1
5698,1
5699,1
5700,1
5701,1
5702,1
5703,1
5704,1
5705,1
5706,1
5707,1
5708,3
5709,1
5710,1
5711,1
5712,1
5713,1
5714,1
5715,1
5716,1
5717,1
5718,1
5719,3
5720,3
5721,1
5722,1
5723,1
5724,1
5725,1
5726,1
5727,1
5728,1
5729,1
5730,3
5731,1
5732,3
5733,3
5734,3
5735,1
5736,1
5737,1
5738,1
5739,1
5740,1
5741,1
5742,1
5743,1
5744,1
5745,1
5746,1
5747,1
5748,1
5749,1
5750,3
5751,3
5752,1
5753,1
5754,1
5755,1
5756,1
5757,1
5758,1
5759,1
5760,1
5761,1
5762,1
5763,1
5764,1
5765,2
5766,1
5767,1
5768,1
5769,1
5770,3
5771,3
5772,3
5773,3
5774,1
5775,1
5776,1
5777,1
5778,1
5779,1
5780,1
5781,1
5782,1
5783,1
5784,1
5785,1
5786,1
5787,2
5788,3
5789,1
5790,1
5791,1
5792,1
5793,3
5794,3
5795,3
5796,1
5797,1
5798,1
5799,1
5800,1
5801,1
5802,1
5803,1
5804,2
5805,1
5806,1
5807,1
5808,1
5809,1
5810,1
5811,1
5812,1
5813,1
5814,1
5815,1
5816,1
5817,1
5818,1
5819,1
5820,1
5821,3
5822,3
5823,3
5824,3
5825,1
5826,1
5827,1
5828,1
5829,1
5830,1
5831,1
5832,1
5833,1
5834,1
5835,1
5836,1
5837,1
5838,1
5839,1
5840,1
5841,1
5842,1
5843,1
5844,1
5845,1
5846,1
5847,3
5848,1
5849,1
5850,1
5851,1
5852,1
5853,1
5854,1
5855,1
5856,1
5857,1
5858,1
5859,1
5860,1
5861,1
5862,3
5863,3
5864,1
5865,1
5866,1
5867,1
5868,1
5869,1
5870,1
5871,1
5872,1
5873,1
5874,1
5875,1
5876,1
5877,1
5878,1
5879,1
5880,1
5881,3
5882,1
5883,1
5884,1
5885,1
5886,1
5887,1
5888,1
5889,1
5890,1
5891,1
5892,1
5893,1
5894,3
5895,1
5896,3
5897,3
5898,3
5899,3
5900,1
5901,1
5902,1
5903,1
5904,1
5905,1
5906,1
5907,1
5908,1
5909,1
5910,1
5911,1
5912,1
5913,1
5914,1
5915,1
5916,3
5917,1
5918,1
5919,3
5920,1
5921,3
5922,3
5923,3
5924,3
5925,3
5926,3
5927,2
5928,1
5929,1
5930,1
5931,1
5932,1
5933,1
5934,1
5935,1
5936,1
5937,1
5938,1
5939,1
5940,1
5941,1
5942,1
5943,1
5944,1
5945,3
5946,3
5947,3
5948,1
5949,1
5950,1
5951,1
5952,1
5953,1
5954,1
5955,1
5956,1
5957,1
5958,3
5959,1
5960,3
5961,3
5962,3
5963,3
5964,3
5965,1
5966,1
5967,1
5968,1
5969,1
5970,1
5971,1
5972,2
5973,2
5974,1
5975,1
5976,1
5977,1
5978,1
5979,3
5980,1
5981,1
5982,1
5983,1
5984,3
5985,3
5986,3
5987,3
5988,3
5989,3
5990,1
5991,1
5992,1
5993,1
5994,2
5995,1
5996,3
5997,3
5998,3
5999,1
6000,1
6001,1
6002,1
6003,1
6004,1
6005,1
6006,1
6007,1
6008,1
6009,1
6010,1
6011,1
6012,1
6013,3
6014,1
6015,1
6016,2
6017,3
6018,3
6019,3
6020,1
6021,1
6022,1
6023,1
6024,1
6025,1
6026,1
6027,1
6028,1
6029,1
6030,2
6031,1
6032,1
6033,1
6034,1
6035,1
6036,1
6037,3
6038,1
6039,1
6040,3
6041,3
6042,3
6043,3
6044,3
6045,1
6046,1
6047,1
6048,1
6049,1
6050,1
6051,1
6052,1
6053,1
6054,1
6055,1
6056,1
6057,1
6058,1
6059,3
6060,1
6061,1
6062,1
6063,1
6064,1
6065,1
6066,1
6067,1
6068,1
6069,1
6070,1
6071,1
6072,1
6073,1
6074,3
6075,1
6076,3
6077,1
6078,1
6079,1
6080,2
6081,1
6082,1
6083,1
6084,1
6085,1
6086,3
6087,3
6088,1
6089,1
6090,1
6091,1
6092,1
6093,1
6094,1
6095,1
6096,1
6097,1
6098,1
6099,1
6100,1
6101,1
6102,1
6103,3
6104,3
6105,1
6106,1
6107,3
6108,1
6109,3
6110,3
6111,3
6112,1
6113,1
6114,1
6115,1
6116,1
6117,1
6118,1
6119,1
6120,1
6121,1
6122,3
6123,1
6124,3
6125,3
6126,3
6127,2
6128,1
6129,1
6130,1
6131,1
6132,1
6133,1
6134,1
6135,1
6136,1
6137,1
6138,1
6139,1
6140,1
6141,1
6142,1
6143,3
6144,2
6145,3
6146,3
6147,3
6148,3
6149,3
6150,1
6151,1
6152,1
6153,1
6154,1
6155,1
6156,1
6157,1
6158,1
6159,1
6160,1
6161,1
6162,1
6163,1
6164,2
6165,1
6166,1
6167,1
6168,1
6169,1
6170,1
6171,3
6172,3
6173,1
6174,1
6175,2
6176,1
6177,1
6178,3
6179,3
6180,1
6181,1
6182,3
6183,1
6184,1
6185,1
6186,1
6187,1
6188,1
6189,1
6190,1
6191,1
6192,1
6193,1
6194,1
6195,1
6196,3
6197,3
6198,3
6199,1
6200,3
6201,3
6202,3
6203,3
6204,1
6205,1
6206,1
6207,1
6208,1
6209,1
6210,1
6211,1
6212,1
6213,1
6214,1
6215,1
6216,1
6217,1
6218,1
6219,1
6220,3
6221,1
6222,1
6223,1
6224,3
6225,3
6226,3
6227,3
6228,3
6229,3
6230,3
6231,1
6232,1
6233,1
6234,1
6235,1
6236,1
6237,1
6238,1
6239,1
6240,1
6241,1
6242,1
6243,1
6244,1
6245,1
6246,1
6247,1
6248,1
6249,3
6250,1
6251,3
6252,3
6253,3
6254,3
6255,3
6256,1
6257,1
6258,1
6259,1
6260,1
6261,1
6262,3
6263,3
6264,3
6265,1
6266,1
6267,1
6268,1
6269,1
6270,1
6271,1
6272,1
6273,1
6274,1
6275,1
6276,3
6277,1
6278,1
6279,3
6280,3
6281,3
6282,3
6283,3
6284,3
6285,1
6286,1
6287,1
6288,1
6289,1
6290,1
6291,1
6292,1
6293,1
6294,1
6295,1
6296,1
6297,1
6298,1
6299,1
6300,1
6301,1
6302,1
6303,1
6304,1
6305,1
6306,1
6307,2
6308,3
6309,3
6310,1
6311,1
6312,1
6313,1
6314,1
6315,1
6316,1
6317,1
6318,1
6319,2
6320,1
6321,3
6322,3
6323,1
6324,1
6325,1
6326,1
6327,1
6328,1
6329,1
6330,1
6331,1
6332,1
6333,2
6334,1
6335,1
6336,2
6337,1
6338,3
6339,3
6340,3
6341,3
6342,1
6343,1
6344,1
6345,1
6346,1
6347,1
6348,1
6349,1
6350,1
6351,3
6352,3
6353,3
6354,3
6355,3
6356,1
6357,1
6358,1
6359,1
6360,1
6361,1
6362,1
6363,1
6364,1
6365,1
6366,1
6367,1
6368,1
6369,1
6370,1
6371,1
6372,1
6373,1
6374,1
6375,1
6376,1
6377,1
6378,1
6379,1
6380,1
6381,1
6382,3
6383,1
6384,3
6385,3
6386,3
6387,3
6388,1
6389,1
6390,1
6391,1
6392,3
6393,3
6394,1
6395,1
6396,1
6397,1
6398,1
6399,1
6400,3
6401,3
6402,1
6403,3
6404,3
6405,1
6406,1
6407,1
6408,1
6409,1
6410,1
6411,1
6412,1
6413,1
6414,1
6415,1
6416,1
6417,1
6418,1
6419,1
6420,1
6421,1
6422,1
6423,1
6424,1
6425,1
6426,1
6427,1
6428,1
6429,1
6430,1
6431,1
6432,1
6433,1
6434,1
6435,1
6436,1
6437,1
6438,1
6439,1
6440,3
6441,1
6442,1
6443,1
6444,1
6445,1
6446,1
6447,3
6448,1
6449,3
6450,3
6451,3
6452,3
6453,3
6454,3
6455,3
6456,2
6457,2
6458,2
6459,2
6460,2
6461,2
6462,2
6463,2
6464,2
6465,2
6466,2
6467,2
6468,2
6469,2
6470,2
6471,2
6472,2
6473,2
6474,2
6475,2
6476,2
6477,2
6478,2
6479,2
6480,2
6481,2
6482,2
6483,2
6484,2
6485,2
6486,2
6487,2
6488,2
6489,2
6490,2
6491,2
6492,2
6493,2
6494,2
6495,2
6496,2
6497,2
6498,2
6499,2
6500,2
6501,2
6502,2
6503,2
6504,2
6505,2
6506,2
6507,2
6508,2
6509,2
6510,2
6511,2
6512,2
6513,2
6514,2
6515,2
6516,2
6517,2
6518,2
6519,2
6520,2
6521,2
6522,2
6523,2
6524,2
6525,2
6526,2
6527,2
6528,2
6529,2
6530,2
6531,2
6532,2
6533,2
6534,2
6535,2
6536,2
6537,2
6538,2
6539,2
6540,2
6541,2
6542,2
6543,2
6544,2
6545,2
6546,2
6547,2
6548,2
6549,2
6550,2
6551,2
6552,2
6553,2
6554,2
6555,2
6556,2
6557,2
6558,2
6559,2
6560,2
6561,2
6562,2
6563,2
6564,2
6565,2
6566,2
6567,2
6568,2
6569,2
6570,2
6571,2
6572,2
6573,2
6574,2
6575,2
6576,2
6577,2
6578,2
6579,2
6580,2
6581,2
6582,2
6583,2
6584,2
6585,2
6586,2
6587,2
6588,2
6589,2
6590,2
6591,2
6592,2
6593,2
6594,2
6595,2
6596,2
6597,2
6598,2
6599,2
6600,2
6601,2
6602,2
6603,2
6604,2
6605,2
6606,2
6607,2
6608,2
6609,2
6610,2
6611,2
6612,2
6613,2
6614,2
6615,2
6616,2
6617,2
6618,2
6619,2
6620,2
6621,2
6622,2
6623,2
6624,2
6625,2
6626,2
6627,2
6628,2
6629,2
6630,2
6631,2
6632,2
6633,2
6634,2
6635,2
6636,2
6637,2
6638,2
6639,2
6640,2
6641,2
6642,2
6643,2
6644,2
6645,2
6646,2
6647,2
6648,2
6649,2
6650,2
6651,2
6652,2
6653,2
6654,2
6655,2
6656,2
6657,2
6658,2
6659,2
6660,2
6661,2
6662,2
6663,2
6664,2
6665,2
6666,2
6667,2
6668,2
6669,2
6670,2
6671,2
6672,2
6673,2
6674,2
6675,2
6676,2
6677,2
6678,2
6679,2
6680,2
6681,2
6682,2
6683,2
6684,2
6685,2
6686,2
6687,2
6688,2
6689,2
6690,2
6691,2
6692,2
6693,2
6694,2
6695,2
6696,2
6697,2
6698,2
6699,2
6700,2
6701,2
6702,2
6703,2
6704,2
6705,2
6706,2
6707,2
6708,2
6709,2
6710,2
6711,2
6712,2
6713,2
6714,2
6715,2
6716,2
6717,2
6718,2
6719,2
6720,2
6721,2
6722,2
6723,2
6724,2
6725,2
6726,2
6727,2
6728,2
6729,2
6730,2
6731,2
6732,2
6733,2
6734,2
6735,2
6736,2
6737,2
6738,2
6739,2
6740,2
6741,2
6742,2
6743,2
6744,2
6745,2
6746,2
6747,2
6748,2
6749,2
6750,2
6751,2
6752,2
6753,2
6754,2
6755,2
6756,2
6757,2
6758,2
6759,2
6760,2
6761,2
6762,2
6763,2
6764,2
6765,2
6766,2
6767,2
6768,2
6769,2
6770,2
6771,2
6772,2
6773,2
6774,2
6775,2
6776,2
6777,2
6778,2
6779,2
6780,2
6781,2
6782,2
6783,2
6784,2
6785,2
6786,2
6787,2
6788,2
6789,2
6790,2
6791,2
6792,2
6793,2
6794,2
6795,2
6796,2
6797,2
6798,2
6799,2
6800,2
6801,2
6802,2
6803,2
6804,2
6805,2
6806,2
6807,2
6808,2
6809,2
6810,2
6811,2
6812,2
6813,2
6814,2
6815,2
6816,2
6817,2
6818,2
6819,2
6820,2
6821,2
6822,2
6823,2
6824,2
6825,2
6826,2
6827,2
6828,2
6829,2
6830,2
6831,2
6832,2
6833,2
6834,2
6835,2
6836,2
6837,2
6838,2
6839,2
6840,2
6841,2
6842,2
6843,2
6844,2
6845,2
6846,2
6847,2
6848,2
6849,2
6850,2
6851,2
6852,2
6853,2
6854,2
6855,2
6856,2
6857,2
6858,2
6859,2
6860,2
6861,2
6862,2
6863,2
6864,2
6865,2
6866,2
6867,2
6868,2
6869,2
6870,2
6871,2
6872,2
6873,2
6874,2
6875,2
6876,2
6877,2
6878,2
6879,2
6880,2
6881,2
6882,2
6883,2
6884,2
6885,2
6886,2
6887,2
6888,2
6889,2
6890,2
6891,2
6892,2
6893,2
6894,2
6895,2
6896,2
6897,2
6898,2
6899,2
6900,2
6901,2
6902,2
6903,2
6904,2
6905,2
6906,2
6907,2
6908,2
6909,2
6910,2
6911,2
6912,2
6913,2
6914,2
6915,2
6916,2
6917,2
6918,2
6919,2
6920,2
6921,2
6922,2
6923,2
6924,2
6925,2
6926,2
6927,2
6928,2
6929,2
6930,2
6931,2
6932,2
6933,2
6934,2
6935,2
6936,2
6937,2
6938,2
6939,2
6940,2
6941,2
6942,2
6943,2
6944,2
6945,2
6946,2
6947,2
6948,2
6949,2
6950,2
6951,2
6952,2
6953,2
6954,2
6955,2
6956,2
6957,2
6958,2
6959,2
6960,2
6961,2
6962,2
6963,2
6964,2
6965,2
6966,2
6967,2
6968,2
6969,2
6970,2
6971,2
6972,2
6973,2
6974,2
6975,2
6976,2
6977,2
6978,2
6979,2
6980,2
6981,2
6982,2
6983,2
6984,2
6985,2
6986,2
6987,2
6988,2
6989,2
6990,2
6991,2
6992,2
6993,2
6994,2
6995,2
6996,2
6997,2
6998,2
6999,2
7000,2
7001,2
7002,2
7003,2
7004,2
7005,2
7006,2
7007,2
7008,2
7009,2
7010,2
7011,2
7012,2
7013,2
7014,2
7015,2
7016,2
7017,2
7018,2
7019,2
7020,2
7021,2
7022,2
7023,2
7024,2
7025,2
7026,2
7027,2
7028,2
7029,2
7030,2
7031,2
7032,2
7033,2
7034,2
7035,2
7036,2
7037,2
7038,2
7039,2
7040,2
7041,2
7042,2
7043,2
7044,2
7045,2
7046,2
7047,2
7048,2
7049,2
7050,2
7051,2
7052,2
7053,2
7054,2
7055,2
7056,2
7057,2
7058,2
7059,2
7060,2
7061,2
7062,2
7063,2
7064,2
7065,2
7066,2
7067,2
7068,2
7069,2
7070,2
7071,2
7072,2
7073,2
7074,2
7075,2
7076,2
7077,2
7078,2
7079,2
7080,2
7081,2
7082,2
7083,2
7084,2
7085,2
7086,2
7087,2
7088,2
7089,2
7090,2
7091,2
7092,2
7093,2
7094,2
7095,2
7096,2
7097,2
7098,2
7099,2
7100,2
7101,2
7102,2
7103,2
7104,2
7105,2
7106,2
7107,2
7108,2
7109,2
7110,2
7111,2
7112,2
7113,2
7114,2
7115,2
7116,2
7117,2
7118,2
7119,2
7120,2
7121,2
7122,2
7123,2
7124,2
7125,2
7126,2
7127,2
7128,2
7129,2
7130,2
7131,2
7132,2
7133,2
7134,2
7135,2
7136,2
7137,2
7138,2
7139,2
7140,2
7141,2
7142,2
7143,2
7144,2
7145,2
7146,2
7147,2
7148,2
7149,2
7150,2
7151,2
7152,2
7153,2
7154,2
7155,2
7156,2
7157,2
7158,2
7159,2
7160,2
7161,2
7162,2
7163,2
7164,2
7165,2
7166,2
7167,2
7168,2
7169,2
7170,2
7171,2
7172,2
7173,2
7174,2
7175,2
7176,2
7177,2
7178,2
7179,2
7180,2
7181,2
7182,2
7183,2
7184,2
7185,2
7186,2
7187,2
7188,2
7189,2
7190,2
7191,2
7192,2
7193,2
7194,2
7195,2
7196,2
7197,2
7198,2
7199,2
7200,2
7201,2
7202,2
7203,2
7204,2
7205,2
7206,2
7207,2
7208,2
7209,2
7210,2
7211,2
7212,2
7213,2
7214,2
7215,2
7216,2
7217,2
7218,2
7219,2
7220,2
7221,2
7222,2
7223,2
7224,2
7225,2
7226,2
7227,2
7228,2
7229,2
7230,2
7231,2
7232,2
7233,2
7234,2
7235,2
7236,2
7237,2
7238,2
7239,2
7240,2
7241,2
7242,2
7243,2
7244,2
7245,2
7246,2
7247,2
7248,2
7249,2
7250,2
7251,2
7252,2
7253,2
7254,2
7255,2
7256,2
7257,2
7258,2
7259,2
7260,2
7261,2
7262,2
7263,2
7264,2
7265,2
7266,2
7267,2
7268,2
7269,2
7270,2
7271,2
7272,2
7273,2
7274,2
7275,2
7276,2
7277,2
7278,2
7279,2
7280,2
7281,2
7282,2
7283,2
7284,2
7285,2
7286,2
7287,2
7288,2
7289,2
7290,2
7291,2
7292,2
7293,2
7294,2
7295,2
7296,2
7297,2
7298,2
7299,2
7300,2
7301,2
7302,2
7303,2
7304,2
7305,2
7306,2
7307,2
7308,2
7309,2
7310,2
7311,2
7312,2
7313,2
7314,2
7315,2
7316,2
7317,2
7318,2
7319,2
7320,2
7321,2
7322,2
7323,2
7324,2
7325,2
7326,2
7327,2
7328,2
7329,2
7330,2
7331,2
7332,2
7333,2
7334,2
7335,2
7336,2
7337,2
7338,2
7339,2
7340,2
7341,2
7342,2
7343,2
7344,2
7345,2
7346,2
7347,2
7348,2
7349,2
7350,2
7351,2
7352,2
7353,2
7354,2
7355,2
7356,2
7357,2
7358,2
7359,2
7360,2
7361,2
7362,2
7363,2
7364,2
7365,2
7366,2
7367,2
7368,2
7369,2
7370,2
7371,2
7372,2
7373,2
7374,2
7375,2
7376,2
7377,2
7378,2
7379,2
7380,2
7381,2
7382,2
7383,2
7384,2
7385,2
7386,2
7387,2
7388,2
7389,2
7390,2
7391,2
7392,2
7393,2
7394,2
7395,2
7396,2
7397,2
7398,2
7399,2
7400,2
7401,2
7402,2
7403,2
7404,2
7405,2
7406,2
7407,2
7408,2
7409,2
7410,2
7411,2
7412,2
7413,2
7414,2
7415,2
7416,2
7417,2
7418,2
7419,2
7420,2
7421,2
7422,2
7423,2
7424,2
7425,2
7426,2
7427,2
7428,2
7429,2
7430,2
7431,2
7432,2
7433,2
7434,2
7435,2
7436,2
7437,2
7438,2
7439,2
7440,2
7441,2
7442,2
7443,2
7444,2
7445,2
7446,2
7447,2
7448,2
7449,2
7450,2
7451,2
7452,2
7453,2
7454,2
7455,2
7456,2
7457,2
7458,2
7459,2
7460,2
7461,2
7462,2
7463,2
7464,2
7465,2
7466,2
7467,2
7468,2
7469,2
7470,2
7471,2
7472,2
7473,2
7474,2
7475,2
7476,2
7477,2
7478,2
7479,2
7480,2
7481,2
7482,2
7483,2
7484,2
7485,2
7486,2
7487,2
7488,2
7489,2
7490,2
7491,2
7492,2
7493,2
7494,2
7495,2
7496,2
7497,2
7498,2
7499,2
7500,2
7501,2
7502,2
7503,2
7504,2
7505,2
7506,2
7507,2
7508,2
7509,2
7510,2
7511,2
7512,2
7513,2
7514,2
7515,2
7516,2
7517,2
7518,2
7519,2
7520,2
7521,2
7522,2
7523,2
7524,2
7525,2
7526,2
7527,2
7528,2
7529,2
7530,2
7531,2
7532,2
7533,2
7534,2
7535,2
7536,2
7537,2
7538,2
7539,2
7540,2
7541,2
7542,2
7543,2
7544,2
7545,2
7546,2
7547,2
7548,2
7549,2
7550,2
7551,2
7552,2
7553,2
7554,2
7555,2
7556,2
7557,2
7558,2
7559,2
7560,2
7561,2
7562,2
7563,2
7564,2
7565,2
7566,2
7567,2
7568,2
7569,2
7570,2
7571,2
7572,2
7573,2
7574,2
7575,2
7576,2
7577,2
7578,2
7579,2
7580,2
7581,2
7582,2
7583,2
7584,2
7585,2
7586,2
7587,2
7588,2
7589,2
7590,2
7591,2
7592,2
7593,2
7594,2
7595,2
7596,2
7597,2
7598,2
7599,2
7600,2
7601,2
7602,2
7603,2
7604,2
7605,2
7606,2
7607,2
7608,2
7609,2
7610,2
7611,2
7612,2
7613,2
7614,2
7615,2
7616,2
7617,2
7618,2
7619,2
7620,2
7621,2
7622,2
7623,2
7624,2
7625,2
7626,2
7627,2
7628,2
7629,2
7630,2
7631,2
7632,2
7633,2
7634,2
7635,2
7636,2
7637,2
7638,2
7639,2
7640,2
7641,2
7642,2
7643,2
7644,2
7645,2
7646,2
7647,2
7648,2
7649,2
7650,2
7651,2
7652,2
7653,2
7654,2
7655,2
7656,2
7657,2
7658,2
7659,2
7660,2
7661,2
7662,2
7663,2
7664,2
7665,2
7666,2
7667,2
7668,2
7669,2
7670,2
7671,2
7672,2
7673,2
7674,2
7675,2
7676,2
7677,2
7678,2
7679,2
7680,2
7681,2
7682,2
7683,2
7684,2
7685,2
7686,2
7687,2
7688,2
7689,2
7690,2
7691,2
7692,2
7693,2
7694,2
7695,2
7696,2
7697,2
7698,2
7699,2
7700,2
7701,2
7702,2
7703,2
7704,2
7705,2
7706,2
7707,2
7708,2
7709,2
7710,2
7711,2
7712,2
7713,2
7714,2
7715,2
7716,2
7717,2
7718,2
7719,2
7720,2
7721,2
7722,2
7723,2
7724,2
7725,2
7726,2
7727,2
7728,2
7729,2
7730,2
7731,2
7732,2
7733,2
7734,2
7735,2
7736,2
7737,2
7738,2
7739,2
7740,2
7741,2
7742,2
7743,2
7744,2
7745,2
7746,2
7747,2
7748,2
7749,2
7750,2
7751,2
7752,2
7753,2
7754,2
7755,2
7756,2
7757,2
7758,2
7759,2
7760,2
7761,2
7762,2
7763,2
7764,2
7765,2
7766,2
7767,2
7768,2
7769,2
7770,2
7771,2
7772,2
7773,2
7774,2
7775,2
7776,2
7777,2
7778,2
7779,2
7780,2
7781,2
7782,2
7783,2
7784,2
7785,2
7786,2
7787,2
7788,2
7789,2
7790,2
7791,2
7792,2
7793,2
7794,2
7795,2
7796,2
7797,2
7798,2
7799,2
7800,2
7801,2
7802,2
7803,2
7804,2
7805,2
7806,2
7807,2
7808,2
7809,2
7810,2
7811,2
7812,2
7813,2
7814,2
7815,2
7816,2
7817,2
7818,2
7819,2
7820,2
7821,2
7822,2
7823,2
7824,2
7825,2
7826,2
7827,2
7828,2
7829,2
7830,2
7831,2
7832,2
7833,2
7834,2
7835,2
7836,2
7837,2
7838,2
7839,2
7840,2
7841,2
7842,2
7843,2
7844,2
7845,2
7846,2
7847,2
7848,2
7849,2
7850,2
7851,2
7852,2
7853,2
7854,2
7855,2
7856,2
7857,2
7858,2
7859,2
7860,2
7861,2
7862,2
7863,2
7864,2
7865,2
7866,2
7867,2
7868,2
7869,2
7870,2
7871,2
7872,2
7873,2
7874,2
7875,2
7876,2
7877,2
7878,2
7879,2
7880,2
7881,2
7882,2
7883,2
7884,2
7885,2
7886,2
7887,2
7888,2
7889,2
7890,2
7891,2
7892,2
7893,2
7894,2
7895,2
7896,2
7897,2
7898,2
7899,2
7900,2
7901,2
7902,2
7903,2
7904,2
7905,2
7906,2
7907,2
7908,2
7909,2
7910,2
7911,2
7912,2
7913,2
7914,2
7915,2
7916,2
7917,2
7918,2
7919,2
7920,2
7921,2
7922,2
7923,2
7924,2
7925,2
7926,2
7927,2
7928,2
7929,2
7930,2
7931,2
7932,2
7933,2
7934,2
7935,2
7936,2
7937,2
7938,2
7939,2
7940,2
7941,2
7942,2
7943,2
7944,2
7945,2
7946,2
7947,2
7948,2
7949,2
7950,2
7951,2
7952,2
7953,2
7954,2
7955,2
7956,2
7957,2
7958,2
7959,2
7960,2
7961,2
7962,2
7963,2
7964,2
7965,2
7966,2
7967,2
7968,2
7969,2
7970,2
7971,2
7972,2
7973,2
7974,2
7975,2
7976,2
7977,2
7978,2
7979,2
7980,2
7981,2
7982,2
7983,2
7984,2
7985,2
7986,2
7987,2
7988,2
7989,2
7990,2
7991,2
7992,2
7993,2
7994,2
7995,2
7996,2
7997,2
7998,2
7999,2
8000,2
8001,2
8002,2
8003,2
8004,2
8005,2
8006,2
8007,2
8008,2
8009,2
8010,2
8011,2
8012,2
8013,2
8014,2
8015,2
8016,2
8017,2
8018,2
8019,2
8020,2
8021,2
8022,2
8023,2
8024,2
8025,2
8026,2
8027,2
8028,2
8029,2
8030,2
8031,2
8032,2
8033,2
8034,2
8035,2
8036,2
8037,2
8038,2
8039,2
8040,2
8041,2
8042,2
8043,2
8044,2
8045,2
8046,2
8047,2
8048,2
8049,2
8050,2
8051,2
8052,2
8053,2
8054,2
8055,2
8056,2
8057,2
8058,2
8059,2
8060,2
8061,2
8062,2
8063,2
8064,2
8065,2
8066,2
8067,2
8068,2
8069,2
8070,2
8071,2
8072,2
8073,2
8074,2
8075,2
8076,2
8077,2
8078,2
8079,2
8080,2
8081,2
8082,2
8083,2
8084,2
8085,2
8086,2
8087,2
8088,2
8089,2
8090,2
8091,2
8092,2
8093,2
8094,2
8095,2
8096,2
8097,2
8098,2
8099,2
8100,2
8101,2
8102,2
8103,2
8104,2
8105,2
8106,2
8107,2
8108,2
8109,2
8110,2
8111,2
8112,2
8113,2
8114,2
8115,2
8116,2
8117,2
8118,2
8119,2
8120,2
8121,2
8122,2
8123,2
8124,2
8125,2
8126,2
8127,2
8128,2
8129,2
8130,2
8131,2
8132,2
8133,2
8134,2
8135,2
8136,2
8137,2
8138,2
8139,2
8140,2
8141,2
8142,2
8143,2
8144,2
8145,2
8146,2
8147,2
8148,2
8149,2
8150,2
8151,2
8152,2
8153,2
8154,2
8155,2
8156,2
8157,2
8158,2
8159,2
8160,2
8161,2
8162,2
8163,2
8164,2
8165,2
8166,2
8167,2
8168,2
8169,2
8170,2
8171,2
8172,2
8173,2
8174,2
8175,2
8176,2
8177,2
8178,2
8179,2
8180,2
8181,2
8182,2
8183,2
8184,2
8185,2
8186,2
8187,2
8188,2
8189,2
8190,2
8191,2
8192,2
8193,2
8194,2
8195,2
8196,2
8197,2
8198,2
8199,2
8200,2
8201,2
8202,2
8203,2
8204,2
8205,2
8206,2
8207,2
8208,2
8209,2
8210,2
8211,2
8212,2
8213,2
8214,2
8215,2
8216,2
8217,2
8218,2
8219,2
8220,2
8221,2
8222,2
8223,2
8224,2
8225,2
8226,2
8227,2
8228,2
8229,2
8230,2
8231,2
8232,2
8233,2
8234,2
8235,2
8236,2
8237,2
8238,2
8239,2
8240,2
8241,2
8242,2
8243,2
8244,2
8245,2
8246,2
8247,2
8248,2
8249,2
8250,2
8251,2
8252,2
8253,2
8254,2
8255,2
8256,2
8257,2
8258,2
8259,2
8260,2
8261,2
8262,2
8263,2
8264,2
8265,2
8266,2
8267,2
8268,2
8269,2
8270,2
8271,2
8272,2
8273,2
8274,2
8275,2
8276,2
8277,2
8278,2
8279,2
8280,2
8281,2
8282,2
8283,2
8284,2
8285,2
8286,2
8287,2
8288,2
8289,2
8290,2
8291,2
8292,2
8293,2
8294,2
8295,2
8296,2
8297,2
8298,2
8299,2
8300,2
8301,2
8302,2
8303,2
8304,2
8305,2
8306,2
8307,2
8308,2
8309,2
8310,2
8311,2
8312,2
8313,2
8314,2
8315,2
8316,2
8317,2
8318,2
8319,2
8320,2
8321,2
8322,2
8323,2
8324,2
8325,2
8326,2
8327,2
8328,2
8329,2
8330,2
8331,2
8332,2
8333,2
8334,2
8335,2
8336,2
8337,2
8338,2
8339,2
8340,2
8341,2
8342,2
8343,2
8344,2
8345,2
8346,2
8347,2
8348,2
8349,2
8350,2
8351,2
8352,2
8353,2
8354,2
8355,2
8356,2
8357,2
8358,2
8359,2
8360,2
8361,2
8362,2
8363,2
8364,2
8365,2
8366,2
8367,2
8368,2
8369,2
8370,2
8371,2
8372,2
8373,2
8374,2
8375,2
8376,2
8377,2
8378,2
8379,2
8380,2
8381,2
8382,2
8383,2
8384,2
8385,2
8386,2
8387,2
8388,2
8389,2
8390,2
8391,2
8392,2
8393,2
8394,2
8395,2
8396,2
8397,2
8398,2
8399,2
8400,2
8401,2
8402,2
8403,2
8404,2
8405,2
8406,2
8407,2
8408,2
8409,2
8410,2
8411,2
8412,2
8413,2
8414,2
8415,2
8416,2
8417,2
8418,2
8419,2
8420,2
8421,2
8422,2
8423,2
8424,2
8425,2
8426,2
8427,2
8428,2
8429,2
8430,2
8431,2
8432,2
8433,2
8434,2
8435,2
8436,2
8437,2
8438,2
8439,2
8440,2
8441,2
8442,2
8443,2
8444,2
8445,2
8446,2
8447,2
8448,2
8449,2
8450,2
8451,2
8452,2
8453,2
8454,2
8455,2
8456,2
8457,2
8458,2
8459,2
8460,2
8461,2
8462,2
8463,2
8464,2
8465,2
8466,2
8467,2
8468,2
8469,2
8470,2
8471,2
8472,2
8473,2
8474,2
8475,2
8476,2
8477,2
8478,2
8479,2
8480,2
8481,2
8482,2
8483,2
8484,2
8485,2
8486,2
8487,2
8488,2
8489,2
8490,2
8491,2
8492,2
8493,2
8494,2
8495,2
8496,2
8497,2
8498,2
8499,2
8500,2
8501,2
8502,2
8503,2
8504,2
8505,2
8506,2
8507,2
8508,2
8509,2
8510,2
8511,2
8512,2
8513,2
8514,2
8515,2
8516,2
8517,2
8518,2
8519,2
8520,2
8521,2
8522,2
8523,2
8524,2
8525,2
8526,2
8527,2
8528,2
8529,2
8530,2
8531,2
8532,2
8533,2
8534,2
8535,2
8536,2
8537,2
8538,2
8539,2
8540,2
8541,2
8542,2
8543,2
8544,2
8545,2
8546,2
8547,2
8548,2
8549,2
8550,2
8551,2
8552,2
8553,2
8554,2
8555,2
8556,2
8557,2
8558,2
8559,2
8560,2
8561,2
8562,2
8563,2
8564,2
8565,2
8566,2
8567,2
8568,2
8569,2
8570,2
8571,2
8572,2
8573,2
8574,2
8575,2
8576,2
8577,2
8578,2
8579,2
8580,2
8581,2
8582,2
8583,2
8584,2
8585,2
8586,2
8587,2
8588,2
8589,2
8590,2
8591,2
8592,2
8593,2
8594,2
8595,2
8596,2
8597,2
8598,2
8599,2
8600,2
8601,2
8602,2
8603,2
8604,2
8605,2
8606,2
8607,2
8608,2
8609,2
8610,2
8611,2
8612,2
8613,2
8614,2
8615,2
8616,2
8617,2
8618,2
8619,2
8620,2
8621,2
8622,2
8623,2
8624,2
8625,2
8626,2
8627,2
8628,2
8629,2
8630,2
8631,2
8632,2
8633,2
8634,2
8635,2
8636,2
8637,2
8638,2
8639,2
8640,2
8641,2
8642,2
8643,2
8644,2
8645,2
8646,2
8647,2
8648,2
8649,2
8650,2
8651,2
8652,2
8653,2
8654,2
8655,2
8656,2
8657,2
8658,2
8659,2
8660,2
8661,2
8662,2
8663,2
8664,2
8665,2
8666,2
8667,2
8668,2
8669,2
8670,2
8671,2
8672,2
8673,2
8674,2
8675,2
8676,2
8677,2
8678,2
8679,2
8680,2
8681,2
8682,2
8683,2
8684,2
8685,2
8686,2
8687,2
8688,2
8689,2
8690,2
8691,2
8692,2
8693,2
8694,2
8695,2
8696,2
8697,2
8698,2
8699,2
8700,2
8701,2
8702,2
8703,2
8704,2
8705,2
8706,2
8707,2
8708,2
8709,2
8710,2
8711,2
8712,2
8713,2
8714,2
8715,2
8716,2
8717,2
8718,2
8719,2
8720,2
8721,2
8722,2
8723,2
8724,2
8725,2
8726,2
8727,2
8728,2
8729,2
8730,2
8731,2
8732,2
8733,2
8734,2
8735,2
8736,2
8737,2
8738,2
8739,2
8740,2
8741,2
8742,2
8743,2
8744,2
8745,2
8746,2
8747,2
8748,2
8749,2
8750,2
8751,2
8752,2
8753,2
8754,2
8755,2
8756,2
8757,2
8758,2
8759,2
8760,2
8761,2
8762,2
8763,2
8764,2
8765,2
8766,2
8767,2
8768,2
8769,2
8770,2
8771,2
8772,2
8773,2
8774,2
8775,2
8776,2
8777,2
8778,2
8779,2
8780,2
8781,2
8782,2
8783,2
8784,2
8785,2
8786,2
8787,2
8788,2
8789,2
8790,2
8791,2
8792,2
8793,2
8794,2
8795,2
8796,2
8797,2
8798,2
8799,2
8800,2
8801,2
8802,2
8803,2
8804,2
8805,2
8806,2
8807,2
8808,2
8809,2
8810,2
8811,2
8812,2
8813,2
8814,2
8815,2
8816,2
8817,2
8818,2
8819,2
8820,2
8821,2
8822,2
8823,2
8824,2
8825,2
8826,2
8827,2
8828,2
8829,2
8830,2
8831,2
8832,2
8833,2
8834,2
8835,2
8836,2
8837,2
8838,2
8839,2
8840,2
8841,2
8842,2
8843,2
8844,2
8845,2
8846,2
8847,2
8848,2
8849,2
8850,2
8851,2
8852,2
8853,2
8854,2
8855,2
8856,2
8857,2
8858,2
8859,2
8860,2
8861,2
8862,2
8863,2
8864,2
8865,2
8866,2
8867,2
8868,2
8869,2
8870,2
8871,2
8872,2
8873,2
8874,2
8875,2
8876,2
8877,2
8878,2
8879,2
8880,2
8881,2
8882,2
8883,2
8884,2
8885,2
8886,2
8887,2
8888,2
8889,2
8890,2
8891,2
8892,2
8893,2
8894,2
8895,2
8896,2
8897,2
8898,2
8899,2
8900,2
8901,2
8902,2
8903,2
8904,2
8905,2
8906,2
8907,2
8908,2
8909,2
8910,2
8911,2
8912,2
8913,2
8914,2
8915,2
8916,2
8917,2
8918,2
8919,2
8920,2
8921,2
8922,2
8923,2
8924,2
8925,2
8926,2
8927,2
8928,2
8929,2
8930,2
8931,2
8932,2
8933,2
8934,2
8935,2
8936,2
8937,2
8938,2
8939,2
8940,2
8941,2
8942,2
8943,2
8944,2
8945,2
8946,2
8947,2
8948,2
8949,2
8950,2
8951,2
8952,2
8953,2
8954,2
8955,2
8956,2
8957,2
8958,2
8959,2
8960,2
8961,2
8962,2
8963,2
8964,2
8965,2
8966,2
8967,2
8968,2
8969,2
8970,2
8971,2
8972,2
8973,2
8974,2
8975,2
8976,2
8977,2
8978,2
8979,2
8980,2
8981,2
8982,2
8983,2
8984,2
8985,2
8986,2
8987,2
8988,2
8989,2
8990,2
8991,2
8992,2
8993,2
8994,2
8995,2
8996,2
8997,2
8998,2
8999,2
9000,2
9001,2
9002,2
9003,2
9004,2
9005,2
9006,2
9007,2
9008,2
9009,2
9010,2
9011,2
9012,2
9013,2
9014,2
9015,2
9016,2
9017,2
9018,2
9019,2
9020,2
9021,2
9022,2
9023,2
9024,2
9025,2
9026,2
9027,2
9028,2
9029,2
9030,2
9031,2
9032,2
9033,2
9034,2
9035,2
9036,2
9037,2
9038,2
9039,2
9040,2
9041,2
9042,2
9043,2
9044,2
9045,2
9046,2
9047,2
9048,2
9049,2
9050,2
9051,2
9052,2
9053,2
9054,2
9055,2
9056,2
9057,2
9058,2
9059,2
9060,2
9061,2
9062,2
9063,2
9064,2
9065,2
9066,2
9067,2
9068,2
9069,2
9070,2
9071,2
9072,2
9073,2
9074,2
9075,2
9076,2
9077,2
9078,2
9079,2
9080,2
9081,2
9082,2
9083,2
9084,2
9085,2
9086,2
9087,2
9088,2
9089,2
9090,2
9091,2
9092,2
9093,2
9094,2
9095,2
9096,2
9097,2
9098,2
9099,2
9100,2
9101,2
9102,2
9103,2
9104,2
9105,2
9106,2
9107,2
9108,2
9109,2
9110,2
9111,2
9112,2
9113,2
9114,2
9115,2
9116,2
9117,2
9118,2
9119,2
9120,2
9121,2
9122,2
9123,2
9124,2
9125,2
9126,2
9127,2
9128,2
9129,2
9130,2
9131,2
9132,2
9133,2
9134,2
9135,2
9136,2
9137,2
9138,2
9139,2
9140,2
9141,2
9142,2
9143,2
9144,2
9145,2
9146,2
9147,2
9148,2
9149,2
9150,2
9151,2
9152,2
9153,2
9154,2
9155,2
9156,2
9157,2
9158,2
9159,2
9160,2
9161,2
9162,2
9163,2
9164,2
9165,2
9166,2
9167,2
9168,2
9169,2
9170,2
9171,2
9172,2
9173,2
9174,2
9175,2
9176,2
9177,2
9178,2
9179,2
9180,2
9181,2
9182,2
9183,2
9184,2
9185,2
9186,2
9187,2
9188,2
9189,2
9190,2
9191,2
9192,2
9193,2
9194,2
9195,2
9196,2
9197,2
9198,2
9199,2
9200,2
9201,2
9202,2
9203,2
9204,2
9205,2
9206,2
9207,2
9208,2
9209,2
9210,2
9211,2
9212,2
9213,2
9214,2
9215,2
9216,2
9217,2
9218,2
9219,2
9220,2
9221,2
9222,2
9223,2
9224,2
9225,2
9226,2
9227,2
9228,2
9229,2
9230,2
9231,2
9232,2
9233,2
9234,2
9235,2
9236,2
9237,2
9238,2
9239,2
9240,2
9241,2
9242,2
9243,2
9244,2
9245,2
9246,2
9247,2
9248,2
9249,2
9250,2
9251,2
9252,2
9253,2
9254,2
9255,2
9256,2
9257,2
9258,2
9259,2
9260,2
9261,2
9262,2
9263,2
9264,2
9265,2
9266,2
9267,2
9268,2
9269,2
9270,2
9271,2
9272,2
9273,2
9274,2
9275,2
9276,2
9277,2
9278,2
9279,2
9280,2
9281,2
9282,2
9283,2
9284,2
9285,2
9286,2
9287,2
9288,2
9289,2
9290,2
9291,2
9292,2
9293,2
9294,2
9295,2
9296,2
9297,2
9298,2
9299,2
9300,2
9301,2
9302,2
9303,2
9304,2
9305,2
9306,2
9307,2
9308,2
9309,2
9310,2
9311,2
9312,2
9313,2
9314,2
9315,2
9316,2
9317,2
9318,2
9319,2
9320,2
9321,2
9322,2
9323,2
9324,2
9325,2
9326,2
9327,2
9328,2
9329,2
9330,2
9331,2
9332,2
9333,2
9334,2
9335,2
9336,2
9337,2
9338,2
9339,2
9340,2
9341,2
9342,2
9343,2
9344,2
9345,2
9346,2
9347,2
9348,2
9349,2
9350,2
9351,2
9352,2
9353,2
9354,2
9355,2
9356,2
9357,2
9358,2
9359,2
9360,2
9361,2
9362,2
9363,2
9364,2
9365,2
9366,2
9367,2
9368,2
9369,2
9370,2
9371,2
9372,2
9373,2
9374,2
9375,2
9376,2
9377,2
9378,2
9379,2
9380,2
9381,2
9382,2
9383,2
9384,2
9385,2
9386,2
9387,2
9388,2
9389,2
9390,2
9391,2
9392,2
9393,2
9394,2
9395,2
9396,2
9397,2
9398,2
9399,2
9400,2
9401,2
9402,2
9403,2
9404,2
9405,2
9406,2
9407,2
9408,2
9409,2
9410,2
9411,2
9412,2
9413,2
9414,2
9415,2
9416,2
9417,2
9418,2
9419,2
9420,2
9421,2
9422,2
9423,2
9424,2
9425,2
9426,2
9427,2
9428,2
9429,2
9430,2
9431,2
9432,2
9433,2
9434,2
9435,2
9436,2
9437,2
9438,2
9439,2
9440,2
9441,2
9442,2
9443,2
9444,2
9445,2
9446,2
9447,2
9448,2
9449,2
9450,2
9451,2
9452,2
9453,2
9454,2
9455,2
9456,2
9457,2
9458,2
9459,2
9460,2
9461,2
9462,2
9463,2
9464,2
9465,2
9466,2
9467,2
9468,2
9469,2
9470,2
9471,2
9472,2
9473,2
9474,2
9475,2
9476,2
9477,2
9478,2
9479,2
9480,2
9481,2
9482,2
9483,2
9484,2
9485,2
9486,2
9487,2
9488,2
9489,2
9490,2
9491,2
9492,2
9493,2
9494,2
9495,2
9496,2
9497,2
9498,2
9499,2
9500,2
9501,2
9502,2
9503,2
9504,2
9505,2
9506,2
9507,2
9508,2
9509,2
9510,2
9511,2
9512,2
9513,2
9514,2
9515,2
9516,2
9517,2
9518,2
9519,2
9520,2
9521,2
9522,2
9523,2
9524,2
9525,2
9526,2
9527,2
9528,2
9529,2
9530,2
9531,2
9532,2
9533,2
9534,2
9535,2
9536,2
9537,2
9538,2
9539,2
9540,2
9541,2
9542,2
9543,2
9544,2
9545,2
9546,2
9547,2
9548,2
9549,2
9550,2
9551,2
9552,2
9553,2
9554,2
9555,2
9556,2
9557,2
9558,2
9559,2
9560,2
9561,2
9562,2
9563,2
9564,2
9565,2
9566,2
9567,2
9568,2
9569,2
9570,2
9571,2
9572,2
9573,2
9574,2
9575,2
9576,2
9577,2
9578,2
9579,2
9580,2
9581,2
9582,2
9583,2
9584,2
9585,2
9586,2
9587,2
9588,2
9589,2
9590,2
9591,2
9592,2
9593,2
9594,2
9595,2
9596,2
9597,2
9598,2
9599,2
9600,2
9601,2
9602,2
9603,2
9604,2
9605,2
9606,2
9607,2
9608,2
9609,2
9610,2
9611,2
9612,2
9613,2
9614,2
9615,2
9616,2
9617,2
9618,2
9619,2
9620,2
9621,2
9622,2
9623,2
9624,2
9625,2
9626,2
9627,2
9628,2
9629,2
9630,2
9631,2
9632,2
9633,2
9634,2
9635,2
9636,2
9637,2
9638,2
9639,2
9640,2
9641,2
9642,2
9643,2
9644,2
9645,2
9646,2
9647,2
9648,2
9649,2
9650,2
9651,2
9652,2
9653,2
9654,2
9655,2
9656,2
9657,2
9658,2
9659,2
9660,2
9661,2
9662,2
9663,2
9664,2
9665,2
9666,2
9667,2
9668,2
9669,2
9670,2
9671,2
9672,2
9673,2
9674,2
9675,2
9676,2
9677,2
9678,2
9679,2
9680,2
9681,2
9682,2
9683,2
9684,2
9685,2
9686,2
9687,2
9688,2
9689,2
9690,2
9691,2
9692,2
9693,2
9694,2
9695,2
9696,2
9697,2
9698,2
9699,2
9700,2
9701,2
9702,2
9703,2
9704,2
9705,2
9706,2
9707,2
9708,2
9709,2
9710,2
9711,2
9712,2
9713,2
9714,2
9715,2
9716,2
9717,2
9718,2
9719,2
9720,2
9721,2
9722,2
9723,2
9724,2
9725,2
9726,2
9727,2
9728,2
9729,2
9730,2
9731,2
9732,2
9733,2
9734,2
9735,2
9736,2
9737,2
9738,2
9739,2
9740,2
9741,2
9742,2
9743,2
9744,2
9745,2
9746,2
9747,2
9748,2
9749,2
9750,2
9751,2
9752,2
9753,2
9754,2
9755,2
9756,2
9757,2
9758,2
9759,2
9760,2
9761,2
9762,2
9763,2
9764,2
9765,2
9766,2
9767,2
9768,2
9769,2
9770,2
9771,2
9772,2
9773,2
9774,2
9775,2
9776,2
9777,2
9778,2
9779,2
9780,2
9781,2
9782,2
9783,2
9784,2
9785,2
9786,2
9787,2
9788,2
9789,2
9790,2
9791,2
9792,2
9793,2
9794,2
9795,2
9796,2
9797,2
9798,2
9799,2
9800,2
9801,2
9802,2
9803,2
9804,2
9805,2
9806,2
9807,2
9808,2
9809,2
9810,2
9811,2
9812,2
9813,2
9814,2
9815,2
9816,2
9817,2
9818,2
9819,2
9820,2
9821,2
9822,2
9823,2
9824,2
9825,2
9826,2
9827,2
9828,2
9829,2
9830,2
9831,2
9832,2
9833,2
9834,2
9835,2
9836,2
9837,2
9838,2
9839,2
9840,2
9841,2
9842,2
9843,2
9844,2
9845,2
9846,2
9847,2
9848,2
9849,2
9850,2
9851,2
9852,2
9853,2
9854,2
9855,2
9856,2
9857,2
9858,2
9859,2
9860,2
9861,2
9862,2
9863,2
9864,2
9865,2
9866,2
9867,2
9868,2
9869,2
9870,2
9871,2
9872,2
9873,2
9874,2
9875,2
9876,2
9877,2
9878,2
9879,2
9880,2
9881,2
9882,2
9883,2
9884,2
9885,2
9886,2
9887,2
9888,2
9889,2
9890,2
9891,2
9892,2
9893,2
9894,2
9895,2
9896,2
9897,2
9898,2
9899,2
9900,2
9901,2
9902,2
9903,2
9904,2
9905,2
9906,2
9907,2
9908,2
9909,2
9910,2
9911,2
9912,2
9913,2
9914,2
9915,2
9916,2
9917,2
9918,2
9919,2
9920,2
9921,2
9922,2
9923,2
9924,2
9925,2
9926,2
9927,2
9928,2
9929,2
9930,2
9931,2
9932,2
9933,2
9934,2
9935,2
9936,2
9937,2
9938,2
9939,2
9940,2
9941,2
9942,2
9943,2
9944,2
9945,2
9946,2
9947,2
9948,2
9949,2
9950,2
9951,2
9952,2
9953,2
9954,2
9955,2
9956,2
9957,2
9958,2
9959,2
9960,2
9961,2
9962,2
9963,2
9964,2
9965,2
9966,2
9967,2
9968,2
9969,2
9970,2
9971,2
9972,2
9973,2
9974,2
9975,2
9976,2
9977,2
9978,2
9979,2
9980,2
9981,2
9982,2
9983,2
9984,2
9985,2
9986,2
9987,2
9988,2
9989,2
9990,2
9991,2
9992,2
9993,2
9994,2
9995,2
9996,2
9997,2
9998,2
9999,2
10000,2
10001,2
10002,2
10003,2
10004,2
10005,2
10006,2
10007,2
10008,2
10009,2
10010,2
10011,2
10012,2
10013,2
10014,2
10015,2
10016,2
10017,2
10018,2
10019,2
10020,2
10021,2
10022,2
10023,2
10024,2
10025,2
10026,2
10027,2
10028,2
10029,2
10030,2
10031,2
10032,2
10033,2
10034,2
10035,2
10036,2
10037,2
10038,2
10039,2
10040,2
10041,2
10042,2
10043,2
10044,2
10045,2
10046,2
10047,2
10048,2
10049,2
10050,2
10051,2
10052,2
10053,2
10054,2
10055,2
10056,2
10057,2
10058,2
10059,2
10060,2
10061,2
10062,2
10063,2
10064,2
10065,2
10066,2
10067,2
10068,2
10069,2
10070,2
10071,2
10072,2
10073,2
10074,2
10075,2
10076,2
10077,2
10078,2
10079,2
10080,2
10081,2
10082,2
10083,2
10084,2
10085,2
10086,2
10087,2
10088,2
10089,2
10090,2
10091,2
10092,2
10093,2
10094,2
10095,2
10096,2
10097,2
10098,2
10099,2
10100,2
10101,2
10102,2
10103,2
10104,2
10105,2
10106,2
10107,2
10108,2
10109,2
10110,2
10111,2
10112,2
10113,2
10114,2
10115,2
10116,2
10117,2
10118,2
10119,2
10120,2
10121,2
10122,2
10123,2
10124,2
10125,2
10126,2
10127,2
10128,2
10129,2
10130,2
10131,2
10132,2
10133,2
10134,2
10135,2
10136,2
10137,2
10138,2
10139,2
10140,2
10141,2
10142,2
10143,2
10144,2
10145,2
10146,2
10147,2
10148,2
10149,2
10150,2
10151,2
10152,2
10153,2
10154,2
10155,2
10156,2
10157,2
10158,2
10159,2
10160,2
10161,2
10162,2
10163,2
10164,2
10165,2
10166,2
10167,2
10168,2
10169,2
10170,2
10171,2
10172,2
10173,2
10174,2
10175,2
10176,2
10177,2
10178,2
10179,2
10180,2
10181,2
10182,2
10183,2
10184,2
10185,2
10186,2
10187,2
10188,2
10189,2
10190,2
10191,2
10192,2
10193,2
10194,2
10195,2
10196,2
10197,2
10198,2
10199,2
10200,2
10201,2
10202,2
10203,2
10204,2
10205,2
10206,2
10207,2
10208,2
10209,2
10210,2
10211,2
10212,2
10213,2
10214,2
10215,2
10216,2
10217,2
10218,2
10219,2
10220,2
10221,2
10222,2
10223,2
10224,2
10225,2
10226,2
10227,2
10228,2
10229,2
10230,2
10231,2
10232,2
10233,2
10234,2
10235,2
10236,2
10237,2
10238,2
10239,2
10240,2
10241,2
10242,2
10243,2
10244,2
10245,2
10246,2
10247,2
10248,2
10249,2
10250,2
10251,2
10252,2
10253,2
10254,2
10255,2
10256,2
10257,2
10258,2
10259,2
10260,2
10261,2
10262,2
10263,2
10264,2
10265,2
10266,2
10267,2
10268,2
10269,2
10270,2
10271,2
10272,2
10273,2
10274,2
10275,2
10276,2
10277,2
10278,2
10279,2
10280,2
10281,2
10282,2
10283,2
10284,2
10285,2
10286,2
10287,2
10288,2
10289,2
10290,2
10291,2
10292,2
10293,2
10294,2
10295,2
10296,2
10297,2
10298,2
10299,2
10300,2
10301,2
10302,2
10303,2
10304,2
10305,2
10306,2
10307,2
10308,2
10309,2
10310,2
10311,2
10312,2
10313,2
10314,2
10315,2
10316,2
10317,2
10318,2
10319,2
10320,2
10321,2
10322,2
10323,2
10324,2
10325,2
10326,2
10327,2
10328,2
10329,2
10330,2
10331,2
10332,2
10333,2
10334,2
10335,2
10336,2
10337,2
10338,2
10339,2
10340,2
10341,2
10342,2
10343,2
10344,2
10345,2
10346,2
10347,2
10348,2
10349,2
10350,2
10351,2
10352,2
10353,2
10354,2
10355,2
10356,2
10357,2
10358,2
10359,2
10360,2
10361,2
10362,2
10363,2
10364,2
10365,2
10366,2
10367,2
10368,2
10369,2
10370,2
10371,2
10372,2
10373,2
10374,2
10375,2
10376,2
10377,2
10378,2
10379,2
10380,2
10381,2
10382,2
10383,2
10384,2
10385,2
10386,2
10387,2
10388,2
10389,2
10390,2
10391,2
10392,2
10393,2
10394,2
10395,2
10396,2
10397,2
10398,2
10399,2
10400,2
10401,2
10402,2
10403,2
10404,2
10405,2
10406,2
10407,2
10408,2
10409,2
10410,2
10411,2
10412,2
10413,2
10414,2
10415,2
10416,2
10417,2
10418,2
10419,2
10420,2
10421,2
10422,2
10423,2
10424,2
10425,2
10426,2
10427,2
10428,2
10429,2
10430,2
10431,2
10432,2
10433,2
10434,2
10435,2
10436,2
10437,2
10438,2
10439,2
10440,2
10441,2
10442,2
10443,2
10444,2
10445,2
10446,2
10447,2
10448,2
10449,2
10450,2
10451,2
10452,2
10453,2
10454,2
10455,2
10456,2
10457,2
10458,2
10459,2
10460,2
10461,2
10462,2
10463,2
10464,2
10465,2
10466,2
10467,2
10468,2
10469,2
10470,2
10471,2
10472,2
10473,2
10474,2
10475,2
10476,2
10477,2
10478,2
10479,2
10480,2
10481,2
10482,2
10483,2
10484,2
10485,2
10486,2
10487,2
10488,2
10489,2
10490,2
10491,2
10492,2
10493,2
10494,2
10495,2
10496,2
10497,2
10498,2
10499,2
10500,2
10501,2
10502,2
10503,2
10504,2
10505,2
10506,2
10507,2
10508,2
10509,2
10510,2
10511,2
10512,2
10513,2
10514,2
10515,2
10516,2
10517,2
10518,2
10519,2
10520,2
10521,2
10522,2
10523,2
10524,2
10525,2
10526,2
10527,2
10528,2
10529,2
10530,2
10531,2
10532,2
10533,2
10534,2
10535,2
10536,2
10537,2
10538,2
10539,2
10540,2
10541,2
10542,2
10543,2
10544,2
10545,2
10546,2
10547,2
10548,2
10549,2
10550,2
10551,2
10552,2
10553,2
10554,2
10555,2
10556,2
10557,2
10558,2
10559,2
10560,2
10561,2
10562,2
10563,2
10564,2
10565,2
10566,2
10567,2
10568,2
10569,2
10570,2
10571,2
10572,2
10573,2
10574,2
10575,2
10576,2
10577,2
10578,2
10579,2
10580,2
10581,2
10582,2
10583,2
10584,2
10585,2
10586,2
10587,2
10588,2
10589,2
10590,2
10591,2
10592,2
10593,2
10594,2
10595,2
10596,2
10597,2
10598,2
10599,2
10600,2
10601,2
10602,2
10603,2
10604,2
10605,2
10606,2
10607,2
10608,2
10609,2
10610,2
10611,2
10612,2
10613,2
10614,2
10615,2
10616,2
10617,2
10618,2
10619,2
10620,2
10621,2
10622,2
10623,2
10624,2
10625,2
10626,2
10627,2
10628,2
10629,2
10630,2
10631,2
10632,2
10633,2
10634,2
10635,2
10636,2
10637,2
10638,2
10639,2
10640,2
10641,2
10642,2
10643,2
10644,2
10645,2
10646,2
10647,2
10648,2
10649,2
10650,2
10651,2
10652,2
10653,2
10654,2
10655,2
10656,2
10657,2
10658,2
10659,2
10660,2
10661,2
10662,2
10663,2
10664,2
10665,2
10666,2
10667,2
10668,2
10669,2
10670,2
10671,2
10672,2
10673,2
10674,2
10675,2
10676,2
10677,2
10678,2
10679,2
10680,2
10681,2
10682,2
10683,2
10684,2
10685,2
10686,2
10687,2
10688,2
10689,2
10690,2
10691,2
10692,2
10693,2
10694,2
10695,2
10696,2
10697,2
10698,2
10699,2
10700,2
10701,2
10702,2
10703,2
10704,2
10705,2
10706,2
10707,2
10708,2
10709,2
10710,2
10711,2
10712,2
10713,2
10714,2
10715,2
10716,2
10717,2
10718,2
10719,2
10720,2
10721,2
10722,2
10723,2
10724,2
10725,2
10726,2
10727,2
10728,2
10729,2
10730,2
10731,2
10732,2
10733,2
10734,2
10735,2
10736,2
10737,2
10738,2
10739,2
10740,2
10741,2
10742,2
10743,2
10744,2
10745,2
10746,2
10747,2
10748,2
10749,2
10750,2
10751,2
10752,2
10753,2
10754,2
10755,2
10756,2
10757,2
10758,2
10759,2
10760,2
10761,2
10762,2
10763,2
10764,2
10765,2
10766,2
10767,2
10768,2
10769,2
10770,2
10771,2
10772,2
10773,2
10774,2
10775,2
10776,2
10777,2
10778,2
10779,2
10780,2
10781,2
10782,2
10783,2
10784,2
10785,2
10786,2
10787,2
10788,2
10789,2
10790,2
10791,2
10792,2
10793,2
10794,2
10795,2
10796,2
10797,2
10798,2
10799,2
10800,2
10801,2
10802,2
10803,2
10804,2
10805,2
10806,2
10807,2
10808,2
10809,2
10810,2
10811,2
10812,2
10813,2
10814,2
10815,2
10816,2
10817,2
10818,2
10819,2
10820,2
10821,2
10822,2
10823,2
10824,2
10825,2
10826,2
10827,2
10828,2
10829,2
10830,2
10831,2
10832,2
10833,2
10834,2
10835,2
10836,2
10837,2
10838,2
10839,2
10840,2
10841,2
10842,2
10843,2
10844,2
10845,2
10846,2
10847,2
10848,2
10849,2
10850,2
10851,2
10852,2
10853,2
10854,2
10855,2
10856,2
10857,2
10858,2
10859,2
10860,2
10861,2
10862,2
10863,2
10864,2
10865,2
10866,2
10867,2
10868,2
10869,2
10870,2
10871,2
10872,2
10873,2
10874,2
10875,2
10876,2
10877,2
10878,2
10879,2
10880,2
10881,2
10882,2
10883,2
10884,2
10885,2
10886,2
10887,2
10888,2
10889,2
10890,2
10891,2
10892,2
10893,2
10894,2
10895,2
10896,2
10897,2
10898,2
10899,2
10900,2
10901,2
10902,2
10903,2
10904,2
10905,2
10906,2
10907,2
10908,2
10909,2
10910,2
10911,2
10912,2
10913,2
10914,2
10915,2
10916,2
10917,2
10918,2
10919,2
10920,2
10921,2
10922,2
10923,2
10924,2
10925,2
10926,2
10927,2
10928,2
10929,2
10930,2
10931,2
10932,2
10933,2
10934,2
10935,2
10936,2
10937,2
10938,2
10939,2
10940,2
10941,2
10942,2
10943,2
10944,2
10945,2
10946,2
10947,2
10948,2
10949,2
10950,2
10951,2
10952,2
10953,2
10954,2
10955,2
10956,2
10957,2
10958,2
10959,2
10960,2
10961,2
10962,2
10963,2
10964,2
10965,2
10966,2
10967,2
10968,2
10969,2
10970,2
10971,2
10972,2
10973,2
10974,2
10975,2
10976,2
10977,2
10978,2
10979,2
10980,2
10981,2
10982,2
10983,2
10984,2
10985,2
10986,2
10987,2
10988,2
10989,2
10990,2
10991,2
10992,2
10993,2
10994,2
10995,2
10996,2
10997,2
10998,2
10999,2
11000,2
11001,2
11002,2
11003,2
11004,2
11005,2
11006,2
11007,2
11008,2
11009,2
11010,2
11011,2
11012,2
11013,2
11014,2
11015,2
11016,2
11017,2
11018,2
11019,2
11020,2
11021,2
11022,2
11023,2
11024,2
11025,2
11026,2
11027,2
11028,2
11029,2
11030,2
11031,2
11032,2
11033,2
11034,2
11035,2
11036,2
11037,2
11038,2
11039,2
11040,2
11041,2
11042,2
11043,2
11044,2
11045,2
11046,2
11047,2
11048,2
11049,2
11050,2
11051,2
11052,2
11053,2
11054,2
11055,2
11056,2
11057,2
11058,2
11059,2
11060,2
11061,2
11062,2
11063,2
11064,2
11065,2
11066,2
11067,2
11068,2
11069,2
11070,2
11071,2
11072,2
11073,2
11074,2
11075,2
11076,2
11077,2
11078,2
11079,2
11080,2
11081,2
11082,2
11083,2
11084,2
11085,2
11086,2
11087,2
11088,2
11089,2
11090,2
11091,2
11092,2
11093,2
11094,2
11095,2
11096,2
11097,2
11098,2
11099,2
11100,2
11101,2
11102,2
11103,2
11104,2
11105,2
11106,2
11107,2
11108,2
11109,2
11110,2
11111,2
11112,2
11113,2
11114,2
11115,2
11116,2
11117,2
11118,2
11119,2
11120,2
11121,2
11122,2
11123,2
11124,2
11125,2
11126,2
11127,2
11128,2
11129,2
11130,2
11131,2
11132,2
11133,2
11134,2
11135,2
11136,2
11137,2
11138,2
11139,2
11140,2
11141,2
11142,2
11143,2
11144,2
11145,2
11146,2
11147,2
11148,2
11149,2
11150,2
11151,2
11152,2
11153,2
11154,2
11155,2
11156,2
11157,2
11158,2
11159,2
11160,2
11161,2
11162,2
11163,2
11164,2
11165,2
11166,2
11167,2
11168,2
11169,2
11170,2
11171,2
11172,2
11173,2
11174,2
11175,2
11176,2
11177,2
11178,2
11179,2
11180,2
11181,2
11182,2
11183,2
11184,2
11185,2
11186,2
11187,2
11188,2
11189,2
11190,2
11191,2
11192,2
11193,2
11194,2
11195,2
11196,2
11197,2
11198,2
11199,2
11200,2
11201,2
11202,2
11203,2
11204,2
11205,2
11206,2
11207,2
11208,2
11209,2
11210,2
11211,2
11212,2
11213,2
11214,2
11215,2
11216,2
11217,2
11218,2
11219,2
11220,2
11221,2
11222,2
11223,2
11224,2
11225,2
11226,2
11227,2
11228,2
11229,2
11230,2
11231,2
11232,2
11233,2
11234,2
11235,2
11236,2
11237,2
11238,2
11239,2
11240,2
11241,2
11242,2
11243,2
11244,2
11245,2
11246,2
11247,2
11248,2
11249,2
11250,2
11251,2
11252,2
11253,2
11254,2
11255,2
11256,2
11257,2
11258,2
11259,2
11260,2
11261,2
11262,2
11263,2
11264,2
11265,2
11266,2
11267,2
11268,2
11269,2
11270,2
11271,2
11272,2
11273,2
11274,2
11275,2
11276,2
11277,2
11278,2
11279,2
11280,2
11281,2
11282,2
11283,2
11284,2
11285,2
11286,2
11287,2
11288,2
11289,2
11290,2
11291,2
11292,2
11293,2
11294,2
11295,2
11296,2
11297,2
11298,2
11299,2
11300,2
11301,2
11302,2
11303,2
11304,2
11305,2
11306,2
11307,2
11308,2
11309,2
11310,2
11311,2
11312,2
11313,2
11314,2
11315,2
11316,2
11317,2
11318,2
11319,2
11320,2
11321,2
11322,2
11323,2
11324,2
11325,2
11326,2
11327,2
11328,2
11329,2
11330,2
11331,2
11332,2
11333,2
11334,2
11335,2
11336,2
11337,2
11338,2
11339,2
11340,2
11341,2
11342,2
11343,2
11344,2
11345,2
11346,2
11347,2
11348,2
11349,2
11350,2
11351,2
11352,2
11353,2
11354,2
11355,2
11356,2
11357,2
11358,2
11359,2
11360,2
11361,2
11362,2
11363,2
11364,2
11365,2
11366,2
11367,2
11368,2
11369,2
11370,2
11371,2
11372,2
11373,2
11374,2
11375,2
11376,2
11377,2
11378,2
11379,2
11380,2
11381,2
11382,2
11383,2
11384,2
11385,2
11386,2
11387,2
11388,2
11389,2
11390,2
11391,2
11392,2
11393,2
11394,2
11395,2
11396,2
11397,2
11398,2
11399,2
11400,2
11401,2
11402,2
11403,2
11404,2
11405,2
11406,2
11407,2
11408,2
11409,2
11410,2
11411,2
11412,2
11413,2
11414,2
11415,2
11416,2
11417,2
11418,2
11419,2
11420,2
11421,2
11422,2
11423,2
11424,2
11425,2
11426,2
11427,2
11428,2
11429,2
11430,2
11431,2
11432,2
11433,2
11434,2
11435,2
11436,2
11437,2
11438,2
11439,2
11440,2
11441,2
11442,2
11443,2
11444,2
11445,2
11446,2
11447,2
11448,2
11449,2
11450,2
11451,2
11452,2
11453,2
11454,2
11455,2
11456,2
11457,2
11458,2
11459,2
11460,2
11461,2
11462,2
11463,2
11464,2
11465,2
11466,2
11467,2
11468,2
11469,2
11470,2
11471,2
11472,2
11473,2
11474,2
11475,2
11476,2
11477,2
11478,2
11479,2
11480,2
11481,2
11482,2
11483,2
11484,2
11485,2
11486,2
11487,2
11488,2
11489,2
11490,2
11491,2
11492,2
11493,2
11494,2
11495,2
11496,2
11497,2
11498,2
11499,2
11500,2
11501,2
11502,2
11503,2
11504,2
11505,2
11506,2
11507,2
11508,2
11509,2
11510,2
11511,2
11512,2
11513,2
11514,2
11515,2
11516,2
11517,2
11518,2
11519,2
11520,2
11521,2
11522,2
11523,2
11524,2
11525,2
11526,2
11527,2
11528,2
11529,2
11530,2
11531,2
11532,2
11533,2
11534,2
11535,2
11536,2
11537,2
11538,2
11539,2
11540,2
11541,2
11542,2
11543,2
11544,2
11545,2
11546,2
11547,2
11548,2
11549,2
11550,2
11551,2
11552,2
11553,2
11554,2
11555,2
11556,2
11557,2
11558,2
11559,2
11560,2
11561,2
11562,2
11563,2
11564,2
11565,2
11566,2
11567,2
11568,2
11569,2
11570,2
11571,2
11572,2
11573,2
11574,2
11575,2
11576,2
11577,2
11578,2
11579,2
11580,2
11581,2
11582,2
11583,2
11584,2
11585,2
11586,2
11587,2
11588,2
11589,2
11590,2
11591,2
11592,2
11593,2
11594,2
11595,2
11596,2
11597,2
11598,2
11599,2
11600,2
11601,2
11602,2
11603,2
11604,2
11605,2
11606,2
11607,2
11608,2
11609,2
11610,2
11611,2
11612,2
11613,2
11614,2
11615,2
11616,2
11617,2
11618,2
11619,2
11620,2
11621,2
11622,2
11623,2
11624,2
11625,2
11626,2
11627,2
11628,2
11629,2
11630,2
11631,2
11632,2
11633,2
11634,2
11635,2
11636,2
11637,2
11638,2
11639,2
11640,2
11641,2
11642,2
11643,2
11644,2
11645,2
11646,2
11647,2
11648,2
11649,2
11650,2
11651,2
11652,2
11653,2
11654,2
11655,2
11656,2
11657,2
11658,2
11659,2
11660,2
11661,2
11662,2
11663,2
11664,2
11665,2
11666,2
11667,2
11668,2
11669,2
11670,2
11671,2
11672,2
11673,2
11674,2
11675,2
11676,2
11677,2
11678,2
11679,2
11680,2
11681,2
11682,2
11683,2
11684,2
11685,2
11686,2
11687,2
11688,2
11689,2
11690,2
11691,2
11692,2
11693,2
11694,2
11695,2
11696,2
11697,2
11698,2
11699,2
11700,2
11701,2
11702,2
11703,2
11704,2
11705,2
11706,2
11707,2
11708,2
11709,2
11710,2
11711,2
11712,2
11713,2
11714,2
11715,2
11716,2
11717,2
11718,2
11719,2
11720,2
11721,2
11722,2
11723,2
11724,2
11725,2
11726,2
11727,2
11728,2
11729,2
11730,2
11731,2
11732,2
11733,2
11734,2
11735,2
11736,2
11737,2
11738,2
11739,2
11740,2
11741,2
11742,2
11743,2
11744,2
11745,2
11746,2
11747,2
11748,2
11749,2
11750,2
11751,2
11752,2
11753,2
11754,2
11755,2
11756,2
11757,2
11758,2
11759,2
11760,2
11761,2
11762,2
11763,2
11764,2
11765,2
11766,2
11767,2
11768,2
11769,2
11770,2
11771,2
11772,2
11773,2
11774,2
11775,2
11776,2
11777,2
11778,2
11779,2
11780,2
11781,2
11782,2
11783,2
11784,2
11785,2
11786,2
11787,2
11788,2
11789,2
11790,2
11791,2
11792,2
11793,2
11794,2
11795,2
11796,2
11797,2
11798,2
11799,2
11800,2
11801,2
11802,2
11803,2
11804,2
11805,2
11806,2
11807,2
11808,2
11809,2
11810,2
11811,2
11812,2
11813,2
11814,2
11815,2
11816,2
11817,2
11818,2
11819,2
11820,2
11821,2
11822,2
11823,2
11824,2
11825,2
11826,2
11827,2
11828,2
11829,2
11830,2
11831,2
11832,2
11833,2
11834,2
11835,2
11836,2
11837,2
11838,2
11839,2
11840,2
11841,2
11842,2
11843,2
11844,2
11845,2
11846,2
11847,2
11848,2
11849,2
11850,2
11851,2
11852,2
11853,2
11854,2
11855,2
11856,2
11857,2
11858,2
11859,2
11860,2
11861,2
11862,2
11863,2
11864,2
11865,2
11866,2
11867,2
11868,2
11869,2
11870,2
11871,2
11872,2
11873,2
11874,2
11875,2
11876,2
11877,2
11878,2
11879,2
11880,2
11881,2
11882,2
11883,2
11884,2
11885,2
11886,2
11887,2
11888,2
11889,2
11890,2
11891,2
11892,2
11893,2
11894,2
11895,2
11896,2
11897,2
11898,2
11899,2
11900,2
11901,2
11902,2
11903,2
11904,2
11905,2
11906,2
11907,2
11908,2
11909,2
11910,2
11911,2
11912,2
11913,2
11914,2
11915,2
11916,2
11917,2
11918,2
11919,2
11920,2
11921,2
11922,2
11923,2
11924,2
11925,2
11926,2
11927,2
11928,2
11929,2
11930,2
11931,2
11932,2
11933,2
11934,2
11935,2
11936,2
11937,2
11938,2
11939,2
11940,2
11941,2
11942,2
11943,2
11944,2
11945,2
11946,2
11947,2
11948,2
11949,2
11950,2
11951,2
11952,2
11953,2
11954,2
11955,2
11956,2
11957,2
11958,2
11959,2
11960,2
11961,2
11962,2
11963,2
11964,2
11965,2
11966,2
11967,2
11968,2
11969,2
11970,2
11971,2
11972,2
11973,2
11974,2
11975,2
11976,2
11977,2
11978,2
11979,2
11980,2
11981,2
11982,2
11983,2
11984,2
11985,2
11986,2
11987,2
11988,2
11989,2
11990,2
11991,2
11992,2
11993,2
11994,2
11995,2
11996,2
11997,2
11998,2
11999,2
12000,2
12001,2
12002,2
12003,2
12004,2
12005,2
12006,2
12007,2
12008,2
12009,2
12010,2
12011,2
12012,2
12013,2
12014,2
12015,2
12016,2
12017,2
12018,2
12019,2
12020,2
12021,2
12022,2
12023,2
12024,2
12025,2
12026,2
12027,2
12028,2
12029,2
12030,2
12031,2
12032,2
12033,2
12034,2
12035,2
12036,2
12037,2
12038,2
12039,2
12040,2
12041,2
12042,2
12043,2
12044,2
12045,2
12046,2
12047,2
12048,2
12049,2
12050,2
12051,2
12052,2
12053,2
12054,2
12055,2
12056,2
12057,2
12058,2
12059,2
12060,2
12061,2
12062,2
12063,2
12064,2
12065,2
12066,2
12067,2
12068,2
12069,2
12070,2
12071,2
12072,2
12073,2
12074,2
12075,2
12076,2
12077,2
12078,2
12079,2
12080,2
12081,2
12082,2
12083,2
12084,2
12085,2
12086,2
12087,2
12088,2
12089,2
12090,2
12091,2
12092,2
12093,2
12094,2
12095,2
12096,2
12097,2
12098,2
12099,2
12100,2
12101,2
12102,2
12103,2
12104,2
12105,2
12106,2
12107,2
12108,2
12109,2
12110,2
12111,2
12112,2
12113,2
12114,2
12115,2
12116,2
12117,2
12118,2
12119,2
12120,2
12121,2
12122,2
12123,2
12124,2
12125,2
12126,2
12127,2
12128,2
12129,2
12130,2
12131,2
12132,2
12133,2
12134,2
12135,2
12136,2
12137,2
12138,2
12139,2
12140,2
12141,2
12142,2
12143,2
12144,2
12145,2
12146,2
12147,2
12148,2
12149,2
12150,2
12151,2
12152,2
12153,2
12154,2
12155,2
12156,2
12157,2
12158,2
12159,2
12160,2
12161,2
12162,2
12163,2
12164,2
12165,2
12166,2
12167,2
12168,2
12169,2
12170,2
12171,2
12172,2
12173,2
12174,2
12175,2
12176,2
12177,2
12178,2
12179,2
12180,2
12181,2
12182,2
12183,2
12184,2
12185,2
12186,2
12187,2
12188,2
12189,2
12190,2
12191,2
12192,2
12193,2
12194,2
12195,2
12196,2
12197,2
12198,2
12199,2
12200,2
12201,2
12202,2
12203,2
12204,2
12205,2
12206,2
12207,2
12208,2
12209,2
12210,2
12211,2
12212,2
12213,2
12214,2
12215,2
12216,2
12217,2
12218,2
12219,2
12220,2
12221,2
12222,2
12223,2
12224,2
12225,2
12226,2
12227,2
12228,2
12229,2
12230,2
12231,2
12232,2
12233,2
12234,2
12235,2
12236,2
12237,2
12238,2
12239,2
12240,2
12241,2
12242,2
12243,2
12244,2
12245,2
12246,2
12247,2
12248,2
12249,2
12250,2
12251,2
12252,2
12253,2
12254,2
12255,2
12256,2
12257,2
12258,2
12259,2
12260,2
12261,2
12262,2
12263,2
12264,2
12265,2
12266,2
12267,2
12268,2
12269,2
12270,2
12271,2
12272,2
12273,2
12274,2
12275,2
12276,2
12277,2
12278,2
12279,2
12280,2
12281,2
12282,2
12283,2
12284,2
12285,2
12286,2
12287,2
12288,2
12289,2
12290,2
12291,2
12292,2
12293,2
12294,2
12295,2
12296,2
12297,2
12298,2
12299,2
12300,2
12301,2
12302,2
12303,2
12304,2
12305,2
12306,2
12307,2
12308,2
12309,2
12310,2
12311,2
12312,2
12313,2
12314,2
12315,2
12316,2
12317,2
12318,2
12319,2
12320,2
12321,2
12322,2
12323,2
12324,2
12325,2
12326,2
12327,2
12328,2
12329,2
12330,2
12331,2
12332,2
12333,2
12334,2
12335,2
12336,2
12337,2
12338,2
12339,2
12340,2
12341,2
12342,2
12343,2
12344,2
12345,2
12346,2
12347,2
12348,2
12349,2
12350,2
12351,2
12352,2
12353,2
12354,2
12355,2
12356,2
12357,2
12358,2
12359,2
12360,2
12361,2
12362,2
12363,2
12364,2
12365,2
12366,2
12367,2
12368,2
12369,2
12370,2
12371,2
12372,2
12373,2
12374,2
12375,2
12376,2
12377,2
12378,2
12379,2
12380,2
12381,2
12382,2
12383,2
12384,2
12385,2
12386,2
12387,2
12388,2
12389,2
12390,2
12391,2
12392,2
12393,2
12394,2
12395,2
12396,2
12397,2
12398,2
12399,2
12400,2
12401,2
12402,2
12403,2
12404,2
12405,2
12406,2
12407,2
12408,2
12409,2
12410,2
12411,2
12412,2
12413,2
12414,2
12415,2
12416,2
12417,2
12418,2
12419,2
12420,2
12421,2
12422,2
12423,2
12424,2
12425,2
12426,2
12427,2
12428,2
12429,2
12430,2
12431,2
12432,2
12433,2
12434,2
12435,2
12436,2
12437,2
12438,2
12439,2
12440,2
12441,2
12442,2
12443,2
12444,2
12445,2
12446,2
12447,2
12448,2
12449,2
12450,2
12451,2
12452,2
12453,2
12454,2
12455,2
12456,2
12457,2
12458,2
12459,2
12460,2
12461,2
12462,2
12463,2
12464,2
12465,2
12466,2
12467,2
12468,2
12469,2
12470,2
12471,2
12472,2
12473,2
12474,2
12475,2
12476,2
12477,2
12478,2
12479,2
12480,2
12481,2
12482,2
12483,2
12484,2
12485,2
12486,2
12487,2
12488,2
12489,2
12490,2
12491,2
12492,2
12493,2
12494,2
12495,2
12496,2
12497,2
12498,2
12499,2
12500,2
12501,2
12502,2
12503,2
12504,2
12505,2
12506,2
12507,2
12508,2
12509,2
12510,2
12511,2
12512,2
12513,2
12514,2
12515,2
12516,2
12517,2
12518,2
12519,2
12520,2
12521,2
12522,2
12523,2
12524,2
12525,2
12526,2
12527,2
12528,2
12529,2
12530,2
12531,2
12532,2
12533,2
12534,2
12535,2
12536,2
12537,2
12538,2
12539,2
12540,2
12541,2
12542,2
12543,2
12544,2
12545,2
12546,2
12547,2
12548,2
12549,2
12550,2
12551,2
12552,2
12553,2
12554,2
12555,2
12556,2
12557,2
12558,2
12559,2
12560,2
12561,2
12562,2
12563,2
12564,2
12565,2
12566,2
12567,2
12568,2
12569,2
12570,2
12571,2
12572,2
12573,2
12574,2
12575,2
12576,2
12577,2
12578,2
12579,2
12580,2
12581,2
12582,2
12583,2
12584,2
12585,2
12586,2
12587,2
12588,2
12589,2
12590,2
12591,2
12592,2
12593,2
12594,2
12595,2
12596,2
12597,2
12598,2
12599,2
12600,2
12601,2
12602,2
12603,2
12604,2
12605,2
12606,2
12607,2
12608,2
12609,2
12610,2
12611,2
12612,2
12613,2
12614,2
12615,2
12616,2
12617,2
12618,2
12619,2
12620,2
12621,2
12622,2
12623,2
12624,2
12625,2
12626,2
12627,2
12628,2
12629,2
12630,2
12631,2
12632,2
12633,2
12634,2
12635,2
12636,2
12637,2
12638,2
12639,2
12640,2
12641,2
12642,2
12643,2
12644,2
12645,2
12646,2
12647,2
12648,2
12649,2
12650,2
12651,2
12652,2
12653,2
12654,2
12655,2
12656,2
12657,2
12658,2
12659,2
12660,2
12661,2
12662,2
12663,2
12664,2
12665,2
12666,2
12667,2
12668,2
12669,2
12670,2
12671,2
12672,2
12673,2
12674,2
12675,2
12676,2
12677,2
12678,2
12679,2
12680,2
12681,2
12682,2
12683,2
12684,2
12685,2
12686,2
12687,2
12688,2
12689,2
12690,2
12691,2
12692,2
12693,2
12694,2
12695,2
12696,2
12697,2
12698,2
12699,2
12700,2
12701,2
12702,2
12703,2
12704,2
12705,2
12706,2
12707,2
12708,2
12709,2
12710,2
12711,2
12712,2
12713,2
12714,2
12715,2
12716,2
12717,2
12718,2
12719,2
12720,2
12721,2
12722,2
12723,2
12724,2
12725,2
12726,2
12727,2
12728,2
12729,2
12730,2
12731,2
12732,2
12733,2
12734,2
12735,2
12736,2
12737,2
12738,2
12739,2
12740,2
12741,2
12742,2
12743,2
12744,2
12745,2
12746,2
12747,2
12748,2
12749,2
12750,2
12751,2
12752,2
12753,2
12754,2
12755,2
12756,2
12757,2
12758,2
12759,2
12760,2
12761,2
12762,2
12763,2
12764,2
12765,2
12766,2
12767,2
12768,2
12769,2
12770,2
12771,2
12772,2
12773,2
12774,2
12775,2
12776,2
12777,2
12778,2
12779,2
12780,2
12781,2
12782,2
12783,2
12784,2
12785,2
12786,2
12787,2
12788,2
12789,2
12790,2
12791,2
12792,2
12793,2
12794,2
12795,2
12796,2
12797,2
12798,2
12799,2
12800,2
12801,2
12802,2
12803,2
12804,2
12805,2
12806,2
12807,2
12808,2
12809,2
12810,2
12811,2
12812,2
12813,2
12814,2
12815,2
12816,2
12817,2
12818,2
12819,2
12820,2
12821,2
12822,2
12823,2
12824,2
12825,2
12826,2
12827,2
12828,2
12829,2
12830,2
12831,2
12832,2
12833,2
12834,2
12835,2
12836,2
12837,2
12838,2
12839,2
12840,2
12841,2
12842,2
12843,2
12844,2
12845,2
12846,2
12847,2
12848,2
12849,2
12850,2
12851,2
12852,2
12853,2
12854,2
12855,2
12856,2
12857,2
12858,2
12859,2
12860,2
12861,2
12862,2
12863,2
12864,2
12865,2
12866,2
12867,2
12868,2
12869,2
12870,2
12871,2
12872,2
12873,2
12874,2
12875,2
12876,2
12877,2
12878,2
12879,2
12880,2
12881,2
12882,2
12883,2
12884,2
12885,2
12886,2
12887,2
12888,2
12889,2
12890,2
12891,2
12892,2
12893,2
12894,2
12895,2
12896,2
12897,2
12898,2
12899,2
12900,2
12901,2
12902,2
12903,2
12904,2
12905,2
12906,2
12907,2
12908,2
12909,2
12910,2
12911,2
12912,2
12913,2
12914,2
12915,2
12916,2
12917,2
12918,2
12919,2
12920,2
12921,2
12922,2
12923,2
12924,2
12925,2
12926,2
12927,2
12928,2
12929,2
12930,2
12931,2
12932,2
12933,2
12934,2
12935,2
12936,2
12937,2
12938,2
12939,2
12940,2
12941,2
12942,2
12943,2
12944,2
12945,2
12946,2
12947,2
12948,2
12949,2
12950,2
12951,2
12952,2
12953,2
12954,2
12955,2
12956,2
12957,2
12958,2
12959,2
12960,2
12961,2
12962,2
12963,2
12964,2
12965,2
12966,2
12967,2
12968,2
12969,2
12970,2
12971,2
12972,2
12973,2
12974,2
12975,2
12976,2
12977,2
12978,2
12979,2
12980,2
12981,2
12982,2
12983,2
12984,2
12985,2
12986,2
12987,2
12988,2
12989,2
12990,2
12991,2
12992,2
12993,2
12994,2
12995,2
12996,2
12997,2
12998,2
12999,2
13000,2
13001,2
13002,2
13003,2
13004,2
13005,2
13006,2
13007,2
13008,2
13009,2
13010,2
13011,2
13012,2
13013,2
13014,2
13015,2
13016,2
13017,2
13018,2
13019,2
13020,2
13021,2
13022,2
13023,2
13024,2
13025,2
13026,2
13027,2
13028,2
13029,2
13030,2
13031,2
13032,2
13033,2
13034,2
13035,2
13036,2
13037,2
13038,2
13039,2
13040,2
13041,2
13042,2
13043,2
13044,2
13045,2
13046,2
13047,2
13048,2
13049,2
13050,2
13051,2
13052,2
13053,2
13054,2
13055,2
13056,2
13057,2
13058,2
13059,2
13060,2
13061,2
13062,2
13063,2
13064,2
13065,2
13066,2
13067,2
13068,2
13069,2
13070,2
13071,2
13072,2
13073,2
13074,2
13075,2
13076,2
13077,2
13078,2
13079,2
13080,2
13081,2
13082,2
13083,2
13084,2
13085,2
13086,2
13087,3
13088,3
13089,3
13090,3
13091,3
13092,3
13093,3
13094,3
13095,3
13096,3
13097,3
13098,3
13099,3
13100,3
13101,3
13102,3
13103,3
13104,3
13105,3
13106,3
13107,3
13108,3
13109,3
13110,3
13111,3
13112,3
13113,3
13114,3
13115,3
13116,3
13117,3
13118,3
13119,3
13120,3
13121,3
13122,3
13123,3
13124,3
13125,3
13126,3
13127,3
13128,3
13129,3
13130,3
13131,3
13132,3
13133,3
13134,3
13135,3
13136,3
13137,3
13138,3
13139,3
13140,3
13141,3
13142,3
13143,3
13144,3
13145,3
13146,3
13147,3
13148,3
13149,3
13150,3
13151,3
13152,3
13153,3
13154,3
13155,3
13156,3
13157,3
13158,3
13159,3
13160,3
13161,3
13162,3
13163,3
13164,3
13165,3
13166,3
13167,3
13168,3
13169,3
13170,3
13171,3
13172,3
13173,3
13174,3
13175,3
13176,3
13177,3
13178,3
13179,3
13180,3
13181,3
13182,3
13183,3
13184,3
13185,3
13186,3
13187,3
13188,3
13189,3
13190,3
13191,3
13192,3
13193,3
13194,3
13195,3
13196,3
13197,3
13198,3
13199,3
13200,3
13201,3
13202,3
13203,3
13204,3
13205,3
13206,3
13207,3
13208,3
13209,3
13210,3
13211,3
13212,3
13213,3
13214,3
13215,3
13216,3
13217,3
13218,3
13219,3
13220,3
13221,3
13222,3
13223,3
13224,3
13225,3
13226,3
13227,3
13228,3
13229,3
13230,3
13231,3
13232,3
13233,3
13234,3
13235,3
13236,3
13237,3
13238,3
13239,3
13240,3
13241,3
13242,3
13243,3
13244,3
13245,3
13246,3
13247,3
13248,3
13249,3
13250,3
13251,3
13252,3
13253,3
13254,3
13255,3
13256,3
13257,3
13258,3
13259,3
13260,3
13261,3
13262,3
13263,3
13264,3
13265,3
13266,3
13267,3
13268,3
13269,3
13270,3
13271,3
13272,3
13273,3
13274,3
13275,3
13276,3
13277,3
13278,3
13279,3
13280,3
13281,3
13282,3
13283,3
13284,3
13285,3
13286,3
13287,3
13288,3
13289,3
13290,3
13291,3
13292,3
13293,3
13294,3
13295,3
13296,3
13297,3
13298,3
13299,3
13300,3
13301,3
13302,3
13303,3
13304,3
13305,3
13306,3
13307,3
13308,3
13309,3
13310,3
13311,3
13312,3
13313,3
13314,3
13315,3
13316,3
13317,3
13318,3
13319,3
13320,3
13321,3
13322,3
13323,3
13324,3
13325,3
13326,3
13327,3
13328,3
13329,3
13330,3
13331,3
13332,3
13333,3
13334,3
13335,3
13336,3
13337,3
13338,3
13339,3
13340,3
13341,3
13342,3
13343,3
13344,3
13345,3
13346,3
13347,3
13348,3
13349,3
13350,3
13351,3
13352,3
13353,3
13354,3
13355,3
13356,3
13357,3
13358,3
13359,3
13360,3
13361,3
13362,3
13363,3
13364,3
13365,3
13366,3
13367,3
13368,3
13369,3
13370,3
13371,3
13372,3
13373,3
13374,3
13375,3
13376,3
13377,3
13378,3
13379,3
13380,3
13381,3
13382,3
13383,3
13384,3
13385,3
13386,3
13387,3
13388,3
13389,3
13390,3
13391,3
13392,3
13393,3
13394,3
13395,3
13396,3
13397,3
13398,3
13399,3
13400,3
13401,3
13402,3
13403,3
13404,3
13405,3
13406,3
13407,3
13408,3
13409,3
13410,3
13411,3
13412,3
13413,3
13414,3
13415,3
13416,3
13417,3
13418,3
13419,3
13420,3
13421,3
13422,3
13423,3
13424,3
13425,3
13426,3
13427,3
13428,3
13429,3
13430,3
13431,3
13432,3
13433,3
13434,3
13435,3
13436,3
13437,3
13438,3
13439,3
13440,3
13441,3
13442,3
13443,3
13444,3
13445,3
13446,3
13447,3
13448,3
13449,3
13450,3
13451,3
13452,3
13453,3
13454,3
13455,3
13456,3
13457,3
13458,3
13459,3
13460,3
13461,3
13462,3
13463,3
13464,3
13465,3
13466,3
13467,3
13468,3
13469,3
13470,3
13471,3
13472,3
13473,3
13474,3
13475,3
13476,3
13477,3
13478,3
13479,3
13480,3
13481,3
13482,3
13483,3
13484,3
13485,3
13486,3
13487,3
13488,3
13489,3
13490,3
13491,3
13492,3
13493,3
13494,3
13495,3
13496,3
13497,3
13498,3
13499,3
13500,3
13501,3
13502,3
13503,3
13504,3
13505,3
13506,3
13507,3
13508,3
13509,3
13510,3
13511,3
13512,3
13513,3
13514,3
13515,3
13516,3
13517,3
13518,3
13519,3
13520,3
13521,3
13522,3
13523,3
13524,3
13525,3
13526,3
13527,3
13528,3
13529,3
13530,3
13531,3
13532,3
13533,3
13534,3
13535,3
13536,3
13537,3
13538,3
13539,3
13540,3
13541,3
13542,3
13543,3
13544,3
13545,3
13546,3
13547,3
13548,3
13549,3
13550,3
13551,3
13552,3
13553,3
13554,3
13555,3
13556,3
13557,3
13558,3
13559,3
13560,3
13561,3
13562,3
13563,3
13564,3
13565,3
13566,3
13567,3
13568,3
13569,3
13570,3
13571,3
13572,3
13573,3
13574,3
13575,3
13576,3
13577,3
13578,3
13579,3
13580,3
13581,3
13582,3
13583,3
13584,3
13585,3
13586,3
13587,3
13588,3
13589,3
13590,3
13591,3
13592,3
13593,3
13594,3
13595,3
13596,3
13597,3
13598,3
13599,3
13600,3
13601,3
13602,3
13603,3
13604,3
13605,3
13606,3
13607,3
13608,3
13609,3
13610,3
13611,3
13612,3
13613,3
13614,3
13615,3
13616,3
13617,3
13618,3
13619,3
13620,3
13621,3
13622,3
13623,3
13624,3
13625,3
13626,3
13627,3
13628,3
13629,3
13630,3
13631,3
13632,3
13633,3
13634,3
13635,3
13636,3
13637,3
13638,3
13639,3
13640,3
13641,3
13642,3
13643,3
13644,3
13645,3
13646,3
13647,3
13648,3
13649,3
13650,3
13651,3
13652,3
13653,3
13654,3
13655,3
13656,3
13657,3
13658,3
13659,3
13660,3
13661,3
13662,3
13663,3
13664,3
13665,3
13666,3
13667,3
13668,3
13669,3
13670,3
13671,3
13672,3
13673,3
13674,3
13675,3
13676,3
13677,3
13678,3
13679,3
13680,3
13681,3
13682,3
13683,3
13684,3
13685,3
13686,3
13687,3
13688,3
13689,3
13690,3
13691,3
13692,3
13693,3
13694,3
13695,3
13696,3
13697,3
13698,3
13699,3
13700,3
13701,3
13702,3
13703,3
13704,3
13705,3
13706,3
13707,3
13708,3
13709,3
13710,3
13711,3
13712,3
13713,3
13714,3
13715,3
13716,3
13717,3
13718,3
13719,3
13720,3
13721,3
13722,3
13723,3
13724,3
13725,3
13726,3
13727,3
13728,3
13729,3
13730,3
13731,3
13732,3
13733,3
13734,3
13735,3
13736,3
13737,3
13738,3
13739,3
13740,3
13741,3
13742,3
13743,3
13744,3
13745,3
13746,3
13747,3
13748,3
13749,3
13750,3
13751,3
13752,3
13753,3
13754,3
13755,3
13756,3
13757,3
13758,3
13759,3
13760,3
13761,3
13762,3
13763,3
13764,3
13765,3
13766,3
13767,3
13768,3
13769,3
13770,3
13771,3
13772,3
13773,3
13774,3
13775,3
13776,3
13777,3
13778,3
13779,3
13780,3
13781,3
13782,3
13783,3
13784,3
13785,3
13786,3
13787,3
13788,3
13789,3
13790,3
13791,3
13792,3
13793,3
13794,3
13795,3
13796,3
13797,3
13798,3
13799,3
13800,3
13801,3
13802,3
13803,3
13804,3
13805,3
13806,3
13807,3
13808,3
13809,3
13810,3
13811,3
13812,3
13813,3
13814,3
13815,3
13816,3
13817,3
13818,3
13819,3
13820,3
13821,3
13822,3
13823,3
13824,3
13825,3
13826,3
13827,3
13828,3
13829,3
13830,3
13831,3
13832,3
13833,3
13834,3
13835,3
13836,3
13837,3
13838,3
13839,3
13840,3
13841,3
13842,3
13843,3
13844,3
13845,3
13846,3
13847,3
13848,3
13849,3
13850,3
13851,3
13852,3
13853,3
13854,3
13855,3
13856,3
13857,3
13858,3
13859,3
13860,3
13861,3
13862,3
13863,3
13864,3
13865,3
13866,3
13867,3
13868,3
13869,3
13870,3
13871,3
13872,3
13873,3
13874,3
13875,3
13876,3
13877,3
13878,3
13879,3
13880,3
13881,3
13882,3
13883,3
13884,3
13885,3
13886,3
13887,3
13888,3
13889,3
13890,3
13891,3
13892,3
13893,3
13894,3
13895,3
13896,3
13897,3
13898,3
13899,3
13900,3
13901,3
13902,3
13903,3
13904,3
13905,3
13906,3
13907,3
13908,3
13909,3
13910,3
13911,3
13912,3
13913,3
13914,3
13915,3
13916,3
13917,3
13918,3
13919,3
13920,3
13921,3
13922,3
13923,3
13924,3
13925,3
13926,3
13927,3
13928,3
13929,3
13930,3
13931,3
13932,3
13933,3
13934,3
13935,3
13936,3
13937,3
13938,3
13939,3
13940,3
13941,3
13942,3
13943,3
13944,3
13945,3
13946,3
13947,3
13948,3
13949,3
13950,3
13951,3
13952,3
13953,3
13954,3
13955,3
13956,3
13957,3
13958,3
13959,3
13960,3
13961,3
13962,3
13963,3
13964,3
13965,3
13966,3
13967,3
13968,3
13969,3
13970,3
13971,3
13972,3
13973,3
13974,3
13975,3
13976,3
13977,3
13978,3
13979,3
13980,3
13981,3
13982,3
13983,3
13984,3
13985,3
13986,3
13987,3
13988,3
13989,3
13990,3
13991,3
13992,3
13993,3
13994,3
13995,3
13996,3
13997,3
13998,3
13999,3
14000,3
14001,3
14002,3
14003,3
14004,3
14005,3
14006,3
14007,3
14008,3
14009,3
14010,3
14011,3
14012,3
14013,3
14014,3
14015,3
14016,3
14017,3
14018,3
14019,3
14020,3
14021,3
14022,3
14023,3
14024,3
14025,3
14026,3
14027,3
14028,3
14029,3
14030,3
14031,3
14032,3
14033,3
14034,3
14035,3
14036,3
14037,3
14038,3
14039,3
14040,3
14041,3
14042,3
14043,3
14044,3
14045,3
14046,3
14047,3
14048,3
14049,3
14050,3
14051,3
14052,3
14053,3
14054,3
14055,3
14056,3
14057,3
14058,3
14059,3
14060,3
14061,3
14062,3
14063,3
14064,3
14065,3
14066,3
14067,3
14068,3
14069,3
14070,3
14071,3
14072,3
14073,3
14074,3
14075,3
14076,3
14077,3
14078,3
14079,3
14080,3
14081,3
14082,3
14083,3
14084,3
14085,3
14086,3
14087,3
14088,3
14089,3
14090,3
14091,3
14092,3
14093,3
14094,3
14095,3
14096,3
14097,3
14098,3
14099,3
14100,3
14101,3
14102,3
14103,3
14104,3
14105,3
14106,3
14107,3
14108,3
14109,3
14110,3
14111,3
14112,3
14113,3
14114,3
14115,3
14116,3
14117,3
14118,3
14119,3
14120,3
14121,3
14122,3
14123,3
14124,3
14125,3
14126,3
14127,3
14128,3
14129,3
14130,3
14131,3
14132,3
14133,3
14134,3
14135,3
14136,3
14137,3
14138,3
14139,3
14140,3
14141,3
14142,3
14143,3
14144,3
14145,3
14146,3
14147,3
14148,3
14149,3
14150,3
14151,3
14152,3
14153,3
14154,3
14155,3
14156,3
14157,3
14158,3
14159,3
14160,3
14161,3
14162,3
14163,3
14164,3
14165,3
14166,3
14167,3
14168,3
14169,3
14170,3
14171,3
14172,3
14173,3
14174,3
14175,3
14176,3
14177,3
14178,3
14179,3
14180,3
14181,3
14182,3
14183,3
14184,3
14185,3
14186,3
14187,3
14188,3
14189,3
14190,3
14191,3
14192,3
14193,3
14194,3
14195,3
14196,3
14197,3
14198,3
14199,3
14200,3
14201,3
14202,3
14203,3
14204,3
14205,3
14206,3
14207,3
14208,3
14209,3
14210,3
14211,3
14212,3
14213,3
14214,3
14215,3
14216,3
14217,3
14218,3
14219,3
14220,3
14221,3
14222,3
14223,3
14224,3
14225,3
14226,3
14227,3
14228,3
14229,3
14230,3
14231,3
14232,3
14233,3
14234,3
14235,3
14236,3
14237,3
14238,3
14239,3
14240,3
14241,3
14242,3
14243,3
14244,3
14245,3
14246,3
14247,3
14248,3
14249,3
14250,3
14251,3
14252,3
14253,3
14254,3
14255,3
14256,3
14257,3
14258,3
14259,3
14260,3
14261,3
14262,3
14263,3
14264,3
14265,3
14266,3
14267,3
14268,3
14269,3
14270,3
14271,3
14272,3
14273,3
14274,3
14275,3
14276,3
14277,3
14278,3
14279,3
14280,3
14281,3
14282,3
14283,3
14284,3
14285,3
14286,3
14287,3
14288,3
14289,3
14290,3
14291,3
14292,3
14293,3
14294,3
14295,3
14296,3
14297,3
14298,3
14299,3
14300,3
14301,3
14302,3
14303,3
14304,3
14305,3
14306,3
14307,3
14308,3
14309,3
14310,3
14311,3
14312,3
14313,3
14314,3
14315,3
14316,3
14317,3
14318,3
14319,3
14320,3
14321,3
14322,3
14323,3
14324,3
14325,3
14326,3
14327,3
14328,3
14329,3
14330,3
14331,3
14332,3
14333,3
14334,3
14335,3
14336,3
14337,3
14338,3
14339,3
14340,3
14341,3
14342,3
14343,3
14344,3
14345,3
14346,3
14347,3
14348,3
14349,3
14350,3
14351,3
14352,3
14353,3
14354,3
14355,3
14356,3
14357,3
14358,3
14359,3
14360,3
14361,3
14362,3
14363,3
14364,3
14365,3
14366,3
14367,3
14368,3
14369,3
14370,3
14371,3
14372,3
14373,3
14374,3
14375,3
14376,3
14377,3
14378,3
14379,3
14380,3
14381,3
14382,3
14383,3
14384,3
14385,3
14386,3
14387,3
14388,3
14389,3
14390,3
14391,3
14392,3
14393,3
14394,3
14395,3
14396,3
14397,3
14398,3
14399,3
14400,3
14401,3
14402,3
14403,3
14404,3
14405,3
14406,3
14407,3
14408,3
14409,3
14410,3
14411,3
14412,3
14413,3
14414,3
14415,3
14416,3
14417,3
14418,3
14419,3
14420,3
14421,3
14422,3
14423,3
14424,3
14425,3
14426,3
14427,3
14428,3
14429,3
14430,3
14431,3
14432,3
14433,3
14434,3
14435,3
14436,3
14437,3
14438,3
14439,3
14440,3
14441,3
14442,3
14443,3
14444,3
14445,3
14446,3
14447,3
14448,3
14449,3
14450,3
14451,3
14452,3
14453,3
14454,3
14455,3
14456,3
14457,3
14458,3
14459,3
14460,3
14461,3
14462,3
14463,3
14464,3
14465,3
14466,3
14467,3
14468,3
14469,3
14470,3
14471,3
14472,3
14473,3
14474,3
14475,3
14476,3
14477,3
14478,3
14479,3
14480,3
14481,3
14482,3
14483,3
14484,3
14485,3
14486,3
14487,3
14488,3
14489,3
14490,3
14491,3
14492,3
14493,3
14494,3
14495,3
14496,3
14497,3
14498,3
14499,3
14500,3
14501,3
14502,3
14503,3
14504,3
14505,3
14506,3
14507,3
14508,3
14509,3
14510,3
14511,3
14512,3
14513,3
14514,3
14515,3
14516,3
14517,3
14518,3
14519,3
14520,3
14521,3
14522,3
14523,3
14524,3
14525,3
14526,3
14527,3
14528,3
14529,3
14530,3
14531,3
14532,3
14533,3
14534,3
14535,3
14536,3
14537,3
14538,3
14539,3
14540,3
14541,3
14542,3
14543,3
14544,3
14545,3
14546,3
14547,3
14548,3
14549,3
14550,3
14551,3
14552,3
14553,3
14554,3
14555,3
14556,3
14557,3
14558,3
14559,3
14560,3
14561,3
14562,3
14563,3
14564,3
14565,3
14566,3
14567,3
14568,3
14569,3
14570,3
14571,3
14572,3
14573,3
14574,3
14575,3
14576,3
14577,3
14578,3
14579,3
14580,3
14581,3
14582,3
14583,3
14584,3
14585,3
14586,3
14587,3
14588,3
14589,3
14590,3
14591,3
14592,3
14593,3
14594,3
14595,3
14596,3
14597,3
14598,3
14599,3
14600,3
14601,3
14602,3
14603,3
14604,3
14605,3
14606,3
14607,3
14608,3
14609,3
14610,3
14611,3
14612,3
14613,3
14614,3
14615,3
14616,3
14617,3
14618,3
14619,3
14620,3
14621,3
14622,3
14623,3
14624,3
14625,3
14626,3
14627,3
14628,3
14629,3
14630,3
14631,3
14632,3
14633,3
14634,3
14635,3
14636,3
14637,3
14638,3
14639,3
14640,3
14641,3
14642,3
14643,3
14644,3
14645,3
14646,3
14647,3
14648,3
14649,3
14650,3
14651,3
14652,3
14653,3
14654,3
14655,3
14656,3
14657,3
14658,3
14659,3
14660,3
14661,3
14662,3
14663,3
14664,3
14665,3
14666,3
14667,3
14668,3
14669,3
14670,3
14671,3
14672,3
14673,3
14674,3
14675,3
14676,3
14677,3
14678,3
14679,3
14680,3
14681,3
14682,3
14683,3
14684,3
14685,3
14686,3
14687,3
14688,3
14689,3
14690,3
14691,3
14692,3
14693,3
14694,3
14695,3
14696,3
14697,3
14698,3
14699,3
14700,3
14701,3
14702,3
14703,3
14704,3
14705,3
14706,3
14707,3
14708,3
14709,3
14710,3
14711,3
14712,3
14713,3
14714,3
14715,3
14716,3
14717,3
14718,3
14719,3
14720,3
14721,3
14722,3
14723,3
14724,3
14725,3
14726,3
14727,3
14728,3
14729,3
14730,3
14731,3
14732,3
14733,3
14734,3
14735,3
14736,3
14737,3
14738,3
14739,3
14740,3
14741,3
14742,3
14743,3
14744,3
14745,3
14746,3
14747,3
14748,3
14749,3
14750,3
14751,3
14752,3
14753,3
14754,3
14755,3
14756,3
14757,3
14758,3
14759,3
14760,3
14761,3
14762,3
14763,3
14764,3
14765,3
14766,3
14767,3
14768,3
14769,3
14770,3
14771,3
14772,3
14773,3
14774,3
14775,3
14776,3
14777,3
14778,3
14779,3
14780,3
14781,3
14782,3
14783,3
14784,3
14785,3
14786,3
14787,3
14788,3
14789,3
14790,3
14791,3
14792,3
14793,3
14794,3
14795,3
14796,3
14797,3
14798,3
14799,3
14800,3
14801,3
14802,3
14803,3
14804,3
14805,3
14806,3
14807,3
14808,3
14809,3
14810,3
14811,3
14812,3
14813,3
14814,3
14815,3
14816,3
14817,3
14818,3
14819,3
14820,3
14821,3
14822,3
14823,3
14824,3
14825,3
14826,3
14827,3
14828,3
14829,3
14830,3
14831,3
14832,3
14833,3
14834,3
14835,3
14836,3
14837,3
14838,3
14839,3
14840,3
14841,3
14842,3
14843,3
14844,3
14845,3
14846,3
14847,3
14848,3
14849,3
14850,3
14851,3
14852,3
14853,3
14854,3
14855,3
14856,3
14857,3
14858,3
14859,3
14860,3
14861,3
14862,3
14863,3
14864,3
14865,3
14866,3
14867,3
14868,3
14869,3
14870,3
14871,3
14872,3
14873,3
14874,3
14875,3
14876,3
14877,3
14878,3
14879,3
14880,3
14881,3
14882,3
14883,3
14884,3
14885,3
14886,3
14887,3
14888,3
14889,3
14890,3
14891,3
14892,3
14893,3
14894,3
14895,3
14896,3
14897,3
14898,3
14899,3
14900,3
14901,3
14902,3
14903,3
14904,3
14905,3
14906,3
14907,3
14908,3
14909,3
14910,3
14911,3
14912,3
14913,3
14914,3
14915,3
14916,3
14917,3
14918,3
14919,3
14920,3
14921,3
14922,3
14923,3
14924,3
14925,3
14926,3
14927,3
14928,3
14929,3
14930,3
14931,3
14932,3
14933,3
14934,3
14935,3
14936,3
14937,3
14938,3
14939,3
14940,3
14941,3
14942,3
14943,3
14944,3
14945,3
14946,3
14947,3
14948,3
14949,3
14950,3
14951,3
14952,3
14953,3
14954,3
14955,3
14956,3
14957,3
14958,3
14959,3
14960,3
14961,3
14962,3
14963,3
14964,3
14965,3
14966,3
14967,3
14968,3
14969,3
14970,3
14971,3
14972,3
14973,3
14974,3
14975,3
14976,3
14977,3
14978,3
14979,3
14980,3
14981,3
14982,3
14983,3
14984,3
14985,3
14986,3
14987,3
14988,3
14989,3
14990,3
14991,3
14992,3
14993,3
14994,3
14995,3
14996,3
14997,3
14998,3
14999,3
15000,3
15001,3
15002,3
15003,3
15004,3
15005,3
15006,3
15007,3
15008,3
15009,3
15010,3
15011,3
15012,3
15013,3
15014,3
15015,3
15016,3
15017,3
15018,3
15019,3
15020,3
15021,3
15022,3
15023,3
15024,3
15025,3
15026,3
15027,3
15028,3
15029,3
15030,3
15031,3
15032,3
15033,3
15034,3
15035,3
15036,3
15037,3
15038,3
15039,3
15040,3
15041,3
15042,3
15043,3
15044,3
15045,3
15046,3
15047,3
15048,3
15049,3
15050,3
15051,3
15052,3
15053,3
15054,3
15055,3
15056,3
15057,3
15058,3
15059,3
15060,3
15061,3
15062,3
15063,3
15064,3
15065,3
15066,3
15067,3
15068,3
15069,3
15070,3
15071,3
15072,3
15073,3
15074,3
15075,3
15076,3
15077,3
15078,3
15079,3
15080,3
15081,3
15082,3
15083,3
15084,3
15085,3
15086,3
15087,3
15088,3
15089,3
15090,3
15091,3
15092,3
15093,3
15094,3
15095,3
15096,3
15097,3
15098,3
15099,3
15100,3
15101,3
15102,3
15103,3
15104,3
15105,3
15106,3
15107,3
15108,3
15109,3
15110,3
15111,3
15112,3
15113,3
15114,3
15115,3
15116,3
15117,3
15118,3
15119,3
15120,3
15121,3
15122,3
15123,3
15124,3
15125,3
15126,3
15127,3
15128,3
15129,3
15130,3
15131,3
15132,3
15133,3
15134,3
15135,3
15136,3
15137,3
15138,3
15139,3
15140,3
15141,3
15142,3
15143,3
15144,3
15145,3
15146,3
15147,3
15148,3
15149,3
15150,3
15151,3
15152,3
15153,3
15154,3
15155,3
15156,3
15157,3
15158,3
15159,3
15160,3
15161,3
15162,3
15163,3
15164,3
15165,3
15166,3
15167,3
15168,3
15169,3
15170,3
15171,3
15172,3
15173,3
15174,3
15175,3
15176,3
15177,3
15178,3
15179,3
15180,3
15181,3
15182,3
15183,3
15184,3
15185,3
15186,3
15187,3
15188,3
15189,3
15190,3
15191,3
15192,3
15193,3
15194,3
15195,3
15196,3
15197,3
15198,3
15199,3
15200,3
15201,3
15202,3
15203,3
15204,3
15205,3
15206,3
15207,3
15208,3
15209,3
15210,3
15211,3
15212,3
15213,3
15214,3
15215,3
15216,3
15217,3
15218,3
15219,3
15220,3
15221,3
15222,3
15223,3
15224,3
15225,3
15226,3
15227,3
15228,3
15229,3
15230,3
15231,3
15232,3
15233,3
15234,3
15235,3
15236,3
15237,3
15238,3
15239,3
15240,3
15241,3
15242,3
15243,3
15244,3
15245,3
15246,3
15247,3
15248,3
15249,3
15250,3
15251,3
15252,3
15253,3
15254,3
15255,3
15256,3
15257,3
15258,3
15259,3
15260,3
15261,3
15262,3
15263,3
15264,3
15265,3
15266,3
15267,3
15268,3
15269,3
15270,3
15271,3
15272,3
15273,3
15274,3
15275,3
15276,3
15277,3
15278,3
15279,3
15280,3
15281,3
15282,3
15283,3
15284,3
15285,3
15286,3
15287,3
15288,3
15289,3
15290,3
15291,3
15292,3
15293,3
15294,3
15295,3
15296,3
15297,3
15298,3
15299,3
15300,3
15301,3
15302,3
15303,3
15304,3
15305,3
15306,3
15307,3
15308,3
15309,3
15310,3
15311,3
15312,3
15313,3
15314,3
15315,3
15316,3
15317,3
15318,3
15319,3
15320,3
15321,3
15322,3
15323,3
15324,3
15325,3
15326,3
15327,3
15328,3
15329,3
15330,3
15331,3
15332,3
15333,3
15334,3
15335,3
15336,3
15337,3
15338,3
15339,3
15340,3
15341,3
15342,3
15343,3
15344,3
15345,3
15346,3
15347,3
15348,3
15349,3
15350,3
15351,3
15352,3
15353,3
15354,3
15355,3
15356,3
15357,3
15358,3
15359,3
15360,3
15361,3
15362,3
15363,3
15364,3
15365,3
15366,3
15367,3
15368,3
15369,3
15370,3
15371,3
15372,3
15373,3
15374,3
15375,3
15376,3
15377,3
15378,3
15379,3
15380,3
15381,3
15382,3
15383,3
15384,3
15385,3
15386,3
15387,3
15388,3
15389,3
15390,3
15391,3
15392,3
15393,3
15394,3
15395,3
15396,3
15397,3
15398,3
15399,3
15400,3
15401,3
15402,3
15403,3
15404,3
15405,3
15406,3
15407,3
15408,3
15409,3
15410,3
15411,3
15412,3
15413,3
15414,3
15415,3
15416,3
15417,3
15418,3
15419,3
15420,3
15421,3
15422,3
15423,3
15424,3
15425,3
15426,3
15427,3
15428,3
15429,3
15430,3
15431,3
15432,3
15433,3
15434,3
15435,3
15436,3
15437,3
15438,3
15439,3
15440,3
15441,3
15442,3
15443,3
15444,3
15445,3
15446,3
15447,3
15448,3
15449,3
15450,3
15451,3
15452,3
15453,3
15454,3
15455,3
15456,3
15457,3
15458,3
15459,3
15460,3
15461,3
15462,3
15463,3
15464,3
15465,3
15466,3
15467,3
15468,3
15469,3
15470,3
15471,3
15472,3
15473,3
15474,3
15475,3
15476,3
15477,3
15478,3
15479,3
15480,3
15481,3
15482,3
15483,3
15484,3
15485,3
15486,3
15487,3
15488,3
15489,3
15490,3
15491,3
15492,3
15493,3
15494,3
15495,3
15496,3
15497,3
15498,3
15499,3
15500,3
15501,3
15502,3
15503,3
15504,3
15505,3
15506,3
15507,3
15508,3
15509,3
15510,3
15511,3
15512,3
15513,3
15514,3
15515,3
15516,3
15517,3
15518,3
15519,3
15520,3
15521,3
15522,3
15523,3
15524,3
15525,3
15526,3
15527,3
15528,3
15529,3
15530,3
15531,3
15532,3
15533,3
15534,3
15535,3
15536,3
15537,3
15538,3
15539,3
15540,3
15541,3
15542,3
15543,3
15544,3
15545,3
15546,3
15547,3
15548,3
15549,3
15550,3
15551,3
15552,3
15553,3
15554,3
15555,3
15556,3
15557,3
15558,3
15559,3
15560,3
15561,3
15562,3
15563,3
15564,3
15565,3
15566,3
15567,3
15568,3
15569,3
15570,3
15571,3
15572,3
15573,3
15574,3
15575,3
15576,3
15577,3
15578,3
15579,3
15580,3
15581,3
15582,3
15583,3
15584,3
15585,3
15586,3
15587,3
15588,3
15589,3
15590,3
15591,3
15592,3
15593,3
15594,3
15595,3
15596,3
15597,3
15598,3
15599,3
15600,3
15601,3
15602,3
15603,3
15604,3
15605,3
15606,3
15607,3
15608,3
15609,3
15610,3
15611,3
15612,3
15613,3
15614,3
15615,3
15616,3
15617,3
15618,3
15619,3
15620,3
15621,3
15622,3
15623,3
15624,3
15625,3
15626,3
15627,3
15628,3
15629,3
15630,3
15631,3
15632,3
15633,3
15634,3
15635,3
15636,3
15637,3
15638,3
15639,3
15640,3
15641,3
15642,3
15643,3
15644,3
15645,3
15646,3
15647,3
15648,3
15649,3
15650,3
15651,3
15652,3
15653,3
15654,3
15655,3
15656,3
15657,3
15658,3
15659,3
15660,3
15661,3
15662,3
15663,3
15664,3
15665,3
15666,3
15667,3
15668,3
15669,3
15670,3
15671,3
15672,3
15673,3
15674,3
15675,3
15676,3
15677,3
15678,3
15679,3
15680,3
15681,3
15682,3
15683,3
15684,3
15685,3
15686,3
15687,3
15688,3
15689,3
15690,3
15691,3
15692,3
15693,3
15694,3
15695,3
15696,3
15697,3
15698,3
15699,3
15700,3
15701,3
15702,3
15703,3
15704,3
15705,3
15706,3
15707,3
15708,3
15709,3
15710,3
15711,3
15712,3
15713,3
15714,3
15715,3
15716,3
15717,3
15718,3
15719,3
15720,3
15721,3
15722,3
15723,3
15724,3
15725,3
15726,3
15727,3
15728,3
15729,3
15730,3
15731,3
15732,3
15733,3
15734,3
15735,3
15736,3
15737,3
15738,3
15739,3
15740,3
15741,3
15742,3
15743,3
15744,3
15745,3
15746,3
15747,3
15748,3
15749,3
15750,3
15751,3
15752,3
15753,3
15754,3
15755,3
15756,3
15757,3
15758,3
15759,3
15760,3
15761,3
15762,3
15763,3
15764,3
15765,3
15766,3
15767,3
15768,3
15769,3
15770,3
15771,3
15772,3
15773,3
15774,3
15775,3
15776,3
15777,3
15778,3
15779,3
15780,3
15781,3
15782,3
15783,3
15784,3
15785,3
15786,3
15787,3
15788,3
15789,3
15790,3
15791,3
15792,3
15793,3
15794,3
15795,3
15796,3
15797,3
15798,3
15799,3
15800,3
15801,3
15802,3
15803,3
15804,3
15805,3
15806,3
15807,3
15808,3
15809,3
15810,3
15811,3
15812,3
15813,3
15814,3
15815,3
15816,3
15817,3
15818,3
15819,3
15820,3
15821,3
15822,3
15823,3
15824,3
15825,3
15826,3
15827,3
15828,3
15829,3
15830,3
15831,3
15832,3
15833,3
15834,3
15835,3
15836,3
15837,3
15838,3
15839,3
15840,3
15841,3
15842,3
15843,3
15844,3
15845,3
15846,3
15847,3
15848,3
15849,3
15850,3
15851,3
15852,3
15853,3
15854,3
15855,3
15856,3
15857,3
15858,3
15859,3
15860,3
15861,3
15862,3
15863,3
15864,3
15865,3
15866,3
15867,3
15868,3
15869,3
15870,3
15871,3
15872,3
15873,3
15874,3
15875,3
15876,3
15877,3
15878,3
15879,3
15880,3
15881,3
15882,3
15883,3
15884,3
15885,3
15886,3
15887,3
15888,3
15889,3
15890,3
15891,3
15892,3
15893,3
15894,3
15895,3
15896,3
15897,3
15898,3
15899,3
15900,3
15901,3
15902,3
15903,3
15904,3
15905,3
15906,3
15907,3
15908,3
15909,3
15910,3
15911,3
15912,3
15913,3
15914,3
15915,3
15916,3
15917,3
15918,3
15919,3
15920,3
15921,3
15922,3
15923,3
15924,3
15925,3
15926,3
15927,3
15928,3
15929,3
15930,3
15931,3
15932,3
15933,3
15934,3
15935,3
15936,3
15937,3
15938,3
15939,3
15940,3
15941,3
15942,3
15943,3
15944,3
15945,3
15946,3
15947,3
15948,3
15949,3
15950,3
15951,3
15952,3
15953,3
15954,3
15955,3
15956,3
15957,3
15958,3
15959,3
15960,3
15961,3
15962,3
15963,3
15964,3
15965,3
15966,3
15967,3
15968,3
15969,3
15970,3
15971,3
15972,3
15973,3
15974,3
15975,3
15976,3
15977,3
15978,3
15979,3
15980,3
15981,3
15982,3
15983,3
15984,3
15985,3
15986,3
15987,3
15988,3
15989,3
15990,3
15991,3
15992,3
15993,3
15994,3
15995,3
15996,3
15997,3
15998,3
15999,3
16000,3
16001,3
16002,3
16003,3
16004,3
16005,3
16006,3
16007,3
16008,3
16009,3
16010,3
16011,3
16012,3
16013,3
16014,3
16015,3
16016,3
16017,3
16018,3
16019,3
16020,3
16021,3
16022,3
16023,3
16024,3
16025,3
16026,3
16027,3
16028,3
16029,3
16030,3
16031,3
16032,3
16033,3
16034,3
16035,3
16036,3
16037,3
16038,3
16039,3
16040,3
16041,3
16042,3
16043,3
16044,3
16045,3
16046,3
16047,3
16048,3
16049,3
16050,3
16051,3
16052,3
16053,3
16054,3
16055,3
16056,3
16057,3
16058,3
16059,3
16060,3
16061,3
16062,3
16063,3
16064,3
16065,3
16066,3
16067,3
16068,3
16069,3
16070,3
16071,3
16072,3
16073,3
16074,3
16075,3
16076,3
16077,3
16078,3
16079,3
16080,3
16081,3
16082,3
16083,3
16084,3
16085,3
16086,3
16087,3
16088,3
16089,3
16090,3
16091,3
16092,3
16093,3
16094,3
16095,3
16096,3
16097,3
16098,3
16099,3
16100,3
16101,3
16102,3
16103,3
16104,3
16105,3
16106,3
16107,3
16108,3
16109,3
16110,3
16111,3
16112,3
16113,3
16114,3
16115,3
16116,3
16117,3
16118,3
16119,3
16120,3
16121,3
16122,3
16123,3
16124,3
16125,3
16126,3
16127,3
16128,3
16129,3
16130,3
16131,3
16132,3
16133,3
16134,3
16135,3
16136,3
16137,3
16138,3
16139,3
16140,3
16141,3
16142,3
16143,3
16144,3
16145,3
16146,3
16147,3
16148,3
16149,3
16150,3
16151,3
16152,3
16153,3
16154,3
16155,3
16156,3
16157,3
16158,3
16159,3
16160,3
16161,3
16162,3
16163,3
16164,3
16165,3
16166,3
16167,3
16168,3
16169,3
16170,3
16171,3
16172,3
16173,3
16174,3
16175,3
16176,3
16177,3
16178,3
16179,3
16180,3
16181,3
16182,3
16183,3
16184,3
16185,3
16186,3
16187,3
16188,3
16189,3
16190,3
16191,3
16192,3
16193,3
16194,3
16195,3
16196,3
16197,3
16198,3
16199,3
16200,3
16201,3
16202,3
16203,3
16204,3
16205,3
16206,3
16207,3
16208,3
16209,3
16210,3
16211,3
16212,3
16213,3
16214,3
16215,3
16216,3
16217,3
16218,3
16219,3
16220,3
16221,3
16222,3
16223,3
16224,3
16225,3
16226,3
16227,3
16228,3
16229,3
16230,3
16231,3
16232,3
16233,3
16234,3
16235,3
16236,3
16237,3
16238,3
16239,3
16240,3
16241,3
16242,3
16243,3
16244,3
16245,3
16246,3
16247,3
16248,3
16249,3
16250,3
16251,3
16252,3
16253,3
16254,3
16255,3
16256,3
16257,3
16258,3
16259,3
16260,3
16261,3
16262,3
16263,3
16264,3
16265,3
16266,3
16267,3
16268,3
16269,3
16270,3
16271,3
16272,3
16273,3
16274,3
16275,3
16276,3
16277,3
16278,3
16279,3
16280,3
16281,3
16282,3
16283,3
16284,3
16285,3
16286,3
16287,3
16288,3
16289,3
16290,3
16291,3
16292,3
16293,3
16294,3
16295,3
16296,3
16297,3
16298,3
16299,3
16300,3
16301,3
16302,3
16303,3
16304,3
16305,3
16306,3
16307,3
16308,3
16309,3
16310,3
16311,3
16312,3
16313,3
16314,3
16315,3
16316,3
16317,3
16318,3
16319,3
16320,3
16321,3
16322,3
16323,3
16324,3
16325,3
16326,3
16327,3
16328,3
16329,3
16330,3
16331,3
16332,3
16333,3
16334,3
16335,3
16336,3
16337,3
16338,3
16339,3
16340,3
16341,3
16342,3
16343,3
16344,3
16345,3
16346,3
16347,3
16348,3
16349,3
16350,3
16351,3
16352,3
16353,3
16354,3
16355,3
16356,3
16357,3
16358,3
16359,3
16360,3
16361,3
16362,3
16363,3
16364,3
16365,3
16366,3
16367,3
16368,3
16369,3
16370,3
16371,3
16372,3
16373,3
16374,3
16375,3
16376,3
16377,3
16378,3
16379,3
16380,3
16381,3
16382,3
16383,3
16384,3
16385,3
16386,3
16387,3
16388,3
16389,3
16390,3
16391,3
16392,3
16393,3
16394,3
16395,3
16396,3
16397,3
16398,3
16399,3
16400,3
16401,3
16402,3
16403,3
16404,3
16405,3
16406,3
16407,3
16408,3
16409,3
16410,3
16411,3
16412,3
16413,3
16414,3
16415,3
16416,3
16417,3
16418,3
16419,3
16420,3
16421,3
16422,3
16423,3
16424,3
16425,3
16426,3
16427,3
16428,3
16429,3
16430,3
16431,3
16432,3
16433,3
16434,3
16435,3
16436,3
16437,3
16438,3
16439,3
16440,3
16441,3
16442,3
16443,3
16444,3
16445,3
16446,3
16447,3
16448,3
16449,3
16450,3
16451,3
16452,3
16453,3
16454,3
16455,3
16456,3
16457,3
16458,3
16459,3
16460,3
16461,3
16462,3
16463,3
16464,3
16465,3
16466,3
16467,3
16468,3
16469,3
16470,3
16471,3
16472,3
16473,3
16474,3
16475,3
16476,3
16477,3
16478,3
16479,3
16480,3
16481,3
16482,3
16483,3
16484,3
16485,3
16486,3
16487,3
16488,3
16489,3
16490,3
16491,3
16492,3
16493,3
16494,3
16495,3
16496,3
16497,3
16498,3
16499,3
16500,3
16501,3
16502,3
16503,3
16504,3
16505,3
16506,3
16507,3
16508,3
16509,3
16510,3
16511,3
16512,3
16513,3
16514,3
16515,3
16516,3
16517,3
16518,3
16519,3
16520,3
16521,3
16522,3
16523,3
16524,3
16525,3
16526,3
16527,3
16528,3
16529,3
16530,3
16531,3
16532,3
16533,3
16534,3
16535,3
16536,3
16537,3
16538,3
16539,3
16540,3
16541,3
16542,3
16543,3
16544,3
16545,3
16546,3
16547,3
16548,3
16549,3
16550,3
16551,3
16552,3
16553,3
16554,3
16555,3
16556,3
16557,3
16558,3
16559,3
16560,3
16561,3
16562,3
16563,3
16564,3
16565,3
16566,3
16567,3
16568,3
16569,3
16570,3
16571,3
16572,3
16573,3
16574,3
16575,3
16576,3
16577,3
16578,3
16579,3
16580,3
16581,3
16582,3
16583,3
16584,3
16585,3
16586,3
16587,3
16588,3
16589,3
16590,3
16591,3
16592,3
16593,3
16594,3
16595,3
16596,3
16597,3
16598,3
16599,3
16600,3
16601,3
16602,3
16603,3
16604,3
16605,3
16606,3
16607,3
16608,3
16609,3
16610,3
16611,3
16612,3
16613,3
16614,3
16615,3
16616,3
16617,3
16618,3
16619,3
16620,3
16621,3
16622,3
16623,3
16624,3
16625,3
16626,3
16627,3
16628,3
16629,3
16630,3
16631,3
16632,3
16633,3
16634,3
16635,3
16636,3
16637,3
16638,3
16639,3
16640,3
16641,3
16642,3
16643,3
16644,3
16645,3
16646,3
16647,3
16648,3
16649,3
16650,3
16651,3
16652,3
16653,3
16654,3
16655,3
16656,3
16657,3
16658,3
16659,3
16660,3
16661,3
16662,3
16663,3
16664,3
16665,3
16666,3
16667,3
16668,3
16669,3
16670,3
16671,3
16672,3
16673,3
16674,3
16675,3
16676,3
16677,3
16678,3
16679,3
16680,3
16681,3
16682,3
16683,3
16684,3
16685,3
16686,3
16687,3
16688,3
16689,3
16690,3
16691,3
16692,3
16693,3
16694,3
16695,3
16696,3
16697,3
16698,3
16699,3
16700,3
16701,3
16702,3
16703,3
16704,3
16705,3
16706,3
16707,3
16708,3
16709,3
16710,3
16711,3
16712,3
16713,3
16714,3
16715,3
16716,3
16717,3
16718,3
16719,3
16720,3
16721,3
16722,3
16723,3
16724,3
16725,3
16726,3
16727,3
16728,3
16729,3
16730,3
16731,3
16732,3
16733,3
16734,3
16735,3
16736,3
16737,3
16738,3
16739,3
16740,3
16741,3
16742,3
16743,3
16744,3
16745,3
16746,3
16747,3
16748,3
16749,3
16750,3
16751,3
16752,3
16753,3
16754,3
16755,3
16756,3
16757,3
16758,3
16759,3
16760,3
16761,3
16762,3
16763,3
16764,3
16765,3
16766,3
16767,3
16768,3
16769,3
16770,3
16771,3
16772,3
16773,3
16774,3
16775,3
16776,3
16777,3
16778,3
16779,3
16780,3
16781,3
16782,3
16783,3
16784,3
16785,3
16786,3
16787,3
16788,3
16789,3
16790,3
16791,3
16792,3
16793,3
16794,3
16795,3
16796,3
16797,3
16798,3
16799,3
16800,3
16801,3
16802,3
16803,3
16804,3
16805,3
16806,3
16807,3
16808,3
16809,3
16810,3
16811,3
16812,3
16813,3
16814,3
16815,3
16816,3
16817,3
16818,3
16819,3
16820,3
16821,3
16822,3
16823,3
16824,3
16825,3
16826,3
16827,3
16828,3
16829,3
16830,3
16831,3
16832,3
16833,3
16834,3
16835,3
16836,3
16837,3
16838,3
16839,3
16840,3
16841,3
16842,3
16843,3
16844,3
16845,3
16846,3
16847,3
16848,3
16849,3
16850,3
16851,3
16852,3
16853,3
16854,3
16855,3
16856,3
16857,3
16858,3
16859,3
16860,3
16861,3
16862,3
16863,3
16864,3
16865,3
16866,3
16867,3
16868,3
16869,3
16870,3
16871,3
16872,3
16873,3
16874,3
16875,3
16876,3
16877,3
16878,3
16879,3
16880,3
16881,3
16882,3
16883,3
16884,3
16885,3
16886,3
16887,3
16888,3
16889,3
16890,3
16891,3
16892,3
16893,3
16894,3
16895,3
16896,3
16897,3
16898,3
16899,3
16900,3
16901,3
16902,3
16903,3
16904,3
16905,3
16906,3
16907,3
16908,3
16909,3
16910,3
16911,3
16912,3
16913,3
16914,3
16915,3
16916,3
16917,3
16918,3
16919,3
16920,3
16921,3
16922,3
16923,3
16924,3
16925,3
16926,3
16927,3
16928,3
16929,3
16930,3
16931,3
16932,3
16933,3
16934,3
16935,3
16936,3
16937,3
16938,3
16939,3
16940,3
16941,3
16942,3
16943,3
16944,3
16945,3
16946,3
16947,3
16948,3
16949,3
16950,3
16951,3
16952,3
16953,3
16954,3
16955,3
16956,3
16957,3
16958,3
16959,3
16960,3
16961,3
16962,3
16963,3
16964,3
16965,3
16966,3
16967,3
16968,3
16969,3
16970,3
16971,3
16972,3
16973,3
16974,3
16975,3
16976,3
16977,3
16978,3
16979,3
16980,3
16981,3
16982,3
16983,3
16984,3
16985,3
16986,3
16987,3
16988,3
16989,3
16990,3
16991,3
16992,3
16993,3
16994,3
16995,3
16996,3
16997,3
16998,3
16999,3
17000,3
17001,3
17002,3
17003,3
17004,3
17005,3
17006,3
17007,3
17008,3
17009,3
17010,3
17011,3
17012,3
17013,3
17014,3
17015,3
17016,3
17017,3
17018,3
17019,3
17020,3
17021,3
17022,3
17023,3
17024,3
17025,3
17026,3
17027,3
17028,3
17029,3
17030,3
17031,3
17032,3
17033,3
17034,3
17035,3
17036,3
17037,3
17038,3
17039,3
17040,3
17041,3
17042,3
17043,3
17044,3
17045,3
17046,3
17047,3
17048,3
17049,3
17050,3
17051,3
17052,3
17053,3
17054,3
17055,3
17056,3
17057,3
17058,3
17059,3
17060,3
17061,3
17062,3
17063,3
17064,3
17065,3
17066,3
17067,3
17068,3
17069,3
17070,3
17071,3
17072,3
17073,3
17074,3
17075,3
17076,3
17077,3
17078,3
17079,3
17080,3
17081,3
17082,3
17083,3
17084,3
17085,3
17086,3
17087,3
17088,3
17089,3
17090,3
17091,3
17092,3
17093,3
17094,3
17095,3
17096,3
17097,3
17098,3
17099,3
17100,3
17101,3
17102,3
17103,3
17104,3
17105,3
17106,3
17107,3
17108,3
17109,3
17110,3
17111,3
17112,3
17113,3
17114,3
17115,3
17116,3
17117,3
17118,3
17119,3
17120,3
17121,3
17122,3
17123,3
17124,3
17125,3
17126,3
17127,3
17128,3
17129,3
17130,3
17131,3
17132,3
17133,3
17134,3
17135,3
17136,3
17137,3
17138,3
17139,3
17140,3
17141,3
17142,3
17143,3
17144,3
17145,3
17146,3
17147,3
17148,3
17149,3
17150,3
17151,3
17152,3
17153,3
17154,3
17155,3
17156,3
17157,3
17158,3
17159,3
17160,3
17161,3
17162,3
17163,3
17164,3
17165,3
17166,3
17167,3
17168,3
17169,3
17170,3
17171,3
17172,3
17173,3
17174,3
17175,3
17176,3
17177,3
17178,3
17179,3
17180,3
17181,3
17182,3
17183,3
17184,3
17185,3
17186,3
17187,3
17188,3
17189,3
17190,3
17191,3
17192,3
17193,3
17194,3
17195,3
17196,3
17197,3
17198,3
17199,3
17200,3
17201,3
17202,3
17203,3
17204,3
17205,3
17206,3
17207,3
17208,3
17209,3
17210,3
17211,3
17212,3
17213,3
17214,3
17215,3
17216,3
17217,3
17218,3
17219,3
17220,3
17221,3
17222,3
17223,3
17224,3
17225,3
17226,3
17227,3
17228,3
17229,3
17230,3
17231,3
17232,3
17233,3
17234,3
17235,3
17236,3
17237,3
17238,3
17239,3
17240,3
17241,3
17242,3
17243,3
17244,3
17245,3
17246,3
17247,3
17248,3
17249,3
17250,3
17251,3
17252,3
17253,3
17254,3
17255,3
17256,3
17257,3
17258,3
17259,3
17260,3
17261,3
17262,3
17263,3
17264,3
17265,3
17266,3
17267,3
17268,3
17269,3
17270,3
17271,3
17272,3
17273,3
17274,3
17275,3
17276,3
17277,3
17278,3
17279,3
17280,3
17281,3
17282,3
17283,3
17284,3
17285,3
17286,3
17287,3
17288,3
17289,3
17290,3
17291,3
17292,3
17293,3
17294,3
17295,3
17296,3
17297,3
17298,3
17299,3
17300,3
17301,3
17302,3
17303,3
17304,3
17305,3
17306,3
17307,3
17308,3
17309,3
17310,3
17311,3
17312,3
17313,3
17314,3
17315,3
17316,3
17317,3
17318,3
17319,3
17320,3
17321,3
17322,3
17323,3
17324,3
17325,3
17326,3
17327,3
17328,3
17329,3
17330,3
17331,3
17332,3
17333,3
17334,3
17335,3
17336,3
17337,3
17338,3
17339,3
17340,3
17341,3
17342,3
17343,3
17344,3
17345,3
17346,3
17347,3
17348,3
17349,3
17350,3
17351,3
17352,3
17353,3
17354,3
17355,3
17356,3
17357,3
17358,3
17359,3
17360,3
17361,3
17362,3
17363,3
17364,3
17365,3
17366,3
17367,3
17368,3
17369,3
17370,3
17371,3
17372,3
17373,3
17374,3
17375,3
17376,3
17377,3
17378,3
17379,3
17380,3
17381,3
17382,3
17383,3
17384,3
17385,3
17386,3
17387,3
17388,3
17389,3
17390,3
17391,3
17392,3
17393,3
17394,3
17395,3
17396,3
17397,3
17398,3
17399,3
17400,3
17401,3
17402,3
17403,3
17404,3
17405,3
17406,3
17407,3
17408,3
17409,3
17410,3
17411,3
17412,3
17413,3
17414,3
17415,3
17416,3
17417,3
17418,3
17419,3
17420,3
17421,3
17422,3
17423,3
17424,3
17425,3
17426,3
17427,3
17428,3
17429,3
17430,3
17431,3
17432,3
17433,3
17434,3
17435,3
17436,3
17437,3
17438,3
17439,3
17440,3
17441,3
17442,3
17443,3
17444,3
17445,3
17446,3
17447,3
17448,3
17449,3
17450,3
17451,3
17452,3
17453,3
17454,3
17455,3
17456,3
17457,3
17458,3
17459,3
17460,3
17461,3
17462,3
17463,3
17464,3
17465,3
17466,3
17467,3
17468,3
17469,3
17470,3
17471,3
17472,3
17473,3
17474,3
17475,3
17476,3
17477,3
17478,3
17479,3
17480,3
17481,3
17482,3
17483,3
17484,3
17485,3
17486,3
17487,3
17488,3
17489,3
17490,3
17491,3
17492,3
17493,3
17494,3
17495,3
17496,3
17497,3
17498,3
17499,3
17500,3
17501,3
17502,3
17503,3
17504,3
17505,3
17506,3
17507,3
17508,3
17509,3
17510,3
17511,3
17512,3
17513,3
17514,3
17515,3
17516,3
17517,3
17518,3
17519,3
17520,3
17521,3
17522,3
17523,3
17524,3
17525,3
17526,3
17527,3
17528,3
17529,3
17530,3
17531,3
17532,3
17533,3
17534,3
17535,3
17536,3
17537,3
17538,3
17539,3
17540,3
17541,3
17542,3
17543,3
17544,3
17545,3
17546,3
17547,3
17548,3
17549,3
17550,3
17551,3
17552,3
17553,3
17554,3
17555,3
17556,3
17557,3
17558,3
17559,3
17560,3
17561,3
17562,3
17563,3
17564,3
17565,3
17566,3
17567,3
17568,3
17569,3
17570,3
17571,3
17572,3
17573,3
17574,3
17575,3
17576,3
17577,3
17578,3
17579,3
17580,3
17581,3
17582,3
17583,3
17584,3
17585,3
17586,3
17587,3
17588,3
17589,3
17590,3
17591,3
17592,3
17593,3
17594,3
17595,3
17596,3
17597,3
17598,3
17599,3
17600,3
17601,3
17602,3
17603,3
17604,3
17605,3
17606,3
17607,3
17608,3
17609,3
17610,3
17611,3
17612,3
17613,3
17614,3
17615,3
17616,3
17617,3
17618,3
17619,3
17620,3
17621,3
17622,3
17623,3
17624,3
17625,3
17626,3
17627,3
17628,3
17629,3
17630,3
17631,3
17632,3
17633,3
17634,3
17635,3
17636,3
17637,3
17638,3
17639,3
17640,3
17641,3
17642,3
17643,3
17644,3
17645,3
17646,3
17647,3
17648,3
17649,3
17650,3
17651,3
17652,3
17653,3
17654,3
17655,3
17656,3
17657,3
17658,3
17659,3
17660,3
17661,3
17662,3
17663,3
17664,3
17665,3
17666,3
17667,3
17668,3
17669,3
17670,3
17671,3
17672,3
17673,3
17674,3
17675,3
17676,3
17677,3
17678,3
17679,3
17680,3
17681,3
17682,3
17683,3
17684,3
17685,3
17686,3
17687,3
17688,3
17689,3
17690,3
17691,3
17692,3
17693,3
17694,3
17695,3
17696,3
17697,3
17698,3
17699,3
17700,3
17701,3
17702,3
17703,3
17704,3
17705,3
17706,3
17707,3
17708,3
17709,3
17710,3
17711,3
17712,3
17713,3
17714,3
17715,3
17716,3
17717,3
17718,3
17719,3
17720,3
17721,3
17722,3
17723,3
17724,3
17725,3
17726,3
17727,3
17728,3
17729,3
17730,3
17731,3
17732,3
17733,3
17734,3
17735,3
17736,3
17737,3
17738,3
17739,3
17740,3
17741,3
17742,3
17743,3
17744,3
17745,3
17746,3
17747,3
17748,3
17749,3
17750,3
17751,3
17752,3
17753,3
17754,3
17755,3
17756,3
17757,3
17758,3
17759,3
17760,3
17761,3
17762,3
17763,3
17764,3
17765,3
17766,3
17767,3
17768,3
17769,3
17770,3
17771,3
17772,3
17773,3
17774,3
17775,3
17776,3
17777,3
17778,3
17779,3
17780,3
17781,3
17782,3
17783,3
17784,3
17785,3
17786,3
17787,3
17788,3
17789,3
17790,3
17791,3
17792,3
17793,3
17794,3
17795,3
17796,3
17797,3
17798,3
17799,3
17800,3
17801,3
17802,3
17803,3
17804,3
17805,3
17806,3
17807,3
17808,3
17809,3
17810,3
17811,3
17812,3
17813,3
17814,3
17815,3
17816,3
17817,3
17818,3
17819,3
17820,3
17821,3
17822,3
17823,3
17824,3
17825,3
17826,3
17827,3
17828,3
17829,3
17830,3
17831,3
17832,3
17833,3
17834,3
17835,3
17836,3
17837,3
17838,3
17839,3
17840,3
17841,3
17842,3
17843,3
17844,3
17845,3
17846,3
17847,3
17848,3
17849,3
17850,3
17851,3
17852,3
17853,3
17854,3
17855,3
17856,3
17857,3
17858,3
17859,3
17860,3
17861,3
17862,3
17863,3
17864,3
17865,3
17866,3
17867,3
17868,3
17869,3
17870,3
17871,3
17872,3
17873,3
17874,3
17875,3
17876,3
17877,3
17878,3
17879,3
17880,3
17881,3
17882,3
17883,3
17884,3
17885,3
17886,3
17887,3
17888,3
17889,3
17890,3
17891,3
17892,3
17893,3
17894,3
17895,3
17896,3
17897,3
17898,3
17899,3
17900,3
17901,3
17902,3
17903,3
17904,3
17905,3
17906,3
17907,3
17908,3
17909,3
17910,3
17911,3
17912,3
17913,3
17914,3
17915,3
17916,3
17917,3
17918,3
17919,3
17920,3
17921,3
17922,3
17923,3
17924,3
17925,3
17926,3
17927,3
17928,3
17929,3
17930,3
17931,3
17932,3
17933,3
17934,3
17935,3
17936,3
17937,3
17938,3
17939,3
17940,3
17941,3
17942,3
17943,3
17944,3
17945,3
17946,3
17947,3
17948,3
17949,3
17950,3
17951,3
17952,3
17953,3
17954,3
17955,3
17956,3
17957,3
17958,3
17959,3
17960,3
17961,3
17962,3
17963,3
17964,3
17965,3
17966,3
17967,3
17968,3
17969,3
17970,3
17971,3
17972,3
17973,3
17974,3
17975,3
17976,3
17977,3
17978,3
17979,3
17980,3
17981,3
17982,3
17983,3
17984,3
17985,3
17986,3
17987,3
17988,3
17989,3
17990,3
17991,3
17992,3
17993,3
17994,3
17995,3
17996,3
17997,3
17998,3
17999,3
18000,3
18001,3
18002,3
18003,3
18004,3
18005,3
18006,3
18007,3
18008,3
18009,3
18010,3
18011,3
18012,3
18013,3
18014,3
18015,3
18016,3
18017,3
18018,3
18019,3
18020,3
18021,3
18022,3
18023,3
18024,3
18025,3
18026,3
18027,3
18028,3
18029,3
18030,3
18031,3
18032,3
18033,3
18034,3
18035,3
18036,3
18037,3
18038,3
18039,3
18040,3
18041,3
18042,3
18043,3
18044,3
18045,3
18046,3
18047,3
18048,3
18049,3
18050,3
18051,3
18052,3
18053,3
18054,3
18055,3
18056,3
18057,3
18058,3
18059,3
18060,3
18061,3
18062,3
18063,3
18064,3
18065,3
18066,3
18067,3
18068,3
18069,3
18070,3
18071,3
18072,3
18073,3
18074,3
18075,3
18076,3
18077,3
18078,3
18079,3
18080,3
18081,3
18082,3
18083,3
18084,3
18085,3
18086,3
18087,3
18088,3
18089,3
18090,3
18091,3
18092,3
18093,3
18094,3
18095,3
18096,3
18097,3
18098,3
18099,3
18100,3
18101,3
18102,3
18103,3
18104,3
18105,3
18106,3
18107,3
18108,3
18109,3
18110,3
18111,3
18112,3
18113,3
18114,3
18115,3
18116,3
18117,3
18118,3
18119,3
18120,3
18121,3
18122,3
18123,3
18124,3
18125,3
18126,3
18127,3
18128,3
18129,3
18130,3
18131,3
18132,3
18133,3
18134,3
18135,3
18136,3
18137,3
18138,3
18139,3
18140,3
18141,3
18142,3
18143,3
18144,3
18145,3
18146,3
18147,3
18148,3
18149,3
18150,3
18151,3
18152,3
18153,3
18154,3
18155,3
18156,3
18157,3
18158,3
18159,3
18160,3
18161,3
18162,3
18163,3
18164,3
18165,3
18166,3
18167,3
18168,3
18169,3
18170,3
18171,3
18172,3
18173,3
18174,3
18175,3
18176,3
18177,3
18178,3
18179,3
18180,3
18181,3
18182,3
18183,3
18184,3
18185,3
18186,3
18187,3
18188,3
18189,3
18190,3
18191,3
18192,3
18193,3
18194,3
18195,3
18196,3
18197,3
18198,3
18199,3
18200,3
18201,3
18202,3
18203,3
18204,3
18205,3
18206,3
18207,3
18208,3
18209,3
18210,3
18211,3
18212,3
18213,3
18214,3
18215,3
18216,3
18217,3
18218,3
18219,3
18220,3
18221,3
18222,3
18223,3
18224,3
18225,3
18226,3
18227,3
18228,3
18229,3
18230,3
18231,3
18232,3
18233,3
18234,3
18235,3
18236,3
18237,3
18238,3
18239,3
18240,3
18241,3
18242,3
18243,3
18244,3
18245,3
18246,3
18247,3
18248,3
18249,3
18250,3
18251,3
18252,3
18253,3
18254,3
18255,3
18256,3
18257,3
18258,3
18259,3
18260,3
18261,3
18262,3
18263,3
18264,3
18265,3
18266,3
18267,3
18268,3
18269,3
18270,3
18271,3
18272,3
18273,3
18274,3
18275,3
18276,3
18277,3
18278,3
18279,3
18280,3
18281,3
18282,3
18283,3
18284,3
18285,3
18286,3
18287,3
18288,3
18289,3
18290,3
18291,3
18292,3
18293,3
18294,3
18295,3
18296,3
18297,3
18298,3
18299,3
18300,3
18301,3
18302,3
18303,3
18304,3
18305,3
18306,3
18307,3
18308,3
18309,3
18310,3
18311,3
18312,3
18313,3
18314,3
18315,3
18316,3
18317,3
18318,3
18319,3
18320,3
18321,3
18322,3
18323,3
18324,3
18325,3
18326,3
18327,3
18328,3
18329,3
18330,3
18331,3
18332,3
18333,3
18334,3
18335,3
18336,3
18337,3
18338,3
18339,3
18340,3
18341,3
18342,3
18343,3
18344,3
18345,3
18346,3
18347,3
18348,3
18349,3
18350,3
18351,3
18352,3
18353,3
18354,3
18355,3
18356,3
18357,3
18358,3
18359,3
18360,3
18361,3
18362,3
18363,3
18364,3
18365,3
18366,3
18367,3
18368,3
18369,3
18370,3
18371,3
18372,3
18373,3
18374,3
18375,3
18376,3
18377,3
18378,3
18379,3
18380,3
18381,3
18382,3
18383,3
18384,3
18385,3
18386,3
18387,3
18388,3
18389,3
18390,3
18391,3
18392,3
18393,3
18394,3
18395,3
18396,3
18397,3
18398,3
18399,3
18400,3
18401,3
18402,3
18403,3
18404,3
18405,3
18406,3
18407,3
18408,3
18409,3
18410,3
18411,3
18412,3
18413,3
18414,3
18415,3
18416,3
18417,3
18418,3
18419,3
18420,3
18421,3
18422,3
18423,3
18424,3
18425,3
18426,3
18427,3
18428,3
18429,3
18430,3
18431,3
18432,3
18433,3
18434,3
18435,3
18436,3
18437,3
18438,3
18439,3
18440,3
18441,3
18442,3
18443,3
18444,3
18445,3
18446,3
18447,3
18448,3
18449,3
18450,3
18451,3
18452,3
18453,3
18454,3
18455,3
18456,3
18457,3
18458,3
18459,3
18460,3
18461,3
18462,3
18463,3
18464,3
18465,3
18466,3
18467,3
18468,3
18469,3
18470,3
18471,3
18472,3
18473,3
18474,3
18475,3
18476,3
18477,3
18478,3
18479,3
18480,3
18481,3
18482,3
18483,3
18484,3
18485,3
18486,3
18487,3
18488,3
18489,3
18490,3
18491,3
18492,3
18493,3
18494,3
18495,3
18496,3
18497,3
18498,3
18499,3
18500,3
18501,3
18502,3
18503,3
18504,3
18505,3
18506,3
18507,3
18508,3
18509,3
18510,3
18511,3
18512,3
18513,3
18514,3
18515,3
18516,3
18517,3
18518,3
18519,3
18520,3
18521,3
18522,3
18523,3
18524,3
18525,3
18526,3
18527,3
18528,3
18529,3
18530,3
18531,3
18532,3
18533,3
18534,3
18535,3
18536,3
18537,3
18538,3
18539,3
18540,3
18541,3
18542,3
18543,3
18544,3
18545,3
18546,3
18547,3
18548,3
18549,3
18550,3
18551,3
18552,3
18553,3
18554,3
18555,3
18556,3
18557,3
18558,3
18559,3
18560,3
18561,3
18562,3
18563,3
18564,3
18565,3
18566,3
18567,3
18568,3
18569,3
18570,3
18571,3
18572,3
18573,3
18574,3
18575,3
18576,3
18577,3
18578,3
18579,3
18580,3
18581,3
18582,3
18583,3
18584,3
18585,3
18586,3
18587,3
18588,3
18589,3
18590,3
18591,3
18592,3
18593,3
18594,3
18595,3
18596,3
18597,3
18598,3
18599,3
18600,3
18601,3
18602,3
18603,3
18604,3
18605,3
18606,3
18607,3
18608,3
18609,3
18610,3
18611,3
18612,3
18613,3
18614,3
18615,3
18616,3
18617,3
18618,3
18619,3
18620,3
18621,3
18622,3
18623,3
18624,3
18625,3
18626,3
18627,3
18628,3
18629,3
18630,3
18631,3
18632,3
18633,3
18634,3
18635,3
18636,3
18637,3
18638,3
18639,3
18640,3
18641,3
18642,3
18643,3
18644,3
18645,3
18646,3
18647,3
18648,3
18649,3
18650,3
18651,3
18652,3
18653,3
18654,3
18655,3
18656,3
18657,3
18658,3
18659,3
18660,3
18661,3
18662,3
18663,3
18664,3
18665,3
18666,3
18667,3
18668,3
18669,3
18670,3
18671,3
18672,3
18673,3
18674,3
18675,3
18676,3
18677,3
18678,3
18679,3
18680,3
18681,3
18682,3
18683,3
18684,3
18685,3
18686,3
18687,3
18688,3
18689,3
18690,3
18691,3
18692,3
18693,3
18694,3
18695,3
18696,3
18697,3
18698,3
18699,3
18700,3
18701,3
18702,3
18703,3
18704,3
18705,3
18706,3
18707,3
18708,3
18709,3
18710,3
18711,3
18712,3
18713,3
18714,3
18715,3
18716,3
18717,3
18718,3
18719,3
18720,3
18721,3
18722,3
18723,3
18724,3
18725,3
18726,3
18727,3
18728,3
18729,3
18730,3
18731,3
18732,3
18733,3
18734,3
18735,3
18736,3
18737,3
18738,3
18739,3
18740,3
18741,3
18742,3
18743,3
18744,3
18745,3
18746,3
18747,3
18748,3
18749,3
18750,3
18751,3
18752,3
18753,3
18754,3
18755,3
18756,3
18757,3
18758,3
18759,3
18760,3
18761,3
18762,3
18763,3
18764,3
18765,3
18766,3
18767,3
18768,3
18769,3
18770,3
18771,3
18772,3
18773,3
18774,3
18775,3
18776,3
18777,3
18778,3
18779,3
18780,3
18781,3
18782,3
18783,3
18784,3
18785,3
18786,3
18787,3
18788,3
18789,3
18790,3
18791,3
18792,3
18793,3
18794,3
18795,3
18796,3
18797,3
18798,3
18799,3
18800,3
18801,3
18802,3
18803,3
18804,3
18805,3
18806,3
18807,3
18808,3
18809,3
18810,3
18811,3
18812,3
18813,3
18814,3
18815,3
18816,3
18817,3
18818,3
18819,3
18820,3
18821,3
18822,3
18823,3
18824,3
18825,3
18826,3
18827,3
18828,3
18829,3
18830,3
18831,3
18832,3
18833,3
18834,3
18835,3
18836,3
18837,3
18838,3
18839,3
18840,3
18841,3
18842,3
18843,3
18844,3
18845,3
18846,3
18847,3
18848,3
18849,3
18850,3
18851,3
18852,3
18853,3
18854,3
18855,3
18856,3
18857,3
18858,3
18859,3
18860,3
18861,3
18862,3
18863,3
18864,3
18865,3
18866,3
18867,3
18868,3
18869,3
18870,3
18871,3
18872,3
18873,3
18874,3
18875,3
18876,3
18877,3
18878,3
18879,3
18880,3
18881,3
18882,3
18883,3
18884,3
18885,3
18886,3
18887,3
18888,3
18889,3
18890,3
18891,3
18892,3
18893,3
18894,3
18895,3
18896,3
18897,3
18898,3
18899,3
18900,3
18901,3
18902,3
18903,3
18904,3
18905,3
18906,3
18907,3
18908,3
18909,3
18910,3
18911,3
18912,3
18913,3
18914,3
18915,3
18916,3
18917,3
18918,3
18919,3
18920,3
18921,3
18922,3
18923,3
18924,3
18925,3
18926,3
18927,3
18928,3
18929,3
18930,3
18931,3
18932,3
18933,3
18934,3
18935,3
18936,3
18937,3
18938,3
18939,3
18940,3
18941,3
18942,3
18943,3
18944,3
18945,3
18946,3
18947,3
18948,3
18949,3
18950,3
18951,3
18952,3
18953,3
18954,3
18955,3
18956,3
18957,3
18958,3
18959,3
18960,3
18961,3
18962,3
18963,3
18964,3
18965,3
18966,3
18967,3
18968,3
18969,3
18970,3
18971,3
18972,3
18973,3
18974,3
18975,3
18976,3
18977,3
18978,3
18979,3
18980,3
18981,3
18982,3
18983,3
18984,3
18985,3
18986,3
18987,3
18988,3
18989,3
18990,3
18991,3
18992,3
18993,3
18994,3
18995,3
18996,3
18997,3
18998,3
18999,3
19000,3
19001,3
19002,3
19003,3
19004,3
19005,3
19006,3
19007,3
19008,3
19009,3
19010,3
19011,3
19012,3
19013,3
19014,3
19015,3
19016,3
19017,3
19018,3
19019,3
19020,3
19021,3
19022,3
19023,3
19024,3
19025,3
19026,3
19027,3
19028,3
19029,3
19030,3
19031,3
19032,3
19033,3
19034,3
19035,3
19036,3
19037,3
19038,3
19039,3
19040,3
19041,3
19042,3
19043,3
19044,3
19045,3
19046,3
19047,3
19048,3
19049,3
19050,3
19051,3
19052,3
19053,3
19054,3
19055,3
19056,3
19057,3
19058,3
19059,3
19060,3
19061,3
19062,3
19063,3
19064,3
19065,3
19066,3
19067,3
19068,3
19069,3
19070,3
19071,3
19072,3
19073,3
19074,3
19075,3
19076,3
19077,3
19078,3
19079,3
19080,3
19081,3
19082,3
19083,3
19084,3
19085,3
19086,3
19087,3
19088,3
19089,3
19090,3
19091,3
19092,3
19093,3
19094,3
19095,3
19096,3
19097,3
19098,3
19099,3
19100,3
19101,3
19102,3
19103,3
19104,3
19105,3
19106,3
19107,3
19108,3
19109,3
19110,3
19111,3
19112,3
19113,3
19114,3
19115,3
19116,3
19117,3
19118,3
19119,3
19120,3
19121,3
19122,3
19123,3
19124,3
19125,3
19126,3
19127,3
19128,3
19129,3
19130,3
19131,3
19132,3
19133,3
19134,3
19135,3
19136,3
19137,3
19138,3
19139,3
19140,3
19141,3
19142,3
19143,3
19144,3
19145,3
19146,3
19147,3
19148,3
19149,3
19150,3
19151,3
19152,3
19153,3
19154,3
19155,3
19156,3
19157,3
19158,3
19159,3
19160,3
19161,3
19162,3
19163,3
19164,3
19165,3
19166,3
19167,3
19168,3
19169,3
19170,3
19171,3
19172,3
19173,3
19174,3
19175,3
19176,3
19177,3
19178,3
19179,3
19180,3
19181,3
19182,3
19183,3
19184,3
19185,3
19186,3
19187,3
19188,3
19189,3
19190,3
19191,3
19192,3
19193,3
19194,3
19195,3
19196,3
19197,3
19198,3
19199,3
19200,3
19201,3
19202,3
19203,3
19204,3
19205,3
19206,3
19207,3
19208,3
19209,3
19210,3
19211,3
19212,3
19213,3
19214,3
19215,3
19216,3
19217,3
19218,3
19219,3
19220,3
19221,3
19222,3
19223,3
19224,3
19225,3
19226,3
19227,3
19228,3
19229,3
19230,3
19231,3
19232,3
19233,3
19234,3
19235,3
19236,3
19237,3
19238,3
19239,3
19240,3
19241,3
19242,3
19243,3
19244,3
19245,3
19246,3
19247,3
19248,3
19249,3
19250,3
19251,3
19252,3
19253,3
19254,3
19255,3
19256,3
19257,3
19258,3
19259,3
19260,3
19261,3
19262,3
19263,3
19264,3
19265,3
19266,3
19267,3
19268,3
19269,3
19270,3
19271,3
19272,3
19273,3
19274,3
19275,3
19276,3
19277,3
19278,3
19279,3
19280,3
19281,3
19282,3
19283,3
19284,3
19285,3
19286,3
19287,3
19288,3
19289,3
19290,3
19291,3
19292,3
19293,3
19294,3
19295,3
19296,3
19297,3
19298,3
19299,3
19300,3
19301,3
19302,3
19303,3
19304,3
19305,3
19306,3
19307,3
19308,3
19309,3
19310,3
19311,3
19312,3
19313,3
19314,3
19315,3
19316,3
19317,3
19318,3
19319,3
19320,3
19321,3
19322,3
19323,3
19324,3
19325,3
19326,3
19327,3
19328,3
19329,3
19330,3
19331,3
19332,3
19333,3
19334,3
19335,3
19336,3
19337,3
19338,3
19339,3
19340,3
19341,3
19342,3
19343,3
19344,3
19345,3
19346,3
19347,3
19348,3
19349,3
19350,3
19351,3
19352,3
19353,3
19354,3
19355,3
19356,3
19357,3
19358,3
19359,3
19360,3
19361,3
19362,3
19363,3
19364,3
19365,3
19366,3
19367,3
19368,3
19369,3
19370,3
19371,3
19372,3
19373,3
19374,3
19375,3
19376,3
19377,3
19378,3
19379,3
19380,3
19381,3
19382,3
19383,3
19384,3
19385,3
19386,3
19387,3
19388,3
19389,3
19390,3
19391,3
19392,3
19393,3
19394,3
19395,3
19396,3
19397,3
19398,3
19399,3
19400,3
19401,3
19402,3
19403,3
19404,3
19405,3
19406,3
19407,3
19408,3
19409,3
19410,3
19411,3
19412,3
19413,3
19414,3
19415,3
19416,3
19417,3
19418,3
19419,3
19420,3
19421,3
19422,3
19423,3
19424,3
19425,3
19426,3
19427,3
19428,3
19429,3
19430,3
19431,3
19432,3
19433,3
19434,3
19435,3
19436,3
19437,3
19438,3
19439,3
19440,3
19441,3
19442,3
19443,3
19444,3
19445,3
19446,3
19447,3
19448,3
19449,3
19450,3
19451,3
19452,3
19453,3
19454,3
19455,3
19456,3
19457,3
19458,3
19459,3
19460,3
19461,3
19462,3
19463,3
19464,3
19465,3
19466,3
19467,3
19468,3
19469,3
19470,3
19471,3
19472,3
19473,3
19474,3
19475,3
19476,3
19477,3
19478,3
19479,3
19480,3
19481,3
19482,3
19483,3
19484,3
19485,3
19486,3
19487,3
19488,3
19489,3
19490,3
19491,3
19492,3
19493,3
19494,3
19495,3
19496,3
19497,3
19498,3
19499,3
19500,3
19501,3
19502,3
19503,3
19504,3
19505,3
19506,3
19507,3
19508,3
19509,3
19510,3
19511,3
19512,3
19513,3
19514,3
19515,3
19516,3
19517,3
19518,3
19519,3
19520,3
19521,3
19522,3
19523,3
19524,3
19525,3
19526,3
19527,3
19528,3
19529,3
19530,3
19531,3
19532,3
19533,3
19534,3
19535,3
19536,3
19537,3
19538,3
19539,3
19540,3
19541,3
19542,3
19543,3
19544,3
19545,3
19546,3
19547,3
19548,3
19549,3
19550,3
19551,3
19552,3
19553,3
19554,3
19555,3
19556,3
19557,3
19558,3
19559,3
19560,3
19561,3
19562,3
19563,3
19564,3
19565,3
19566,3
19567,3
19568,3
19569,3
19570,3
19571,3
19572,3
19573,3
19574,3
19575,3
19576,3
19577,3
19578,3
19579,3
19580,3
19581,3
19582,3
19583,3
19584,3
19585,3
19586,3
19587,3
19588,3
19589,3
19590,3
19591,3
19592,3
19593,3
19594,3
19595,3
19596,3
19597,3
19598,3
19599,3
19600,3
19601,3
19602,3
19603,3
19604,3
19605,3
19606,3
19607,3
19608,3
19609,3
19610,3
19611,3
19612,3
19613,3
19614,3
19615,3
19616,3
19617,3
19618,3
19619,3
19620,3
19621,3
19622,3
19623,3
19624,3
19625,3
19626,3
19627,3
19628,3
19629,3
19630,3
19631,3
19632,3
19633,3
19634,3
19635,3
19636,3
19637,3
19638,3
19639,3
19640,3
19641,3
19642,3
19643,3
19644,3
19645,3
19646,3
19647,3
19648,3
19649,3
19650,3
19651,3
19652,3
19653,3
19654,3
19655,3
19656,3
19657,3
19658,3
19659,3
19660,3
19661,3
19662,3
19663,3
19664,3
19665,3
19666,3
19667,3
19668,3
19669,3
19670,3
19671,3
19672,3
19673,3
19674,3
19675,3
19676,3
19677,3
19678,3
19679,3
19680,3
19681,3
19682,3
19683,3
19684,3
19685,3
19686,3
19687,3
19688,3
19689,3
19690,3
19691,3
19692,3
19693,3
19694,3
19695,3
19696,3
19697,3
19698,3
19699,3
19700,3
19701,3
19702,3
19703,3
19704,3
19705,3
19706,3
19707,3
19708,3
19709,3
19710,3
19711,3
19712,3
19713,3
19714,3
19715,3
19716,3
19717,3
19718,3
19719,3
19720,3
19721,3
19722,3
19723,3
19724,3
19725,3
19726,3
19727,3
19728,3
19729,3
19730,3
19731,3
19732,3
19733,3
19734,3
19735,3
19736,3
19737,3
19738,3
19739,3
19740,3
19741,3
19742,3
19743,3
19744,3
19745,3
19746,3
19747,3
19748,3
19749,3
19750,3
19751,3
19752,3
19753,3
19754,3
19755,3
19756,3
19757,3
19758,3
19759,3
19760,3
19761,3
19762,3
19763,3
19764,3
19765,3
19766,3
19767,3
19768,3
19769,3
19770,3
19771,3
19772,3
19773,3
19774,3
19775,3
19776,3
19777,3
19778,3
19779,3
19780,3
19781,3
19782,3
19783,3
19784,3
19785,3
19786,3
19787,3
19788,3
19789,3
19790,3
19791,3
19792,3
19793,3
19794,3
19795,3
19796,3
19797,3
19798,3
19799,3
19800,3
19801,3
19802,3
19803,3
19804,3
19805,3
19806,3
19807,3
19808,3
19809,3
19810,3
19811,3
19812,3
19813,3
19814,3
19815,3
19816,3
19817,3
19818,3
19819,3
19820,3
19821,3
19822,3
19823,3
19824,3
19825,3
19826,3
19827,3
19828,3
19829,3
19830,3
19831,3
19832,3
19833,3
19834,3
19835,3
19836,3
19837,3
19838,3
19839,3
19840,3
19841,3
19842,3
19843,3
19844,3
19845,3
19846,3
19847,3
19848,3
19849,3
19850,3
19851,3
19852,3
19853,3
19854,3
19855,3
19856,3
19857,3
19858,3
19859,3
19860,3
19861,3
19862,3
19863,3
19864,3
19865,3
19866,3
19867,3
19868,3
19869,3
19870,3
19871,3
19872,3
19873,3
19874,3
19875,3
19876,3
19877,3
19878,3
19879,3
19880,3
19881,3
19882,3
19883,3
19884,3
19885,3
19886,3
19887,3
19888,3
19889,3
19890,3
19891,3
19892,3
19893,3
19894,3
19895,3
19896,3
19897,3
19898,3
19899,3
19900,3
19901,3
19902,3
19903,3
19904,3
19905,3
19906,3
19907,3
19908,3
19909,3
19910,3
19911,3
19912,3
19913,3
19914,3
19915,3
19916,3
19917,3
19918,3
19919,3
19920,3
19921,3
19922,3
19923,3
19924,3
19925,3
19926,3
19927,3
19928,3
19929,3
19930,3
19931,3
19932,3
19933,3
19934,3
19935,3
19936,3
19937,3
19938,3
19939,3
19940,3
19941,3
19942,3
19943,3
19944,3
19945,3
19946,3
19947,3
19948,3
19949,3
19950,3
19951,3
19952,3
19953,3
19954,3
19955,3
19956,3
19957,3
19958,3
19959,3
19960,3
19961,3
19962,3
19963,3
19964,3
19965,3
19966,3
19967,3
19968,3
19969,3
19970,3
19971,3
19972,3
19973,3
19974,3
19975,3
19976,3
19977,3
19978,3
19979,3
19980,3
19981,3
19982,3
19983,3
19984,3
19985,3
19986,3
19987,3
19988,3
19989,3
19990,3
19991,3
19992,3
19993,3
19994,3
19995,3
19996,3
19997,3
19998,3
19999,3
20000,3
20001,3
20002,3
20003,3
20004,3
20005,3
20006,3
20007,3
20008,3
20009,3
20010,3
20011,3
20012,3
20013,3
20014,3
20015,3
20016,3
20017,3
20018,3
20019,3
20020,3
20021,3
20022,3
20023,3
20024,3
20025,3
20026,3
20027,3
20028,3
20029,3
20030,3
20031,3
20032,3
20033,3
20034,3
20035,3
20036,3
20037,3
20038,3
20039,3
20040,3
20041,3
20042,3
20043,3
20044,3
20045,3
20046,3
20047,3
20048,3
20049,3
20050,3
20051,3
20052,3
20053,3
20054,3
20055,3
20056,3
20057,3
20058,3
20059,3
20060,3
20061,3
20062,3
20063,3
20064,3
20065,3
20066,3
20067,3
20068,3
20069,3
20070,3
20071,3
20072,3
20073,3
20074,3
20075,3
20076,3
20077,3
20078,3
20079,3
20080,3
20081,3
20082,3
20083,3
20084,3
20085,3
20086,3
20087,3
20088,3
20089,3
20090,3
20091,3
20092,3
20093,3
20094,3
20095,3
20096,3
20097,3
20098,3
20099,3
20100,3
20101,3
20102,3
20103,3
20104,3
20105,3
20106,3
20107,3
20108,3
20109,3
20110,3
20111,3
20112,3
20113,3
20114,3
20115,3
20116,3
20117,3
20118,3
20119,3
20120,3
20121,3
20122,3
20123,3
20124,3
20125,3
20126,3
20127,3
20128,3
20129,3
20130,3
20131,3
20132,3
20133,3
20134,3
20135,3
20136,3
20137,3
20138,3
20139,3
20140,3
20141,3
20142,3
20143,3
20144,3
20145,3
20146,3
20147,3
20148,3
20149,3
20150,3
20151,3
20152,3
20153,3
20154,3
20155,3
20156,3
20157,3
20158,3
20159,3
20160,3
20161,3
20162,3
20163,3
20164,3
20165,3
20166,3
20167,3
20168,3
20169,3
20170,3
20171,3
20172,3
20173,3
20174,3
20175,3
20176,3
20177,3
20178,3
20179,3
20180,3
20181,3
20182,3
20183,3
20184,3
20185,3
20186,3
20187,3
20188,3
20189,3
20190,3
20191,3
20192,3
20193,3
20194,3
20195,3
20196,3
20197,3
20198,3
20199,3
20200,3
20201,3
20202,3
20203,3
20204,3
20205,3
20206,3
20207,3
20208,3
20209,3
20210,3
20211,3
20212,3
20213,3
20214,3
20215,3
20216,3
20217,3
20218,3
20219,3
20220,3
20221,3
20222,3
20223,3
20224,3
20225,3
20226,3
20227,3
20228,3
20229,3
20230,3
20231,3
20232,3
20233,3
20234,3
20235,3
20236,3
20237,3
20238,3
20239,3
20240,3
20241,3
20242,3
20243,3
20244,3
20245,3
20246,3
20247,3
20248,3
20249,3
20250,3
20251,3
20252,3
20253,3
20254,3
20255,3
20256,3
20257,3
20258,3
20259,3
20260,3
20261,3
20262,3
20263,3
20264,3
20265,3
20266,3
20267,3
20268,3
20269,3
20270,3
20271,3
20272,3
20273,3
20274,3
20275,3
20276,3
20277,3
20278,3
20279,3
20280,3
20281,3
20282,3
20283,3
20284,3
20285,3
20286,3
20287,3
20288,3
20289,3
20290,3
20291,3
20292,3
20293,3
20294,3
20295,3
20296,3
20297,3
20298,3
20299,3
20300,3
20301,3
20302,3
20303,3
20304,3
20305,3
20306,3
20307,3
20308,3
20309,3
20310,3
20311,3
20312,3
20313,3
20314,3
20315,3
20316,3
20317,3
20318,3
20319,3
20320,3
20321,3
20322,3
20323,3
20324,3
20325,3
20326,3
20327,3
20328,3
20329,3
20330,3
20331,3
20332,3
20333,3
20334,3
20335,3
20336,3
20337,3
20338,3
20339,3
20340,3
20341,3
20342,3
20343,3
20344,3
20345,3
20346,3
20347,3
20348,3
20349,3
20350,3
20351,3
20352,3
20353,3
20354,3
20355,3
20356,3
20357,3
20358,3
20359,3
20360,3
20361,3
20362,3
20363,3
20364,3
20365,3
20366,3
20367,3
20368,3
20369,3
20370,3
20371,3
20372,3
20373,3
20374,3
20375,3
20376,3
20377,3
20378,3
20379,3
20380,3
20381,3
20382,3
20383,3
20384,3
20385,3
20386,3
20387,3
20388,3
20389,3
20390,3
20391,3
20392,3
20393,3
20394,3
20395,3
20396,3
20397,3
20398,3
20399,3
20400,3
20401,3
20402,3
20403,3
20404,3
20405,3
20406,3
20407,3
20408,3
20409,3
20410,3
20411,3
20412,3
20413,3
20414,3
20415,3
20416,3
20417,3
20418,3
20419,3
20420,3
20421,3
20422,3
20423,3
20424,3
20425,3
20426,3
20427,3
20428,3
20429,3
20430,3
20431,3
20432,3
20433,3
20434,3
20435,3
20436,3
20437,3
20438,3
20439,3
20440,3
20441,3
20442,3
20443,3
20444,3
20445,3
20446,3
20447,3
20448,3
20449,3
20450,3
20451,3
20452,3
20453,3
20454,3
20455,3
20456,3
20457,3
20458,3
20459,3
20460,3
20461,3
20462,3
20463,3
20464,3
20465,3
20466,3
20467,3
20468,3
20469,3
20470,3
20471,3
20472,3
20473,3
20474,3
20475,3
20476,3
20477,3
20478,3
20479,3
20480,3
20481,3
20482,3
20483,3
20484,3
20485,3
20486,3
20487,3
20488,3
20489,3
20490,3
20491,3
20492,3
20493,3
20494,3
20495,3
20496,3
20497,3
20498,3
20499,3
20500,3
20501,3
20502,3
20503,3
20504,3
20505,3
20506,3
20507,3
20508,3
20509,3
20510,3
20511,3
20512,3
20513,3
20514,3
20515,3
20516,3
20517,3
20518,3
20519,3
20520,3
20521,3
20522,3
20523,3
20524,3
20525,3
20526,3
20527,3
20528,3
20529,3
20530,3
20531,3
20532,3
20533,3
20534,3
20535,3
20536,3
20537,3
20538,3
20539,3
20540,3
20541,3
20542,3
20543,3
20544,3
20545,3
20546,3
20547,3
20548,3
20549,3
20550,3
20551,3
20552,3
20553,3
20554,3
20555,3
20556,3
20557,3
20558,3
20559,3
20560,3
20561,3
20562,3
20563,3
20564,3
20565,3
20566,3
20567,3
20568,3
20569,3
20570,3
20571,3
20572,3
20573,3
20574,3
20575,3
20576,3
20577,3
20578,3
20579,3
20580,3
20581,3
20582,3
20583,3
20584,3
20585,3
20586,3
20587,3
20588,3
20589,3
20590,3
20591,3
20592,3
20593,3
20594,3
20595,3
20596,3
20597,3
20598,3
20599,3
20600,3
20601,3
20602,3
20603,3
20604,3
20605,3
20606,3
20607,3
20608,3
20609,3
20610,3
20611,3
20612,3
20613,3
20614,3
20615,3
20616,3
20617,3
20618,3
20619,3
20620,3
20621,3
20622,3
20623,3
20624,3
20625,3
20626,3
20627,3
20628,3
20629,3
20630,3
20631,3
20632,3
20633,3
20634,3
20635,3
20636,3
20637,3
20638,3
20639,3
20640,3
20641,3
20642,3
20643,3
20644,3
20645,3
20646,3
20647,3
20648,3
20649,3
20650,3
20651,3
20652,3
20653,3
20654,3
20655,3
20656,3
20657,3
20658,3
20659,3
20660,3
20661,3
20662,3
20663,3
20664,3
20665,3
20666,3
20667,3
20668,3
20669,3
20670,3
20671,3
20672,3
20673,3
20674,3
20675,3
20676,3
20677,3
20678,3
20679,3
20680,3
20681,3
20682,3
20683,3
20684,3
20685,3
20686,3
20687,3
20688,3
20689,3
20690,3
20691,3
20692,3
20693,3
20694,3
20695,3
20696,3
20697,3
20698,3
20699,3
20700,3
20701,3
20702,3
20703,3
20704,3
20705,3
20706,3
20707,3
20708,3
20709,3
20710,3
20711,3
20712,3
20713,3
20714,3
20715,3
20716,3
20717,3
20718,3
20719,3
20720,3
20721,3
20722,3
20723,3
20724,3
20725,3
20726,3
20727,3
20728,3
20729,3
20730,3
20731,3
20732,3
20733,3
20734,3
20735,3
20736,3
20737,3
20738,3
20739,3
20740,3
20741,3
20742,3
20743,3
20744,3
20745,3
20746,3
20747,3
20748,3
20749,3
20750,3
20751,3
20752,3
20753,3
20754,3
20755,3
20756,3
20757,3
20758,3
20759,3
20760,3
20761,3
20762,3
20763,3
20764,3
20765,3
20766,3
20767,3
20768,3
20769,3
20770,3
20771,3
20772,3
20773,3
20774,3
20775,3
20776,3
20777,3
20778,3
20779,3
20780,3
20781,3
20782,3
20783,3
20784,3
20785,3
20786,3
20787,3
20788,3
20789,3
20790,3
20791,3
20792,3
20793,3
20794,3
20795,3
20796,3
20797,3
20798,3
20799,3
20800,3
20801,3
20802,3
20803,3
20804,3
20805,3
20806,3
20807,3
20808,3
20809,3
20810,3
20811,3
20812,3
20813,3
20814,3
20815,3
20816,3
20817,3
20818,3
20819,3
20820,3
20821,3
20822,3
20823,3
20824,3
20825,3
20826,3
20827,3
20828,3
20829,3
20830,3
20831,3
20832,3
20833,3
20834,3
20835,3
20836,3
20837,3
20838,3
20839,3
20840,3
20841,3
20842,3
20843,3
20844,3
20845,3
20846,3
20847,3
20848,3
20849,3
20850,3
20851,3
20852,3
20853,3
20854,3
20855,3
20856,3
20857,3
20858,3
20859,3
20860,3
20861,3
20862,3
20863,3
20864,3
20865,3
20866,3
20867,3
20868,3
20869,3
20870,3
20871,3
20872,3
20873,3
20874,3
20875,3
20876,3
20877,3
20878,3
20879,3
20880,3
20881,3
20882,3
20883,3
20884,3
20885,3
20886,3
20887,3
20888,3
20889,3
20890,3
20891,3
20892,3
20893,3
20894,3
20895,3
20896,3
20897,3
20898,3
20899,3
20900,3
20901,3
20902,3
20903,3
20904,3
20905,3
20906,3
20907,3
20908,3
20909,3
20910,3
20911,3
20912,3
20913,3
20914,3
20915,3
20916,3
20917,3
20918,3
20919,3
20920,3
20921,3
20922,3
20923,3
20924,3
20925,3
20926,3
20927,3
20928,3
20929,3
20930,3
20931,3
20932,3
20933,3
20934,3
20935,3
20936,3
20937,3
20938,3
20939,3
20940,3
20941,3
20942,3
20943,3
20944,3
20945,3
20946,3
20947,3
20948,3
20949,3
20950,3
20951,3
20952,3
20953,3
20954,3
20955,3
20956,3
20957,3
20958,3
20959,3
20960,3
20961,3
20962,3
20963,3
20964,3
20965,3
20966,3
20967,3
20968,3
20969,3
20970,3
20971,3
20972,3
20973,3
20974,3
20975,3
20976,3
20977,3
20978,3
20979,3
20980,3
20981,3
20982,3
20983,3
20984,3
20985,3
20986,3
20987,3
20988,3
20989,3
20990,3
20991,3
20992,3
20993,3
20994,3
20995,3
20996,3
20997,3
20998,3
20999,3
21000,3
21001,3
21002,3
21003,3
21004,3
21005,3
21006,3
21007,3
21008,3
21009,3
21010,3
21011,3
21012,3
21013,3
21014,3
21015,3
21016,3
21017,3
21018,3
21019,3
21020,3
21021,3
21022,3
21023,3
21024,3
21025,3
21026,3
21027,3
21028,3
21029,3
21030,3
21031,3
21032,3
21033,3
21034,3
21035,3
21036,3
21037,3
21038,3
21039,3
21040,3
21041,3
21042,3
21043,3
21044,3
21045,3
21046,3
21047,3
21048,3
21049,3
21050,3
21051,3
21052,3
21053,3
21054,3
21055,3
21056,3
21057,3
21058,3
21059,3
21060,3
21061,3
21062,3
21063,3
21064,3
21065,3
21066,3
21067,3
21068,3
21069,3
21070,3
21071,3
21072,3
21073,3
21074,3
21075,3
21076,3
21077,3
21078,3
21079,3
21080,3
21081,3
21082,3
21083,3
21084,3
21085,3
21086,3
21087,3
21088,3
21089,3
21090,3
21091,3
21092,3
21093,3
21094,3
21095,3
21096,3
21097,3
21098,3
21099,3
21100,3
21101,3
21102,3
21103,3
21104,3
21105,3
21106,3
21107,3
21108,3
21109,3
21110,3
21111,3
21112,3
21113,3
21114,3
21115,3
21116,3
21117,3
21118,3
21119,3
21120,3
21121,3
21122,3
21123,3
21124,3
21125,3
21126,3
21127,3
21128,3
21129,3
21130,3
21131,3
21132,3
21133,3
21134,3
21135,3
21136,3
21137,3
21138,3
21139,3
21140,3
21141,3
21142,3
21143,3
21144,3
21145,3
21146,3
21147,3
21148,3
21149,3
21150,3
21151,3
21152,3
21153,3
21154,3
21155,3
21156,3
21157,3
21158,3
21159,3
21160,3
21161,3
21162,3
21163,3
21164,3
21165,3
21166,3
21167,3
21168,3
21169,3
21170,3
21171,3
21172,3
21173,3
21174,3
21175,3
21176,3
21177,3
21178,3
21179,3
21180,3
21181,3
21182,3
21183,3
21184,3
21185,3
21186,3
21187,3
21188,3
21189,3
21190,3
21191,3
21192,3
21193,3
21194,3
21195,3
21196,3
21197,3
21198,3
21199,3
21200,3
21201,3
21202,3
21203,3
21204,3
21205,3
21206,3
21207,3
21208,3
21209,3
21210,3
21211,3
21212,3
21213,3
21214,3
21215,3
21216,3
21217,3
21218,3
21219,3
21220,3
21221,3
21222,3
21223,3
21224,3
21225,3
21226,3
21227,3
21228,3
21229,3
21230,3
21231,3
21232,3
21233,3
21234,3
21235,3
21236,3
21237,3
21238,3
21239,3
21240,3
21241,3
21242,3
21243,3
21244,3
21245,3
21246,3
21247,3
21248,3
21249,3
21250,3
21251,3
21252,3
21253,3
21254,3
21255,3
21256,3
21257,3
21258,3
21259,3
21260,3
21261,3
21262,3
21263,3
21264,3
21265,3
21266,3
21267,3
21268,3
21269,3
21270,3
21271,3
21272,3
21273,3
21274,3
21275,3
21276,3
21277,3
21278,3
21279,3
21280,3
21281,3
21282,3
21283,3
21284,3
21285,3
21286,3
21287,3
21288,3
21289,3
21290,3
21291,3
21292,3
21293,3
21294,3
21295,3
21296,3
21297,3
21298,3
21299,3
21300,3
21301,3
21302,3
21303,3
21304,3
21305,3
21306,3
21307,3
21308,3
21309,3
21310,3
21311,3
21312,3
21313,3
21314,3
21315,3
21316,3
21317,3
21318,3
21319,3
21320,3
21321,3
21322,3
21323,3
21324,3
21325,3
21326,3
21327,3
21328,3
21329,3
21330,3
21331,3
21332,3
21333,3
21334,3
21335,3
21336,3
21337,3
21338,3
21339,3
21340,3
21341,3
21342,3
21343,3
21344,3
21345,3
21346,3
21347,3
21348,3
21349,3
21350,3
21351,3
21352,3
21353,3
21354,3
21355,3
21356,3
21357,3
21358,3
21359,3
21360,3
21361,3
21362,3
21363,3
21364,3
21365,3
21366,3
21367,3
21368,3
21369,3
21370,3
21371,3
21372,3
21373,3
21374,3
21375,3
21376,3
21377,3
21378,3
21379,3
21380,3
21381,3
21382,3
21383,3
21384,3
21385,3
21386,3
21387,3
21388,3
21389,3
21390,3
21391,3
21392,3
21393,3
21394,3
21395,3
21396,3
21397,3
21398,3
21399,3
21400,3
21401,3
21402,3
21403,3
21404,3
21405,3
21406,3
21407,3
21408,3
21409,3
21410,3
21411,3
21412,3
21413,3
21414,3
21415,3
21416,3
21417,3
21418,3
21419,3
21420,3
21421,3
21422,3
21423,3
21424,3
21425,3
21426,3
21427,3
21428,3
21429,3
21430,3
21431,3
21432,3
21433,3
21434,3
21435,3
21436,3
21437,3
21438,3
21439,3
21440,3
21441,3
21442,3
21443,3
21444,3
21445,3
21446,3
21447,3
21448,3
21449,3
21450,3
21451,3
21452,3
21453,3
21454,3
21455,3
21456,3
21457,3
21458,3
21459,3
21460,3
21461,3
21462,3
21463,3
21464,3
21465,3
21466,3
21467,3
21468,3
21469,3
21470,3
21471,3
21472,3
21473,3
21474,3
21475,3
21476,3
21477,3
21478,3
21479,3
21480,3
21481,3
21482,3
21483,3
21484,3
21485,3
21486,3
21487,3
21488,3
21489,3
21490,3
21491,3
21492,3
21493,3
21494,3
21495,3
21496,3
21497,3
21498,3
21499,3
21500,3
21501,3
21502,3
21503,3
21504,3
21505,3
21506,3
21507,3
21508,3
21509,3
21510,3
21511,3
21512,3
21513,3
21514,3
21515,3
21516,3
21517,3
21518,3
21519,3
21520,3
21521,3
21522,3
21523,3
21524,3
21525,3
21526,3
21527,3
21528,3
21529,3
21530,3
21531,3
21532,3
21533,3
21534,3
21535,3
21536,3
21537,3
21538,3
21539,3
21540,3
21541,3
21542,3
21543,3
21544,3
21545,3
21546,3
21547,3
21548,3
21549,3
21550,3
21551,3
21552,3
21553,3
21554,3
21555,3
21556,3
21557,3
21558,3
21559,3
21560,3
21561,3
21562,3
21563,3
21564,3
21565,3
21566,3
21567,3
21568,3
21569,3
21570,3
21571,3
21572,3
21573,3
21574,3
21575,3
21576,3
21577,3
21578,3
21579,3
21580,3
21581,3
21582,3
21583,3
21584,3
21585,3
21586,3
21587,3
21588,3
21589,3
21590,3
21591,3
21592,3
21593,3
21594,3
21595,3
21596,3
21597,3
21598,3
21599,3
21600,3
21601,3
21602,3
21603,3
21604,3
21605,3
21606,3
21607,3
21608,3
21609,3
21610,3
21611,3
21612,3
21613,3
21614,3
21615,3
21616,3
21617,3
21618,3
21619,3
21620,3
21621,3
21622,3
21623,3
21624,3
21625,3
21626,3
21627,3
21628,3
21629,3
21630,3
21631,3
21632,3
21633,3
21634,3
21635,3
21636,3
21637,3
21638,3
21639,3
21640,3
21641,3
21642,3
21643,3
21644,3
21645,3
21646,3
21647,3
21648,3
21649,3
21650,3
21651,3
21652,3
21653,3
21654,3
21655,3
21656,3
21657,3
21658,3
21659,3
21660,3
21661,3
21662,3
21663,3
21664,3
21665,3
21666,3
21667,3
21668,3
21669,3
21670,3
21671,3
21672,3
21673,3
21674,3
21675,3
21676,3
21677,3
21678,3
21679,3
21680,3
21681,3
21682,3
21683,3
21684,3
21685,3
21686,3
21687,3
21688,3
21689,3
21690,3
21691,3
21692,3
21693,3
21694,3
21695,3
21696,3
21697,3
21698,3
21699,3
21700,3
21701,3
21702,3
21703,3
21704,3
21705,3
21706,3
21707,3
21708,3
21709,3
21710,3
21711,3
21712,3
21713,3
21714,3
21715,3
21716,3
21717,3
21718,3
21719,3
21720,3
21721,3
21722,3
21723,3
21724,3
21725,3
21726,3
21727,3
21728,3
21729,3
21730,3
21731,3
21732,3
21733,3
21734,3
21735,3
21736,3
21737,3
21738,3
21739,3
21740,3
21741,3
21742,3
21743,3
21744,3
21745,3
21746,3
21747,3
21748,3
21749,3
21750,3
21751,3
21752,3
21753,3
21754,3
21755,3
21756,3
21757,3
21758,3
21759,3
21760,3
21761,3
21762,3
21763,3
21764,3
21765,3
21766,3
21767,3
21768,3
21769,3
21770,3
21771,3
21772,3
21773,3
21774,3
21775,3
21776,3
21777,3
21778,3
21779,3
21780,3
21781,3
21782,3
21783,3
21784,3
21785,3
21786,3
21787,3
21788,3
21789,3
21790,3
21791,3
21792,3
21793,3
21794,3
21795,3
21796,3
21797,3
21798,3
21799,3
21800,3
21801,3
21802,3
21803,3
21804,3
21805,3
21806,3
21807,3
21808,3
21809,3
21810,3
21811,3
21812,3
21813,3
21814,3
21815,3
21816,3
21817,3
21818,3
21819,3
21820,3
21821,3
21822,3
21823,3
21824,3
21825,3
21826,3
21827,3
21828,3
21829,3
21830,3
21831,3
21832,3
21833,3
21834,3
21835,3
21836,3
21837,3
21838,3
21839,3
21840,3
21841,3
21842,3
21843,3
21844,3
21845,3
21846,3
21847,3
21848,3
21849,3
21850,3
21851,3
21852,3
21853,3
21854,3
21855,3
21856,3
21857,3
21858,3
21859,3
21860,3
21861,3
21862,3
21863,3
21864,3
21865,3
21866,3
21867,3
21868,3
21869,3
21870,3
21871,3
21872,3
21873,3
21874,3
21875,3
21876,3
21877,3
21878,3
21879,3
21880,3
21881,3
21882,3
21883,3
21884,3
21885,3
21886,3
21887,3
21888,3
21889,3
21890,3
21891,3
21892,3
21893,3
21894,3
21895,3
21896,3
21897,3
21898,3
21899,3
21900,3
21901,3
21902,3
21903,3
21904,3
21905,3
21906,3
21907,3
21908,3
21909,3
21910,3
21911,3
21912,3
21913,3
21914,3
21915,3
21916,3
21917,3
21918,3
21919,3
21920,3
21921,3
21922,3
21923,3
21924,3
21925,3
21926,3
21927,3
21928,3
21929,3
21930,3
21931,3
21932,3
21933,3
21934,3
21935,3
21936,3
21937,3
21938,3
21939,3
21940,3
21941,3
21942,3
21943,3
21944,3
21945,3
21946,3
21947,3
21948,3
21949,3
21950,3
21951,3
21952,3
21953,3
21954,3
21955,3
21956,3
21957,3
21958,3
21959,3
21960,3
21961,3
21962,3
21963,3
21964,3
21965,3
21966,3
21967,3
21968,3
21969,3
21970,3
21971,3
21972,3
21973,3
21974,3
21975,3
21976,3
21977,3
21978,3
21979,3
21980,3
21981,3
21982,3
21983,3
21984,3
21985,3
21986,3
21987,3
21988,3
21989,3
21990,3
21991,3
21992,3
21993,3
21994,3
21995,3
21996,3
21997,3
21998,3
21999,3
22000,3
22001,3
22002,3
22003,3
22004,3
22005,3
22006,3
22007,3
22008,3
22009,3
22010,3
22011,3
22012,3
22013,3
22014,3
22015,3
22016,3
22017,3
22018,3
22019,3
22020,3
22021,3
22022,3
22023,3
22024,3
22025,3
22026,3
22027,3
22028,3
22029,3
22030,3
22031,3
22032,3
22033,3
22034,3
22035,3
22036,3
22037,3
22038,3
22039,3
22040,3
22041,3
22042,3
22043,3
22044,3
22045,3
22046,3
22047,3
22048,3
22049,3
22050,3
22051,3
22052,3
22053,3
22054,3
22055,3
22056,3
22057,3
22058,3
22059,3
22060,3
22061,3
22062,3
22063,3
22064,3
22065,3
22066,3
22067,3
22068,3
22069,3
22070,3
22071,3
22072,3
22073,3
22074,3
22075,3
22076,3
22077,3
22078,3
22079,3
22080,3
22081,3
22082,3
22083,3
22084,3
22085,3
22086,3
22087,3
22088,3
22089,3
22090,3
22091,3
22092,3
22093,3
22094,3
22095,3
22096,3
22097,3
22098,3
22099,3
22100,3
22101,3
22102,3
22103,3
22104,3
22105,3
22106,3
22107,3
22108,3
22109,3
22110,3
22111,3
22112,3
22113,3
22114,3
22115,3
22116,3
22117,3
22118,3
22119,3
22120,3
22121,3
22122,3
22123,3
22124,3
22125,3
22126,3
22127,3
22128,3
22129,3
22130,3
22131,3
22132,3
22133,3
22134,3
22135,3
22136,3
22137,3
22138,3
22139,3
22140,3
22141,3
22142,3
22143,3
22144,3
22145,3
22146,3
22147,3
22148,3
22149,3
22150,3
22151,3
22152,3
22153,3
22154,3
22155,3
22156,3
22157,3
22158,3
22159,3
22160,3
22161,3
22162,3
22163,3
22164,3
22165,3
22166,3
22167,3
22168,3
22169,3
22170,3
22171,3
22172,3
22173,3
22174,3
22175,3
22176,3
22177,3
22178,3
22179,3
22180,3
22181,3
22182,3
22183,3
22184,3
22185,3
22186,3
22187,3
22188,3
22189,3
22190,3
22191,3
22192,3
22193,3
22194,3
22195,3
22196,3
22197,3
22198,3
22199,3
22200,3
22201,3
22202,3
22203,3
22204,3
22205,3
22206,3
22207,3
22208,3
22209,3
22210,3
22211,3
22212,3
22213,3
22214,3
22215,3
22216,3
22217,3
22218,3
22219,3
22220,3
22221,3
22222,3
22223,3
22224,3
22225,3
22226,3
22227,3
22228,3
22229,3
22230,3
22231,3
22232,3
22233,3
22234,3
22235,3
22236,3
22237,3
22238,3
22239,3
22240,3
22241,3
22242,3
22243,3
22244,3
22245,3
22246,3
22247,3
22248,3
22249,3
22250,3
22251,3
22252,3
22253,3
22254,3
22255,3
22256,3
22257,3
22258,3
22259,3
22260,3
22261,3
22262,3
22263,3
22264,3
22265,3
22266,3
22267,3
22268,3
22269,3
22270,3
22271,3
22272,3
22273,3
22274,3
22275,3
22276,3
22277,3
22278,3
22279,3
22280,3
22281,3
22282,3
22283,3
22284,3
22285,3
22286,3
22287,3
22288,3
22289,3
22290,3
22291,3
22292,3
22293,3
22294,3
22295,3
22296,3
22297,3
22298,3
22299,3
22300,3
22301,3
22302,3
22303,3
22304,3
22305,3
22306,3
22307,3
22308,3
22309,3
22310,3
22311,3
22312,3
22313,3
22314,3
22315,3
22316,3
22317,3
22318,3
22319,3
22320,3
22321,3
22322,3
22323,3
22324,3
22325,3
22326,3
22327,3
22328,3
22329,3
22330,3
22331,3
22332,3
22333,3
22334,3
22335,3
22336,3
22337,3
22338,3
22339,3
22340,3
22341,3
22342,3
22343,3
22344,3
22345,3
22346,3
22347,3
22348,3
22349,3
22350,3
22351,3
22352,3
22353,3
22354,3
22355,3
22356,3
22357,3
22358,3
22359,3
22360,3
22361,3
22362,3
22363,3
22364,3
22365,3
22366,3
22367,3
22368,3
22369,3
22370,3
22371,3
22372,3
22373,3
22374,3
22375,3
22376,3
22377,3
22378,3
22379,3
22380,3
22381,3
22382,3
22383,3
22384,3
22385,3
22386,3
22387,3
22388,3
22389,3
22390,3
22391,3
22392,3
22393,3
22394,3
22395,3
22396,3
22397,3
22398,3
22399,3
22400,3
22401,3
22402,3
22403,3
22404,3
22405,3
22406,3
22407,3
22408,3
22409,3
22410,3
22411,3
22412,3
22413,3
22414,3
22415,3
22416,3
22417,3
22418,3
22419,3
22420,3
22421,3
22422,3
22423,3
22424,3
22425,3
22426,3
22427,3
22428,3
22429,3
22430,3
22431,3
22432,3
22433,3
22434,1
22435,1
22436,1
22437,1
22438,1
22439,1
22440,1
22441,1
22442,2
22443,2
22444,2
22445,1
22446,2
22447,2
22448,2
22449,2
22450,2
22451,2
22452,2
22453,2
22454,2
22455,2
22456,2
22457,1
22458,1
22459,2
22460,2
22461,2
22462,2
22463,2
22464,2
22465,1
22466,2
22467,1
22468,2
22469,1
22470,2
22471,1
22472,2
22473,1
22474,2
22475,2
22476,2
22477,1
22478,1
22479,2
22480,2
22481,2
22482,2
22483,1
22484,1
22485,2
22486,1
22487,2
22488,2
22489,1
22490,2
22491,2
22492,2
22493,1
22494,1
22495,1
22496,2
22497,1
22498,1
22499,1
22500,2
22501,2
22502,1
22503,1
22504,2
22505,1
22506,1
22507,2
22508,1
22509,1
22510,2
22511,2
22512,2
22513,2
22514,2
22515,2
22516,2
22517,2
22518,1
22519,2
22520,2
22521,2
22522,2
22523,2
22524,2
22525,1
22526,1
22527,1
22528,2
22529,1
22530,1
22531,1
22532,1
22533,2
22534,2
22535,2
22536,2
22537,1
22538,2
22539,2
22540,2
22541,1
22542,1
22543,2
22544,2
22545,1
22546,2
22547,1
22548,2
22549,2
22550,2
22551,1
22552,2
22553,1
22554,2
22555,2
22556,2
22557,2
22558,2
22559,2
22560,2
22561,2
22562,1
22563,2
22564,2
22565,2
22566,1
22567,2
22568,2
22569,2
22570,2
22571,2
22572,2
22573,2
22574,2
22575,1
22576,2
22577,1
22578,1
22579,1
22580,2
22581,1
22582,2
22583,1
22584,2
22585,2
22586,2
22587,1
22588,2
22589,2
22590,1
22591,2
22592,1
22593,2
22594,2
22595,1
22596,2
22597,1
22598,2
22599,2
22600,2
22601,2
22602,2
22603,1
22604,2
22605,2
22606,2
22607,2
22608,2
22609,2
22610,2
22611,2
22612,2
22613,2
22614,2
22615,2
22616,2
22617,2
22618,1
22619,2
22620,2
22621,1
22622,1
22623,2
22624,1
22625,2
22626,2
22627,2
22628,2
22629,2
22630,2
22631,2
22632,2
22633,1
22634,1
22635,2
22636,2
22637,2
22638,2
22639,2
22640,2
22641,2
22642,1
22643,2
22644,2
22645,2
22646,2
22647,2
22648,2
22649,1
22650,2
22651,2
22652,2
22653,2
22654,2
22655,2
22656,2
22657,2
22658,1
22659,1
22660,2
22661,2
22662,1
22663,2
22664,2
22665,2
22666,1
22667,2
22668,2
22669,2
22670,2
22671,1
22672,2
22673,2
22674,2
22675,2
22676,2
22677,1
22678,2
22679,2
22680,2
22681,2
22682,2
22683,2
22684,2
22685,1
22686,2
22687,2
22688,2
22689,1
22690,2
22691,2
22692,2
22693,2
22694,2
22695,2
22696,2
22697,2
22698,2
22699,1
22700,1
22701,2
22702,2
22703,2
22704,2
22705,2
22706,2
22707,2
22708,2
22709,2
22710,2
22711,2
22712,2
22713,2
22714,2
22715,2
22716,2
22717,2
22718,2
22719,1
22720,2
22721,2
22722,2
22723,2
22724,2
22725,2
22726,2
22727,1
22728,2
22729,2
22730,2
22731,2
22732,2
22733,1
22734,2
22735,1
22736,2
22737,2
22738,2
22739,1
22740,2
22741,2
22742,2
22743,2
22744,2
22745,2
22746,2
22747,2
22748,2
22749,2
22750,2
22751,2
22752,2
22753,2
22754,2
22755,2
22756,2
22757,2
22758,2
22759,1
22760,1
22761,2
22762,2
22763,2
22764,2
22765,2
22766,2
22767,2
22768,2
22769,1
22770,1
22771,2
22772,2
22773,2
22774,1
22775,1
22776,2
22777,2
22778,2
22779,2
22780,1
22781,1
22782,2
22783,2
22784,1
22785,2
22786,2
22787,2
22788,1
22789,1
22790,2
22791,1
22792,1
22793,2
22794,1
22795,2
22796,1
22797,1
22798,1
22799,1
22800,2
22801,2
22802,2
22803,1
22804,1
22805,2
22806,2
22807,2
22808,2
22809,2
22810,2
22811,2
22812,2
22813,2
22814,2
22815,2
22816,2
22817,2
22818,2
22819,2
22820,1
22821,2
22822,1
22823,1
22824,2
22825,2
22826,1
22827,2
22828,1
22829,2
22830,2
22831,2
22832,2
22833,2
22834,2
22835,2
22836,1
22837,2
22838,2
22839,1
22840,1
22841,2
22842,2
22843,1
22844,2
22845,2
22846,2
22847,2
22848,2
22849,2
22850,2
22851,2
22852,2
22853,1
22854,1
22855,1
22856,2
22857,2
22858,2
22859,1
22860,2
22861,2
22862,2
22863,2
22864,1
22865,2
22866,2
22867,1
22868,2
22869,2
22870,2
22871,2
22872,2
22873,2
22874,2
22875,2
22876,2
22877,1
22878,1
22879,2
22880,2
22881,1
22882,2
22883,2
22884,2
22885,2
22886,1
22887,2
22888,2
22889,2
22890,2
22891,2
22892,2
22893,1
22894,2
22895,2
22896,1
22897,1
22898,2
22899,2
22900,2
22901,2
22902,2
22903,2
22904,1
22905,2
22906,2
22907,1
22908,2
22909,2
22910,2
22911,1
22912,2
22913,2
22914,2
22915,2
22916,2
22917,2
22918,2
22919,1
22920,1
22921,1
22922,2
22923,2
22924,2
22925,2
22926,2
22927,2
22928,2
22929,1
22930,2
22931,2
22932,2
22933,2
22934,2
22935,2
22936,2
22937,2
22938,1
22939,1
22940,2
22941,2
22942,2
22943,1
22944,2
22945,1
22946,1
22947,2
22948,1
22949,2
22950,2
22951,2
22952,2
22953,1
22954,2
22955,2
22956,1
22957,2
22958,2
22959,1
22960,2
22961,2
22962,2
22963,1
22964,2
22965,2
22966,2
22967,2
22968,2
22969,2
22970,2
22971,2
22972,2
22973,2
22974,1
22975,2
22976,1
22977,2
22978,1
22979,1
22980,1
22981,2
22982,2
22983,2
22984,2
22985,2
22986,1
22987,2
22988,2
22989,2
22990,2
22991,2
22992,2
22993,2
22994,2
22995,2
22996,2
22997,2
22998,2
22999,2
23000,2
23001,2
23002,2
23003,2
23004,2
23005,1
23006,1
23007,1
23008,2
23009,1
23010,2
23011,2
23012,2
23013,2
23014,2
23015,2
23016,2
23017,2
23018,2
23019,2
23020,1
23021,2
23022,2
23023,2
23024,2
23025,2
23026,1
23027,2
23028,2
23029,2
23030,1
23031,2
23032,2
23033,1
23034,1
23035,2
23036,2
23037,2
23038,2
23039,2
23040,1
23041,2
23042,2
23043,2
23044,2
23045,1
23046,2
23047,2
23048,2
23049,2
23050,2
23051,2
23052,2
23053,2
23054,2
23055,2
23056,1
23057,1
23058,1
23059,2
23060,2
23061,2
23062,1
23063,1
23064,1
23065,1
23066,1
23067,2
23068,1
23069,2
23070,1
23071,1
23072,2
23073,2
23074,2
23075,1
23076,2
23077,2
23078,2
23079,2
23080,1
23081,1
23082,2
23083,2
23084,2
23085,1
23086,1
23087,2
23088,2
23089,2
23090,2
23091,2
23092,2
23093,2
23094,1
23095,1
23096,1
23097,1
23098,2
23099,2
23100,2
23101,2
23102,1
23103,1
23104,2
23105,2
23106,1
23107,1
23108,2
23109,2
23110,2
23111,2
23112,2
23113,2
23114,2
23115,2
23116,2
23117,1
23118,1
23119,2
23120,2
23121,2
23122,2
23123,2
23124,1
23125,2
23126,2
23127,2
23128,2
23129,2
23130,2
23131,2
23132,2
23133,2
23134,2
23135,2
23136,2
23137,1
23138,2
23139,2
23140,2
23141,2
23142,2
23143,1
23144,2
23145,1
23146,2
23147,1
23148,2
23149,1
23150,2
23151,1
23152,1
23153,1
23154,2
23155,2
23156,2
23157,2
23158,2
23159,2
23160,2
23161,2
23162,1
23163,2
23164,1
23165,2
23166,2
23167,2
23168,2
23169,2
23170,1
23171,1
23172,2
23173,1
23174,2
23175,2
23176,2
23177,2
23178,1
23179,2
23180,2
23181,2
23182,1
23183,2
23184,2
23185,2
23186,2
23187,2
23188,1
23189,2
23190,1
23191,2
23192,2
23193,1
23194,1
23195,1
23196,2
23197,2
23198,2
23199,2
23200,1
23201,2
23202,2
23203,1
23204,1
23205,2
23206,1
23207,1
23208,2
23209,1
23210,1
23211,2
23212,2
23213,1
23214,2
23215,2
23216,2
23217,1
23218,2
23219,2
23220,2
23221,2
23222,2
23223,2
23224,2
23225,2
23226,2
23227,2
23228,2
23229,2
23230,2
23231,2
23232,2
23233,2
23234,1
23235,2
23236,2
23237,2
23238,2
23239,2
23240,2
23241,1
23242,2
23243,2
23244,2
23245,2
23246,2
23247,2
23248,1
23249,1
23250,1
23251,1
23252,1
23253,1
23254,2
23255,2
23256,2
23257,1
23258,2
23259,2
23260,2
23261,1
23262,1
23263,2
23264,1
23265,1
23266,1
23267,2
23268,2
23269,2
23270,2
23271,1
23272,1
23273,1
23274,1
23275,2
23276,2
23277,2
23278,2
23279,1
23280,2
23281,2
23282,2
23283,2
23284,1
23285,2
23286,2
23287,2
23288,2
23289,2
23290,1
23291,1
23292,2
23293,2
23294,2
23295,2
23296,2
23297,2
23298,1
23299,2
23300,1
23301,1
23302,1
23303,2
23304,2
23305,2
23306,2
23307,2
23308,1
23309,2
23310,1
23311,2
23312,2
23313,2
23314,1
23315,2
23316,1
23317,1
23318,2
23319,2
23320,2
23321,2
23322,1
23323,2
23324,1
23325,1
23326,1
23327,1
23328,1
23329,2
23330,2
23331,1
23332,2
23333,2
23334,2
23335,2
23336,2
23337,2
23338,2
23339,2
23340,2
23341,2
23342,1
23343,1
23344,2
23345,1
23346,1
23347,1
23348,2
23349,2
23350,2
23351,2
23352,2
23353,2
23354,2
23355,1
23356,2
23357,2
23358,2
23359,2
23360,1
23361,1
23362,1
23363,1
23364,2
23365,2
23366,2
23367,2
23368,1
23369,2
23370,2
23371,1
23372,1
23373,2
23374,2
23375,2
23376,2
23377,2
23378,1
23379,2
23380,2
23381,2
23382,2
23383,2
23384,2
23385,1
23386,2
23387,2
23388,2
23389,1
23390,2
23391,2
23392,1
23393,1
23394,1
23395,1
23396,2
23397,1
23398,2
23399,2
23400,2
23401,2
23402,1
23403,1
23404,1
23405,2
23406,1
23407,1
23408,2
23409,2
23410,2
23411,2
23412,2
23413,2
23414,1
23415,2
23416,2
23417,1
23418,2
23419,2
23420,2
23421,1
23422,2
23423,2
23424,1
23425,1
23426,2
23427,1
23428,1
23429,2
23430,1
23431,2
23432,2
23433,2
23434,2
23435,1
23436,1
23437,2
23438,1
23439,2
23440,2
23441,2
23442,2
23443,2
23444,2
23445,2
23446,2
23447,1
23448,2
23449,1
23450,2
23451,1
23452,1
23453,2
23454,1
23455,1
23456,2
23457,2
23458,1
23459,1
23460,2
23461,2
23462,2
23463,2
23464,2
23465,2
23466,2
23467,2
23468,2
23469,1
23470,2
23471,2
23472,2
23473,1
23474,1
23475,2
23476,1
23477,2
23478,2
23479,1
23480,1
23481,2
23482,2
23483,2
23484,2
23485,2
23486,2
23487,2
23488,2
23489,1
23490,2
23491,2
23492,2
23493,1
23494,1
23495,2
23496,2
23497,2
23498,2
23499,2
23500,2
23501,2
23502,2
23503,2
23504,1
23505,2
23506,2
23507,1
23508,2
23509,2
23510,2
23511,2
23512,2
23513,2
23514,2
23515,1
23516,2
23517,2
23518,2
23519,2
23520,2
23521,2
23522,2
23523,2
23524,2
23525,2
23526,2
23527,2
23528,1
23529,1
23530,2
23531,1
23532,2
23533,2
23534,1
23535,2
23536,2
23537,2
23538,1
23539,1
23540,2
23541,2
23542,1
23543,2
23544,1
23545,2
23546,2
23547,2
23548,2
23549,2
23550,2
23551,2
23552,2
23553,1
23554,2
23555,1
23556,2
23557,2
23558,2
23559,2
23560,2
23561,2
23562,2
23563,2
23564,2
23565,2
23566,2
23567,2
23568,2
23569,1
23570,1
23571,2
23572,2
23573,1
23574,2
23575,2
23576,1
23577,2
23578,2
23579,2
23580,2
23581,2
23582,2
23583,2
23584,2
23585,2
23586,2
23587,2
23588,2
23589,2
23590,2
23591,2
23592,1
23593,2
23594,1
23595,1
23596,1
23597,1
23598,1
23599,2
23600,2
23601,1
23602,1
23603,2
23604,2
23605,1
23606,2
23607,1
23608,2
23609,2
23610,2
23611,2
23612,2
23613,2
23614,2
23615,2
23616,1
23617,1
23618,2
23619,2
23620,1
23621,2
23622,1
23623,1
23624,2
23625,2
23626,1
23627,2
23628,2
23629,2
23630,2
23631,2
23632,1
23633,2
23634,2
23635,2
23636,2
23637,2
23638,2
23639,2
23640,2
23641,2
23642,2
23643,2
23644,1
23645,1
23646,2
23647,2
23648,1
23649,1
23650,2
23651,2
23652,1
23653,2
23654,1
23655,2
23656,1
23657,2
23658,2
23659,2
23660,2
23661,1
23662,2
23663,2
23664,2
23665,2
23666,2
23667,1
23668,1
23669,1
23670,2
23671,1
23672,2
23673,2
23674,2
23675,2
23676,2
23677,2
23678,2
23679,2
23680,2
23681,2
23682,2
23683,2
23684,1
23685,2
23686,2
23687,2
23688,2
23689,2
23690,2
23691,2
23692,1
23693,2
23694,1
23695,1
23696,2
23697,2
23698,2
23699,2
23700,1
23701,1
23702,2
23703,1
23704,2
23705,2
23706,2
23707,2
23708,2
23709,2
23710,2
23711,2
23712,2
23713,1
23714,1
23715,2
23716,2
23717,2
23718,2
23719,2
23720,2
23721,2
23722,2
23723,2
23724,2
23725,2
23726,1
23727,2
23728,2
23729,2
23730,2
23731,2
23732,2
23733,2
23734,2
23735,2
23736,2
23737,2
23738,1
23739,2
23740,1
23741,1
23742,2
23743,1
23744,2
23745,2
23746,2
23747,2
23748,2
23749,1
23750,2
23751,2
23752,1
23753,2
23754,2
23755,1
23756,2
23757,2
23758,1
23759,2
23760,2
23761,1
23762,1
23763,2
23764,2
23765,2
23766,2
23767,2
23768,2
23769,2
23770,2
23771,1
23772,2
23773,2
23774,2
23775,1
23776,1
23777,1
23778,2
23779,1
23780,2
23781,1
23782,1
23783,2
23784,2
23785,2
23786,2
23787,2
23788,2
23789,2
23790,2
23791,2
23792,2
23793,1
23794,2
23795,2
23796,1
23797,1
23798,1
23799,1
23800,2
23801,2
23802,2
23803,2
23804,1
23805,2
23806,1
23807,2
23808,2
23809,2
23810,2
23811,2
23812,2
23813,2
23814,2
23815,2
23816,2
23817,2
23818,1
23819,2
23820,2
23821,2
23822,2
23823,2
23824,2
23825,2
23826,1
23827,2
23828,2
23829,1
23830,2
23831,1
23832,2
23833,2
23834,2
23835,1
23836,2
23837,1
23838,2
23839,1
23840,1
23841,2
23842,1
23843,2
23844,2
23845,2
23846,2
23847,2
23848,2
23849,2
23850,2
23851,2
23852,1
23853,2
23854,1
23855,2
23856,1
23857,2
23858,2
23859,1
23860,2
23861,1
23862,1
23863,1
23864,1
23865,2
23866,2
23867,2
23868,2
23869,2
23870,1
23871,2
23872,2
23873,2
23874,2
23875,2
23876,2
23877,2
23878,2
23879,2
23880,2
23881,2
23882,2
23883,2
23884,2
23885,1
23886,2
23887,1
23888,1
23889,2
23890,1
23891,2
23892,1
23893,2
23894,1
23895,2
23896,2
23897,2
23898,2
23899,2
23900,2
23901,2
23902,2
23903,2
23904,1
23905,1
23906,2
23907,2
23908,2
23909,2
23910,1
23911,2
23912,2
23913,1
23914,2
23915,2
23916,2
23917,2
23918,2
23919,1
23920,2
23921,1
23922,1
23923,1
23924,2
23925,1
23926,2
23927,2
23928,2
23929,2
23930,1
23931,2
23932,1
23933,2
23934,2
23935,1
23936,1
23937,1
23938,2
23939,2
23940,2
23941,2
23942,2
23943,2
23944,2
23945,1
23946,2
23947,1
23948,1
23949,1
23950,2
23951,1
23952,2
23953,2
23954,2
23955,2
23956,2
23957,2
23958,1
23959,2
23960,2
23961,1
23962,2
23963,2
23964,2
23965,2
23966,1
23967,1
23968,2
23969,1
23970,2
23971,1
23972,2
23973,2
23974,1
23975,2
23976,2
23977,2
23978,2
23979,2
23980,2
23981,2
23982,2
23983,1
23984,1
23985,1
23986,2
23987,2
23988,2
23989,1
23990,2
23991,2
23992,2
23993,2
23994,2
23995,1
23996,2
23997,1
23998,2
23999,2
24000,2
24001,2
24002,2
24003,1
24004,2
24005,2
24006,2
24007,2
24008,2
24009,1
24010,2
24011,1
24012,1
24013,1
24014,2
24015,2
24016,1
24017,2
24018,1
24019,1
24020,2
24021,2
24022,1
24023,1
24024,2
24025,2
24026,2
24027,2
24028,2
24029,2
24030,1
24031,2
24032,2
24033,2
24034,2
24035,2
24036,2
24037,2
24038,2
24039,2
24040,1
24041,1
24042,2
24043,1
24044,1
24045,2
24046,2
24047,2
24048,2
24049,2
24050,2
24051,1
24052,1
24053,2
24054,2
24055,1
24056,2
24057,2
24058,2
24059,2
24060,1
24061,1
24062,1
24063,2
24064,1
24065,2
24066,2
24067,2
24068,2
24069,1
24070,2
24071,2
24072,2
24073,2
24074,2
24075,2
24076,1
24077,1
24078,2
24079,2
24080,1
24081,1
24082,1
24083,2
24084,2
24085,2
24086,2
24087,2
24088,2
24089,1
24090,2
24091,2
24092,1
24093,1
24094,2
24095,2
24096,2
24097,2
24098,2
24099,1
24100,1
24101,2
24102,2
24103,2
24104,2
24105,2
24106,2
24107,2
24108,1
24109,2
24110,1
24111,1
24112,2
24113,2
24114,1
24115,2
24116,2
24117,2
24118,1
24119,2
24120,2
24121,2
24122,2
24123,2
24124,2
24125,1
24126,2
24127,1
24128,1
24129,2
24130,2
24131,2
24132,1
24133,2
24134,2
24135,2
24136,2
24137,1
24138,2
24139,2
24140,1
24141,2
24142,1
24143,1
24144,1
24145,2
24146,1
24147,1
24148,2
24149,1
24150,2
24151,1
24152,1
24153,2
24154,2
24155,1
24156,2
24157,2
24158,1
24159,2
24160,2
24161,2
24162,2
24163,1
24164,2
24165,2
24166,2
24167,2
24168,2
24169,2
24170,2
24171,2
24172,2
24173,1
24174,2
24175,2
24176,2
24177,2
24178,2
24179,2
24180,1
24181,2
24182,2
24183,2
24184,2
24185,1
24186,2
24187,2
24188,2
24189,2
24190,2
24191,2
24192,2
24193,1
24194,2
24195,2
24196,2
24197,1
24198,1
24199,1
24200,1
24201,2
24202,2
24203,1
24204,2
24205,1
24206,2
24207,2
24208,2
24209,2
24210,2
24211,2
24212,2
24213,2
24214,2
24215,2
24216,1
24217,2
24218,1
24219,1
24220,2
24221,2
24222,2
24223,2
24224,2
24225,2
24226,1
24227,2
24228,1
24229,2
24230,2
24231,2
24232,2
24233,2
24234,2
24235,2
24236,2
24237,2
24238,1
24239,2
24240,2
24241,2
24242,1
24243,1
24244,2
24245,1
24246,1
24247,1
24248,2
24249,2
24250,1
24251,2
24252,2
24253,2
24254,2
24255,2
24256,2
24257,2
24258,2
24259,2
24260,2
24261,2
24262,2
24263,2
24264,1
24265,2
24266,2
24267,1
24268,1
24269,1
24270,1
24271,1
24272,2
24273,2
24274,2
24275,2
24276,2
24277,1
24278,2
24279,2
24280,2
24281,2
24282,2
24283,2
24284,2
24285,1
24286,2
24287,2
24288,2
24289,2
24290,2
24291,2
24292,2
24293,2
24294,2
24295,1
24296,2
24297,1
24298,2
24299,2
24300,2
24301,2
24302,2
24303,2
24304,2
24305,2
24306,2
24307,2
24308,2
24309,1
24310,2
24311,2
24312,2
24313,2
24314,2
24315,2
24316,2
24317,2
24318,1
24319,1
24320,2
24321,2
24322,2
24323,2
24324,1
24325,2
24326,1
24327,2
24328,1
24329,2
24330,2
24331,2
24332,2
24333,2
24334,1
24335,2
24336,2
24337,2
24338,2
24339,2
24340,2
24341,2
24342,2
24343,1
24344,2
24345,1
24346,1
24347,2
24348,1
24349,1
24350,1
24351,1
24352,1
24353,2
24354,2
24355,2
24356,2
24357,2
24358,2
24359,2
24360,2
24361,2
24362,2
24363,2
24364,2
24365,2
24366,2
24367,1
24368,1
24369,1
24370,2
24371,2
24372,1
24373,2
24374,2
24375,2
24376,1
24377,2
24378,2
24379,2
24380,2
24381,2
24382,2
24383,2
24384,2
24385,2
24386,1
24387,2
24388,2
24389,1
24390,2
24391,2
24392,2
24393,1
24394,1
24395,2
24396,1
24397,2
24398,2
24399,2
24400,2
24401,2
24402,1
24403,1
24404,1
24405,2
24406,2
24407,2
24408,1
24409,1
24410,2
24411,2
24412,1
24413,2
24414,1
24415,2
24416,2
24417,2
24418,1
24419,2
24420,2
24421,2
24422,1
24423,1
24424,1
24425,2
24426,2
24427,2
24428,2
24429,2
24430,2
24431,2
24432,2
24433,2
24434,2
24435,2
24436,2
24437,2
24438,1
24439,2
24440,2
24441,1
24442,1
24443,2
24444,2
24445,2
24446,2
24447,1
24448,2
24449,2
24450,2
24451,2
24452,2
24453,1
24454,2
24455,1
24456,2
24457,2
24458,2
24459,2
24460,1
24461,2
24462,1
24463,2
24464,2
24465,2
24466,1
24467,2
24468,2
24469,2
24470,2
24471,2
24472,2
24473,1
24474,2
24475,1
24476,1
24477,2
24478,2
24479,2
24480,2
24481,2
24482,2
24483,2
24484,2
24485,2
24486,2
24487,2
24488,2
24489,2
24490,2
24491,2
24492,1
24493,2
24494,2
24495,2
24496,2
24497,2
24498,2
24499,2
24500,2
24501,2
24502,2
24503,2
24504,2
24505,2
24506,2
24507,2
24508,2
24509,2
24510,2
24511,2
24512,1
24513,2
24514,2
24515,1
24516,2
24517,2
24518,2
24519,2
24520,2
24521,2
24522,2
24523,2
24524,2
24525,2
24526,1
24527,2
24528,1
24529,2
24530,2
24531,1
24532,2
24533,2
24534,2
24535,1
24536,1
24537,2
24538,2
24539,2
24540,2
24541,2
24542,2
24543,2
24544,2
24545,2
24546,2
24547,2
24548,2
24549,2
24550,2
24551,1
24552,2
24553,2
24554,1
24555,2
24556,1
24557,2
24558,1
24559,2
24560,1
24561,1
24562,2
24563,1
24564,1
24565,2
24566,1
24567,2
24568,1
24569,2
24570,2
24571,2
24572,2
24573,2
24574,1
24575,1
24576,2
24577,1
24578,2
24579,2
24580,2
24581,2
24582,1
24583,2
24584,2
24585,1
24586,2
24587,2
24588,2
24589,2
24590,2
24591,1
24592,2
24593,1
24594,1
24595,2
24596,2
24597,1
24598,2
24599,1
24600,2
24601,1
24602,2
24603,2
24604,2
24605,1
24606,1
24607,1
24608,2
24609,2
24610,1
24611,2
24612,2
24613,2
24614,2
24615,1
24616,2
24617,1
24618,2
24619,2
24620,2
24621,2
24622,2
24623,2
24624,2
24625,2
24626,2
24627,1
24628,2
24629,1
24630,2
24631,2
24632,2
24633,2
24634,2
24635,2
24636,2
24637,2
24638,2
24639,2
24640,2
24641,2
24642,1
24643,2
24644,2
24645,1
24646,2
24647,2
24648,1
24649,2
24650,1
24651,2
24652,2
24653,1
24654,2
24655,2
24656,2
24657,2
24658,1
24659,2
24660,1
24661,2
24662,2
24663,2
24664,2
24665,1
24666,2
24667,2
24668,2
24669,2
24670,2
24671,2
24672,2
24673,2
24674,2
24675,2
24676,2
24677,2
24678,1
24679,2
24680,2
24681,1
24682,2
24683,2
24684,2
24685,1
24686,1
24687,2
24688,2
24689,1
24690,1
24691,2
24692,2
24693,1
24694,2
24695,1
24696,2
24697,2
24698,1
24699,2
24700,2
24701,2
24702,2
24703,2
24704,1
24705,2
24706,2
24707,2
24708,1
24709,1
24710,2
24711,1
24712,1
24713,2
24714,1
24715,2
24716,1
24717,2
24718,2
24719,2
24720,1
24721,2
24722,2
24723,2
24724,2
24725,2
24726,2
24727,2
24728,2
24729,2
24730,2
24731,2
24732,1
24733,2
24734,2
24735,2
24736,2
24737,2
24738,2
24739,2
24740,2
24741,2
24742,2
24743,2
24744,2
24745,2
24746,1
24747,1
24748,1
24749,1
24750,2
24751,1
24752,2
24753,1
24754,2
24755,2
24756,2
24757,2
24758,1
24759,2
24760,2
24761,2
24762,2
24763,1
24764,2
24765,2
24766,2
24767,2
24768,1
24769,1
24770,1
24771,2
24772,2
24773,2
24774,2
24775,1
24776,2
24777,2
24778,2
24779,2
24780,2
24781,2
24782,2
24783,2
24784,2
24785,2
24786,2
24787,2
24788,1
24789,1
24790,2
24791,1
24792,2
24793,1
24794,2
24795,2
24796,2
24797,1
24798,2
24799,2
24800,1
24801,1
24802,2
24803,2
24804,2
24805,2
24806,2
24807,2
24808,2
24809,2
24810,2
24811,2
24812,2
24813,2
24814,2
24815,1
24816,2
24817,1
24818,2
24819,2
24820,2
24821,1
24822,2
24823,2
24824,2
24825,2
24826,1
24827,2
24828,2
24829,2
24830,2
24831,2
24832,1
24833,2
24834,2
24835,2
24836,2
24837,2
24838,2
24839,1
24840,1
24841,1
24842,2
24843,2
24844,2
24845,2
24846,2
24847,1
24848,2
24849,2
24850,1
24851,1
24852,1
24853,2
24854,2
24855,1
24856,2
24857,2
24858,2
24859,2
24860,2
24861,2
24862,2
24863,2
24864,1
24865,2
24866,2
24867,2
24868,2
24869,1
24870,2
24871,2
24872,2
24873,2
24874,2
24875,2
24876,2
24877,2
24878,2
24879,2
24880,1
24881,1
24882,2
24883,2
24884,1
24885,2
24886,1
24887,2
24888,2
24889,2
24890,2
24891,2
24892,2
24893,2
24894,1
24895,1
24896,1
24897,2
24898,1
24899,2
24900,2
24901,2
24902,2
24903,2
24904,2
24905,1
24906,2
24907,2
24908,1
24909,1
24910,2
24911,1
24912,2
24913,2
24914,1
24915,2
24916,1
24917,2
24918,2
24919,2
24920,1
24921,2
24922,1
24923,2
24924,2
24925,2
24926,2
24927,2
24928,2
24929,2
24930,2
24931,2
24932,2
24933,2
24934,2
24935,2
24936,2
24937,2
24938,1
24939,2
24940,1
24941,1
24942,2
24943,2
24944,2
24945,2
24946,2
24947,2
24948,1
24949,1
24950,2
24951,2
24952,2
24953,2
24954,2
24955,1
24956,1
24957,2
24958,2
24959,1
24960,2
24961,2
24962,2
24963,1
24964,1
24965,2
24966,2
24967,1
24968,1
24969,2
24970,1
24971,1
24972,2
24973,2
24974,2
24975,2
24976,2
24977,2
24978,2
24979,2
24980,2
24981,2
24982,1
24983,2
24984,2
24985,2
24986,2
24987,2
24988,2
24989,2
24990,1
24991,2
24992,2
24993,2
24994,2
24995,2
24996,2
24997,2
24998,2
24999,2
25000,2
25001,2
25002,2
25003,2
25004,2
25005,2
25006,1
25007,2
25008,2
25009,1
25010,2
25011,2
25012,2
25013,2
25014,1
25015,2
25016,1
25017,2
25018,2
25019,2
25020,2
25021,2
25022,2
25023,2
25024,2
25025,2
25026,2
25027,2
25028,2
25029,2
25030,2
25031,2
25032,2
25033,2
25034,2
25035,2
25036,2
25037,2
25038,2
25039,2
25040,2
25041,2
25042,2
25043,2
25044,2
25045,2
25046,2
25047,2
25048,2
25049,1
25050,2
25051,2
25052,2
25053,1
25054,2
25055,2
25056,2
25057,2
25058,2
25059,2
25060,1
25061,2
25062,2
25063,2
25064,2
25065,2
25066,2
25067,2
25068,2
25069,2
25070,1
25071,2
25072,2
25073,1
25074,2
25075,2
25076,2
25077,2
25078,1
25079,2
25080,2
25081,2
25082,1
25083,2
25084,2
25085,2
25086,1
25087,2
25088,2
25089,2
25090,2
25091,2
25092,2
25093,2
25094,1
25095,2
25096,2
25097,1
25098,2
25099,2
25100,2
25101,2
25102,1
25103,2
25104,2
25105,2
25106,2
25107,2
25108,2
25109,2
25110,2
25111,2
25112,2
25113,2
25114,1
25115,1
25116,1
25117,2
25118,2
25119,2
25120,1
25121,1
25122,2
25123,1
25124,2
25125,2
25126,1
25127,1
25128,2
25129,2
25130,2
25131,2
25132,1
25133,2
25134,1
25135,2
25136,2
25137,2
25138,2
25139,2
25140,2
25141,2
25142,2
25143,1
25144,2
25145,2
25146,2
25147,2
25148,2
25149,2
25150,2
25151,2
25152,2
25153,2
25154,2
25155,2
25156,2
25157,2
25158,2
25159,2
25160,1
25161,2
25162,2
25163,1
25164,1
25165,2
25166,1
25167,2
25168,2
25169,2
25170,2
25171,2
25172,1
25173,2
25174,2
25175,2
25176,2
25177,2
25178,2
25179,2
25180,2
25181,2
25182,2
25183,2
25184,2
25185,1
25186,2
25187,1
25188,2
25189,2
25190,2
25191,1
25192,1
25193,2
25194,2
25195,2
25196,2
25197,2
25198,2
25199,2
25200,2
25201,2
25202,2
25203,2
25204,2
25205,2
25206,2
25207,2
25208,2
25209,2
25210,1
25211,2
25212,2
25213,2
25214,2
25215,1
25216,2
25217,1
25218,2
25219,2
25220,2
25221,2
25222,2
25223,2
25224,2
25225,2
25226,2
25227,2
25228,2
25229,2
25230,2
25231,2
25232,1
25233,2
25234,2
25235,2
25236,2
25237,2
25238,2
25239,2
25240,2
25241,2
25242,2
25243,2
25244,2
25245,2
25246,2
25247,2
25248,2
25249,2
25250,2
25251,2
25252,1
25253,1
25254,2
25255,2
25256,2
25257,1
25258,2
25259,2
25260,2
25261,2
25262,1
25263,2
25264,2
25265,2
25266,2
25267,2
25268,2
25269,2
25270,2
25271,2
25272,1
25273,2
25274,2
25275,1
25276,2
25277,2
25278,1
25279,2
25280,2
25281,2
25282,1
25283,2
25284,2
25285,2
25286,2
25287,2
25288,2
25289,1
25290,2
25291,1
25292,2
25293,2
25294,2
25295,2
25296,1
25297,2
25298,2
25299,2
25300,2
25301,2
25302,2
25303,2
25304,2
25305,2
25306,2
25307,2
25308,2
25309,2
25310,2
25311,1
25312,2
25313,2
25314,2
25315,2
25316,2
25317,2
25318,2
25319,1
25320,1
25321,1
25322,2
25323,1
25324,2
25325,2
25326,1
25327,2
25328,2
25329,2
25330,1
25331,2
25332,2
25333,2
25334,2
25335,2
25336,2
25337,1
25338,2
25339,2
25340,2
25341,1
25342,2
25343,2
25344,2
25345,2
25346,2
25347,1
25348,2
25349,1
25350,1
25351,2
25352,2
25353,1
25354,2
25355,1
25356,2
25357,1
25358,2
25359,1
25360,2
25361,2
25362,2
25363,2
25364,2
25365,2
25366,2
25367,2
25368,1
25369,1
25370,2
25371,1
25372,1
25373,1
25374,1
25375,1
25376,2
25377,2
25378,2
25379,2
25380,1
25381,2
25382,2
25383,1
25384,2
25385,2
25386,2
25387,2
25388,2
25389,2
25390,2
25391,2
25392,1
25393,2
25394,2
25395,1
25396,1
25397,1
25398,2
25399,1
25400,1
25401,2
25402,1
25403,2
25404,2
25405,2
25406,2
25407,2
25408,2
25409,2
25410,2
25411,2
25412,2
25413,2
25414,2
25415,2
25416,2
25417,2
25418,2
25419,2
25420,1
25421,2
25422,1
25423,2
25424,2
25425,1
25426,2
25427,1
25428,2
25429,2
25430,1
25431,2
25432,2
25433,2
25434,2
25435,2
25436,2
25437,2
25438,1
25439,1
25440,2
25441,2
25442,1
25443,1
25444,1
25445,2
25446,1
25447,2
25448,2
25449,1
25450,2
25451,1
25452,2
25453,2
25454,2
25455,2
25456,2
25457,1
25458,2
25459,2
25460,1
25461,2
25462,2
25463,2
25464,2
25465,1
25466,2
25467,2
25468,2
25469,1
25470,2
25471,1
25472,2
25473,1
25474,2
25475,1
25476,2
25477,2
25478,2
25479,2
25480,2
25481,2
25482,2
25483,2
25484,2
25485,2
25486,1
25487,1
25488,2
25489,1
25490,2
25491,2
25492,1
25493,2
25494,2
25495,2
25496,2
25497,2
25498,2
25499,2
25500,2
25501,1
25502,2
25503,2
25504,1
25505,2
25506,2
25507,2
25508,1
25509,1
25510,2
25511,1
25512,2
25513,1
25514,1
25515,1
25516,2
25517,2
25518,1
25519,2
25520,2
25521,1
25522,1
25523,2
25524,2
25525,2
25526,2
25527,2
25528,2
25529,2
25530,2
25531,2
25532,2
25533,1
25534,1
25535,1
25536,2
25537,1
25538,2
25539,2
25540,1
25541,2
25542,2
25543,2
25544,1
25545,1
25546,2
25547,2
25548,2
25549,2
25550,2
25551,1
25552,2
25553,2
25554,2
25555,1
25556,2
25557,2
25558,2
25559,2
25560,2
25561,2
25562,2
25563,2
25564,1
25565,1
25566,1
25567,2
25568,1
25569,2
25570,1
25571,1
25572,2
25573,1
25574,2
25575,2
25576,2
25577,2
25578,2
25579,2
25580,2
25581,2
25582,2
25583,2
25584,1
25585,2
25586,1
25587,2
25588,2
25589,2
25590,2
25591,1
25592,2
25593,1
25594,1
25595,1
25596,2
25597,2
25598,1
25599,2
25600,2
25601,2
25602,1
25603,2
25604,1
25605,1
25606,2
25607,1
25608,2
25609,2
25610,2
25611,2
25612,2
25613,2
25614,2
25615,2
25616,2
25617,2
25618,2
25619,2
25620,2
25621,2
25622,2
25623,2
25624,2
25625,1
25626,2
25627,2
25628,1
25629,1
25630,2
25631,2
25632,1
25633,1
25634,1
25635,1
25636,2
25637,1
25638,1
25639,1
25640,2
25641,1
25642,2
25643,1
25644,2
25645,2
25646,2
25647,2
25648,2
25649,2
25650,2
25651,2
25652,2
25653,2
25654,2
25655,2
25656,2
25657,2
25658,1
25659,2
25660,1
25661,2
25662,2
25663,1
25664,2
25665,1
25666,2
25667,2
25668,2
25669,2
25670,1
25671,1
25672,1
25673,2
25674,2
25675,2
25676,2
25677,2
25678,2
25679,1
25680,2
25681,2
25682,2
25683,2
25684,1
25685,2
25686,2
25687,2
25688,2
25689,1
25690,2
25691,2
25692,2
25693,2
25694,2
25695,2
25696,2
25697,2
25698,2
25699,2
25700,2
25701,2
25702,2
25703,2
25704,2
25705,1
25706,1
25707,1
25708,2
25709,1
25710,1
25711,2
25712,2
25713,1
25714,1
25715,2
25716,2
25717,2
25718,2
25719,1
25720,2
25721,2
25722,2
25723,2
25724,2
25725,2
25726,2
25727,1
25728,1
25729,2
25730,2
25731,1
25732,2
25733,1
25734,2
25735,2
25736,2
25737,2
25738,2
25739,1
25740,1
25741,2
25742,1
25743,2
25744,1
25745,2
25746,2
25747,1
25748,2
25749,2
25750,2
25751,1
25752,1
25753,2
25754,1
25755,1
25756,2
25757,2
25758,1
25759,2
25760,2
25761,2
25762,2
25763,1
25764,1
25765,2
25766,2
25767,2
25768,1
25769,2
25770,1
25771,2
25772,2
25773,2
25774,2
25775,2
25776,1
25777,2
25778,1
25779,2
25780,2
25781,2
25782,2
25783,2
25784,2
25785,2
25786,2
25787,2
25788,1
25789,2
25790,2
25791,2
25792,2
25793,1
25794,2
25795,2
25796,2
25797,1
25798,2
25799,2
25800,2
25801,1
25802,2
25803,1
25804,2
25805,2
25806,1
25807,1
25808,1
25809,1
25810,1
25811,1
25812,1
25813,2
25814,2
25815,2
25816,2
25817,1
25818,1
25819,2
25820,2
25821,2
25822,1
25823,2
25824,1
25825,2
25826,2
25827,2
25828,2
25829,1
25830,2
25831,2
25832,2
25833,2
25834,1
25835,2
25836,2
25837,2
25838,2
25839,1
25840,2
25841,2
25842,1
25843,1
25844,2
25845,2
25846,1
25847,2
25848,2
25849,2
25850,1
25851,2
25852,2
25853,1
25854,1
25855,2
25856,2
25857,1
25858,2
25859,2
25860,2
25861,1
25862,2
25863,1
25864,2
25865,2
25866,2
25867,2
25868,1
25869,2
25870,2
25871,2
25872,2
25873,2
25874,2
25875,2
25876,2
25877,2
25878,1
25879,2
25880,2
25881,1
25882,2
25883,1
25884,1
25885,2
25886,2
25887,2
25888,2
25889,2
25890,2
25891,2
25892,2
25893,1
25894,2
25895,2
25896,2
25897,2
25898,2
25899,1
25900,2
25901,1
25902,2
25903,2
25904,2
25905,2
25906,2
25907,2
25908,2
25909,2
25910,2
25911,2
25912,1
25913,2
25914,2
25915,2
25916,1
25917,2
25918,2
25919,2
25920,1
25921,2
25922,2
25923,2
25924,2
25925,1
25926,1
25927,2
25928,2
25929,2
25930,1
25931,1
25932,2
25933,2
25934,1
25935,1
25936,2
25937,2
25938,2
25939,2
25940,1
25941,1
25942,2
25943,2
25944,2
25945,2
25946,1
25947,2
25948,2
25949,2
25950,2
25951,2
25952,2
25953,2
25954,2
25955,2
25956,1
25957,1
25958,2
25959,1
25960,2
25961,2
25962,2
25963,1
25964,2
25965,2
25966,2
25967,2
25968,1
25969,2
25970,2
25971,2
25972,2
25973,2
25974,2
25975,2
25976,2
25977,1
25978,1
25979,1
25980,2
25981,1
25982,2
25983,2
25984,1
25985,1
25986,2
25987,2
25988,1
25989,2
25990,2
25991,1
25992,2
25993,1
25994,2
25995,1
25996,2
25997,2
25998,2
25999,2
26000,2
26001,2
26002,1
26003,2
26004,2
26005,1
26006,2
26007,1
26008,2
26009,2
26010,2
26011,2
26012,2
26013,2
26014,2
26015,2
26016,2
26017,1
26018,2
26019,2
26020,2
26021,2
26022,2
26023,2
26024,2
26025,1
26026,2
26027,2
26028,1
26029,1
26030,2
26031,2
26032,1
26033,2
26034,2
26035,1
26036,2
26037,1
26038,1
26039,2
26040,2
26041,2
26042,1
26043,2
26044,2
26045,2
26046,2
26047,2
26048,1
26049,1
26050,1
26051,2
26052,2
26053,2
26054,2
26055,2
26056,1
26057,2
26058,1
26059,1
26060,1
26061,2
26062,2
26063,2
26064,2
26065,2
26066,2
26067,2
26068,2
26069,1
26070,1
26071,2
26072,2
26073,2
26074,1
26075,2
26076,2
26077,2
26078,2
26079,2
26080,2
26081,1
26082,1
26083,2
26084,2
26085,2
26086,2
26087,2
26088,1
26089,2
26090,1
26091,2
26092,2
26093,1
26094,2
26095,2
26096,1
26097,2
26098,1
26099,1
26100,1
26101,2
26102,2
26103,1
26104,2
26105,2
26106,2
26107,2
26108,2
26109,1
26110,2
26111,2
26112,2
26113,2
26114,2
26115,2
26116,2
26117,1
26118,1
26119,2
26120,1
26121,1
26122,2
26123,2
26124,2
26125,1
26126,2
26127,2
26128,2
26129,1
26130,1
26131,2
26132,2
26133,2
26134,2
26135,1
26136,1
26137,1
26138,2
26139,2
26140,2
26141,2
26142,2
26143,1
26144,1
26145,2
26146,2
26147,2
26148,1
26149,2
26150,2
26151,1
26152,2
26153,2
26154,1
26155,2
26156,2
26157,2
26158,2
26159,2
26160,2
26161,2
26162,2
26163,2
26164,2
26165,2
26166,2
26167,2
26168,1
26169,2
26170,2
26171,2
26172,2
26173,2
26174,2
26175,2
26176,2
26177,2
26178,1
26179,2
26180,2
26181,2
26182,2
26183,2
26184,2
26185,2
26186,2
26187,2
26188,2
26189,1
26190,2
26191,2
26192,2
26193,2
26194,2
26195,1
26196,2
26197,2
26198,1
26199,2
26200,1
26201,2
26202,2
26203,2
26204,2
26205,1
26206,2
26207,2
26208,1
26209,2
26210,2
26211,1
26212,2
26213,2
26214,2
26215,2
26216,2
26217,2
26218,2
26219,2
26220,2
26221,1
26222,2
26223,2
26224,2
26225,2
26226,2
26227,2
26228,2
26229,2
26230,2
26231,2
26232,1
26233,2
26234,2
26235,2
26236,1
26237,2
26238,2
26239,2
26240,1
26241,2
26242,1
26243,2
26244,2
26245,2
26246,2
26247,2
26248,2
26249,2
26250,2
26251,2
26252,2
26253,2
26254,1
26255,2
26256,2
26257,2
26258,1
26259,1
26260,2
26261,2
26262,2
26263,2
26264,1
26265,2
26266,1
26267,2
26268,1
26269,2
26270,2
26271,2
26272,2
26273,1
26274,2
26275,2
26276,2
26277,2
26278,2
26279,2
26280,2
26281,1
26282,2
26283,2
26284,2
26285,2
26286,1
26287,1
26288,1
26289,2
26290,2
26291,2
26292,2
26293,1
26294,2
26295,2
26296,2
26297,2
26298,2
26299,1
26300,2
26301,2
26302,1
26303,1
26304,2
26305,2
26306,2
26307,1
26308,2
26309,2
26310,1
26311,2
26312,2
26313,2
26314,1
26315,2
26316,2
26317,2
26318,2
26319,1
26320,2
26321,2
26322,2
26323,1
26324,1
26325,2
26326,2
26327,2
26328,2
26329,2
26330,2
26331,2
26332,2
26333,2
26334,1
26335,2
26336,2
26337,1
26338,2
26339,1
26340,2
26341,2
26342,1
26343,1
26344,2
26345,2
26346,2
26347,2
26348,2
26349,1
26350,2
26351,2
26352,2
26353,2
26354,2
26355,2
26356,2
26357,2
26358,2
26359,2
26360,1
26361,2
26362,2
26363,2
26364,2
26365,2
26366,2
26367,2
26368,1
26369,2
26370,2
26371,1
26372,2
26373,2
26374,1
26375,1
26376,2
26377,1
26378,2
26379,2
26380,2
26381,2
26382,2
26383,2
26384,2
26385,2
26386,1
26387,2
26388,2
26389,2
26390,1
26391,2
26392,2
26393,1
26394,2
26395,2
26396,2
26397,2
26398,2
26399,1
26400,1
26401,2
26402,2
26403,2
26404,2
26405,1
26406,2
26407,2
26408,2
26409,2
26410,2
26411,2
26412,2
26413,2
26414,2
26415,2
26416,2
26417,2
26418,1
26419,2
26420,2
26421,2
26422,2
26423,1
26424,2
26425,2
26426,2
26427,2
26428,1
26429,1
26430,2
26431,2
26432,2
26433,1
26434,2
26435,2
26436,1
26437,2
26438,2
26439,2
26440,2
26441,1
26442,1
26443,2
26444,1
26445,1
26446,1
26447,2
26448,2
26449,2
26450,2
26451,2
26452,2
26453,2
26454,2
26455,2
26456,2
26457,2
26458,2
26459,2
26460,2
26461,2
26462,1
26463,2
26464,2
26465,1
26466,2
26467,2
26468,2
26469,2
26470,2
26471,2
26472,2
26473,2
26474,2
26475,2
26476,1
26477,2
26478,2
26479,2
26480,2
26481,2
26482,1
26483,2
26484,2
26485,2
26486,2
26487,1
26488,1
26489,1
26490,2
26491,2
26492,1
26493,2
26494,2
26495,1
26496,2
26497,2
26498,2
26499,1
26500,1
26501,2
26502,2
26503,2
26504,2
26505,2
26506,1
26507,1
26508,1
26509,2
26510,2
26511,1
26512,2
26513,2
26514,2
26515,2
26516,2
26517,2
26518,1
26519,2
26520,1
26521,2
26522,2
26523,2
26524,1
26525,2
26526,1
26527,2
26528,1
26529,2
26530,2
26531,2
26532,1
26533,2
26534,2
26535,2
26536,2
26537,2
26538,2
26539,2
26540,2
26541,2
26542,2
26543,1
26544,2
26545,1
26546,2
26547,2
26548,1
26549,1
26550,2
26551,2
26552,1
26553,2
26554,2
26555,2
26556,2
26557,2
26558,2
26559,1
26560,1
26561,2
26562,1
26563,2
26564,1
26565,2
26566,2
26567,2
26568,1
26569,2
26570,2
26571,1
26572,2
26573,1
26574,2
26575,2
26576,2
26577,2
26578,1
26579,2
26580,2
26581,2
26582,2
26583,2
26584,1
26585,1
26586,2
26587,1
26588,2
26589,2
26590,1
26591,2
26592,2
26593,2
26594,2
26595,2
26596,2
26597,2
26598,2
26599,2
26600,1
26601,2
26602,2
26603,2
26604,2
26605,2
26606,2
26607,1
26608,2
26609,2
26610,1
26611,1
26612,2
26613,1
26614,2
26615,1
26616,2
26617,2
26618,2
26619,2
26620,1
26621,2
26622,2
26623,2
26624,2
26625,2
26626,1
26627,2
26628,2
26629,2
26630,2
26631,2
26632,1
26633,1
26634,2
26635,2
26636,1
26637,2
26638,2
26639,2
26640,2
26641,1
26642,2
26643,2
26644,2
26645,1
26646,2
26647,2
26648,2
26649,2
26650,1
26651,2
26652,2
26653,2
26654,1
26655,1
26656,2
26657,1
26658,2
26659,2
26660,2
26661,1
26662,2
26663,2
26664,1
26665,2
26666,2
26667,1
26668,1
26669,2
26670,2
26671,2
26672,2
26673,2
26674,2
26675,2
26676,1
26677,2
26678,2
26679,2
26680,2
26681,2
26682,1
26683,2
26684,1
26685,2
26686,2
26687,2
26688,2
26689,1
26690,2
26691,2
26692,1
26693,2
26694,2
26695,2
26696,2
26697,2
26698,2
26699,2
26700,2
26701,2
26702,2
26703,1
26704,2
26705,2
26706,1
26707,2
26708,2
26709,2
26710,2
26711,1
26712,1
26713,2
26714,2
26715,2
26716,2
26717,2
26718,2
26719,1
26720,2
26721,2
26722,2
26723,1
26724,2
26725,2
26726,1
26727,2
26728,2
26729,2
26730,2
26731,2
26732,1
26733,2
26734,2
26735,2
26736,2
26737,1
26738,2
26739,2
26740,2
26741,2
26742,2
26743,1
26744,2
26745,1
26746,2
26747,1
26748,2
26749,1
26750,2
26751,2
26752,1
26753,2
26754,2
26755,1
26756,2
26757,2
26758,2
26759,2
26760,2
26761,1
26762,2
26763,2
26764,2
26765,2
26766,2
26767,2
26768,2
26769,2
26770,2
26771,2
26772,2
26773,2
26774,2
26775,1
26776,2
26777,2
26778,2
26779,2
26780,1
26781,1
26782,1
26783,2
26784,2
26785,2
26786,2
26787,2
26788,1
26789,2
26790,2
26791,2
26792,2
26793,1
26794,2
26795,2
26796,2
26797,2
26798,1
26799,2
26800,2
26801,2
26802,2
26803,2
26804,2
26805,2
26806,1
26807,2
26808,2
26809,2
26810,1
26811,1
26812,2
26813,2
26814,2
26815,2
26816,2
26817,2
26818,1
26819,1
26820,2
26821,2
26822,2
26823,2
26824,2
26825,2
26826,1
26827,2
26828,1
26829,2
26830,1
26831,2
26832,1
26833,1
26834,1
26835,2
26836,1
26837,1
26838,2
26839,2
26840,2
26841,2
26842,2
26843,2
26844,1
26845,1
26846,1
26847,1
26848,1
26849,1
26850,2
26851,2
26852,2
26853,2
26854,1
26855,2
26856,2
26857,2
26858,1
26859,2
26860,2
26861,1
26862,2
26863,2
26864,1
26865,1
26866,2
26867,2
26868,2
26869,2
26870,1
26871,1
26872,2
26873,2
26874,1
26875,2
26876,2
26877,2
26878,2
26879,1
26880,2
26881,2
26882,2
26883,2
26884,2
26885,1
26886,2
26887,1
26888,2
26889,2
26890,2
26891,2
26892,2
26893,1
26894,2
26895,2
26896,1
26897,1
26898,1
26899,2
26900,1
26901,2
26902,2
26903,2
26904,1
26905,1
26906,1
26907,1
26908,2
26909,2
26910,2
26911,2
26912,2
26913,2
26914,2
26915,2
26916,2
26917,2
26918,2
26919,1
26920,1
26921,2
26922,2
26923,2
26924,2
26925,2
26926,2
26927,2
26928,2
26929,2
26930,2
26931,1
26932,2
26933,1
26934,1
26935,1
26936,2
26937,1
26938,2
26939,1
26940,1
26941,2
26942,2
26943,1
26944,2
26945,2
26946,1
26947,2
26948,1
26949,2
26950,1
26951,2
26952,2
26953,1
26954,1
26955,2
26956,1
26957,2
26958,2
26959,2
26960,2
26961,2
26962,2
26963,2
26964,2
26965,2
26966,2
26967,2
26968,2
26969,2
26970,1
26971,2
26972,1
26973,2
26974,2
26975,2
26976,1
26977,2
26978,2
26979,2
26980,2
26981,2
26982,2
26983,1
26984,1
26985,2
26986,2
26987,2
26988,2
26989,2
26990,2
26991,2
26992,1
26993,1
26994,1
26995,2
26996,2
26997,1
26998,1
26999,2
27000,2
27001,2
27002,1
27003,2
27004,2
27005,1
27006,2
27007,2
27008,1
27009,2
27010,2
27011,1
27012,1
27013,2
27014,2
27015,2
27016,2
27017,2
27018,2
27019,2
27020,2
27021,2
27022,2
27023,2
27024,1
27025,1
27026,2
27027,1
27028,2
27029,2
27030,2
27031,1
27032,1
27033,1
27034,2
27035,2
27036,1
27037,2
27038,2
27039,1
27040,1
27041,1
27042,2
27043,2
27044,1
27045,2
27046,1
27047,2
27048,1
27049,1
27050,2
27051,2
27052,2
27053,2
27054,2
27055,2
27056,2
27057,2
27058,2
27059,2
27060,2
27061,2
27062,1
27063,1
27064,2
27065,2
27066,1
27067,1
27068,2
27069,2
27070,1
27071,2
27072,2
27073,2
27074,2
27075,1
27076,2
27077,2
27078,1
27079,2
27080,2
27081,2
27082,2
27083,1
27084,2
27085,1
27086,2
27087,2
27088,1
27089,1
27090,1
27091,1
27092,2
27093,1
27094,2
27095,1
27096,2
27097,2
27098,2
27099,1
27100,2
27101,2
27102,2
27103,1
27104,2
27105,2
27106,2
27107,2
27108,2
27109,1
27110,2
27111,1
27112,2
27113,2
27114,2
27115,2
27116,1
27117,2
27118,2
27119,2
27120,2
27121,2
27122,2
27123,1
27124,1
27125,1
27126,1
27127,2
27128,2
27129,1
27130,1
27131,2
27132,1
27133,2
27134,2
27135,2
27136,2
27137,2
27138,1
27139,2
27140,1
27141,2
27142,2
27143,1
27144,2
27145,1
27146,1
27147,2
27148,2
27149,2
27150,2
27151,1
27152,2
27153,1
27154,1
27155,2
27156,2
27157,1
27158,2
27159,2
27160,2
27161,2
27162,2
27163,1
27164,1
27165,2
27166,2
27167,2
27168,2
27169,2
27170,1
27171,2
27172,2
27173,2
27174,2
27175,1
27176,2
27177,1
27178,2
27179,2
27180,2
27181,2
27182,2
27183,1
27184,1
27185,1
27186,1
27187,1
27188,2
27189,1
27190,2
27191,2
27192,1
27193,2
27194,1
27195,2
27196,2
27197,2
27198,1
27199,1
27200,2
27201,2
27202,2
27203,2
27204,1
27205,1
27206,2
27207,2
27208,2
27209,2
27210,2
27211,2
27212,2
27213,2
27214,1
27215,2
27216,2
27217,2
27218,2
27219,1
27220,2
27221,2
27222,1
27223,2
27224,2
27225,2
27226,1
27227,2
27228,1
27229,2
27230,2
27231,2
27232,2
27233,2
27234,1
27235,2
27236,2
27237,2
27238,2
27239,2
27240,2
27241,1
27242,1
27243,2
27244,2
27245,2
27246,1
27247,2
27248,1
27249,2
27250,2
27251,2
27252,2
27253,2
27254,2
27255,2
27256,2
27257,2
27258,2
27259,2
27260,2
27261,2
27262,1
27263,2
27264,2
27265,2
27266,1
27267,2
27268,1
27269,2
27270,2
27271,2
27272,2
27273,1
27274,2
27275,2
27276,2
27277,1
27278,2
27279,2
27280,2
27281,2
27282,2
27283,1
27284,1
27285,2
27286,2
27287,1
27288,2
27289,2
27290,2
27291,1
27292,1
27293,2
27294,2
27295,1
27296,2
27297,2
27298,2
27299,2
27300,2
27301,1
27302,2
27303,2
27304,2
27305,2
27306,2
27307,2
27308,2
27309,2
27310,2
27311,2
27312,2
27313,2
27314,2
27315,2
27316,2
27317,1
27318,2
27319,2
27320,1
27321,1
27322,1
27323,1
27324,2
27325,2
27326,2
27327,2
27328,2
27329,2
27330,2
27331,2
27332,2
27333,2
27334,2
27335,2
27336,1
27337,2
27338,2
27339,1
27340,2
27341,2
27342,2
27343,1
27344,2
27345,2
27346,2
27347,2
27348,2
27349,2
27350,2
27351,2
27352,2
27353,2
27354,2
27355,1
27356,2
27357,1
27358,1
27359,2
27360,2
27361,1
27362,2
27363,2
27364,1
27365,1
27366,2
27367,2
27368,1
27369,1
27370,1
27371,1
27372,2
27373,1
27374,1
27375,2
27376,2
27377,2
27378,2
27379,2
27380,2
27381,1
27382,1
27383,2
27384,2
27385,2
27386,1
27387,2
27388,2
27389,1
27390,2
27391,2
27392,1
27393,1
27394,1
27395,2
27396,2
27397,1
27398,2
27399,2
27400,2
27401,1
27402,1
27403,2
27404,1
27405,1
27406,1
27407,2
27408,2
27409,2
27410,2
27411,2
27412,2
27413,2
27414,2
27415,2
27416,2
27417,2
27418,1
27419,1
27420,2
27421,1
27422,1
27423,2
27424,2
27425,1
27426,2
27427,2
27428,2
27429,1
27430,1
27431,2
27432,2
27433,1
27434,1
27435,1
27436,2
27437,2
27438,2
27439,2
27440,2
27441,2
27442,2
27443,2
27444,2
27445,2
27446,2
27447,1
27448,2
27449,1
27450,1
27451,1
27452,1
27453,2
27454,2
27455,1
27456,1
27457,2
27458,1
27459,1
27460,2
27461,1
27462,2
27463,1
27464,2
27465,2
27466,1
27467,2
27468,2
27469,2
27470,1
27471,2
27472,2
27473,2
27474,1
27475,2
27476,2
27477,1
27478,2
27479,2
27480,1
27481,1
27482,1
27483,2
27484,1
27485,1
27486,2
27487,2
27488,1
27489,2
27490,2
27491,2
27492,2
27493,2
27494,2
27495,1
27496,2
27497,2
27498,1
27499,2
27500,2
27501,2
27502,1
27503,2
27504,2
27505,2
27506,2
27507,2
27508,1
27509,2
27510,1
27511,2
27512,1
27513,2
27514,2
27515,2
27516,2
27517,1
27518,1
27519,2
27520,2
27521,2
27522,2
27523,1
27524,1
27525,1
27526,2
27527,2
27528,2
27529,1
27530,2
27531,2
27532,2
27533,1
27534,1
27535,1
27536,2
27537,1
27538,2
27539,2
27540,1
27541,2
27542,1
27543,2
27544,2
27545,2
27546,2
27547,2
27548,2
27549,1
27550,2
27551,2
27552,2
27553,2
27554,2
27555,2
27556,2
27557,1
27558,2
27559,2
27560,2
27561,2
27562,2
27563,2
27564,2
27565,1
27566,2
27567,2
27568,1
27569,2
27570,2
27571,1
27572,2
27573,2
27574,2
27575,2
27576,2
27577,2
27578,1
27579,2
27580,2
27581,1
27582,2
27583,2
27584,2
27585,2
27586,2
27587,2
27588,2
27589,2
27590,2
27591,1
27592,1
27593,1
27594,2
27595,2
27596,2
27597,2
27598,2
27599,2
27600,2
27601,1
27602,1
27603,2
27604,1
27605,2
27606,2
27607,2
27608,2
27609,2
27610,1
27611,1
27612,2
27613,2
27614,2
27615,2
27616,1
27617,2
27618,2
27619,2
27620,2
27621,2
27622,2
27623,2
27624,2
27625,1
27626,1
27627,1
27628,2
27629,2
27630,1
27631,2
27632,2
27633,1
27634,2
27635,2
27636,1
27637,2
27638,2
27639,2
27640,2
27641,1
27642,1
27643,1
27644,1
27645,1
27646,2
27647,2
27648,2
27649,1
27650,2
27651,2
27652,2
27653,2
27654,2
27655,2
27656,2
27657,2
27658,2
27659,2
27660,1
27661,2
27662,2
27663,1
27664,1
27665,2
27666,1
27667,2
27668,2
27669,2
27670,1
27671,2
27672,1
27673,1
27674,2
27675,2
27676,2
27677,2
27678,2
27679,1
27680,2
27681,2
27682,1
27683,1
27684,2
27685,1
27686,2
27687,2
27688,2
27689,2
27690,1
27691,2
27692,2
27693,2
27694,2
27695,2
27696,2
27697,2
27698,1
27699,1
27700,2
27701,2
27702,2
27703,2
27704,2
27705,2
27706,2
27707,1
27708,1
27709,1
27710,1
27711,2
27712,2
27713,2
27714,2
27715,1
27716,1
27717,1
27718,2
27719,2
27720,2
27721,2
27722,2
27723,2
27724,2
27725,2
27726,1
27727,1
27728,2
27729,2
27730,1
27731,1
27732,2
27733,2
27734,2
27735,2
27736,1
27737,2
27738,1
27739,1
27740,1
27741,1
27742,1
27743,2
27744,1
27745,2
27746,2
27747,2
27748,1
27749,1
27750,2
27751,1
27752,2
27753,2
27754,2
27755,2
27756,1
27757,1
27758,1
27759,2
27760,2
27761,2
27762,2
27763,2
27764,2
27765,2
27766,2
27767,1
27768,1
27769,2
27770,2
27771,2
27772,2
27773,2
27774,1
27775,1
27776,2
27777,2
27778,2
27779,2
27780,1
27781,1
27782,2
27783,2
27784,1
27785,2
27786,2
27787,1
27788,2
27789,1
27790,2
27791,2
27792,2
27793,2
27794,2
27795,2
27796,2
27797,2
27798,2
27799,2
27800,1
27801,1
27802,1
27803,2
27804,2
27805,2
27806,1
27807,2
27808,2
27809,1
27810,1
27811,2
27812,2
27813,2
27814,2
27815,2
27816,2
27817,2
27818,1
27819,2
27820,2
27821,1
27822,2
27823,2
27824,1
27825,2
27826,2
27827,2
27828,2
27829,2
27830,2
27831,2
27832,2
27833,2
27834,1
27835,1
27836,2
27837,1
27838,2
27839,1
27840,2
27841,2
27842,2
27843,2
27844,2
27845,2
27846,2
27847,2
27848,2
27849,1
27850,2
27851,2
27852,2
27853,1
27854,1
27855,2
27856,2
27857,2
27858,2
27859,2
27860,1
27861,2
27862,1
27863,2
27864,2
27865,1
27866,2
27867,2
27868,2
27869,1
27870,1
27871,1
27872,2
27873,2
27874,1
27875,2
27876,2
27877,2
27878,2
27879,2
27880,2
27881,2
27882,1
27883,2
27884,2
27885,2
27886,2
27887,2
27888,1
27889,2
27890,2
27891,1
27892,2
27893,2
27894,2
27895,2
27896,2
27897,1
27898,1
27899,2
27900,2
27901,2
27902,2
27903,2
27904,2
27905,2
27906,2
27907,2
27908,2
27909,1
27910,2
27911,2
27912,1
27913,1
27914,2
27915,1
27916,2
27917,2
27918,2
27919,2
27920,1
27921,2
27922,2
27923,2
27924,2
27925,2
27926,1
27927,2
27928,2
27929,1
27930,2
27931,2
27932,1
27933,2
27934,2
27935,2
27936,2
27937,2
27938,2
27939,1
27940,1
27941,1
27942,1
27943,2
27944,2
27945,2
27946,2
27947,2
27948,2
27949,2
27950,1
27951,2
27952,2
27953,2
27954,1
27955,2
27956,2
27957,1
27958,2
27959,2
27960,2
27961,1
27962,1
27963,2
27964,1
27965,2
27966,2
27967,1
27968,2
27969,2
27970,2
27971,2
27972,2
27973,2
27974,1
27975,2
27976,2
27977,2
27978,2
27979,2
27980,1
27981,1
27982,1
27983,2
27984,2
27985,2
27986,2
27987,2
27988,2
27989,2
27990,1
27991,1
27992,2
27993,2
27994,2
27995,2
27996,1
27997,2
27998,2
27999,1
28000,1
28001,1
28002,2
28003,1
28004,2
28005,1
28006,2
28007,2
28008,1
28009,2
28010,1
28011,1
28012,2
28013,2
28014,1
28015,2
28016,2
28017,2
28018,2
28019,2
28020,2
28021,2
28022,2
28023,2
28024,2
28025,2
28026,1
28027,1
28028,2
28029,2
28030,2
28031,2
28032,1
28033,1
28034,2
28035,2
28036,1
28037,1
28038,2
28039,2
28040,2
28041,1
28042,2
28043,2
28044,2
28045,2
28046,2
28047,1
28048,2
28049,1
28050,1
28051,2
28052,2
28053,2
28054,2
28055,1
28056,2
28057,2
28058,1
28059,1
28060,2
28061,2
28062,1
28063,2
28064,2
28065,2
28066,2
28067,1
28068,2
28069,2
28070,1
28071,2
28072,2
28073,2
28074,1
28075,1
28076,2
28077,2
28078,2
28079,1
28080,1
28081,1
28082,2
28083,2
28084,2
28085,2
28086,1
28087,2
28088,2
28089,2
28090,2
28091,2
28092,2
28093,2
28094,2
28095,2
28096,2
28097,2
28098,2
28099,2
28100,2
28101,1
28102,2
28103,1
28104,1
28105,2
28106,2
28107,2
28108,2
28109,2
28110,1
28111,2
28112,2
28113,2
28114,2
28115,2
28116,2
28117,1
28118,1
28119,2
28120,1
28121,1
28122,2
28123,1
28124,2
28125,1
28126,1
28127,2
28128,2
28129,2
28130,2
28131,2
28132,2
28133,2
28134,1
28135,1
28136,2
28137,2
28138,1
28139,2
28140,1
28141,2
28142,2
28143,2
28144,2
28145,2
28146,2
28147,2
28148,2
28149,2
28150,2
28151,2
28152,2
28153,2
28154,2
28155,2
28156,1
28157,2
28158,1
28159,1
28160,2
28161,2
28162,1
28163,2
28164,2
28165,2
28166,1
28167,1
28168,2
28169,1
28170,2
28171,2
28172,2
28173,2
28174,1
28175,2
28176,2
28177,1
28178,2
28179,2
28180,2
28181,2
28182,2
28183,2
28184,1
28185,1
28186,2
28187,1
28188,1
28189,2
28190,2
28191,2
28192,1
28193,1
28194,1
28195,2
28196,2
28197,2
28198,2
28199,2
28200,2
28201,2
28202,2
28203,2
28204,2
28205,2
28206,2
28207,1
28208,2
28209,2
28210,2
28211,1
28212,1
28213,2
28214,2
28215,2
28216,1
28217,2
28218,2
28219,2
28220,1
28221,2
28222,2
28223,2
28224,2
28225,2
28226,1
28227,2
28228,2
28229,2
28230,2
28231,1
28232,1
28233,2
28234,1
28235,2
28236,1
28237,2
28238,2
28239,2
28240,2
28241,2
28242,2
28243,1
28244,2
28245,2
28246,2
28247,2
28248,2
28249,1
28250,2
28251,1
28252,2
28253,2
28254,1
28255,1
28256,1
28257,2
28258,1
28259,2
28260,1
28261,2
28262,1
28263,2
28264,1
28265,2
28266,2
28267,2
28268,2
28269,2
28270,1
28271,1
28272,2
28273,1
28274,1
28275,2
28276,1
28277,2
28278,2
28279,2
28280,2
28281,2
28282,2
28283,2
28284,2
28285,2
28286,2
28287,2
28288,1
28289,2
28290,1
28291,2
28292,1
28293,1
28294,1
28295,2
28296,2
28297,2
28298,2
28299,1
28300,1
28301,2
28302,2
28303,2
28304,2
28305,1
28306,2
28307,1
28308,1
28309,1
28310,1
28311,1
28312,2
28313,2
28314,2
28315,1
28316,1
28317,2
28318,2
28319,2
28320,1
28321,2
28322,2
28323,2
28324,2
28325,1
28326,2
28327,1
28328,1
28329,1
28330,1
28331,2
28332,2
28333,2
28334,2
28335,2
28336,2
28337,2
28338,2
28339,2
28340,2
28341,2
28342,1
28343,2
28344,2
28345,2
28346,1
28347,2
28348,2
28349,2
28350,2
28351,1
28352,2
28353,2
28354,2
28355,1
28356,1
28357,2
28358,2
28359,2
28360,2
28361,1
28362,2
28363,2
28364,2
28365,1
28366,2
28367,2
28368,2
28369,2
28370,2
28371,2
28372,2
28373,2
28374,1
28375,2
28376,2
28377,2
28378,2
28379,2
28380,2
28381,1
28382,1
28383,2
28384,1
28385,2
28386,2
28387,2
28388,1
28389,2
28390,2
28391,1
28392,2
28393,2
28394,1
28395,2
28396,1
28397,2
28398,1
28399,1
28400,2
28401,2
28402,2
28403,1
28404,2
28405,2
28406,2
28407,2
28408,1
28409,2
28410,2
28411,1
28412,2
28413,2
28414,1
28415,1
28416,1
28417,2
28418,2
28419,2
28420,2
28421,2
28422,2
28423,2
28424,1
28425,1
28426,1
28427,2
28428,1
28429,2
28430,1
28431,1
28432,2
28433,1
28434,1
28435,2
28436,2
28437,2
28438,2
28439,2
28440,1
28441,2
28442,1
28443,2
28444,2
28445,2
28446,2
28447,1
28448,2
28449,1
28450,2
28451,2
28452,1
28453,1
28454,1
28455,2
28456,2
28457,1
28458,2
28459,2
28460,2
28461,2
28462,2
28463,1
28464,1
28465,1
28466,2
28467,1
28468,2
28469,2
28470,2
28471,1
28472,1
28473,2
28474,2
28475,2
28476,2
28477,2
28478,2
28479,2
28480,2
28481,2
28482,2
28483,2
28484,2
28485,1
28486,1
28487,1
28488,1
28489,1
28490,1
28491,1
28492,2
28493,2
28494,2
28495,2
28496,2
28497,2
28498,2
28499,2
28500,2
28501,2
28502,2
28503,1
28504,1
28505,1
28506,1
28507,1
28508,2
28509,2
28510,2
28511,2
28512,2
28513,2
28514,2
28515,1
28516,1
28517,1
28518,1
28519,2
28520,1
28521,1
28522,1
28523,2
28524,1
28525,2
28526,1
28527,2
28528,2
28529,2
28530,2
28531,1
28532,2
28533,2
28534,2
28535,2
28536,2
28537,1
28538,1
28539,1
28540,1
28541,1
28542,2
28543,2
28544,2
28545,2
28546,2
28547,2
28548,2
28549,2
28550,2
28551,2
28552,2
28553,2
28554,2
28555,2
28556,2
28557,1
28558,1
28559,1
28560,2
28561,2
28562,2
28563,2
28564,2
28565,2
28566,1
28567,1
28568,2
28569,2
28570,2
28571,1
28572,2
28573,1
28574,2
28575,2
28576,1
28577,2
28578,2
28579,2
28580,2
28581,2
28582,2
28583,1
28584,2
28585,2
28586,2
28587,2
28588,2
28589,2
28590,1
28591,2
28592,1
28593,2
28594,2
28595,2
28596,2
28597,2
28598,2
28599,2
28600,2
28601,1
28602,2
28603,2
28604,2
28605,2
28606,1
28607,2
28608,2
28609,2
28610,1
28611,2
28612,1
28613,1
28614,1
28615,2
28616,2
28617,2
28618,2
28619,2
28620,1
28621,2
28622,2
28623,2
28624,2
28625,2
28626,2
28627,2
28628,1
28629,1
28630,2
28631,2
28632,2
28633,1
28634,2
28635,2
28636,2
28637,2
28638,2
28639,2
28640,2
28641,2
28642,2
28643,2
28644,1
28645,1
28646,2
28647,1
28648,2
28649,1
28650,2
28651,2
28652,2
28653,2
28654,2
28655,2
28656,2
28657,2
28658,2
28659,2
28660,1
28661,2
28662,2
28663,2
28664,2
28665,2
28666,2
28667,1
28668,2
28669,2
28670,2
28671,1
28672,2
28673,2
28674,2
28675,2
28676,2
28677,2
28678,1
28679,2
28680,2
28681,1
28682,2
28683,2
28684,2
28685,2
28686,2
28687,2
28688,2
28689,1
28690,1
28691,2
28692,1
28693,2
28694,2
28695,1
28696,2
28697,2
28698,1
28699,2
28700,1
28701,2
28702,1
28703,2
28704,2
28705,1
28706,1
28707,1
28708,1
28709,1
28710,1
28711,1
28712,2
28713,1
28714,1
28715,1
28716,2
28717,2
28718,1
28719,1
28720,1
28721,1
28722,2
28723,2
28724,2
28725,2
28726,2
28727,1
28728,1
28729,2
28730,2
28731,2
28732,2
28733,2
28734,2
28735,2
28736,2
28737,1
28738,2
28739,2
28740,2
28741,2
28742,2
28743,2
28744,2
28745,1
28746,2
28747,2
28748,2
28749,1
28750,2
28751,2
28752,1
28753,2
28754,2
28755,2
28756,2
28757,2
28758,2
28759,2
28760,2
28761,2
28762,1
28763,1
28764,2
28765,2
28766,2
28767,2
28768,2
28769,2
28770,1
28771,2
28772,1
28773,2
28774,2
28775,2
28776,2
28777,2
28778,2
28779,2
28780,2
28781,2
28782,2
28783,2
28784,1
28785,2
28786,2
28787,1
28788,2
28789,1
28790,2
28791,2
28792,2
28793,2
28794,2
28795,2
28796,2
28797,2
28798,2
28799,1
28800,1
28801,2
28802,2
28803,1
28804,2
28805,2
28806,2
28807,2
28808,2
28809,2
28810,2
28811,2
28812,2
28813,2
28814,2
28815,2
28816,1
28817,2
28818,2
28819,2
28820,2
28821,1
28822,2
28823,1
28824,2
28825,2
28826,2
28827,1
28828,2
28829,1
28830,2
28831,2
28832,2
28833,1
28834,2
28835,1
28836,2
28837,1
28838,1
28839,2
28840,2
28841,1
28842,2
28843,2
28844,1
28845,2
28846,2
28847,2
28848,2
28849,2
28850,2
28851,2
28852,1
28853,1
28854,2
28855,2
28856,2
28857,2
28858,2
28859,2
28860,2
28861,2
28862,2
28863,2
28864,2
28865,1
28866,1
28867,2
28868,1
28869,2
28870,2
28871,1
28872,1
28873,2
28874,2
28875,2
28876,1
28877,1
28878,2
28879,2
28880,2
28881,2
28882,2
28883,2
28884,2
28885,2
28886,2
28887,2
28888,2
28889,1
28890,1
28891,1
28892,2
28893,1
28894,1
28895,2
28896,2
28897,1
28898,2
28899,2
28900,1
28901,1
28902,1
28903,2
28904,1
28905,1
28906,2
28907,2
28908,1
28909,2
28910,2
28911,2
28912,2
28913,1
28914,2
28915,1
28916,2
28917,2
28918,2
28919,2
28920,2
28921,2
28922,2
28923,2
28924,1
28925,1
28926,1
28927,1
28928,2
28929,2
28930,1
28931,2
28932,2
28933,2
28934,2
28935,1
28936,2
28937,1
28938,2
28939,2
28940,1
28941,2
28942,1
28943,1
28944,2
28945,1
28946,2
28947,1
28948,2
28949,2
28950,1
28951,1
28952,2
28953,1
28954,2
28955,1
28956,1
28957,2
28958,2
28959,1
28960,2
28961,2
28962,2
28963,2
28964,2
28965,2
28966,2
28967,1
28968,2
28969,2
28970,1
28971,2
28972,2
28973,2
28974,1
28975,1
28976,1
28977,2
28978,2
28979,2
28980,2
28981,2
28982,2
28983,2
28984,2
28985,1
28986,2
28987,1
28988,1
28989,1
28990,1
28991,1
28992,2
28993,2
28994,2
28995,2
28996,1
28997,2
28998,2
28999,2
29000,2
29001,2
29002,1
29003,1
29004,2
29005,2
29006,1
29007,2
29008,1
29009,2
29010,2
29011,2
29012,2
29013,2
29014,2
29015,2
29016,2
29017,2
29018,2
29019,2
29020,2
29021,2
29022,2
29023,2
29024,1
29025,1
29026,2
29027,1
29028,2
29029,1
29030,2
29031,2
29032,2
29033,2
29034,2
29035,2
29036,1
29037,2
29038,2
29039,2
29040,2
29041,2
29042,2
29043,2
29044,2
29045,2
29046,2
29047,2
29048,2
29049,1
29050,2
29051,2
29052,2
29053,2
29054,2
29055,2
29056,2
29057,2
29058,2
29059,2
29060,2
29061,2
29062,2
29063,2
29064,2
29065,2
29066,1
29067,1
29068,1
29069,2
29070,2
29071,1
29072,1
29073,1
29074,1
29075,2
29076,2
29077,2
29078,2
29079,2
29080,2
29081,2
29082,1
29083,2
29084,1
29085,2
29086,2
29087,2
29088,1
29089,2
29090,1
29091,2
29092,1
29093,2
29094,2
29095,2
29096,2
29097,2
29098,2
29099,2
29100,1
29101,2
29102,1
29103,2
29104,1
29105,2
29106,2
29107,2
29108,2
29109,2
29110,2
29111,2
29112,2
29113,2
29114,2
29115,1
29116,2
29117,2
29118,2
29119,1
29120,1
29121,1
29122,1
29123,1
29124,2
29125,2
29126,2
29127,2
29128,2
29129,1
29130,2
29131,2
29132,1
29133,2
29134,2
29135,2
29136,2
29137,2
29138,2
29139,1
29140,1
29141,2
29142,2
29143,2
29144,2
29145,1
29146,2
29147,2
29148,1
29149,2
29150,1
29151,1
29152,2
29153,2
29154,1
29155,2
29156,2
29157,2
29158,1
29159,1
29160,2
29161,2
29162,1
29163,2
29164,2
29165,2
29166,2
29167,2
29168,2
29169,2
29170,2
29171,1
29172,1
29173,2
29174,2
29175,2
29176,2
29177,1
29178,2
29179,2
29180,2
29181,2
29182,2
29183,1
29184,2
29185,2
29186,2
29187,2
29188,2
29189,2
29190,2
29191,2
29192,1
29193,1
29194,1
29195,1
29196,2
29197,2
29198,2
29199,2
29200,2
29201,1
29202,2
29203,1
29204,2
29205,1
29206,1
29207,1
29208,2
29209,2
29210,2
29211,1
29212,2
29213,1
29214,1
29215,2
29216,2
29217,1
29218,2
29219,2
29220,2
29221,2
29222,2
29223,1
29224,2
29225,1
29226,1
29227,2
29228,2
29229,1
29230,1
29231,2
29232,1
29233,1
29234,1
29235,1
29236,2
29237,1
29238,2
29239,2
29240,2
29241,2
29242,2
29243,1
29244,2
29245,2
29246,1
29247,2
29248,1
29249,2
29250,2
29251,2
29252,2
29253,2
29254,1
29255,2
29256,2
29257,2
29258,1
29259,1
29260,2
29261,1
29262,2
29263,2
29264,1
29265,2
29266,1
29267,2
29268,1
29269,1
29270,1
29271,2
29272,1
29273,2
29274,2
29275,1
29276,1
29277,2
29278,2
29279,2
29280,2
29281,2
29282,2
29283,1
29284,2
29285,2
29286,2
29287,1
29288,2
29289,2
29290,1
29291,2
29292,1
29293,2
29294,2
29295,2
29296,2
29297,2
29298,2
29299,1
29300,2
29301,2
29302,2
29303,2
29304,2
29305,2
29306,2
29307,2
29308,2
29309,2
29310,2
29311,1
29312,2
29313,2
29314,2
29315,2
29316,1
29317,2
29318,1
29319,2
29320,2
29321,2
29322,2
29323,2
29324,2
29325,2
29326,2
29327,1
29328,2
29329,2
29330,2
29331,2
29332,2
29333,2
29334,2
29335,2
29336,1
29337,2
29338,2
29339,2
29340,2
29341,2
29342,1
29343,2
29344,2
29345,2
29346,1
29347,1
29348,2
29349,2
29350,1
29351,2
29352,1
29353,1
29354,2
29355,2
29356,2
29357,1
29358,2
29359,2
29360,2
29361,2
29362,2
29363,2
29364,2
29365,2
29366,2
29367,2
29368,2
29369,1
29370,2
29371,1
29372,1
29373,2
29374,2
29375,2
29376,2
29377,2
29378,1
29379,1
29380,2
29381,1
29382,2
29383,2
29384,2
29385,2
29386,1
29387,2
29388,2
29389,2
29390,2
29391,2
29392,2
29393,2
29394,2
29395,1
29396,2
29397,2
29398,2
29399,2
29400,2
29401,2
29402,1
29403,2
29404,1
29405,1
29406,2
29407,1
29408,2
29409,2
29410,2
29411,2
29412,2
29413,1
29414,1
29415,1
29416,2
29417,2
29418,2
29419,2
29420,2
29421,2
29422,2
29423,2
29424,2
29425,2
29426,2
29427,2
29428,2
29429,2
29430,1
29431,2
29432,2
29433,2
29434,2
29435,2
29436,2
29437,2
29438,2
29439,2
29440,2
29441,1
29442,2
29443,2
29444,2
29445,2
29446,2
29447,2
29448,2
29449,2
29450,2
29451,2
29452,1
29453,1
29454,2
29455,2
29456,1
29457,1
29458,2
29459,2
29460,1
29461,2
29462,2
29463,2
29464,2
29465,2
29466,1
29467,2
29468,2
29469,1
29470,2
29471,1
29472,2
29473,1
29474,2
29475,2
29476,1
29477,2
29478,2
29479,2
29480,2
29481,2
29482,2
29483,2
29484,1
29485,2
29486,2
29487,2
29488,2
29489,2
29490,2
29491,2
29492,2
29493,1
29494,2
29495,1
29496,2
29497,2
29498,2
29499,2
29500,2
29501,2
29502,2
29503,2
29504,1
29505,2
29506,2
29507,2
29508,2
29509,2
29510,2
29511,2
29512,2
29513,1
29514,2
29515,2
29516,1
29517,2
29518,2
29519,2
29520,1
29521,1
29522,1
29523,2
29524,1
29525,2
29526,2
29527,2
29528,2
29529,1
29530,1
29531,2
29532,1
29533,1
29534,2
29535,1
29536,1
29537,1
29538,2
29539,2
29540,2
29541,2
29542,2
29543,2
29544,2
29545,2
29546,1
29547,2
29548,1
29549,2
29550,1
29551,2
29552,1
29553,2
29554,2
29555,2
29556,2
29557,2
29558,1
29559,2
29560,2
29561,1
29562,2
29563,1
29564,1
29565,2
29566,1
29567,2
29568,1
29569,1
29570,1
29571,2
29572,2
29573,2
29574,2
29575,2
29576,1
29577,2
29578,2
29579,1
29580,2
29581,2
29582,2
29583,2
29584,2
29585,2
29586,2
29587,2
29588,1
29589,2
29590,2
29591,2
29592,2
29593,2
29594,1
29595,2
29596,2
29597,1
29598,1
29599,1
29600,2
29601,2
29602,2
29603,1
29604,2
29605,2
29606,1
29607,2
29608,2
29609,2
29610,2
29611,2
29612,1
29613,2
29614,2
29615,2
29616,2
29617,2
29618,2
29619,1
29620,2
29621,2
29622,2
29623,1
29624,2
29625,2
29626,2
29627,2
29628,1
29629,1
29630,2
29631,2
29632,2
29633,2
29634,2
29635,2
29636,2
29637,2
29638,2
29639,2
29640,1
29641,1
29642,2
29643,2
29644,2
29645,2
29646,1
29647,2
29648,2
29649,2
29650,1
29651,2
29652,2
29653,1
29654,1
29655,2
29656,2
29657,2
29658,2
29659,2
29660,1
29661,1
29662,2
29663,2
29664,2
29665,2
29666,2
29667,2
29668,2
29669,1
29670,1
29671,1
29672,2
29673,1
29674,2
29675,2
29676,1
29677,1
29678,2
29679,2
29680,2
29681,2
29682,2
29683,2
29684,2
29685,2
29686,2
29687,1
29688,2
29689,2
29690,2
29691,1
29692,2
29693,1
29694,1
29695,1
29696,1
29697,2
29698,2
29699,2
29700,2
29701,1
29702,2
29703,2
29704,2
29705,2
29706,2
29707,1
29708,1
29709,2
29710,1
29711,1
29712,1
29713,2
29714,2
29715,2
29716,2
29717,1
29718,2
29719,2
29720,2
29721,1
29722,1
29723,2
29724,2
29725,1
29726,1
29727,2
29728,2
29729,2
29730,2
29731,2
29732,1
29733,2
29734,1
29735,2
29736,2
29737,1
29738,1
29739,1
29740,2
29741,2
29742,1
29743,2
29744,2
29745,1
29746,2
29747,1
29748,2
29749,1
29750,2
29751,2
29752,1
29753,1
29754,1
29755,2
29756,2
29757,2
29758,2
29759,2
29760,1
29761,2
29762,2
29763,1
29764,2
29765,2
29766,2
29767,2
29768,2
29769,2
29770,1
29771,2
29772,2
29773,1
29774,1
29775,1
29776,2
29777,1
29778,2
29779,1
29780,2
29781,2
29782,2
29783,1
29784,2
29785,2
29786,2
29787,2
29788,2
29789,1
29790,1
29791,1
29792,2
29793,1
29794,1
29795,1
29796,2
29797,1
29798,2
29799,1
29800,2
29801,2
29802,2
29803,2
29804,2
29805,2
29806,2
29807,2
29808,2
29809,2
29810,2
29811,1
29812,2
29813,2
29814,1
29815,1
29816,2
29817,2
29818,2
29819,1
29820,2
29821,1
29822,2
29823,1
29824,2
29825,2
29826,2
29827,2
29828,2
29829,2
29830,2
29831,2
29832,1
29833,1
29834,1
29835,2
29836,2
29837,1
29838,2
29839,2
29840,1
29841,2
29842,2
29843,2
29844,2
29845,2
29846,2
29847,1
29848,1
29849,1
29850,1
29851,1
29852,1
29853,1
29854,2
29855,1
29856,2
29857,1
29858,1
29859,2
29860,2
29861,1
29862,2
29863,2
29864,2
29865,2
29866,2
29867,2
29868,2
29869,2
29870,2
29871,1
29872,2
29873,2
29874,2
29875,2
29876,2
29877,2
29878,2
29879,2
29880,2
29881,2
29882,2
29883,2
29884,2
29885,2
29886,2
29887,1
29888,2
29889,1
29890,2
29891,2
29892,1
29893,2
29894,2
29895,2
29896,2
29897,2
29898,2
29899,1
29900,1
29901,1
29902,1
29903,1
29904,2
29905,2
29906,2
29907,2
29908,2
29909,1
29910,2
29911,2
29912,2
29913,2
29914,2
29915,1
29916,1
29917,2
29918,2
29919,1
29920,1
29921,2
29922,2
29923,2
29924,2
29925,2
29926,2
29927,2
29928,2
29929,1
29930,2
29931,2
29932,1
29933,1
29934,2
29935,2
29936,2
29937,2
29938,2
29939,1
29940,2
29941,1
29942,2
29943,1
29944,1
29945,1
29946,2
29947,1
29948,1
29949,1
29950,1
29951,1
29952,1
29953,1
29954,2
29955,2
29956,1
29957,1
29958,2
29959,2
29960,1
29961,2
29962,1
29963,1
29964,2
29965,2
29966,2
29967,2
29968,1
29969,1
29970,2
29971,1
29972,1
29973,1
29974,1
29975,1
29976,1
29977,2
29978,1
29979,1
29980,2
29981,2
29982,2
29983,2
29984,2
29985,1
29986,1
29987,2
29988,1
29989,1
29990,1
29991,1
29992,2
29993,1
29994,1
29995,1
29996,2
29997,1
29998,2
29999,1
30000,1
30001,2
30002,1
30003,2
30004,2
30005,2
30006,2
30007,2
30008,1
30009,2
30010,2
30011,1
30012,2
30013,2
30014,2
30015,1
30016,1
30017,1
30018,1
30019,1
30020,1
30021,1
30022,1
30023,2
30024,1
30025,1
30026,1
30027,1
30028,1
30029,1
30030,1
30031,2
30032,2
30033,1
30034,2
30035,2
30036,1
30037,2
30038,2
30039,1
30040,2
30041,1
30042,1
30043,2
30044,1
30045,1
30046,1
30047,1
30048,1
30049,1
30050,1
30051,2
30052,2
30053,2
30054,2
30055,1
30056,2
30057,1
30058,1
30059,2
30060,2
30061,2
30062,1
30063,2
30064,2
30065,2
30066,2
30067,1
30068,1
30069,1
30070,2
30071,2
30072,1
30073,2
30074,1
30075,1
30076,1
30077,1
30078,2
30079,2
30080,1
30081,1
30082,1
30083,2
30084,2
30085,2
30086,1
30087,1
30088,1
30089,1
30090,1
30091,1
30092,1
30093,1
30094,2
30095,2
30096,2
30097,2
30098,1
30099,2
30100,2
30101,2
30102,1
30103,2
30104,1
30105,2
30106,1
30107,1
30108,2
30109,2
30110,1
30111,2
30112,1
30113,2
30114,2
30115,1
30116,1
30117,1
30118,1
30119,1
30120,1
30121,1
30122,2
30123,1
30124,2
30125,1
30126,2
30127,2
30128,2
30129,2
30130,2
30131,2
30132,2
30133,2
30134,2
30135,2
30136,2
30137,2
30138,1
30139,2
30140,2
30141,2
30142,1
30143,2
30144,2
30145,2
30146,1
30147,2
30148,1
30149,2
30150,1
30151,1
30152,1
30153,1
30154,2
30155,2
30156,2
30157,2
30158,1
30159,1
30160,1
30161,2
30162,1
30163,1
30164,1
30165,2
30166,2
30167,1
30168,2
30169,2
30170,1
30171,1
30172,1
30173,1
30174,1
30175,1
30176,1
30177,1
30178,2
30179,1
30180,1
30181,1
30182,1
30183,1
30184,2
30185,1
30186,1
30187,1
30188,2
30189,1
30190,2
30191,1
30192,1
30193,1
30194,1
30195,2
30196,1
30197,1
30198,1
30199,1
30200,1
30201,1
30202,2
30203,1
30204,1
30205,1
30206,1
30207,2
30208,1
30209,1
30210,1
30211,2
30212,1
30213,2
30214,2
30215,2
30216,1
30217,1
30218,1
30219,2
30220,2
30221,1
30222,1
30223,1
30224,2
30225,2
30226,1
30227,1
30228,2
30229,2
30230,2
30231,2
30232,2
30233,2
30234,2
30235,1
30236,2
30237,1
30238,2
30239,1
30240,1
30241,1
30242,2
30243,2
30244,2
30245,2
30246,2
30247,2
30248,2
30249,1
30250,1
30251,2
30252,1
30253,2
30254,1
30255,1
30256,2
30257,1
30258,2
30259,2
30260,1
30261,2
30262,2
30263,2
30264,1
30265,2
30266,2
30267,2
30268,1
30269,1
30270,1
30271,1
30272,1
30273,2
30274,1
30275,1
30276,1
30277,2
30278,1
30279,1
30280,2
30281,2
30282,2
30283,1
30284,2
30285,1
30286,2
30287,1
30288,2
30289,2
30290,1
30291,1
30292,2
30293,1
30294,1
30295,1
30296,1
30297,2
30298,2
30299,1
30300,1
30301,1
30302,1
30303,1
30304,1
30305,1
30306,1
30307,2
30308,2
30309,2
30310,2
30311,2
30312,2
30313,2
30314,2
30315,1
30316,1
30317,2
30318,1
30319,2
30320,1
30321,2
30322,1
30323,2
30324,2
30325,2
30326,2
30327,1
30328,1
30329,1
30330,1
30331,1
30332,2
30333,1
30334,1
30335,1
30336,1
30337,2
30338,1
30339,1
30340,1
30341,1
30342,1
30343,2
30344,1
30345,1
30346,1
30347,1
30348,2
30349,2
30350,2
30351,1
30352,2
30353,2
30354,1
30355,2
30356,1
30357,1
30358,2
30359,1
30360,2
30361,1
30362,2
30363,2
30364,1
30365,2
30366,2
30367,1
30368,1
30369,1
30370,1
30371,2
30372,1
30373,1
30374,1
30375,1
30376,1
30377,2
30378,2
30379,2
30380,2
30381,2
30382,2
30383,2
30384,1
30385,1
30386,2
30387,1
30388,2
30389,1
30390,2
30391,1
30392,1
30393,2
30394,2
30395,2
30396,1
30397,1
30398,1
30399,2
30400,2
30401,1
30402,1
30403,2
30404,2
30405,1
30406,2
30407,2
30408,2
30409,1
30410,1
30411,2
30412,2
30413,2
30414,2
30415,2
30416,2
30417,2
30418,2
30419,1
30420,2
30421,2
30422,1
30423,1
30424,1
30425,1
30426,2
30427,1
30428,2
30429,1
30430,1
30431,2
30432,1
30433,1
30434,1
30435,1
30436,1
30437,2
30438,1
30439,2
30440,2
30441,2
30442,2
30443,1
30444,1
30445,2
30446,1
30447,1
30448,1
30449,2
30450,1
30451,1
30452,1
30453,2
30454,1
30455,1
30456,1
30457,1
30458,1
30459,1
30460,2
30461,1
30462,1
30463,2
30464,1
30465,2
30466,2
30467,2
30468,1
30469,1
30470,2
30471,1
30472,1
30473,1
30474,2
30475,1
30476,1
30477,1
30478,1
30479,2
30480,1
30481,1
30482,1
30483,1
30484,1
30485,2
30486,2
30487,2
30488,2
30489,1
30490,2
30491,2
30492,2
30493,2
30494,1
30495,2
30496,1
30497,1
30498,2
30499,1
30500,2
30501,1
30502,1
30503,1
30504,2
30505,1
30506,2
30507,2
30508,2
30509,2
30510,1
30511,1
30512,1
30513,2
30514,2
30515,1
30516,2
30517,1
30518,1
30519,1
30520,1
30521,2
30522,2
30523,1
30524,1
30525,1
30526,1
30527,2
30528,2
30529,2
30530,2
30531,2
30532,1
30533,2
30534,1
30535,1
30536,1
30537,1
30538,2
30539,1
30540,2
30541,2
30542,1
30543,1
30544,1
30545,1
30546,1
30547,2
30548,2
30549,2
30550,2
30551,2
30552,2
30553,2
30554,2
30555,1
30556,2
30557,1
30558,1
30559,1
30560,2
30561,2
30562,1
30563,1
30564,1
30565,1
30566,1
30567,1
30568,2
30569,1
30570,1
30571,1
30572,2
30573,1
30574,2
30575,1
30576,1
30577,2
30578,1
30579,2
30580,1
30581,2
30582,2
30583,1
30584,2
30585,1
30586,1
30587,1
30588,1
30589,1
30590,2
30591,1
30592,2
30593,2
30594,1
30595,2
30596,1
30597,2
30598,2
30599,1
30600,2
30601,2
30602,1
30603,1
30604,1
30605,2
30606,1
30607,2
30608,2
30609,1
30610,1
30611,2
30612,2
30613,2
30614,1
30615,1
30616,2
30617,1
30618,1
30619,2
30620,1
30621,2
30622,1
30623,2
30624,2
30625,2
30626,2
30627,1
30628,1
30629,1
30630,1
30631,1
30632,1
30633,2
30634,1
30635,2
30636,2
30637,1
30638,2
30639,2
30640,1
30641,1
30642,1
30643,2
30644,1
30645,2
30646,2
30647,2
30648,2
30649,1
30650,1
30651,1
30652,2
30653,1
30654,1
30655,2
30656,1
30657,1
30658,2
30659,1
30660,1
30661,2
30662,1
30663,1
30664,1
30665,1
30666,1
30667,2
30668,1
30669,1
30670,2
30671,2
30672,1
30673,1
30674,2
30675,1
30676,1
30677,2
30678,2
30679,1
30680,1
30681,1
30682,1
30683,2
30684,1
30685,2
30686,2
30687,1
30688,2
30689,1
30690,2
30691,1
30692,1
30693,1
30694,2
30695,1
30696,1
30697,1
30698,2
30699,2
30700,2
30701,1
30702,2
30703,2
30704,2
30705,2
30706,2
30707,2
30708,2
30709,1
30710,1
30711,2
30712,2
30713,1
30714,1
30715,2
30716,1
30717,2
30718,1
30719,2
30720,2
30721,2
30722,2
30723,2
30724,1
30725,2
30726,2
30727,2
30728,2
30729,1
30730,1
30731,2
30732,1
30733,2
30734,1
30735,1
30736,1
30737,1
30738,2
30739,2
30740,1
30741,1
30742,1
30743,1
30744,1
30745,1
30746,1
30747,1
30748,2
30749,1
30750,1
30751,1
30752,2
30753,1
30754,2
30755,1
30756,1
30757,2
30758,1
30759,1
30760,2
30761,2
30762,1
30763,1
30764,1
30765,2
30766,2
30767,2
30768,1
30769,1
30770,1
30771,2
30772,1
30773,2
30774,2
30775,2
30776,2
30777,1
30778,2
30779,1
30780,1
30781,1
30782,1
30783,1
30784,2
30785,2
30786,1
30787,1
30788,1
30789,2
30790,1
30791,1
30792,1
30793,2
30794,2
30795,2
30796,2
30797,2
30798,2
30799,1
30800,2
30801,1
30802,2
30803,1
30804,2
30805,1
30806,2
30807,2
30808,2
30809,2
30810,1
30811,2
30812,2
30813,1
30814,1
30815,1
30816,1
30817,2
30818,2
30819,2
30820,2
30821,1
30822,1
30823,1
30824,1
30825,2
30826,1
30827,2
30828,1
30829,1
30830,2
30831,2
30832,1
30833,1
30834,1
30835,1
30836,1
30837,2
30838,1
30839,1
30840,2
30841,2
30842,1
30843,2
30844,2
30845,1
30846,1
30847,2
30848,2
30849,2
30850,1
30851,2
30852,1
30853,2
30854,1
30855,1
30856,1
30857,1
30858,1
30859,2
30860,2
30861,1
30862,2
30863,1
30864,1
30865,1
30866,1
30867,1
30868,2
30869,2
30870,1
30871,2
30872,1
30873,2
30874,1
30875,2
30876,2
30877,1
30878,2
30879,1
30880,2
30881,1
30882,1
30883,1
30884,2
30885,1
30886,2
30887,1
30888,1
30889,2
30890,1
30891,2
30892,2
30893,2
30894,2
30895,2
30896,2
30897,2
30898,2
30899,2
30900,2
30901,2
30902,2
30903,1
30904,1
30905,2
30906,1
30907,2
30908,2
30909,1
30910,1
30911,1
30912,2
30913,1
30914,2
30915,2
30916,1
30917,2
30918,2
30919,1
30920,1
30921,2
30922,1
30923,2
30924,1
30925,1
30926,2
30927,2
30928,2
30929,1
30930,1
30931,1
30932,1
30933,1
30934,1
30935,2
30936,2
30937,2
30938,2
30939,1
30940,2
30941,1
30942,2
30943,2
30944,1
30945,2
30946,1
30947,1
30948,1
30949,2
30950,2
30951,2
30952,2
30953,2
30954,2
30955,1
30956,2
30957,1
30958,1
30959,2
30960,1
30961,2
30962,1
30963,2
30964,2
30965,2
30966,1
30967,2
30968,2
30969,1
30970,1
30971,2
30972,2
30973,1
30974,1
30975,1
30976,2
30977,2
30978,1
30979,2
30980,2
30981,1
30982,1
30983,2
30984,2
30985,1
30986,1
30987,1
30988,2
30989,2
30990,1
30991,2
30992,2
30993,1
30994,2
30995,1
30996,1
30997,2
30998,2
30999,2
31000,2
31001,1
31002,2
31003,1
31004,2
31005,2
31006,1
31007,2
31008,2
31009,2
31010,1
31011,2
31012,1
31013,1
31014,2
31015,2
31016,2
31017,1
31018,1
31019,2
31020,2
31021,1
31022,2
31023,2
31024,2
31025,2
31026,1
31027,2
31028,2
31029,1
31030,1
31031,2
31032,1
31033,1
31034,2
31035,2
31036,1
31037,2
31038,2
31039,2
31040,1
31041,2
31042,2
31043,2
31044,2
31045,1
31046,1
31047,1
31048,1
31049,1
31050,2
31051,2
31052,2
31053,1
31054,1
31055,1
31056,1
31057,1
31058,2
31059,2
31060,2
31061,1
31062,1
31063,2
31064,1
31065,1
31066,1
31067,2
31068,2
31069,2
31070,1
31071,2
31072,2
31073,2
31074,2
31075,2
31076,1
31077,2
31078,2
31079,2
31080,1
31081,2
31082,1
31083,2
31084,2
31085,2
31086,1
31087,1
31088,1
31089,2
31090,1
31091,1
31092,2
31093,2
31094,2
31095,2
31096,1
31097,1
31098,1
31099,2
31100,1
31101,1
31102,2
31103,2
31104,2
31105,1
31106,1
31107,2
31108,1
31109,2
31110,2
31111,1
31112,1
31113,2
31114,2
31115,2
31116,1
31117,2
31118,2
31119,2
31120,2
31121,2
31122,1
31123,2
31124,1
31125,1
31126,2
31127,2
31128,1
31129,1
31130,2
31131,1
31132,1
31133,1
31134,1
31135,1
31136,1
31137,1
31138,2
31139,2
31140,1
31141,1
31142,1
31143,1
31144,1
31145,2
31146,2
31147,2
31148,1
31149,2
31150,2
31151,2
31152,1
31153,1
31154,1
31155,1
31156,1
31157,2
31158,2
31159,2
31160,1
31161,1
31162,1
31163,2
31164,1
31165,1
31166,1
31167,2
31168,1
31169,1
31170,2
31171,1
31172,2
31173,2
31174,2
31175,1
31176,2
31177,1
31178,2
31179,1
31180,1
31181,1
31182,1
31183,2
31184,1
31185,1
31186,1
31187,2
31188,2
31189,1
31190,2
31191,2
31192,1
31193,2
31194,1
31195,2
31196,2
31197,2
31198,1
31199,1
31200,1
31201,2
31202,2
31203,1
31204,1
31205,2
31206,2
31207,1
31208,1
31209,2
31210,1
31211,2
31212,1
31213,2
31214,2
31215,2
31216,1
31217,1
31218,2
31219,2
31220,1
31221,2
31222,1
31223,1
31224,2
31225,1
31226,2
31227,2
31228,1
31229,2
31230,1
31231,2
31232,2
31233,1
31234,1
31235,2
31236,1
31237,2
31238,1
31239,1
31240,1
31241,2
31242,2
31243,2
31244,1
31245,2
31246,2
31247,2
31248,1
31249,1
31250,1
31251,1
31252,1
31253,1
31254,2
31255,1
31256,1
31257,2
31258,1
31259,2
31260,1
31261,1
31262,2
31263,2
31264,2
31265,2
31266,2
31267,2
31268,1
31269,2
31270,2
31271,1
31272,2
31273,1
31274,2
31275,2
31276,1
31277,1
31278,1
31279,2
31280,2
31281,2
31282,2
31283,2
31284,1
31285,1
31286,2
31287,2
31288,1
31289,1
31290,2
31291,1
31292,1
31293,1
31294,1
31295,2
31296,2
31297,1
31298,2
31299,2
31300,1
31301,2
31302,2
31303,2
31304,2
31305,2
31306,2
31307,2
31308,1
31309,1
31310,2
31311,1
31312,2
31313,1
31314,1
31315,2
31316,2
31317,2
31318,2
31319,2
31320,2
31321,2
31322,2
31323,1
31324,1
31325,2
31326,2
31327,1
31328,1
31329,1
31330,2
31331,2
31332,2
31333,2
31334,2
31335,1
31336,2
31337,1
31338,2
31339,1
31340,1
31341,1
31342,2
31343,1
31344,1
31345,2
31346,2
31347,1
31348,2
31349,2
31350,2
31351,1
31352,2
31353,2
31354,2
31355,2
31356,2
31357,2
31358,2
31359,1
31360,2
31361,1
31362,2
31363,2
31364,1
31365,2
31366,1
31367,2
31368,2
31369,1
31370,2
31371,2
31372,1
31373,1
31374,1
31375,1
31376,2
31377,1
31378,2
31379,2
31380,2
31381,2
31382,1
31383,2
31384,1
31385,1
31386,1
31387,1
31388,1
31389,2
31390,2
31391,2
31392,1
31393,1
31394,2
31395,2
31396,2
31397,2
31398,1
31399,2
31400,2
31401,1
31402,1
31403,2
31404,1
31405,1
31406,1
31407,2
31408,1
31409,2
31410,2
31411,2
31412,2
31413,2
31414,1
31415,1
31416,2
31417,2
31418,2
31419,2
31420,2
31421,1
31422,2
31423,2
31424,2
31425,1
31426,2
31427,1
31428,1
31429,1
31430,2
31431,1
31432,2
31433,1
31434,1
31435,2
31436,2
31437,2
31438,2
31439,1
31440,1
31441,2
31442,1
31443,1
31444,2
31445,1
31446,1
31447,2
31448,2
31449,2
31450,2
31451,1
31452,2
31453,1
31454,2
31455,1
31456,1
31457,2
31458,1
31459,1
31460,2
31461,2
31462,2
31463,2
31464,2
31465,2
31466,1
31467,2
31468,2
31469,1
31470,2
31471,1
31472,2
31473,2
31474,1
31475,1
31476,1
31477,1
31478,2
31479,2
31480,2
31481,2
31482,2
31483,2
31484,1
31485,1
31486,1
31487,2
31488,1
31489,1
31490,1
31491,2
31492,2
31493,2
31494,1
31495,1
31496,1
31497,1
31498,1
31499,1
31500,1
31501,1
31502,1
31503,2
31504,1
31505,2
31506,2
31507,1
31508,2
31509,2
31510,2
31511,1
31512,2
31513,2
31514,2
31515,2
31516,2
31517,2
31518,1
31519,1
31520,2
31521,1
31522,1
31523,2
31524,1
31525,1
31526,1
31527,1
31528,2
31529,2
31530,1
31531,1
31532,1
31533,2
31534,1
31535,2
31536,1
31537,2
31538,2
31539,2
31540,1
31541,1
31542,1
31543,1
31544,1
31545,1
31546,1
31547,1
31548,2
31549,2
31550,1
31551,1
31552,1
31553,1
31554,1
31555,1
31556,2
31557,1
31558,2
31559,2
31560,1
31561,1
31562,1
31563,2
31564,1
31565,2
31566,1
31567,2
31568,1
31569,1
31570,2
31571,2
31572,1
31573,2
31574,1
31575,2
31576,2
31577,2
31578,1
31579,2
31580,2
31581,1
31582,2
31583,2
31584,2
31585,2
31586,2
31587,2
31588,2
31589,1
31590,2
31591,1
31592,1
31593,1
31594,2
31595,2
31596,1
31597,1
31598,1
31599,2
31600,2
31601,1
31602,1
31603,2
31604,2
31605,2
31606,2
31607,1
31608,2
31609,2
31610,1
31611,1
31612,1
31613,1
31614,2
31615,2
31616,2
31617,1
31618,1
31619,2
31620,1
31621,2
31622,1
31623,1
31624,1
31625,1
31626,1
31627,2
31628,2
31629,2
31630,2
31631,2
31632,1
31633,2
31634,1
31635,2
31636,2
31637,2
31638,1
31639,1
31640,1
31641,2
31642,1
31643,1
31644,1
31645,1
31646,1
31647,2
31648,2
31649,2
31650,2
31651,2
31652,1
31653,1
31654,2
31655,2
31656,2
31657,1
31658,2
31659,2
31660,2
31661,1
31662,2
31663,2
31664,1
31665,1
31666,2
31667,2
31668,2
31669,2
31670,2
31671,1
31672,1
31673,1
31674,2
31675,1
31676,1
31677,1
31678,1
31679,1
31680,2
31681,1
31682,1
31683,2
31684,1
31685,1
31686,1
31687,1
31688,2
31689,1
31690,1
31691,2
31692,1
31693,1
31694,1
31695,2
31696,2
31697,2
31698,1
31699,1
31700,2
31701,1
31702,2
31703,1
31704,1
31705,2
31706,1
31707,2
31708,1
31709,2
31710,1
31711,1
31712,1
31713,2
31714,1
31715,2
31716,2
31717,2
31718,1
31719,1
31720,1
31721,2
31722,2
31723,1
31724,2
31725,2
31726,2
31727,1
31728,2
31729,1
31730,2
31731,2
31732,2
31733,1
31734,2
31735,1
31736,1
31737,1
31738,2
31739,2
31740,1
31741,2
31742,1
31743,1
31744,1
31745,1
31746,1
31747,2
31748,2
31749,1
31750,2
31751,1
31752,1
31753,1
31754,1
31755,1
31756,2
31757,2
31758,1
31759,2
31760,1
31761,1
31762,1
31763,2
31764,2
31765,2
31766,2
31767,2
31768,2
31769,2
31770,1
31771,1
31772,1
31773,2
31774,2
31775,1
31776,1
31777,1
31778,1
31779,2
31780,2
31781,1
31782,1
31783,1
31784,1
31785,1
31786,1
31787,2
31788,1
31789,2
31790,2
31791,1
31792,1
31793,1
31794,2
31795,1
31796,2
31797,2
31798,2
31799,1
31800,1
31801,1
31802,1
31803,2
31804,2
31805,1
31806,2
31807,1
31808,2
31809,1
31810,1
31811,2
31812,1
31813,1
31814,1
31815,2
31816,2
31817,2
31818,2
31819,1
31820,1
31821,2
31822,2
31823,2
31824,1
31825,1
31826,2
31827,1
31828,2
31829,1
31830,1
31831,1
31832,2
31833,1
31834,2
31835,1
31836,1
31837,2
31838,1
31839,2
31840,1
31841,2
31842,2
31843,2
31844,2
31845,2
31846,2
31847,1
31848,2
31849,2
31850,2
31851,1
31852,1
31853,2
31854,1
31855,1
31856,1
31857,2
31858,1
31859,1
31860,1
31861,1
31862,1
31863,2
31864,1
31865,1
31866,2
31867,2
31868,1
31869,1
31870,1
31871,2
31872,2
31873,1
31874,2
31875,2
31876,2
31877,2
31878,2
31879,1
31880,2
31881,2
31882,1
31883,2
31884,2
31885,1
31886,1
31887,2
31888,1
31889,2
31890,2
31891,1
31892,2
31893,1
31894,2
31895,1
31896,2
31897,2
31898,2
31899,1
31900,1
31901,1
31902,2
31903,2
31904,2
31905,2
31906,1
31907,1
31908,2
31909,2
31910,2
31911,2
31912,2
31913,2
31914,2
31915,1
31916,1
31917,2
31918,1
31919,2
31920,1
31921,1
31922,2
31923,2
31924,2
31925,1
31926,2
31927,1
31928,1
31929,2
31930,2
31931,1
31932,1
31933,1
31934,1
31935,1
31936,2
31937,2
31938,1
31939,1
31940,2
31941,2
31942,1
31943,1
31944,1
31945,1
31946,2
31947,1
31948,1
31949,1
31950,2
31951,2
31952,2
31953,1
31954,1
31955,1
31956,2
31957,2
31958,2
31959,1
31960,1
31961,1
31962,1
31963,1
31964,2
31965,2
31966,2
31967,1
31968,2
31969,2
31970,1
31971,1
31972,1
31973,2
31974,1
31975,2
31976,2
31977,1
31978,1
31979,2
31980,1
31981,1
31982,1
31983,1
31984,2
31985,2
31986,1
31987,1
31988,1
31989,2
31990,2
31991,2
31992,1
31993,2
31994,2
31995,1
31996,1
31997,1
31998,1
31999,2
32000,1
32001,2
32002,1
32003,2
32004,1
32005,1
32006,2
32007,1
32008,1
32009,2
32010,1
32011,1
32012,1
32013,2
32014,2
32015,2
32016,2
32017,2
32018,1
32019,2
32020,1
32021,1
32022,2
32023,2
32024,2
32025,1
32026,2
32027,1
32028,1
32029,1
32030,1
32031,1
32032,2
32033,1
32034,1
32035,1
32036,2
32037,2
32038,1
32039,2
32040,1
32041,1
32042,1
32043,1
32044,2
32045,2
32046,2
32047,2
32048,2
32049,1
32050,2
32051,2
32052,2
32053,1
32054,2
32055,2
32056,2
32057,2
32058,1
32059,1
32060,1
32061,1
32062,1
32063,2
32064,2
32065,1
32066,2
32067,2
32068,1
32069,2
32070,1
32071,2
32072,2
32073,2
32074,2
32075,1
32076,1
32077,1
32078,2
32079,2
32080,1
32081,2
32082,1
32083,2
32084,1
32085,1
32086,2
32087,1
32088,1
32089,1
32090,1
32091,1
32092,2
32093,1
32094,1
32095,1
32096,2
32097,1
32098,2
32099,2
32100,1
32101,1
32102,2
32103,1
32104,2
32105,1
32106,1
32107,2
32108,1
32109,2
32110,1
32111,1
32112,2
32113,1
32114,2
32115,2
32116,2
32117,2
32118,2
32119,1
32120,2
32121,2
32122,1
32123,1
32124,2
32125,2
32126,2
32127,2
32128,2
32129,2
32130,2
32131,2
32132,1
32133,2
32134,1
32135,1
32136,2
32137,1
32138,2
32139,1
32140,1
32141,1
32142,1
32143,2
32144,1
32145,1
32146,1
32147,1
32148,2
32149,2
32150,2
32151,2
32152,1
32153,1
32154,2
32155,2
32156,1
32157,1
32158,1
32159,1
32160,2
32161,2
32162,1
32163,1
32164,1
32165,1
32166,2
32167,2
32168,1
32169,1
32170,2
32171,1
32172,2
32173,1
32174,2
32175,1
32176,2
32177,2
32178,2
32179,1
32180,1
32181,2
32182,2
32183,1
32184,1
32185,1
32186,1
32187,1
32188,1
32189,2
32190,1
32191,1
32192,1
32193,2
32194,2
32195,2
32196,1
32197,1
32198,1
32199,1
32200,1
32201,1
32202,2
32203,1
32204,1
32205,2
32206,1
32207,2
32208,1
32209,2
32210,1
32211,1
32212,1
32213,2
32214,1
32215,1
32216,1
32217,2
32218,1
32219,1
32220,1
32221,1
32222,2
32223,1
32224,1
32225,1
32226,2
32227,1
32228,2
32229,2
32230,2
32231,1
32232,1
32233,2
32234,2
32235,1
32236,2
32237,2
32238,1
32239,2
32240,2
32241,1
32242,1
32243,1
32244,2
32245,2
32246,1
32247,1
32248,2
32249,2
32250,2
32251,2
32252,2
32253,1
32254,2
32255,1
32256,2
32257,2
32258,1
32259,2
32260,1
32261,2
32262,1
32263,1
32264,1
32265,1
32266,2
32267,2
32268,1
32269,1
32270,2
32271,1
32272,1
32273,1
32274,2
32275,2
32276,2
32277,2
32278,2
32279,2
32280,2
32281,2
32282,1
32283,1
32284,2
32285,2
32286,2
32287,1
32288,2
32289,1
32290,1
32291,1
32292,2
32293,2
32294,1
32295,1
32296,2
32297,1
32298,2
32299,2
32300,2
32301,1
32302,2
32303,1
32304,2
32305,1
32306,1
32307,1
32308,1
32309,1
32310,1
32311,2
32312,1
32313,2
32314,2
32315,2
32316,1
32317,2
32318,1
32319,2
32320,2
32321,2
32322,1
32323,1
32324,2
32325,2
32326,2
32327,1
32328,1
32329,1
32330,2
32331,2
32332,1
32333,1
32334,1
32335,1
32336,1
32337,1
32338,1
32339,1
32340,1
32341,2
32342,2
32343,2
32344,1
32345,1
32346,1
32347,2
32348,1
32349,2
32350,2
32351,1
32352,1
32353,2
32354,2
32355,2
32356,1
32357,2
32358,2
32359,1
32360,1
32361,2
32362,1
32363,2
32364,2
32365,2
32366,2
32367,2
32368,2
32369,1
32370,2
32371,2
32372,1
32373,1
32374,1
32375,1
32376,2
32377,2
32378,2
32379,1
32380,1
32381,2
32382,2
32383,2
32384,2
32385,1
32386,2
32387,1
32388,2
32389,2
32390,2
32391,1
32392,2
32393,2
32394,1
32395,2
32396,1
32397,1
32398,2
32399,1
32400,1
32401,2
32402,1
32403,2
32404,1
32405,2
32406,2
32407,2
32408,2
32409,2
32410,1
32411,2
32412,2
32413,1
32414,2
32415,1
32416,2
32417,2
32418,2
32419,1
32420,2
32421,1
32422,2
32423,2
32424,2
32425,2
32426,2
32427,1
32428,1
32429,1
32430,1
32431,1
32432,1
32433,1
32434,1
32435,1
32436,2
32437,2
32438,2
32439,2
32440,1
32441,2
32442,1
32443,1
32444,1
32445,2
32446,2
32447,2
32448,1
32449,2
32450,1
32451,1
32452,2
32453,1
32454,1
32455,2
32456,1
32457,2
32458,1
32459,2
32460,1
32461,2
32462,1
32463,1
32464,2
32465,2
32466,1
32467,1
32468,2
32469,2
32470,1
32471,1
32472,2
32473,1
32474,1
32475,1
32476,2
32477,2
32478,2
32479,2
32480,2
32481,2
32482,1
32483,1
32484,2
32485,1
32486,2
32487,1
32488,2
32489,1
32490,1
32491,2
32492,1
32493,2
32494,1
32495,1
32496,2
32497,2
32498,1
32499,1
32500,2
32501,2
32502,1
32503,2
32504,2
32505,1
32506,1
32507,2
32508,2
32509,1
32510,2
32511,2
32512,2
32513,2
32514,2
32515,2
32516,2
32517,1
32518,1
32519,2
32520,1
32521,1
32522,1
32523,2
32524,1
32525,2
32526,1
32527,2
32528,2
32529,1
32530,1
32531,2
32532,1
32533,1
32534,2
32535,1
32536,2
32537,2
32538,1
32539,2
32540,2
32541,1
32542,2
32543,2
32544,1
32545,1
32546,1
32547,1
32548,1
32549,2
32550,2
32551,2
32552,2
32553,1
32554,2
32555,2
32556,1
32557,1
32558,1
32559,1
32560,2
32561,2
32562,2
32563,1
32564,1
32565,1
32566,1
32567,2
32568,2
32569,2
32570,1
32571,1
32572,2
32573,1
32574,1
32575,1
32576,2
32577,2
32578,2
32579,2
32580,1
32581,2
32582,1
32583,1
32584,1
32585,2
32586,1
32587,2
32588,2
32589,2
32590,1
32591,2
32592,2
32593,2
32594,2
32595,1
32596,2
32597,1
32598,2
32599,2
32600,2
32601,2
32602,1
32603,1
32604,2
32605,1
32606,2
32607,1
32608,2
32609,2
32610,2
32611,2
32612,2
32613,1
32614,2
32615,1
32616,2
32617,2
32618,2
32619,2
32620,2
32621,1
32622,2
32623,1
32624,2
32625,2
32626,1
32627,2
32628,1
32629,2
32630,1
32631,1
32632,2
32633,1
32634,1
32635,2
32636,1
32637,2
32638,1
32639,1
32640,1
32641,1
32642,1
32643,2
32644,1
32645,2
32646,1
32647,1
32648,1
32649,1
32650,1
32651,1
32652,2
32653,2
32654,2
32655,2
32656,2
32657,2
32658,2
32659,1
32660,2
32661,1
32662,1
32663,2
32664,2
32665,1
32666,1
32667,1
32668,2
32669,2
32670,2
32671,2
32672,2
32673,2
32674,1
32675,2
32676,2
32677,2
32678,2
32679,2
32680,2
32681,1
32682,1
32683,2
32684,1
32685,1
32686,1
32687,1
32688,1
32689,1
32690,1
32691,1
32692,2
32693,2
32694,2
32695,1
32696,1
32697,2
32698,1
32699,1
32700,2
32701,2
32702,2
32703,1
32704,1
32705,2
32706,2
32707,1
32708,1
32709,1
32710,1
32711,2
32712,1
32713,2
32714,2
32715,2
32716,1
32717,2
32718,2
32719,2
32720,1
32721,2
32722,1
32723,1
32724,1
32725,2
32726,2
32727,2
32728,1
32729,1
32730,1
32731,2
32732,2
32733,1
32734,2
32735,1
32736,2
32737,1
32738,2
32739,2
32740,2
32741,1
32742,2
32743,1
32744,2
32745,1
32746,2
32747,1
32748,2
32749,1
32750,1
32751,1
32752,1
32753,2
32754,1
32755,2
32756,2
32757,1
32758,1
32759,2
32760,2
32761,1
32762,2
32763,1
32764,1
32765,2
32766,2
32767,1
32768,2
32769,2
32770,1
32771,1
32772,1
32773,2
32774,1
32775,2
32776,1
32777,2
32778,1
32779,2
32780,2
32781,2
32782,2
32783,1
32784,1
32785,2
32786,2
32787,2
32788,2
32789,2
32790,1
32791,1
32792,2
32793,2
32794,2
32795,1
32796,2
32797,1
32798,1
32799,1
32800,1
32801,2
32802,1
32803,1
32804,1
32805,2
32806,2
32807,2
32808,1
32809,2
32810,1
32811,1
32812,1
32813,1
32814,1
32815,2
32816,1
32817,1
32818,1
32819,2
32820,2
32821,1
32822,1
32823,1
32824,1
32825,2
32826,2
32827,1
32828,1
32829,1
32830,1
32831,2
32832,2
32833,2
32834,2
32835,2
32836,1
32837,2
32838,2
32839,2
32840,1
32841,2
32842,2
32843,2
32844,1
32845,1
32846,2
32847,2
32848,2
32849,1
32850,1
32851,1
32852,1
32853,2
32854,1
32855,2
32856,1
32857,1
32858,1
32859,2
32860,2
32861,2
32862,2
32863,2
32864,1
32865,2
32866,1
32867,1
32868,1
32869,2
32870,1
32871,2
32872,2
32873,1
32874,2
32875,2
32876,1
32877,2
32878,1
32879,1
32880,1
32881,1
32882,1
32883,2
32884,1
32885,2
32886,2
32887,1
32888,1
32889,1
32890,1
32891,1
32892,2
32893,2
32894,2
32895,2
32896,1
32897,2
32898,2
32899,2
32900,2
32901,2
32902,1
32903,1
32904,1
32905,1
32906,2
32907,1
32908,2
32909,1
32910,1
32911,2
32912,1
32913,1
32914,1
32915,1
32916,2
32917,1
32918,1
32919,1
32920,1
32921,2
32922,1
32923,2
32924,2
32925,2
32926,2
32927,2
32928,2
32929,2
32930,1
32931,1
32932,1
32933,1
32934,1
32935,2
32936,2
32937,1
32938,2
32939,1
32940,1
32941,1
32942,1
32943,1
32944,2
32945,2
32946,2
32947,2
32948,1
32949,2
32950,1
32951,1
32952,1
32953,1
32954,2
32955,1
32956,1
32957,2
32958,2
32959,2
32960,1
32961,2
32962,2
32963,2
32964,2
32965,2
32966,2
32967,2
32968,2
32969,2
32970,1
32971,1
32972,2
32973,1
32974,1
32975,1
32976,2
32977,1
32978,2
32979,2
32980,1
32981,2
32982,2
32983,2
32984,2
32985,1
32986,2
32987,1
32988,1
32989,2
32990,1
32991,1
32992,1
32993,1
32994,1
32995,1
32996,1
32997,1
32998,1
32999,1
33000,1
33001,1
33002,1
33003,2
33004,1
33005,1
33006,1
33007,1
33008,2
33009,2
33010,2
33011,1
33012,1
33013,1
33014,1
33015,2
33016,2
33017,1
33018,2
33019,1
33020,2
33021,2
33022,2
33023,2
33024,1
33025,2
33026,1
33027,2
33028,2
33029,2
33030,1
33031,2
33032,1
33033,2
33034,2
33035,1
33036,1
33037,2
33038,1
33039,1
33040,2
33041,1
33042,2
33043,2
33044,2
33045,2
33046,1
33047,1
33048,2
33049,2
33050,2
33051,1
33052,2
33053,1
33054,1
33055,1
33056,2
33057,2
33058,1
33059,2
33060,2
33061,2
33062,1
33063,1
33064,2
33065,2
33066,1
33067,2
33068,2
33069,1
33070,1
33071,2
33072,1
33073,1
33074,2
33075,2
33076,2
33077,2
33078,1
33079,1
33080,2
33081,2
33082,2
33083,1
33084,2
33085,2
33086,2
33087,1
33088,2
33089,2
33090,2
33091,2
33092,2
33093,1
33094,1
33095,1
33096,2
33097,2
33098,1
33099,1
33100,1
33101,1
33102,2
33103,1
33104,2
33105,2
33106,2
33107,1
33108,1
33109,1
33110,1
33111,1
33112,2
33113,1
33114,1
33115,1
33116,2
33117,1
33118,2
33119,2
33120,2
33121,1
33122,2
33123,2
33124,2
33125,2
33126,2
33127,2
33128,1
33129,1
33130,1
33131,1
33132,1
33133,2
33134,1
33135,1
33136,2
33137,2
33138,2
33139,2
33140,1
33141,1
33142,2
33143,2
33144,2
33145,2
33146,1
33147,1
33148,2
33149,2
33150,2
33151,1
33152,2
33153,1
33154,2
33155,2
33156,2
33157,2
33158,1
33159,2
33160,1
33161,1
33162,1
33163,2
33164,1
33165,1
33166,2
33167,2
33168,2
33169,1
33170,2
33171,2
33172,1
33173,1
33174,2
33175,1
33176,1
33177,1
33178,2
33179,1
33180,2
33181,1
33182,2
33183,2
33184,2
33185,1
33186,1
33187,1
33188,1
33189,1
33190,1
33191,2
33192,1
33193,2
33194,2
33195,2
33196,2
33197,1
33198,1
33199,1
33200,1
33201,2
33202,1
33203,1
33204,2
33205,2
33206,2
33207,1
33208,2
33209,2
33210,2
33211,2
33212,2
33213,2
33214,2
33215,2
33216,1
33217,1
33218,1
33219,2
33220,2
33221,1
33222,1
33223,1
33224,2
33225,2
33226,1
33227,2
33228,2
33229,1
33230,2
33231,1
33232,1
33233,1
33234,1
33235,2
33236,1
33237,2
33238,1
33239,2
33240,2
33241,1
33242,2
33243,1
33244,2
33245,2
33246,2
33247,2
33248,2
33249,2
33250,2
33251,2
33252,2
33253,2
33254,1
33255,1
33256,2
33257,1
33258,1
33259,2
33260,2
33261,1
33262,2
33263,2
33264,2
33265,2
33266,1
33267,1
33268,1
33269,2
33270,2
33271,1
33272,1
33273,2
33274,2
33275,1
33276,2
33277,1
33278,1
33279,1
33280,1
33281,1
33282,1
33283,1
33284,1
33285,2
33286,2
33287,1
33288,2
33289,1
33290,1
33291,1
33292,2
33293,2
33294,1
33295,2
33296,2
33297,1
33298,2
33299,1
33300,1
33301,2
33302,2
33303,2
33304,2
33305,1
33306,2
33307,1
33308,2
33309,2
33310,1
33311,1
33312,2
33313,1
33314,1
33315,1
33316,1
33317,1
33318,1
33319,1
33320,1
33321,1
33322,1
33323,2
33324,1
33325,1
33326,1
33327,1
33328,1
33329,1
33330,1
33331,2
33332,1
33333,2
33334,1
33335,2
33336,2
33337,2
33338,2
33339,2
33340,2
33341,2
33342,2
33343,2
33344,2
33345,1
33346,2
33347,2
33348,1
33349,2
33350,2
33351,1
33352,1
33353,1
33354,1
33355,2
33356,1
33357,2
33358,2
33359,1
33360,1
33361,1
33362,1
33363,1
33364,2
33365,1
33366,1
33367,1
33368,1
33369,1
33370,2
33371,2
33372,2
33373,2
33374,1
33375,1
33376,2
33377,1
33378,1
33379,1
33380,1
33381,1
33382,1
33383,1
33384,2
33385,1
33386,2
33387,1
33388,1
33389,1
33390,1
33391,2
33392,2
33393,1
33394,2
33395,1
33396,1
33397,1
33398,2
33399,2
33400,1
33401,1
33402,1
33403,1
33404,2
33405,2
33406,1
33407,1
33408,1
33409,2
33410,1
33411,1
33412,2
33413,1
33414,1
33415,2
33416,1
33417,1
33418,1
33419,2
33420,1
33421,2
33422,2
33423,2
33424,1
33425,2
33426,2
33427,1
33428,2
33429,1
33430,2
33431,1
33432,2
33433,1
33434,2
33435,2
33436,1
33437,1
33438,1
33439,2
33440,2
33441,2
33442,2
33443,1
33444,2
33445,2
33446,1
33447,2
33448,1
33449,2
33450,2
33451,2
33452,1
33453,2
33454,1
33455,1
33456,1
33457,2
33458,2
33459,1
33460,2
33461,1
33462,2
33463,2
33464,1
33465,2
33466,2
33467,1
33468,1
33469,1
33470,1
33471,2
33472,2
33473,2
33474,2
33475,2
33476,1
33477,2
33478,1
33479,2
33480,2
33481,1
33482,2
33483,1
33484,2
33485,2
33486,2
33487,1
33488,2
33489,2
33490,2
33491,2
33492,1
33493,1
33494,2
33495,1
33496,2
33497,1
33498,1
33499,1
33500,1
33501,1
33502,2
33503,2
33504,2
33505,1
33506,1
33507,2
33508,1
33509,2
33510,2
33511,2
33512,1
33513,2
33514,1
33515,1
33516,1
33517,1
33518,2
33519,2
33520,2
33521,1
33522,2
33523,1
33524,2
33525,1
33526,1
33527,2
33528,1
33529,1
33530,2
33531,2
33532,2
33533,1
33534,1
33535,2
33536,1
33537,1
33538,1
33539,2
33540,2
33541,1
33542,1
33543,1
33544,1
33545,2
33546,1
33547,2
33548,1
33549,2
33550,2
33551,1
33552,2
33553,2
33554,2
33555,2
33556,1
33557,2
33558,2
33559,2
33560,2
33561,2
33562,1
33563,1
33564,1
33565,1
33566,1
33567,1
33568,2
33569,2
33570,2
33571,2
33572,2
33573,2
33574,2
33575,1
33576,1
33577,1
33578,2
33579,2
33580,2
33581,1
33582,2
33583,1
33584,1
33585,2
33586,1
33587,1
33588,1
33589,2
33590,2
33591,1
33592,1
33593,1
33594,1
33595,1
33596,2
33597,1
33598,1
33599,2
33600,2
33601,1
33602,2
33603,2
33604,1
33605,1
33606,2
33607,1
33608,2
33609,2
33610,1
33611,2
33612,2
33613,2
33614,1
33615,2
33616,1
33617,2
33618,1
33619,2
33620,1
33621,1
33622,2
33623,2
33624,1
33625,1
33626,2
33627,1
33628,2
33629,1
33630,1
33631,1
33632,2
33633,1
33634,1
33635,2
33636,2
33637,1
33638,2
33639,1
33640,1
33641,1
33642,1
33643,2
33644,1
33645,1
33646,2
33647,2
33648,2
33649,1
33650,1
33651,1
33652,1
33653,2
33654,2
33655,1
33656,2
33657,2
33658,2
33659,1
33660,1
33661,2
33662,2
33663,1
33664,1
33665,1
33666,1
33667,1
33668,1
33669,2
33670,1
33671,2
33672,2
33673,1
33674,2
33675,1
33676,1
33677,2
33678,2
33679,2
33680,2
33681,1
33682,1
33683,2
33684,1
33685,1
33686,2
33687,2
33688,1
33689,1
33690,2
33691,2
33692,2
33693,2
33694,2
33695,2
33696,1
33697,1
33698,2
33699,1
33700,1
33701,1
33702,1
33703,2
33704,1
33705,1
33706,2
33707,1
33708,1
33709,1
33710,2
33711,1
33712,2
33713,1
33714,2
33715,1
33716,1
33717,1
33718,1
33719,2
33720,2
33721,1
33722,1
33723,2
33724,2
33725,1
33726,2
33727,1
33728,2
33729,2
33730,1
33731,2
33732,2
33733,2
33734,2
33735,2
33736,2
33737,2
33738,2
33739,1
33740,1
33741,1
33742,1
33743,2
33744,1
33745,1
33746,1
33747,1
33748,1
33749,2
33750,2
33751,2
33752,2
33753,2
33754,2
33755,1
33756,1
33757,2
33758,1
33759,1
33760,2
33761,2
33762,1
33763,1
33764,2
33765,1
33766,2
33767,1
33768,2
33769,2
33770,1
33771,2
33772,2
33773,1
33774,2
33775,2
33776,2
33777,2
33778,2
33779,2
33780,1
33781,2
33782,1
33783,1
33784,1
33785,2
33786,2
33787,1
33788,1
33789,1
33790,1
33791,1
33792,2
33793,2
33794,1
33795,1
33796,1
33797,2
33798,1
33799,1
33800,1
33801,2
33802,2
33803,2
33804,1
33805,1
33806,1
33807,2
33808,1
33809,2
33810,2
33811,2
33812,1
33813,2
33814,1
33815,2
33816,2
33817,1
33818,1
33819,2
33820,2
33821,2
33822,2
33823,2
33824,2
33825,2
33826,2
33827,1
33828,1
33829,2
33830,1
33831,1
33832,1
33833,1
33834,1
33835,1
33836,1
33837,2
33838,1
33839,2
33840,2
33841,2
33842,2
33843,2
33844,1
33845,2
33846,1
33847,2
33848,2
33849,1
33850,2
33851,2
33852,1
33853,2
33854,1
33855,2
33856,1
33857,1
33858,1
33859,2
33860,1
33861,1
33862,1
33863,1
33864,1
33865,2
33866,2
33867,1
33868,2
33869,2
33870,2
33871,1
33872,2
33873,2
33874,2
33875,2
33876,2
33877,2
33878,1
33879,1
33880,1
33881,2
33882,2
33883,1
33884,2
33885,1
33886,2
33887,1
33888,1
33889,2
33890,2
33891,1
33892,1
33893,2
33894,1
33895,2
33896,2
33897,2
33898,1
33899,1
33900,2
33901,2
33902,1
33903,1
33904,2
33905,1
33906,1
33907,1
33908,1
33909,1
33910,2
33911,1
33912,1
33913,2
33914,1
33915,1
33916,1
33917,1
33918,2
33919,1
33920,2
33921,2
33922,2
33923,1
33924,1
33925,2
33926,2
33927,1
33928,2
33929,1
33930,2
33931,2
33932,2
33933,1
33934,2
33935,1
33936,1
33937,1
33938,2
33939,1
33940,1
33941,1
33942,2
33943,2
33944,2
33945,1
33946,1
33947,1
33948,1
33949,2
33950,1
33951,2
33952,2
33953,2
33954,1
33955,1
33956,2
33957,2
33958,2
33959,2
33960,1
33961,2
33962,2
33963,1
33964,2
33965,1
33966,2
33967,1
33968,1
33969,2
33970,2
33971,2
33972,1
33973,1
33974,2
33975,1
33976,1
33977,1
33978,2
33979,1
33980,1
33981,1
33982,2
33983,1
33984,2
33985,2
33986,1
33987,1
33988,2
33989,1
33990,1
33991,1
33992,2
33993,2
33994,2
33995,2
33996,1
33997,1
33998,2
33999,1
34000,2
34001,2
34002,2
34003,1
34004,1
34005,1
34006,2
34007,2
34008,1
34009,1
34010,2
34011,1
34012,1
34013,1
34014,1
34015,1
34016,1
34017,2
34018,2
34019,2
34020,2
34021,2
34022,1
34023,2
34024,2
34025,2
34026,1
34027,2
34028,2
34029,1
34030,1
34031,1
34032,2
34033,1
34034,1
34035,1
34036,2
34037,1
34038,1
34039,1
34040,1
34041,2
34042,1
34043,2
34044,2
34045,1
34046,2
34047,1
34048,2
34049,2
34050,2
34051,1
34052,2
34053,1
34054,2
34055,2
34056,2
34057,2
34058,1
34059,2
34060,2
34061,1
34062,2
34063,2
34064,2
34065,2
34066,2
34067,1
34068,2
34069,1
34070,1
34071,1
34072,1
34073,1
34074,2
34075,1
34076,1
34077,2
34078,2
34079,2
34080,2
34081,2
34082,1
34083,1
34084,2
34085,2
34086,1
34087,1
34088,1
34089,1
34090,1
34091,2
34092,2
34093,1
34094,2
34095,2
34096,2
34097,1
34098,2
34099,2
34100,1
34101,2
34102,2
34103,1
34104,2
34105,2
34106,2
34107,1
34108,1
34109,1
34110,1
34111,2
34112,2
34113,2
34114,2
34115,2
34116,1
34117,1
34118,1
34119,1
34120,2
34121,1
34122,1
34123,1
34124,1
34125,2
34126,2
34127,1
34128,1
34129,1
34130,1
34131,1
34132,1
34133,2
34134,1
34135,2
34136,2
34137,2
34138,2
34139,1
34140,1
34141,2
34142,2
34143,1
34144,2
34145,1
34146,2
34147,1
34148,2
34149,2
34150,2
34151,2
34152,1
34153,2
34154,1
34155,1
34156,2
34157,2
34158,2
34159,1
34160,2
34161,2
34162,2
34163,2
34164,2
34165,2
34166,1
34167,1
34168,2
34169,2
34170,2
34171,1
34172,1
34173,1
34174,2
34175,2
34176,2
34177,1
34178,2
34179,2
34180,2
34181,2
34182,2
34183,1
34184,2
34185,1
34186,1
34187,2
34188,1
34189,1
34190,2
34191,2
34192,2
34193,2
34194,2
34195,1
34196,2
34197,2
34198,2
34199,2
34200,1
34201,1
34202,1
34203,2
34204,2
34205,2
34206,1
34207,1
34208,1
34209,2
34210,2
34211,2
34212,2
34213,2
34214,2
34215,2
34216,1
34217,2
34218,2
34219,1
34220,1
34221,2
34222,2
34223,2
34224,2
34225,2
34226,2
34227,1
34228,2
34229,2
34230,1
34231,2
34232,1
34233,1
34234,2
34235,2
34236,1
34237,1
34238,1
34239,1
34240,1
34241,2
34242,1
34243,2
34244,2
34245,2
34246,2
34247,1
34248,1
34249,1
34250,2
34251,2
34252,2
34253,2
34254,2
34255,2
34256,1
34257,1
34258,2
34259,2
34260,1
34261,2
34262,1
34263,1
34264,2
34265,1
34266,2
34267,2
34268,1
34269,1
34270,2
34271,2
34272,2
34273,1
34274,1
34275,1
34276,1
34277,1
34278,2
34279,2
34280,2
34281,2
34282,1
34283,1
34284,2
34285,2
34286,2
34287,1
34288,2
34289,2
34290,1
34291,2
34292,1
34293,1
34294,2
34295,1
34296,2
34297,2
34298,2
34299,1
34300,1
34301,1
34302,2
34303,1
34304,1
34305,1
34306,1
34307,1
34308,2
34309,1
34310,1
34311,2
34312,1
34313,1
34314,1
34315,2
34316,1
34317,2
34318,1
34319,2
34320,1
34321,2
34322,2
34323,2
34324,2
34325,1
34326,2
34327,1
34328,1
34329,2
34330,1
34331,1
34332,1
34333,1
34334,1
34335,2
34336,1
34337,1
34338,2
34339,2
34340,1
34341,1
34342,1
34343,1
34344,1
34345,1
34346,1
34347,1
34348,1
34349,2
34350,1
34351,1
34352,1
34353,1
34354,2
34355,1
34356,2
34357,2
34358,1
34359,2
34360,1
34361,2
34362,1
34363,2
34364,2
34365,1
34366,1
34367,1
34368,2
34369,2
34370,1
34371,1
34372,2
34373,2
34374,1
34375,2
34376,2
34377,2
34378,2
34379,1
34380,1
34381,1
34382,2
34383,2
34384,1
34385,2
34386,1
34387,2
34388,1
34389,1
34390,1
34391,1
34392,2
34393,2
34394,1
34395,1
34396,1
34397,1
34398,2
34399,1
34400,2
34401,1
34402,2
34403,1
34404,2
34405,2
34406,1
34407,1
34408,1
34409,1
34410,2
34411,2
34412,1
34413,2
34414,1
34415,1
34416,2
34417,1
34418,1
34419,1
34420,1
34421,1
34422,2
34423,1
34424,2
34425,2
34426,2
34427,2
34428,1
34429,2
34430,1
34431,2
34432,1
34433,2
34434,2
34435,1
34436,2
34437,1
34438,1
34439,1
34440,1
34441,2
34442,1
34443,1
34444,1
34445,2
34446,2
34447,2
34448,2
34449,2
34450,1
34451,1
34452,1
34453,1
34454,2
34455,2
34456,2
34457,1
34458,2
34459,2
34460,1
34461,1
34462,1
34463,1
34464,2
34465,1
34466,1
34467,1
34468,1
34469,1
34470,1
34471,1
34472,1
34473,2
34474,1
34475,1
34476,2
34477,2
34478,2
34479,1
34480,2
34481,1
34482,2
34483,2
34484,2
34485,2
34486,2
34487,2
34488,2
34489,1
34490,2
34491,2
34492,1
34493,2
34494,1
34495,1
34496,1
34497,2
34498,2
34499,1
34500,1
34501,2
34502,2
34503,1
34504,2
34505,1
34506,1
34507,1
34508,2
34509,1
34510,1
34511,2
34512,1
34513,1
34514,2
34515,1
34516,1
34517,1
34518,2
34519,1
34520,1
34521,1
34522,2
34523,1
34524,2
34525,2
34526,1
34527,2
34528,1
34529,2
34530,1
34531,1
34532,1
34533,2
34534,2
34535,1
34536,2
34537,2
34538,1
34539,2
34540,1
34541,2
34542,2
34543,1
34544,1
34545,1
34546,1
34547,1
34548,1
34549,1
34550,1
34551,2
34552,1
34553,2
34554,2
34555,2
34556,2
34557,1
34558,1
34559,2
34560,1
34561,2
34562,1
34563,1
34564,1
34565,2
34566,1
34567,2
34568,1
34569,2
34570,2
34571,1
34572,2
34573,2
34574,1
34575,1
34576,1
34577,2
34578,1
34579,2
34580,2
34581,1
34582,2
34583,1
34584,2
34585,2
34586,2
34587,2
34588,1
34589,2
34590,1
34591,1
34592,1
34593,1
34594,1
34595,1
34596,1
34597,2
34598,1
34599,1
34600,1
34601,1
34602,2
34603,2
34604,2
34605,1
34606,1
34607,1
34608,1
34609,1
34610,1
34611,1
34612,2
34613,2
34614,2
34615,1
34616,1
34617,2
34618,1
34619,1
34620,1
34621,1
34622,2
34623,1
34624,2
34625,1
34626,2
34627,1
34628,2
34629,2
34630,2
34631,2
34632,2
34633,1
34634,1
34635,1
34636,2
34637,1
34638,1
34639,1
34640,2
34641,1
34642,1
34643,2
34644,1
34645,1
34646,2
34647,2
34648,2
34649,2
34650,1
34651,2
34652,2
34653,2
34654,1
34655,1
34656,2
34657,2
34658,1
34659,2
34660,1
34661,1
34662,2
34663,2
34664,2
34665,1
34666,1
34667,1
34668,1
34669,1
34670,2
34671,1
34672,2
34673,1
34674,1
34675,1
34676,1
34677,2
34678,1
34679,2
34680,2
34681,1
34682,2
34683,2
34684,2
34685,1
34686,2
34687,1
34688,2
34689,1
34690,2
34691,2
34692,2
34693,1
34694,1
34695,2
34696,1
34697,2
34698,2
34699,2
34700,2
34701,1
34702,1
34703,2
34704,2
34705,1
34706,1
34707,1
34708,2
34709,2
34710,2
34711,2
34712,1
34713,1
34714,1
34715,1
34716,2
34717,2
34718,2
34719,2
34720,2
34721,2
34722,2
34723,1
34724,1
34725,2
34726,2
34727,2
34728,2
34729,1
34730,2
34731,1
34732,1
34733,1
34734,2
34735,1
34736,1
34737,1
34738,2
34739,2
34740,2
34741,1
34742,1
34743,1
34744,1
34745,1
34746,1
34747,1
34748,2
34749,1
34750,2
34751,2
34752,2
34753,1
34754,2
34755,2
34756,1
34757,2
34758,1
34759,1
34760,2
34761,2
34762,2
34763,2
34764,2
34765,1
34766,1
34767,2
34768,1
34769,2
34770,1
34771,1
34772,2
34773,1
34774,1
34775,2
34776,2
34777,2
34778,1
34779,2
34780,2
34781,2
34782,2
34783,2
34784,2
34785,2
34786,1
34787,2
34788,1
34789,2
34790,1
34791,1
34792,2
34793,1
34794,1
34795,2
34796,2
34797,1
34798,1
34799,2
34800,1
34801,2
34802,2
34803,2
34804,2
34805,2
34806,1
34807,2
34808,2
34809,2
34810,2
34811,2
34812,2
34813,1
34814,2
34815,1
34816,2
34817,1
34818,1
34819,1
34820,1
34821,1
34822,2
34823,1
34824,1
34825,1
34826,1
34827,2
34828,2
34829,1
34830,2
34831,1
34832,2
34833,1
34834,2
34835,1
34836,2
34837,1
34838,2
34839,1
34840,1
34841,1
34842,1
34843,1
34844,1
34845,2
34846,2
34847,2
34848,1
34849,2
34850,2
34851,2
34852,2
34853,2
34854,2
34855,2
34856,2
34857,1
34858,2
34859,1
34860,2
34861,1
34862,2
34863,2
34864,1
34865,1
34866,1
34867,2
34868,2
34869,2
34870,1
34871,2
34872,2
34873,2
34874,2
34875,2
34876,1
34877,2
34878,1
34879,2
34880,1
34881,2
34882,2
34883,2
34884,2
34885,1
34886,1
34887,2
34888,2
34889,1
34890,2
34891,1
34892,1
34893,2
34894,1
34895,2
34896,2
34897,1
34898,2
34899,2
34900,2
34901,1
34902,2
34903,1
34904,2
34905,2
34906,2
34907,1
34908,1
34909,1
34910,2
34911,2
34912,2
34913,2
34914,2
34915,2
34916,1
34917,1
34918,1
34919,2
34920,1
34921,1
34922,1
34923,1
34924,2
34925,2
34926,2
34927,2
34928,1
34929,1
34930,2
34931,2
34932,2
34933,2
34934,1
34935,1
34936,1
34937,1
34938,2
34939,1
34940,1
34941,1
34942,2
34943,1
34944,1
34945,1
34946,1
34947,2
34948,2
34949,1
34950,2
34951,1
34952,2
34953,2
34954,1
34955,1
34956,2
34957,1
34958,2
34959,1
34960,1
34961,1
34962,1
34963,1
34964,1
34965,2
34966,1
34967,2
34968,2
34969,2
34970,1
34971,2
34972,1
34973,2
34974,1
34975,2
34976,1
34977,2
34978,1
34979,1
34980,1
34981,1
34982,2
34983,2
34984,1
34985,2
34986,1
34987,2
34988,2
34989,2
34990,2
34991,2
34992,2
34993,2
34994,1
34995,1
34996,2
34997,2
34998,2
34999,1
35000,2
35001,2
35002,2
35003,2
35004,2
35005,1
35006,2
35007,1
35008,1
35009,1
35010,1
35011,2
35012,2
35013,2
35014,1
35015,1
35016,1
35017,1
35018,1
35019,2
35020,2
35021,2
35022,2
35023,1
35024,2
35025,2
35026,2
35027,1
35028,1
35029,2
35030,1
35031,2
35032,1
35033,2
35034,1
35035,2
35036,2
35037,1
35038,1
35039,1
35040,2
35041,2
35042,2
35043,2
35044,2
35045,2
35046,1
35047,1
35048,2
35049,2
35050,2
35051,1
35052,1
35053,1
35054,1
35055,2
35056,2
35057,2
35058,2
35059,2
35060,2
35061,1
35062,1
35063,1
35064,2
35065,1
35066,2
35067,1
35068,1
35069,1
35070,2
35071,2
35072,1
35073,2
35074,1
35075,1
35076,1
35077,1
35078,2
35079,2
35080,2
35081,1
35082,2
35083,1
35084,2
35085,1
35086,2
35087,2
35088,1
35089,2
35090,1
35091,1
35092,2
35093,2
35094,2
35095,1
35096,2
35097,1
35098,2
35099,1
35100,2
35101,2
35102,2
35103,1
35104,1
35105,1
35106,1
35107,2
35108,1
35109,1
35110,1
35111,1
35112,2
35113,1
35114,1
35115,2
35116,2
35117,1
35118,2
35119,1
35120,1
35121,2
35122,1
35123,2
35124,2
35125,2
35126,1
35127,2
35128,2
35129,2
35130,2
35131,1
35132,1
35133,2
35134,2
35135,2
35136,2
35137,1
35138,1
35139,1
35140,2
35141,2
35142,2
35143,1
35144,1
35145,2
35146,2
35147,1
35148,1
35149,1
35150,2
35151,2
35152,2
35153,2
35154,2
35155,2
35156,1
35157,1
35158,1
35159,2
35160,2
35161,2
35162,2
35163,2
35164,2
35165,2
35166,2
35167,2
35168,1
35169,2
35170,1
35171,1
35172,2
35173,1
35174,1
35175,1
35176,2
35177,1
35178,1
35179,2
35180,2
35181,2
35182,2
35183,1
35184,2
35185,2
35186,1
35187,1
35188,1
35189,2
35190,2
35191,1
35192,1
35193,1
35194,2
35195,1
35196,2
35197,1
35198,1
35199,2
35200,2
35201,2
35202,2
35203,1
35204,1
35205,2
35206,2
35207,1
35208,1
35209,1
35210,2
35211,1
35212,2
35213,1
35214,2
35215,1
35216,1
35217,1
35218,2
35219,2
35220,2
35221,2
35222,1
35223,2
35224,1
35225,2
35226,1
35227,2
35228,1
35229,2
35230,2
35231,1
35232,2
35233,1
35234,2
35235,1
35236,1
35237,2
35238,2
35239,2
35240,1
35241,2
35242,2
35243,2
35244,2
35245,1
35246,1
35247,1
35248,2
35249,1
35250,1
35251,2
35252,2
35253,2
35254,1
35255,2
35256,2
35257,1
35258,1
35259,1
35260,2
35261,2
35262,2
35263,2
35264,1
35265,2
35266,2
35267,2
35268,1
35269,2
35270,2
35271,1
35272,1
35273,2
35274,1
35275,1
35276,1
35277,1
35278,1
35279,1
35280,2
35281,1
35282,2
35283,1
35284,1
35285,2
35286,2
35287,2
35288,2
35289,1
35290,1
35291,1
35292,2
35293,1
35294,2
35295,2
35296,2
35297,1
35298,1
35299,1
35300,2
35301,1
35302,1
35303,2
35304,1
35305,2
35306,2
35307,1
35308,1
35309,2
35310,2
35311,1
35312,1
35313,1
35314,1
35315,2
35316,1
35317,1
35318,1
35319,2
35320,1
35321,2
35322,1
35323,2
35324,2
35325,2
35326,1
35327,1
35328,2
35329,1
35330,1
35331,1
35332,1
35333,2
35334,2
35335,1
35336,2
35337,1
35338,1
35339,2
35340,2
35341,1
35342,2
35343,1
35344,1
35345,1
35346,2
35347,2
35348,2
35349,2
35350,1
35351,1
35352,2
35353,2
35354,2
35355,1
35356,2
35357,2
35358,2
35359,2
35360,1
35361,1
35362,2
35363,1
35364,2
35365,2
35366,1
35367,1
35368,1
35369,2
35370,1
35371,1
35372,1
35373,2
35374,2
35375,1
35376,2
35377,1
35378,1
35379,2
35380,1
35381,2
35382,2
35383,1
35384,1
35385,2
35386,1
35387,1
35388,1
35389,1
35390,2
35391,2
35392,2
35393,2
35394,1
35395,1
35396,2
35397,1
35398,2
35399,1
35400,2
35401,1
35402,1
35403,2
35404,2
35405,2
35406,1
35407,1
35408,1
35409,1
35410,1
35411,2
35412,2
35413,1
35414,2
35415,1
35416,1
35417,1
35418,1
35419,1
35420,2
35421,1
35422,2
35423,2
35424,2
35425,1
35426,1
35427,1
35428,1
35429,2
35430,2
35431,1
35432,2
35433,2
35434,2
35435,1
35436,2
35437,1
35438,1
35439,2
35440,2
35441,1
35442,2
35443,2
35444,2
35445,1
35446,2
35447,1
35448,1
35449,1
35450,1
35451,1
35452,2
35453,1
35454,1
35455,2
35456,1
35457,2
35458,1
35459,1
35460,2
35461,2
35462,2
35463,1
35464,2
35465,1
35466,1
35467,1
35468,1
35469,2
35470,1
35471,1
35472,2
35473,1
35474,2
35475,1
35476,1
35477,1
35478,1
35479,1
35480,1
35481,1
35482,1
35483,1
35484,2
35485,1
35486,2
35487,2
35488,1
35489,1
35490,2
35491,2
35492,2
35493,2
35494,2
35495,2
35496,2
35497,1
35498,1
35499,1
35500,2
35501,2
35502,1
35503,2
35504,1
35505,1
35506,2
35507,1
35508,2
35509,2
35510,2
35511,1
35512,1
35513,1
35514,2
35515,1
35516,1
35517,2
35518,1
35519,2
35520,1
35521,2
35522,1
35523,1
35524,2
35525,2
35526,1
35527,2
35528,2
35529,2
35530,2
35531,2
35532,2
35533,2
35534,2
35535,2
35536,1
35537,1
35538,2
35539,2
35540,1
35541,1
35542,1
35543,1
35544,1
35545,1
35546,1
35547,2
35548,2
35549,2
35550,2
35551,2
35552,1
35553,2
35554,1
35555,1
35556,1
35557,2
35558,2
35559,2
35560,2
35561,1
35562,2
35563,1
35564,1
35565,1
35566,1
35567,2
35568,1
35569,2
35570,2
35571,1
35572,1
35573,2
35574,1
35575,2
35576,2
35577,1
35578,1
35579,2
35580,2
35581,2
35582,2
35583,2
35584,1
35585,2
35586,1
35587,2
35588,2
35589,1
35590,1
35591,2
35592,1
35593,2
35594,2
35595,1
35596,1
35597,1
35598,1
35599,1
35600,1
35601,2
35602,2
35603,1
35604,2
35605,1
35606,2
35607,2
35608,1
35609,1
35610,2
35611,1
35612,1
35613,2
35614,1
35615,1
35616,2
35617,2
35618,1
35619,2
35620,2
35621,2
35622,2
35623,1
35624,2
35625,2
35626,1
35627,1
35628,2
35629,2
35630,1
35631,2
35632,2
35633,1
35634,2
35635,2
35636,1
35637,2
35638,2
35639,2
35640,1
35641,1
35642,2
35643,2
35644,2
35645,2
35646,2
35647,2
35648,2
35649,2
35650,2
35651,2
35652,2
35653,2
35654,2
35655,2
35656,1
35657,2
35658,1
35659,1
35660,1
35661,1
35662,1
35663,1
35664,1
35665,1
35666,2
35667,1
35668,1
35669,1
35670,1
35671,1
35672,2
35673,1
35674,2
35675,2
35676,2
35677,2
35678,2
35679,2
35680,2
35681,2
35682,1
35683,2
35684,1
35685,1
35686,2
35687,1
35688,1
35689,2
35690,2
35691,2
35692,1
35693,1
35694,1
35695,1
35696,2
35697,2
35698,2
35699,1
35700,2
35701,1
35702,1
35703,2
35704,2
35705,1
35706,1
35707,1
35708,1
35709,2
35710,1
35711,1
35712,2
35713,2
35714,1
35715,2
35716,1
35717,2
35718,1
35719,2
35720,1
35721,2
35722,2
35723,1
35724,2
35725,2
35726,1
35727,2
35728,2
35729,1
35730,2
35731,1
35732,1
35733,2
35734,1
35735,1
35736,2
35737,1
35738,2
35739,1
35740,2
35741,2
35742,1
35743,1
35744,2
35745,1
35746,2
35747,1
35748,2
35749,1
35750,2
35751,1
35752,1
35753,1
35754,1
35755,1
35756,2
35757,2
35758,2
35759,2
35760,1
35761,1
35762,1
35763,1
35764,2
35765,2
35766,2
35767,2
35768,1
35769,1
35770,1
35771,1
35772,2
35773,2
35774,1
35775,2
35776,2
35777,2
35778,2
35779,2
35780,1
35781,1
35782,2
35783,2
35784,1
35785,2
35786,2
35787,2
35788,2
35789,2
35790,2
35791,2
35792,2
35793,1
35794,1
35795,2
35796,2
35797,2
35798,1
35799,2
35800,2
35801,2
35802,1
35803,2
35804,1
35805,1
35806,2
35807,2
35808,2
35809,2
35810,2
35811,2
35812,2
35813,1
35814,2
35815,1
35816,2
35817,2
35818,1
35819,1
35820,2
35821,2
35822,1
35823,2
35824,1
35825,2
35826,2
35827,2
35828,2
35829,2
35830,1
35831,2
35832,1
35833,2
35834,2
35835,1
35836,1
35837,1
35838,2
35839,1
35840,2
35841,1
35842,1
35843,1
35844,2
35845,1
35846,1
35847,2
35848,1
35849,2
35850,1
35851,2
35852,1
35853,2
35854,2
35855,2
35856,2
35857,2
35858,2
35859,2
35860,1
35861,1
35862,1
35863,2
35864,2
35865,2
35866,2
35867,1
35868,1
35869,2
35870,1
35871,2
35872,2
35873,2
35874,2
35875,2
35876,1
35877,1
35878,2
35879,1
35880,2
35881,2
35882,1
35883,2
35884,2
35885,1
35886,1
35887,1
35888,2
35889,1
35890,1
35891,1
35892,1
35893,2
35894,2
35895,2
35896,1
35897,2
35898,1
35899,2
35900,2
35901,2
35902,1
35903,1
35904,2
35905,1
35906,2
35907,2
35908,2
35909,2
35910,1
35911,1
35912,2
35913,1
35914,2
35915,1
35916,1
35917,2
35918,2
35919,2
35920,2
35921,2
35922,2
35923,2
35924,1
35925,2
35926,2
35927,1
35928,2
35929,1
35930,2
35931,1
35932,2
35933,1
35934,2
35935,1
35936,1
35937,2
35938,1
35939,2
35940,2
35941,1
35942,2
35943,2
35944,1
35945,2
35946,2
35947,1
35948,2
35949,1
35950,1
35951,1
35952,2
35953,2
35954,1
35955,1
35956,1
35957,1
35958,2
35959,1
35960,2
35961,2
35962,1
35963,1
35964,2
35965,1
35966,2
35967,2
35968,1
35969,2
35970,2
35971,1
35972,1
35973,1
35974,1
35975,1
35976,2
35977,2
35978,1
35979,1
35980,1
35981,1
35982,1
35983,2
35984,2
35985,1
35986,2
35987,2
35988,1
35989,1
35990,2
35991,2
35992,2
35993,1
35994,1
35995,1
35996,2
35997,2
35998,2
35999,2
36000,1
36001,1
36002,1
36003,2
36004,1
36005,1
36006,2
36007,2
36008,2
36009,2
36010,1
36011,1
36012,1
36013,1
36014,1
36015,2
36016,1
36017,2
36018,2
36019,2
36020,1
36021,1
36022,2
36023,1
36024,1
36025,2
36026,2
36027,1
36028,1
36029,2
36030,1
36031,2
36032,1
36033,2
36034,2
36035,1
36036,1
36037,2
36038,1
36039,1
36040,2
36041,1
36042,2
36043,2
36044,1
36045,2
36046,1
36047,2
36048,2
36049,1
36050,2
36051,1
36052,2
36053,2
36054,2
36055,1
36056,2
36057,1
36058,1
36059,1
36060,2
36061,2
36062,1
36063,1
36064,2
36065,1
36066,2
36067,2
36068,1
36069,1
36070,2
36071,1
36072,2
36073,1
36074,1
36075,2
36076,1
36077,2
36078,1
36079,1
36080,2
36081,1
36082,2
36083,2
36084,1
36085,2
36086,2
36087,1
36088,1
36089,2
36090,2
36091,1
36092,1
36093,2
36094,2
36095,2
36096,2
36097,1
36098,1
36099,1
36100,1
36101,2
36102,1
36103,1
36104,1
36105,1
36106,1
36107,1
36108,1
36109,2
36110,2
36111,1
36112,1
36113,2
36114,2
36115,2
36116,1
36117,2
36118,1
36119,2
36120,2
36121,1
36122,1
36123,2
36124,1
36125,1
36126,1
36127,2
36128,1
36129,1
36130,2
36131,1
36132,2
36133,2
36134,2
36135,2
36136,1
36137,2
36138,2
36139,2
36140,2
36141,1
36142,2
36143,2
36144,2
36145,2
36146,2
36147,2
36148,2
36149,1
36150,2
36151,2
36152,2
36153,2
36154,2
36155,1
36156,1
36157,2
36158,2
36159,2
36160,1
36161,2
36162,2
36163,1
36164,1
36165,2
36166,1
36167,1
36168,2
36169,1
36170,2
36171,1
36172,1
36173,2
36174,2
36175,2
36176,2
36177,2
36178,2
36179,2
36180,1
36181,1
36182,1
36183,2
36184,1
36185,1
36186,1
36187,1
36188,2
36189,1
36190,2
36191,1
36192,2
36193,1
36194,1
36195,2
36196,2
36197,2
36198,1
36199,2
36200,2
36201,2
36202,1
36203,1
36204,1
36205,2
36206,1
36207,1
36208,2
36209,2
36210,2
36211,1
36212,2
36213,1
36214,1
36215,2
36216,2
36217,2
36218,2
36219,2
36220,2
36221,2
36222,2
36223,2
36224,2
36225,2
36226,1
36227,1
36228,2
36229,1
36230,1
36231,2
36232,2
36233,2
36234,2
36235,1
36236,1
36237,2
36238,2
36239,1
36240,2
36241,1
36242,2
36243,2
36244,1
36245,2
36246,1
36247,2
36248,1
36249,2
36250,1
36251,1
36252,2
36253,2
36254,1
36255,2
36256,1
36257,1
36258,2
36259,1
36260,1
36261,2
36262,2
36263,2
36264,1
36265,1
36266,2
36267,2
36268,1
36269,2
36270,1
36271,2
36272,1
36273,1
36274,2
36275,1
36276,1
36277,1
36278,1
36279,2
36280,2
36281,2
36282,1
36283,2
36284,2
36285,1
36286,2
36287,2
36288,2
36289,2
36290,1
36291,2
36292,2
36293,2
36294,1
36295,1
36296,2
36297,2
36298,2
36299,2
36300,2
36301,2
36302,2
36303,1
36304,1
36305,1
36306,2
36307,2
36308,2
36309,1
36310,2
36311,1
36312,1
36313,2
36314,2
36315,1
36316,1
36317,2
36318,2
36319,1
36320,1
36321,1
36322,2
36323,2
36324,1
36325,1
36326,2
36327,2
36328,1
36329,1
36330,2
36331,1
36332,1
36333,1
36334,2
36335,2
36336,1
36337,2
36338,2
36339,2
36340,2
36341,2
36342,1
36343,2
36344,2
36345,2
36346,1
36347,1
36348,2
36349,1
36350,1
36351,2
36352,2
36353,2
36354,2
36355,2
36356,2
36357,1
36358,2
36359,2
36360,1
36361,2
36362,1
36363,2
36364,2
36365,1
36366,2
36367,1
36368,1
36369,1
36370,1
36371,2
36372,1
36373,1
36374,2
36375,2
36376,2
36377,2
36378,2
36379,1
36380,1
36381,1
36382,1
36383,2
36384,2
36385,2
36386,2
36387,1
36388,1
36389,2
36390,2
36391,1
36392,2
36393,2
36394,1
36395,1
36396,1
36397,2
36398,1
36399,1
36400,1
36401,2
36402,2
36403,1
36404,2
36405,1
36406,1
36407,2
36408,1
36409,1
36410,2
36411,1
36412,1
36413,1
36414,2
36415,2
36416,2
36417,1
36418,1
36419,2
36420,1
36421,1
36422,2
36423,1
36424,2
36425,2
36426,1
36427,2
36428,2
36429,1
36430,1
36431,2
36432,2
36433,1
36434,1
36435,2
36436,1
36437,2
36438,2
36439,2
36440,2
36441,2
36442,2
36443,1
36444,1
36445,1
36446,1
36447,2
36448,2
36449,2
36450,2
36451,2
36452,2
36453,1
36454,1
36455,2
36456,2
36457,1
36458,2
36459,1
36460,1
36461,1
36462,2
36463,2
36464,1
36465,1
36466,1
36467,2
36468,2
36469,2
36470,1
36471,2
36472,1
36473,1
36474,1
36475,2
36476,1
36477,2
36478,2
36479,2
36480,1
36481,1
36482,1
36483,2
36484,2
36485,1
36486,1
36487,2
36488,2
36489,1
36490,1
36491,2
36492,2
36493,1
36494,2
36495,2
36496,1
36497,2
36498,1
36499,1
36500,2
36501,1
36502,2
36503,2
36504,1
36505,1
36506,1
36507,1
36508,1
36509,2
36510,2
36511,2
36512,2
36513,1
36514,2
36515,1
36516,2
36517,1
36518,1
36519,2
36520,1
36521,2
36522,2
36523,2
36524,1
36525,1
36526,2
36527,1
36528,1
36529,1
36530,2
36531,2
36532,2
36533,2
36534,2
36535,1
36536,1
36537,2
36538,1
36539,1
36540,2
36541,1
36542,2
36543,1
36544,1
36545,1
36546,1
36547,1
36548,2
36549,1
36550,2
36551,2
36552,2
36553,1
36554,2
36555,1
36556,2
36557,1
36558,2
36559,1
36560,1
36561,1
36562,1
36563,1
36564,1
36565,1
36566,2
36567,2
36568,1
36569,2
36570,2
36571,2
36572,2
36573,2
36574,1
36575,1
36576,1
36577,1
36578,1
36579,2
36580,1
36581,1
36582,2
36583,1
36584,1
36585,1
36586,1
36587,2
36588,2
36589,1
36590,1
36591,1
36592,2
36593,2
36594,2
36595,1
36596,1
36597,2
36598,1
36599,2
36600,1
36601,1
36602,1
36603,1
36604,1
36605,2
36606,1
36607,1
36608,1
36609,1
36610,2
36611,2
36612,2
36613,2
36614,1
36615,1
36616,2
36617,2
36618,1
36619,1
36620,2
36621,1
36622,2
36623,2
36624,2
36625,2
36626,2
36627,1
36628,2
36629,2
36630,2
36631,2
36632,1
36633,1
36634,1
36635,2
36636,1
36637,2
36638,1
36639,1
36640,1
36641,2
36642,2
36643,2
36644,1
36645,1
36646,1
36647,1
36648,2
36649,2
36650,2
36651,2
36652,2
36653,2
36654,1
36655,1
36656,2
36657,2
36658,2
36659,1
36660,2
36661,1
36662,1
36663,2
36664,2
36665,2
36666,2
36667,2
36668,1
36669,2
36670,1
36671,1
36672,1
36673,2
36674,2
36675,1
36676,1
36677,1
36678,1
36679,2
36680,1
36681,1
36682,1
36683,2
36684,2
36685,1
36686,2
36687,2
36688,1
36689,2
36690,1
36691,2
36692,1
36693,1
36694,2
36695,1
36696,1
36697,2
36698,1
36699,2
36700,2
36701,2
36702,2
36703,1
36704,2
36705,2
36706,1
36707,2
36708,1
36709,1
36710,2
36711,2
36712,2
36713,2
36714,1
36715,1
36716,2
36717,1
36718,1
36719,1
36720,1
36721,1
36722,2
36723,2
36724,1
36725,2
36726,2
36727,2
36728,2
36729,1
36730,1
36731,2
36732,1
36733,1
36734,2
36735,1
36736,1
36737,1
36738,2
36739,1
36740,1
36741,2
36742,1
36743,2
36744,2
36745,1
36746,2
36747,1
36748,2
36749,2
36750,2
36751,1
36752,1
36753,2
36754,1
36755,2
36756,2
36757,2
36758,1
36759,1
36760,1
36761,2
36762,1
36763,2
36764,2
36765,1
36766,1
36767,2
36768,2
36769,2
36770,2
36771,2
36772,2
36773,1
36774,1
36775,2
36776,1
36777,1
36778,1
36779,1
36780,2
36781,1
36782,2
36783,1
36784,1
36785,2
36786,2
36787,2
36788,1
36789,1
36790,2
36791,2
36792,2
36793,1
36794,1
36795,1
36796,2
36797,2
36798,2
36799,1
36800,2
36801,2
36802,1
36803,2
36804,1
36805,2
36806,1
36807,2
36808,1
36809,2
36810,1
36811,1
36812,2
36813,2
36814,1
36815,2
36816,2
36817,2
36818,1
36819,2
36820,2
36821,2
36822,2
36823,1
36824,1
36825,2
36826,2
36827,2
36828,1
36829,2
36830,2
36831,1
36832,1
36833,2
36834,1
36835,2
36836,1
36837,1
36838,1
36839,2
36840,2
36841,2
36842,2
36843,1
36844,2
36845,1
36846,2
36847,2
36848,2
36849,1
36850,2
36851,2
36852,1
36853,2
36854,1
36855,1
36856,1
36857,2
36858,2
36859,1
36860,1
36861,2
36862,1
36863,1
36864,1
36865,2
36866,2
36867,2
36868,2
36869,1
36870,1
36871,1
36872,2
36873,1
36874,2
36875,2
36876,2
36877,1
36878,1
36879,2
36880,1
36881,1
36882,1
36883,2
36884,1
36885,2
36886,1
36887,1
36888,1
36889,1
36890,2
36891,1
36892,2
36893,1
36894,1
36895,1
36896,2
36897,1
36898,2
36899,1
36900,1
36901,2
36902,1
36903,2
36904,1
36905,1
36906,2
36907,1
36908,1
36909,1
36910,2
36911,2
36912,2
36913,1
36914,1
36915,1
36916,1
36917,2
36918,1
36919,2
36920,2
36921,2
36922,2
36923,2
36924,1
36925,2
36926,1
36927,2
36928,1
36929,2
36930,2
36931,2
36932,2
36933,2
36934,2
36935,2
36936,2
36937,2
36938,1
36939,1
36940,2
36941,2
36942,2
36943,1
36944,1
36945,1
36946,2
36947,1
36948,2
36949,1
36950,1
36951,1
36952,1
36953,1
36954,1
36955,2
36956,2
36957,2
36958,1
36959,2
36960,1
36961,1
36962,2
36963,2
36964,1
36965,1
36966,2
36967,2
36968,1
36969,2
36970,2
36971,1
36972,2
36973,1
36974,2
36975,2
36976,2
36977,2
36978,1
36979,2
36980,2
36981,1
36982,2
36983,2
36984,1
36985,2
36986,1
36987,1
36988,1
36989,2
36990,1
36991,2
36992,2
36993,1
36994,1
36995,2
36996,1
36997,1
36998,1
36999,1
37000,2
37001,2
37002,1
37003,2
37004,1
37005,2
37006,2
37007,2
37008,1
37009,2
37010,2
37011,1
37012,2
37013,1
37014,1
37015,1
37016,2
37017,1
37018,1
37019,1
37020,1
37021,1
37022,2
37023,1
37024,1
37025,2
37026,1
37027,1
37028,1
37029,2
37030,1
37031,1
37032,2
37033,2
37034,1
37035,2
37036,2
37037,2
37038,2
37039,2
37040,1
37041,1
37042,1
37043,2
37044,2
37045,1
37046,2
37047,2
37048,2
37049,1
37050,2
37051,1
37052,2
37053,2
37054,2
37055,1
37056,2
37057,2
37058,2
37059,1
37060,2
37061,2
37062,1
37063,2
37064,2
37065,1
37066,2
37067,1
37068,1
37069,1
37070,1
37071,2
37072,2
37073,2
37074,2
37075,1
37076,1
37077,2
37078,1
37079,1
37080,1
37081,1
37082,1
37083,1
37084,1
37085,2
37086,1
37087,1
37088,2
37089,2
37090,1
37091,2
37092,2
37093,2
37094,1
37095,1
37096,2
37097,1
37098,2
37099,1
37100,2
37101,1
37102,1
37103,1
37104,2
37105,1
37106,1
37107,2
37108,2
37109,1
37110,2
37111,1
37112,2
37113,1
37114,2
37115,2
37116,1
37117,1
37118,2
37119,2
37120,1
37121,2
37122,1
37123,2
37124,1
37125,1
37126,2
37127,2
37128,1
37129,2
37130,2
37131,2
37132,1
37133,1
37134,1
37135,2
37136,2
37137,1
37138,2
37139,1
37140,1
37141,2
37142,1
37143,1
37144,1
37145,1
37146,1
37147,1
37148,2
37149,1
37150,1
37151,1
37152,1
37153,2
37154,2
37155,2
37156,2
37157,2
37158,1
37159,1
37160,1
37161,1
37162,1
37163,2
37164,2
37165,1
37166,2
37167,1
37168,1
37169,1
37170,2
37171,1
37172,2
37173,2
37174,2
37175,2
37176,2
37177,2
37178,1
37179,2
37180,1
37181,2
37182,2
37183,1
37184,1
37185,2
37186,1
37187,1
37188,1
37189,1
37190,1
37191,1
37192,2
37193,2
37194,2
37195,1
37196,2
37197,1
37198,2
37199,2
37200,1
37201,2
37202,2
37203,2
37204,2
37205,1
37206,1
37207,2
37208,2
37209,1
37210,2
37211,2
37212,1
37213,2
37214,1
37215,1
37216,2
37217,2
37218,2
37219,1
37220,1
37221,2
37222,2
37223,1
37224,2
37225,1
37226,2
37227,1
37228,1
37229,2
37230,2
37231,2
37232,1
37233,1
37234,2
37235,1
37236,2
37237,1
37238,2
37239,2
37240,2
37241,1
37242,2
37243,2
37244,2
37245,1
37246,1
37247,1
37248,1
37249,1
37250,1
37251,2
37252,1
37253,1
37254,1
37255,1
37256,1
37257,2
37258,2
37259,2
37260,1
37261,1
37262,1
37263,2
37264,1
37265,1
37266,2
37267,1
37268,2
37269,2
37270,1
37271,2
37272,1
37273,1
37274,2
37275,1
37276,1
37277,1
37278,2
37279,1
37280,2
37281,1
37282,1
37283,2
37284,1
37285,1
37286,1
37287,2
37288,2
37289,2
37290,2
37291,2
37292,2
37293,2
37294,1
37295,2
37296,1
37297,1
37298,1
37299,1
37300,1
37301,2
37302,2
37303,1
37304,1
37305,2
37306,1
37307,2
37308,2
37309,2
37310,1
37311,1
37312,1
37313,1
37314,2
37315,2
37316,1
37317,1
37318,2
37319,2
37320,2
37321,2
37322,1
37323,1
37324,1
37325,2
37326,1
37327,2
37328,1
37329,2
37330,1
37331,1
37332,2
37333,2
37334,1
37335,2
37336,2
37337,1
37338,2
37339,2
37340,1
37341,1
37342,2
37343,2
37344,2
37345,1
37346,2
37347,1
37348,1
37349,1
37350,2
37351,2
37352,2
37353,2
37354,1
37355,1
37356,1
37357,1
37358,2
37359,1
37360,1
37361,1
37362,1
37363,1
37364,1
37365,2
37366,2
37367,1
37368,2
37369,1
37370,1
37371,2
37372,2
37373,1
37374,2
37375,2
37376,1
37377,2
37378,1
37379,2
37380,1
37381,1
37382,2
37383,2
37384,1
37385,2
37386,1
37387,1
37388,2
37389,2
37390,2
37391,2
37392,2
37393,2
37394,2
37395,1
37396,2
37397,2
37398,2
37399,2
37400,2
37401,2
37402,2
37403,2
37404,1
37405,2
37406,1
37407,2
37408,1
37409,1
37410,2
37411,1
37412,1
37413,2
37414,1
37415,2
37416,2
37417,2
37418,2
37419,2
37420,1
37421,2
37422,1
37423,1
37424,1
37425,2
37426,1
37427,1
37428,2
37429,1
37430,2
37431,2
37432,2
37433,1
37434,2
37435,2
37436,1
37437,2
37438,1
37439,1
37440,1
37441,1
37442,1
37443,1
37444,1
37445,2
37446,2
37447,2
37448,2
37449,2
37450,2
37451,1
37452,1
37453,1
37454,1
37455,2
37456,1
37457,2
37458,2
37459,2
37460,2
37461,2
37462,2
37463,2
37464,1
37465,2
37466,2
37467,1
37468,2
37469,2
37470,2
37471,1
37472,1
37473,2
37474,2
37475,2
37476,1
37477,1
37478,2
37479,2
37480,1
37481,1
37482,1
37483,2
37484,2
37485,2
37486,2
37487,2
37488,2
37489,2
37490,2
37491,2
37492,1
37493,2
37494,2
37495,2
37496,1
37497,1
37498,2
37499,1
37500,2
37501,1
37502,1
37503,1
37504,1
37505,2
37506,2
37507,1
37508,2
37509,2
37510,2
37511,1
37512,1
37513,2
37514,2
37515,1
37516,2
37517,2
37518,2
37519,1
37520,1
37521,1
37522,1
37523,2
37524,1
37525,1
37526,1
37527,2
37528,1
37529,1
37530,2
37531,2
37532,2
37533,2
37534,2
37535,2
37536,2
37537,2
37538,2
37539,1
37540,1
37541,1
37542,1
37543,2
37544,2
37545,1
37546,2
37547,2
37548,1
37549,2
37550,2
37551,1
37552,1
37553,2
37554,2
37555,2
37556,1
37557,1
37558,1
37559,1
37560,2
37561,1
37562,1
37563,1
37564,1
37565,2
37566,1
37567,2
37568,1
37569,2
37570,2
37571,2
37572,1
37573,1
37574,1
37575,2
37576,2
37577,1
37578,1
37579,1
37580,1
37581,2
37582,1
37583,1
37584,1
37585,2
37586,1
37587,2
37588,1
37589,1
37590,2
37591,1
37592,2
37593,2
37594,1
37595,1
37596,1
37597,1
37598,2
37599,2
37600,2
37601,1
37602,1
37603,1
37604,2
37605,2
37606,1
37607,1
37608,2
37609,2
37610,2
37611,2
37612,1
37613,1
37614,1
37615,2
37616,1
37617,2
37618,2
37619,1
37620,2
37621,1
37622,1
37623,1
37624,2
37625,1
37626,1
37627,2
37628,1
37629,1
37630,1
37631,1
37632,2
37633,1
37634,1
37635,1
37636,1
37637,2
37638,2
37639,1
37640,1
37641,1
37642,1
37643,2
37644,1
37645,1
37646,1
37647,1
37648,1
37649,2
37650,1
37651,1
37652,1
37653,1
37654,1
37655,1
37656,1
37657,1
37658,2
37659,1
37660,2
37661,2
37662,2
37663,1
37664,2
37665,2
37666,2
37667,2
37668,2
37669,1
37670,1
37671,1
37672,1
37673,2
37674,2
37675,1
37676,2
37677,2
37678,2
37679,1
37680,2
37681,1
37682,1
37683,1
37684,1
37685,1
37686,2
37687,2
37688,2
37689,1
37690,1
37691,2
37692,1
37693,1
37694,2
37695,1
37696,1
37697,1
37698,2
37699,1
37700,2
37701,1
37702,2
37703,2
37704,1
37705,2
37706,1
37707,2
37708,1
37709,1
37710,2
37711,2
37712,1
37713,2
37714,2
37715,1
37716,1
37717,1
37718,1
37719,2
37720,1
37721,1
37722,1
37723,1
37724,2
37725,1
37726,2
37727,1
37728,1
37729,1
37730,1
37731,1
37732,1
37733,1
37734,2
37735,1
37736,2
37737,2
37738,2
37739,2
37740,2
37741,1
37742,1
37743,1
37744,2
37745,2
37746,1
37747,2
37748,1
37749,2
37750,1
37751,1
37752,1
37753,1
37754,1
37755,2
37756,1
37757,2
37758,2
37759,2
37760,2
37761,1
37762,2
37763,2
37764,1
37765,2
37766,2
37767,2
37768,1
37769,1
37770,2
37771,2
37772,1
37773,1
37774,1
37775,2
37776,2
37777,1
37778,1
37779,1
37780,1
37781,2
37782,2
37783,1
37784,1
37785,2
37786,1
37787,1
37788,2
37789,1
37790,2
37791,2
37792,1
37793,2
37794,2
37795,1
37796,1
37797,2
37798,2
37799,1
37800,2
37801,2
37802,2
37803,2
37804,2
37805,1
37806,2
37807,2
37808,2
37809,2
37810,2
37811,2
37812,1
37813,2
37814,1
37815,2
37816,1
37817,1
37818,1
37819,2
37820,2
37821,1
37822,1
37823,2
37824,2
37825,1
37826,2
37827,2
37828,1
37829,1
37830,1
37831,1
37832,2
37833,1
37834,1
37835,2
37836,1
37837,1
37838,1
37839,1
37840,1
37841,1
37842,2
37843,1
37844,2
37845,2
37846,2
37847,1
37848,1
37849,1
37850,2
37851,2
37852,2
37853,2
37854,2
37855,1
37856,2
37857,2
37858,2
37859,1
37860,2
37861,2
37862,2
37863,2
37864,1
37865,2
37866,1
37867,2
37868,2
37869,1
37870,1
37871,2
37872,2
37873,2
37874,1
37875,2
37876,1
37877,1
37878,1
37879,2
37880,1
37881,1
37882,1
37883,1
37884,2
37885,1
37886,1
37887,1
37888,1
37889,1
37890,1
37891,2
37892,2
37893,2
37894,2
37895,1
37896,1
37897,1
37898,1
37899,2
37900,1
37901,2
37902,2
37903,2
37904,1
37905,1
37906,2
37907,1
37908,2
37909,1
37910,2
37911,1
37912,1
37913,1
37914,2
37915,1
37916,2
37917,2
37918,2
37919,2
37920,1
37921,2
37922,2
37923,1
37924,1
37925,2
37926,2
37927,2
37928,1
37929,1
37930,2
37931,2
37932,2
37933,2
37934,2
37935,2
37936,2
37937,2
37938,2
37939,1
37940,2
37941,2
37942,1
37943,1
37944,2
37945,1
37946,1
37947,2
37948,2
37949,1
37950,2
37951,1
37952,1
37953,1
37954,1
37955,1
37956,1
37957,2
37958,2
37959,2
37960,2
37961,1
37962,1
37963,2
37964,2
37965,1
37966,1
37967,1
37968,2
37969,1
37970,1
37971,2
37972,2
37973,2
37974,1
37975,1
37976,2
37977,2
37978,1
37979,1
37980,2
37981,2
37982,2
37983,1
37984,1
37985,2
37986,1
37987,1
37988,2
37989,1
37990,2
37991,1
37992,1
37993,2
37994,1
37995,2
37996,1
37997,2
37998,1
37999,2
38000,1
38001,2
38002,2
38003,1
38004,1
38005,1
38006,2
38007,1
38008,1
38009,1
38010,2
38011,2
38012,2
38013,2
38014,2
38015,1
38016,2
38017,2
38018,2
38019,1
38020,1
38021,1
38022,2
38023,1
38024,1
38025,1
38026,1
38027,2
38028,2
38029,2
38030,2
38031,2
38032,2
38033,2
38034,2
38035,2
38036,1
38037,2
38038,1
38039,1
38040,1
38041,2
38042,2
38043,2
38044,1
38045,1
38046,1
38047,1
38048,1
38049,1
38050,1
38051,1
38052,1
38053,2
38054,1
38055,1
38056,1
38057,1
38058,1
38059,1
38060,2
38061,2
38062,1
38063,1
38064,1
38065,2
38066,2
38067,2
38068,2
38069,1
38070,1
38071,2
38072,2
38073,2
38074,2
38075,1
38076,2
38077,1
38078,1
38079,1
38080,1
38081,1
38082,2
38083,2
38084,1
38085,2
38086,2
38087,2
38088,2
38089,2
38090,2
38091,2
38092,1
38093,1
38094,2
38095,1
38096,2
38097,1
38098,2
38099,2
38100,2
38101,1
38102,2
38103,2
38104,1
38105,1
38106,1
38107,2
38108,1
38109,2
38110,1
38111,2
38112,2
38113,2
38114,2
38115,2
38116,1
38117,2
38118,2
38119,1
38120,1
38121,2
38122,1
38123,2
38124,2
38125,2
38126,1
38127,2
38128,2
38129,1
38130,2
38131,2
38132,1
38133,1
38134,1
38135,2
38136,2
38137,2
38138,1
38139,2
38140,2
38141,2
38142,1
38143,1
38144,2
38145,1
38146,1
38147,2
38148,1
38149,2
38150,1
38151,2
38152,2
38153,2
38154,2
38155,1
38156,1
38157,2
38158,2
38159,1
38160,1
38161,2
38162,2
38163,1
38164,1
38165,2
38166,1
38167,2
38168,1
38169,2
38170,2
38171,1
38172,2
38173,2
38174,1
38175,2
38176,2
38177,1
38178,2
38179,1
38180,1
38181,1
38182,1
38183,1
38184,1
38185,2
38186,2
38187,2
38188,1
38189,1
38190,2
38191,2
38192,2
38193,1
38194,1
38195,1
38196,1
38197,1
38198,2
38199,2
38200,2
38201,1
38202,1
38203,1
38204,1
38205,1
38206,2
38207,2
38208,1
38209,1
38210,2
38211,2
38212,2
38213,1
38214,1
38215,2
38216,1
38217,2
38218,2
38219,1
38220,1
38221,1
38222,1
38223,1
38224,1
38225,2
38226,2
38227,2
38228,2
38229,1
38230,2
38231,2
38232,1
38233,2
38234,1
38235,2
38236,2
38237,1
38238,2
38239,2
38240,2
38241,2
38242,2
38243,2
38244,2
38245,1
38246,2
38247,1
38248,1
38249,1
38250,2
38251,1
38252,2
38253,1
38254,2
38255,2
38256,1
38257,1
38258,2
38259,1
38260,1
38261,2
38262,1
38263,2
38264,1
38265,1
38266,1
38267,2
38268,1
38269,1
38270,1
38271,2
38272,1
38273,2
38274,1
38275,2
38276,2
38277,1
38278,1
38279,2
38280,1
38281,1
38282,2
38283,2
38284,1
38285,1
38286,2
38287,1
38288,1
38289,2
38290,1
38291,2
38292,1
38293,2
38294,2
38295,1
38296,2
38297,1
38298,1
38299,1
38300,1
38301,1
38302,1
38303,1
38304,2
38305,2
38306,2
38307,1
38308,1
38309,2
38310,1
38311,1
38312,1
38313,1
38314,1
38315,2
38316,1
38317,2
38318,1
38319,1
38320,2
38321,1
38322,1
38323,2
38324,1
38325,1
38326,2
38327,2
38328,2
38329,1
38330,1
38331,2
38332,1
38333,2
38334,2
38335,2
38336,2
38337,2
38338,1
38339,1
38340,2
38341,1
38342,1
38343,2
38344,1
38345,2
38346,1
38347,1
38348,1
38349,2
38350,1
38351,2
38352,2
38353,2
38354,1
38355,1
38356,2
38357,2
38358,1
38359,2
38360,1
38361,1
38362,1
38363,1
38364,1
38365,1
38366,2
38367,2
38368,1
38369,1
38370,2
38371,2
38372,2
38373,1
38374,2
38375,1
38376,2
38377,1
38378,1
38379,1
38380,1
38381,2
38382,2
38383,1
38384,2
38385,1
38386,1
38387,2
38388,1
38389,1
38390,1
38391,2
38392,2
38393,1
38394,2
38395,1
38396,2
38397,1
38398,2
38399,2
38400,1
38401,1
38402,1
38403,1
38404,2
38405,1
38406,1
38407,1
38408,1
38409,1
38410,2
38411,1
38412,2
38413,1
38414,2
38415,1
38416,1
38417,2
38418,2
38419,1
38420,2
38421,2
38422,2
38423,2
38424,2
38425,1
38426,2
38427,2
38428,1
38429,1
38430,2
38431,1
38432,2
38433,1
38434,1
38435,2
38436,1
38437,2
38438,2
38439,1
38440,2
38441,1
38442,1
38443,1
38444,1
38445,1
38446,2
38447,2
38448,1
38449,2
38450,2
38451,2
38452,2
38453,1
38454,1
38455,2
38456,2
38457,1
38458,1
38459,1
38460,1
38461,2
38462,2
38463,1
38464,1
38465,2
38466,2
38467,2
38468,1
38469,1
38470,1
38471,2
38472,2
38473,2
38474,2
38475,2
38476,2
38477,2
38478,1
38479,1
38480,1
38481,1
38482,1
38483,2
38484,1
38485,1
38486,2
38487,2
38488,1
38489,1
38490,1
38491,2
38492,1
38493,1
38494,1
38495,1
38496,1
38497,1
38498,2
38499,2
38500,2
38501,2
38502,2
38503,2
38504,1
38505,1
38506,1
38507,1
38508,1
38509,1
38510,2
38511,1
38512,2
38513,1
38514,2
38515,1
38516,2
38517,2
38518,2
38519,2
38520,2
38521,1
38522,2
38523,1
38524,1
38525,2
38526,2
38527,2
38528,1
38529,2
38530,2
38531,2
38532,2
38533,2
38534,2
38535,2
38536,2
38537,1
38538,2
38539,2
38540,1
38541,2
38542,1
38543,2
38544,2
38545,1
38546,2
38547,1
38548,2
38549,2
38550,2
38551,2
38552,2
38553,1
38554,2
38555,1
38556,1
38557,2
38558,1
38559,2
38560,1
38561,1
38562,2
38563,2
38564,1
38565,2
38566,2
38567,1
38568,2
38569,1
38570,1
38571,2
38572,1
38573,2
38574,2
38575,2
38576,2
38577,1
38578,2
38579,1
38580,1
38581,2
38582,1
38583,1
38584,2
38585,2
38586,2
38587,1
38588,1
38589,2
38590,2
38591,2
38592,1
38593,2
38594,1
38595,1
38596,1
38597,2
38598,2
38599,1
38600,2
38601,2
38602,2
38603,1
38604,1
38605,2
38606,2
38607,2
38608,1
38609,2
38610,2
38611,2
38612,1
38613,2
38614,2
38615,1
38616,1
38617,1
38618,1
38619,1
38620,2
38621,1
38622,1
38623,1
38624,2
38625,1
38626,2
38627,2
38628,1
38629,2
38630,1
38631,2
38632,2
38633,2
38634,1
38635,2
38636,1
38637,2
38638,1
38639,1
38640,2
38641,2
38642,1
38643,1
38644,2
38645,1
38646,2
38647,2
38648,2
38649,1
38650,1
38651,2
38652,1
38653,2
38654,2
38655,2
38656,1
38657,1
38658,2
38659,1
38660,2
38661,2
38662,2
38663,2
38664,1
38665,2
38666,2
38667,2
38668,1
38669,2
38670,2
38671,1
38672,2
38673,1
38674,2
38675,2
38676,2
38677,2
38678,1
38679,1
38680,1
38681,2
38682,1
38683,2
38684,2
38685,2
38686,2
38687,2
38688,1
38689,2
38690,1
38691,2
38692,1
38693,2
38694,2
38695,2
38696,2
38697,2
38698,1
38699,1
38700,1
38701,2
38702,2
38703,1
38704,2
38705,2
38706,1
38707,1
38708,1
38709,1
38710,2
38711,1
38712,1
38713,1
38714,2
38715,2
38716,2
38717,1
38718,2
38719,1
38720,2
38721,2
38722,1
38723,2
38724,2
38725,1
38726,1
38727,2
38728,1
38729,2
38730,1
38731,2
38732,2
38733,2
38734,2
38735,1
38736,2
38737,1
38738,1
38739,2
38740,1
38741,2
38742,2
38743,2
38744,1
38745,1
38746,2
38747,1
38748,2
38749,1
38750,2
38751,2
38752,2
38753,2
38754,2
38755,2
38756,2
38757,2
38758,1
38759,1
38760,1
38761,2
38762,2
38763,2
38764,2
38765,2
38766,1
38767,2
38768,2
38769,2
38770,1
38771,2
38772,1
38773,1
38774,1
38775,2
38776,1
38777,1
38778,1
38779,2
38780,2
38781,2
38782,2
38783,2
38784,1
38785,2
38786,1
38787,2
38788,1
38789,1
38790,2
38791,2
38792,1
38793,2
38794,1
38795,2
38796,1
38797,2
38798,2
38799,1
38800,2
38801,1
38802,2
38803,1
38804,2
38805,2
38806,1
38807,2
38808,2
38809,1
38810,2
38811,2
38812,2
38813,2
38814,2
38815,2
38816,1
38817,2
38818,1
38819,1
38820,2
38821,2
38822,2
38823,1
38824,2
38825,2
38826,2
38827,1
38828,1
38829,1
38830,1
38831,1
38832,1
38833,1
38834,1
38835,2
38836,1
38837,1
38838,1
38839,2
38840,2
38841,2
38842,2
38843,1
38844,1
38845,2
38846,2
38847,2
38848,2
38849,2
38850,1
38851,1
38852,2
38853,2
38854,2
38855,2
38856,2
38857,1
38858,1
38859,1
38860,2
38861,1
38862,2
38863,2
38864,1
38865,1
38866,1
38867,2
38868,1
38869,2
38870,2
38871,2
38872,2
38873,2
38874,1
38875,2
38876,2
38877,1
38878,2
38879,2
38880,2
38881,1
38882,1
38883,1
38884,2
38885,1
38886,1
38887,1
38888,1
38889,1
38890,1
38891,1
38892,2
38893,2
38894,2
38895,1
38896,2
38897,2
38898,2
38899,2
38900,1
38901,1
38902,1
38903,1
38904,1
38905,1
38906,1
38907,1
38908,2
38909,2
38910,2
38911,2
38912,2
38913,2
38914,2
38915,2
38916,1
38917,2
38918,2
38919,1
38920,1
38921,2
38922,2
38923,1
38924,1
38925,2
38926,1
38927,2
38928,2
38929,1
38930,2
38931,2
38932,2
38933,1
38934,1
38935,1
38936,2
38937,1
38938,1
38939,2
38940,2
38941,2
38942,2
38943,1
38944,1
38945,2
38946,1
38947,2
38948,1
38949,2
38950,1
38951,2
38952,2
38953,1
38954,1
38955,2
38956,1
38957,2
38958,1
38959,1
38960,2
38961,1
38962,2
38963,2
38964,1
38965,2
38966,2
38967,2
38968,2
38969,1
38970,1
38971,2
38972,1
38973,2
38974,1
38975,2
38976,1
38977,1
38978,1
38979,2
38980,2
38981,1
38982,1
38983,1
38984,1
38985,2
38986,2
38987,1
38988,1
38989,1
38990,2
38991,2
38992,1
38993,1
38994,2
38995,2
38996,2
38997,2
38998,2
38999,2
39000,2
39001,2
39002,1
39003,1
39004,2
39005,1
39006,2
39007,2
39008,2
39009,2
39010,2
39011,1
39012,2
39013,1
39014,1
39015,2
39016,1
39017,1
39018,1
39019,2
39020,2
39021,1
39022,2
39023,2
39024,1
39025,2
39026,2
39027,1
39028,2
39029,2
39030,2
39031,2
39032,1
39033,2
39034,2
39035,1
39036,2
39037,2
39038,2
39039,1
39040,2
39041,2
39042,2
39043,2
39044,1
39045,2
39046,1
39047,1
39048,2
39049,2
39050,2
39051,1
39052,2
39053,2
39054,2
39055,2
39056,1
39057,1
39058,2
39059,1
39060,1
39061,2
39062,1
39063,2
39064,2
39065,1
39066,1
39067,2
39068,1
39069,2
39070,1
39071,1
39072,1
39073,2
39074,2
39075,1
39076,1
39077,2
39078,2
39079,1
39080,2
39081,2
39082,2
39083,1
39084,2
39085,2
39086,2
39087,2
39088,1
39089,1
39090,2
39091,2
39092,2
39093,2
39094,1
39095,2
39096,2
39097,2
39098,2
39099,2
39100,2
39101,1
39102,1
39103,1
39104,2
39105,1
39106,1
39107,1
39108,2
39109,2
39110,2
39111,2
39112,2
39113,2
39114,2
39115,1
39116,1
39117,1
39118,1
39119,1
39120,1
39121,1
39122,1
39123,1
39124,2
39125,2
39126,1
39127,1
39128,1
39129,1
39130,2
39131,2
39132,2
39133,2
39134,1
39135,2
39136,1
39137,2
39138,2
39139,1
39140,1
39141,1
39142,1
39143,1
39144,2
39145,1
39146,2
39147,2
39148,1
39149,1
39150,2
39151,1
39152,2
39153,1
39154,1
39155,1
39156,2
39157,2
39158,1
39159,1
39160,1
39161,1
39162,2
39163,2
39164,1
39165,2
39166,2
39167,2
39168,2
39169,2
39170,2
39171,1
39172,1
39173,2
39174,1
39175,1
39176,1
39177,1
39178,2
39179,1
39180,2
39181,2
39182,1
39183,1
39184,1
39185,1
39186,2
39187,1
39188,1
39189,2
39190,1
39191,2
39192,1
39193,2
39194,2
39195,2
39196,2
39197,1
39198,1
39199,1
39200,2
39201,2
39202,2
39203,2
39204,1
39205,1
39206,1
39207,2
39208,1
39209,2
39210,1
39211,2
39212,2
39213,2
39214,1
39215,1
39216,2
39217,1
39218,2
39219,1
39220,2
39221,1
39222,1
39223,2
39224,2
39225,1
39226,1
39227,1
39228,2
39229,2
39230,2
39231,1
39232,2
39233,1
39234,1
39235,2
39236,2
39237,1
39238,1
39239,1
39240,1
39241,2
39242,2
39243,1
39244,2
39245,1
39246,2
39247,1
39248,2
39249,1
39250,2
39251,2
39252,1
39253,1
39254,1
39255,1
39256,1
39257,2
39258,2
39259,2
39260,2
39261,2
39262,2
39263,2
39264,1
39265,2
39266,2
39267,2
39268,1
39269,1
39270,1
39271,2
39272,2
39273,1
39274,1
39275,2
39276,2
39277,1
39278,2
39279,1
39280,2
39281,1
39282,2
39283,1
39284,1
39285,1
39286,2
39287,1
39288,2
39289,2
39290,2
39291,2
39292,2
39293,2
39294,2
39295,1
39296,1
39297,2
39298,2
39299,2
39300,1
39301,2
39302,2
39303,1
39304,2
39305,1
39306,1
39307,2
39308,2
39309,1
39310,1
39311,2
39312,1
39313,2
39314,2
39315,1
39316,1
39317,1
39318,1
39319,1
39320,1
39321,1
39322,1
39323,1
39324,1
39325,2
39326,2
39327,1
39328,1
39329,2
39330,2
39331,2
39332,1
39333,2
39334,2
39335,2
39336,1
39337,2
39338,1
39339,2
39340,2
39341,2
39342,2
39343,1
39344,1
39345,1
39346,1
39347,2
39348,1
39349,1
39350,1
39351,2
39352,2
39353,1
39354,2
39355,2
39356,2
39357,2
39358,2
39359,2
39360,2
39361,2
39362,1
39363,2
39364,2
39365,1
39366,2
39367,2
39368,2
39369,2
39370,2
39371,2
39372,2
39373,2
39374,1
39375,1
39376,1
39377,1
39378,1
39379,2
39380,2
39381,2
39382,2
39383,2
39384,2
39385,2
39386,1
39387,2
39388,2
39389,2
39390,1
39391,2
39392,2
39393,1
39394,1
39395,1
39396,1
39397,1
39398,1
39399,1
39400,1
39401,1
39402,1
39403,1
39404,1
39405,1
39406,1
39407,1
39408,1
39409,1
39410,1
39411,2
39412,2
39413,1
39414,2
39415,2
39416,1
39417,1
39418,2
39419,2
39420,1
39421,1
39422,2
39423,1
39424,2
39425,2
39426,1
39427,2
39428,2
39429,2
39430,2
39431,2
39432,2
39433,2
39434,2
39435,1
39436,2
39437,2
39438,1
39439,1
39440,2
39441,1
39442,2
39443,1
39444,1
39445,1
39446,1
39447,1
39448,2
39449,1
39450,1
39451,2
39452,1
39453,2
39454,1
39455,1
39456,1
39457,2
39458,2
39459,2
39460,1
39461,1
39462,1
39463,1
39464,1
39465,1
39466,1
39467,2
39468,1
39469,1
39470,1
39471,2
39472,1
39473,1
39474,2
39475,1
39476,2
39477,2
39478,2
39479,1
39480,2
39481,2
39482,2
39483,2
39484,2
39485,2
39486,2
39487,2
39488,2
39489,2
39490,2
39491,2
39492,1
39493,1
39494,3
39495,1
39496,1
39497,3
39498,3
39499,3
39500,3
39501,3
39502,1
39503,3
39504,3
39505,3
39506,3
39507,3
39508,3
39509,3
39510,3
39511,3
39512,3
39513,3
39514,3
39515,3
39516,1
39517,3
39518,3
39519,3
39520,3
39521,3
39522,3
39523,3
39524,3
39525,1
39526,3
39527,3
39528,3
39529,3
39530,3
39531,3
39532,3
39533,3
39534,1
39535,2
39536,1
39537,1
39538,3
39539,3
39540,3
39541,3
39542,3
39543,3
39544,3
39545,3
39546,3
39547,3
39548,3
39549,3
39550,3
39551,1
39552,1
39553,3
39554,3
39555,3
39556,3
39557,3
39558,3
39559,3
39560,1
39561,1
39562,1
39563,3
39564,3
39565,1
39566,3
39567,3
39568,3
39569,3
39570,3
39571,1
39572,1
39573,3
39574,3
39575,3
39576,3
39577,3
39578,3
39579,1
39580,1
39581,1
39582,1
39583,3
39584,1
39585,3
39586,1
39587,3
39588,3
39589,3
39590,3
39591,3
39592,3
39593,3
39594,1
39595,1
39596,1
39597,3
39598,1
39599,3
39600,3
39601,3
39602,3
39603,3
39604,3
39605,3
39606,3
39607,3
39608,1
39609,1
39610,3
39611,1
39612,3
39613,1
39614,1
39615,3
39616,3
39617,3
39618,1
39619,3
39620,3
39621,3
39622,3
39623,3
39624,3
39625,3
39626,3
39627,3
39628,3
39629,3
39630,1
39631,3
39632,3
39633,3
39634,3
39635,3
39636,3
39637,3
39638,3
39639,3
39640,3
39641,3
39642,3
39643,3
39644,3
39645,3
39646,3
39647,1
39648,1
39649,1
39650,1
39651,1
39652,3
39653,1
39654,3
39655,3
39656,3
39657,3
39658,3
39659,3
39660,3
39661,3
39662,3
39663,3
39664,3
39665,3
39666,3
39667,3
39668,1
39669,1
39670,1
39671,1
39672,1
39673,3
39674,1
39675,1
39676,3
39677,3
39678,3
39679,3
39680,3
39681,3
39682,3
39683,3
39684,3
39685,3
39686,3
39687,3
39688,3
39689,1
39690,1
39691,1
39692,3
39693,3
39694,3
39695,3
39696,3
39697,3
39698,3
39699,3
39700,1
39701,1
39702,1
39703,3
39704,3
39705,1
39706,3
39707,3
39708,3
39709,3
39710,3
39711,3
39712,3
39713,1
39714,3
39715,1
39716,3
39717,1
39718,1
39719,3
39720,3
39721,3
39722,1
39723,3
39724,3
39725,3
39726,3
39727,3
39728,3
39729,3
39730,3
39731,3
39732,3
39733,3
39734,3
39735,3
39736,1
39737,3
39738,1
39739,1
39740,3
39741,3
39742,3
39743,3
39744,3
39745,3
39746,3
39747,3
39748,3
39749,3
39750,3
39751,3
39752,1
39753,1
39754,1
39755,1
39756,3
39757,1
39758,3
39759,3
39760,3
39761,3
39762,3
39763,3
39764,3
39765,3
39766,3
39767,3
39768,2
39769,1
39770,3
39771,3
39772,3
39773,3
39774,3
39775,3
39776,3
39777,3
39778,3
39779,3
39780,3
39781,3
39782,3
39783,3
39784,3
39785,1
39786,1
39787,1
39788,3
39789,1
39790,3
39791,3
39792,3
39793,1
39794,3
39795,3
39796,3
39797,3
39798,1
39799,3
39800,3
39801,3
39802,3
39803,3
39804,3
39805,3
39806,3
39807,3
39808,3
39809,1
39810,1
39811,1
39812,1
39813,3
39814,1
39815,3
39816,3
39817,3
39818,3
39819,3
39820,3
39821,3
39822,3
39823,3
39824,3
39825,1
39826,1
39827,1
39828,3
39829,3
39830,3
39831,3
39832,3
39833,3
39834,3
39835,1
39836,1
39837,3
39838,3
39839,3
39840,3
39841,3
39842,3
39843,3
39844,3
39845,3
39846,1
39847,1
39848,1
39849,1
39850,1
39851,3
39852,3
39853,3
39854,3
39855,3
39856,3
39857,3
39858,3
39859,3
39860,3
39861,3
39862,3
39863,1
39864,1
39865,1
39866,1
39867,1
39868,1
39869,1
39870,3
39871,3
39872,3
39873,3
39874,3
39875,3
39876,3
39877,3
39878,3
39879,3
39880,1
39881,1
39882,1
39883,1
39884,3
39885,3
39886,3
39887,3
39888,3
39889,3
39890,3
39891,3
39892,3
39893,3
39894,3
39895,3
39896,3
39897,3
39898,2
39899,1
39900,1
39901,1
39902,1
39903,1
39904,1
39905,3
39906,3
39907,3
39908,3
39909,3
39910,3
39911,1
39912,3
39913,3
39914,3
39915,3
39916,3
39917,3
39918,3
39919,3
39920,3
39921,3
39922,1
39923,3
39924,1
39925,1
39926,3
39927,3
39928,3
39929,3
39930,3
39931,3
39932,3
39933,3
39934,3
39935,3
39936,2
39937,3
39938,3
39939,3
39940,1
39941,3
39942,3
39943,3
39944,3
39945,3
39946,1
39947,1
39948,1
39949,3
39950,3
39951,1
39952,3
39953,3
39954,3
39955,3
39956,3
39957,3
39958,3
39959,3
39960,3
39961,3
39962,3
39963,1
39964,1
39965,1
39966,3
39967,3
39968,3
39969,3
39970,3
39971,3
39972,3
39973,3
39974,3
39975,3
39976,3
39977,3
39978,3
39979,1
39980,1
39981,3
39982,1
39983,3
39984,3
39985,3
39986,3
39987,3
39988,3
39989,1
39990,1
39991,1
39992,1
39993,3
39994,3
39995,3
39996,3
39997,3
39998,3
39999,3
40000,3
40001,3
40002,3
40003,3
40004,3
40005,3
40006,1
40007,1
40008,1
40009,3
40010,3
40011,3
40012,3
40013,3
40014,3
40015,3
40016,3
40017,3
40018,3
40019,3
40020,3
40021,1
40022,1
40023,1
40024,1
40025,1
40026,3
40027,3
40028,3
40029,3
40030,3
40031,3
40032,3
40033,1
40034,3
40035,3
40036,3
40037,3
40038,3
40039,3
40040,3
40041,3
40042,3
40043,3
40044,3
40045,3
40046,3
40047,3
40048,1
40049,1
40050,3
40051,1
40052,1
40053,1
40054,3
40055,1
40056,3
40057,3
40058,3
40059,3
40060,3
40061,3
40062,3
40063,3
40064,3
40065,3
40066,3
40067,3
40068,3
40069,3
40070,1
40071,1
40072,3
40073,3
40074,3
40075,3
40076,3
40077,3
40078,3
40079,3
40080,3
40081,3
40082,1
40083,3
40084,1
40085,3
40086,1
40087,3
40088,3
40089,3
40090,3
40091,3
40092,3
40093,3
40094,3
40095,3
40096,1
40097,1
40098,1
40099,1
40100,2
40101,1
40102,1
40103,3
40104,2
40105,3
40106,3
40107,3
40108,3
40109,3
40110,3
40111,3
40112,3
40113,2
40114,1
40115,1
40116,2
40117,1
40118,1
40119,1
40120,3
40121,3
40122,3
40123,3
40124,3
40125,3
40126,3
40127,3
40128,3
40129,3
40130,1
40131,1
40132,3
40133,1
40134,3
40135,3
40136,1
40137,1
40138,1
40139,3
40140,3
40141,3
40142,3
40143,3
40144,3
40145,3
40146,3
40147,3
40148,3
40149,3
40150,3
40151,2
40152,3
40153,3
40154,3
40155,3
40156,3
40157,3
40158,3
40159,3
40160,3
40161,3
40162,1
40163,1
40164,1
40165,3
40166,3
40167,3
40168,3
40169,3
40170,3
40171,3
40172,3
40173,1
40174,3
40175,3
40176,3
40177,3
40178,3
40179,3
40180,3
40181,1
40182,3
40183,1
40184,1
40185,3
40186,1
40187,1
40188,3
40189,3
40190,3
40191,3
40192,3
40193,3
40194,3
40195,3
40196,3
40197,3
40198,1
40199,1
40200,1
40201,3
40202,3
40203,3
40204,3
40205,3
40206,3
40207,3
40208,3
40209,3
40210,1
40211,1
40212,3
40213,3
40214,3
40215,3
40216,3
40217,3
40218,3
40219,3
40220,1
40221,3
40222,1
40223,1
40224,1
40225,1
40226,3
40227,1
40228,3
40229,3
40230,3
40231,3
40232,3
40233,3
40234,3
40235,3
40236,3
40237,3
40238,3
40239,3
40240,3
40241,3
40242,3
40243,1
40244,1
40245,1
40246,3
40247,1
40248,1
40249,1
40250,3
40251,3
40252,3
40253,3
40254,3
40255,3
40256,3
40257,3
40258,3
40259,3
40260,3
40261,3
40262,3
40263,3
40264,3
40265,3
40266,3
40267,3
40268,3
40269,3
40270,3
40271,3
40272,3
40273,3
40274,3
40275,3
40276,3
40277,3
40278,3
40279,3
40280,1
40281,1
40282,1
40283,1
40284,1
40285,1
40286,3
40287,3
40288,1
40289,3
40290,3
40291,3
40292,3
40293,3
40294,3
40295,3
40296,1
40297,1
40298,3
40299,1
40300,3
40301,3
40302,3
40303,3
40304,3
40305,3
40306,3
40307,3
40308,3
40309,3
40310,3
40311,3
40312,3
40313,3
40314,1
40315,1
40316,1
40317,1
40318,3
40319,3
40320,3
40321,3
40322,3
40323,3
40324,3
40325,3
40326,3
40327,1
40328,1
40329,1
40330,1
40331,3
40332,2
40333,3
40334,1
40335,3
40336,3
40337,3
40338,3
40339,3
40340,3
40341,3
40342,3
40343,3
40344,1
40345,1
40346,3
40347,1
40348,3
40349,3
40350,3
40351,3
40352,3
40353,1
40354,1
40355,3
40356,3
40357,3
40358,3
40359,3
40360,3
40361,3
40362,3
40363,3
40364,3
40365,3
40366,3
40367,2
40368,1
40369,1
40370,3
40371,3
40372,3
40373,3
40374,3
40375,3
40376,3
40377,3
40378,3
40379,3
40380,1
40381,1
40382,3
40383,1
40384,3
40385,1
40386,1
40387,3
40388,1
40389,1
40390,3
40391,1
40392,3
40393,3
40394,3
40395,3
40396,3
40397,3
40398,3
40399,3
40400,3
40401,3
40402,1
40403,1
40404,1
40405,3
40406,3
40407,3
40408,3
40409,3
40410,3
40411,3
40412,3
40413,3
40414,3
40415,2
40416,1
40417,1
40418,3
40419,2
40420,1
40421,3
40422,3
40423,3
40424,3
40425,3
40426,3
40427,3
40428,3
40429,3
40430,3
40431,3
40432,1
40433,1
40434,3
40435,1
40436,3
40437,3
40438,3
40439,3
40440,3
40441,3
40442,3
40443,3
40444,1
40445,3
40446,3
40447,3
40448,3
40449,3
40450,3
40451,2
40452,1
40453,3
40454,3
40455,3
40456,3
40457,3
40458,1
40459,3
40460,3
40461,3
40462,3
40463,3
40464,3
40465,3
40466,3
40467,3
40468,3
40469,3
40470,1
40471,1
40472,3
40473,3
40474,3
40475,3
40476,3
40477,3
40478,3
40479,3
40480,3
40481,3
40482,3
40483,3
40484,3
40485,1
40486,1
40487,3
40488,1
40489,3
40490,3
40491,3
40492,3
40493,3
40494,3
40495,1
40496,3
40497,3
40498,3
40499,1
40500,3
40501,3
40502,3
40503,3
40504,3
40505,3
40506,3
40507,1
40508,1
40509,3
40510,3
40511,3
40512,3
40513,3
40514,3
40515,3
40516,3
40517,3
40518,3
40519,1
40520,1
40521,1
40522,1
40523,1
40524,3
40525,3
40526,3
40527,3
40528,3
40529,3
40530,3
40531,3
40532,3
40533,3
40534,3
40535,3
40536,3
40537,3
40538,3
40539,3
40540,3
40541,3
40542,1
40543,1
40544,1
40545,1
40546,3
40547,1
40548,3
40549,3
40550,3
40551,3
40552,3
40553,3
40554,3
40555,3
40556,1
40557,1
40558,3
40559,1
40560,3
40561,3
40562,1
40563,3
40564,1
40565,3
40566,3
40567,1
40568,3
40569,3
40570,3
40571,3
40572,3
40573,3
40574,3
40575,3
40576,1
40577,3
40578,1
40579,3
40580,3
40581,3
40582,3
40583,3
40584,3
40585,3
40586,3
40587,3
40588,1
40589,1
40590,3
40591,3
40592,1
40593,3
40594,3
40595,3
40596,3
40597,3
40598,3
40599,3
40600,3
40601,3
40602,1
40603,1
40604,1
40605,3
40606,3
40607,1
40608,3
40609,3
40610,3
40611,3
40612,1
40613,1
40614,1
40615,1
40616,1
40617,3
40618,1
40619,3
40620,1
40621,1
40622,3
40623,3
40624,3
40625,3
40626,3
40627,3
40628,3
40629,3
40630,3
40631,3
40632,1
40633,1
40634,1
40635,3
40636,3
40637,3
40638,3
40639,3
40640,3
40641,3
40642,3
40643,3
40644,3
40645,3
40646,3
40647,3
40648,3
40649,3
40650,1
40651,3
40652,3
40653,1
40654,3
40655,3
40656,3
40657,3
40658,3
40659,3
40660,3
40661,1
40662,3
40663,1
40664,3
40665,1
40666,3
40667,3
40668,1
40669,3
40670,3
40671,3
40672,3
40673,3
40674,3
40675,3
40676,3
40677,3
40678,3
40679,3
40680,3
40681,3
40682,3
40683,3
40684,1
40685,1
40686,3
40687,1
40688,1
40689,1
40690,3
40691,1
40692,3
40693,3
40694,3
40695,3
40696,3
40697,3
40698,3
40699,3
40700,3
40701,3
40702,3
40703,3
40704,3
40705,1
40706,3
40707,1
40708,1
40709,1
40710,3
40711,1
40712,3
40713,3
40714,3
40715,3
40716,3
40717,3
40718,3
40719,3
40720,3
40721,3
40722,3
40723,2
40724,1
40725,3
40726,3
40727,1
40728,3
40729,3
40730,3
40731,3
40732,3
40733,3
40734,3
40735,3
40736,3
40737,3
40738,3
40739,1
40740,1
40741,3
40742,3
40743,3
40744,3
40745,3
40746,3
40747,3
40748,3
40749,3
40750,3
40751,3
40752,1
40753,1
40754,1
40755,1
40756,3
40757,3
40758,3
40759,3
40760,1
40761,3
40762,3
40763,3
40764,3
40765,3
40766,3
40767,3
40768,3
40769,3
40770,3
40771,3
40772,3
40773,3
40774,3
40775,2
40776,1
40777,1
40778,3
40779,3
40780,3
40781,3
40782,3
40783,3
40784,3
40785,3
40786,3
40787,3
40788,3
40789,2
40790,1
40791,1
40792,3
40793,1
40794,3
40795,3
40796,1
40797,3
40798,3
40799,3
40800,3
40801,3
40802,3
40803,3
40804,3
40805,3
40806,3
40807,3
40808,3
40809,1
40810,1
40811,3
40812,3
40813,3
40814,3
40815,3
40816,3
40817,3
40818,3
40819,3
40820,3
40821,2
40822,2
40823,3
40824,3
40825,1
40826,1
40827,1
40828,3
40829,1
40830,1
40831,3
40832,3
40833,3
40834,3
40835,3
40836,3
40837,3
40838,3
40839,1
40840,1
40841,1
40842,1
40843,3
40844,3
40845,3
40846,3
40847,3
40848,3
40849,3
40850,3
40851,3
40852,3
40853,3
40854,3
40855,3
40856,3
40857,3
40858,3
40859,3
40860,3
40861,3
40862,3
40863,3
40864,3
40865,1
40866,1
40867,3
40868,3
40869,3
40870,3
40871,3
40872,3
40873,3
40874,3
40875,3
40876,3
40877,3
40878,3
40879,3
40880,1
40881,1
40882,1
40883,1
40884,3
40885,1
40886,1
40887,1
40888,1
40889,3
40890,3
40891,3
40892,3
40893,3
40894,3
40895,1
40896,1
40897,3
40898,1
40899,1
40900,1
40901,3
40902,3
40903,3
40904,3
40905,3
40906,3
40907,3
40908,3
40909,3
40910,3
40911,3
40912,3
40913,3
40914,3
40915,3
40916,3
40917,1
40918,1
40919,1
40920,1
40921,3
40922,1
40923,3
40924,1
40925,3
40926,3
40927,3
40928,3
40929,3
40930,3
40931,3
40932,3
40933,3
40934,1
40935,1
40936,3
40937,3
40938,3
40939,3
40940,3
40941,3
40942,3
40943,3
40944,3
40945,3
40946,3
40947,3
40948,1
40949,3
40950,1
40951,1
40952,3
40953,3
40954,3
40955,3
40956,3
40957,3
40958,3
40959,3
40960,3
40961,3
40962,1
40963,1
40964,3
40965,3
40966,3
40967,3
40968,3
40969,1
40970,3
40971,3
40972,3
40973,3
40974,3
40975,1
40976,1
40977,1
40978,1
40979,3
40980,1
40981,1
40982,1
40983,3
40984,3
40985,3
40986,3
40987,3
40988,3
40989,3
40990,3
40991,3
40992,3
40993,3
40994,3
40995,3
40996,3
40997,1
40998,1
40999,1
41000,1
41001,3
41002,3
41003,3
41004,3
41005,3
41006,3
41007,1
41008,1
41009,1
41010,1
41011,3
41012,3
41013,3
41014,3
41015,3
41016,3
41017,3
41018,3
41019,3
41020,3
41021,3
41022,3
41023,3
41024,3
41025,3
41026,3
41027,1
41028,1
41029,3
41030,1
41031,1
41032,3
41033,1
41034,3
41035,3
41036,3
41037,3
41038,3
41039,3
41040,3
41041,3
41042,3
41043,3
41044,3
41045,1
41046,1
41047,1
41048,1
41049,3
41050,3
41051,3
41052,3
41053,3
41054,3
41055,3
41056,3
41057,3
41058,3
41059,3
41060,3
41061,2
41062,1
41063,1
41064,1
41065,3
41066,1
41067,3
41068,1
41069,3
41070,3
41071,3
41072,1
41073,3
41074,3
41075,3
41076,3
41077,3
41078,3
41079,3
41080,3
41081,3
41082,3
41083,3
41084,3
41085,3
41086,3
41087,3
41088,1
41089,1
41090,3
41091,3
41092,1
41093,3
41094,3
41095,3
41096,3
41097,3
41098,3
41099,1
41100,1
41101,1
41102,1
41103,1
41104,3
41105,3
41106,3
41107,3
41108,3
41109,3
41110,3
41111,3
41112,3
41113,1
41114,1
41115,1
41116,3
41117,3
41118,3
41119,3
41120,3
41121,3
41122,3
41123,3
41124,3
41125,3
41126,3
41127,1
41128,3
41129,1
41130,3
41131,1
41132,3
41133,3
41134,1
41135,3
41136,3
41137,3
41138,3
41139,3
41140,3
41141,3
41142,3
41143,3
41144,3
41145,3
41146,3
41147,3
41148,3
41149,3
41150,3
41151,3
41152,3
41153,1
41154,1
41155,1
41156,3
41157,3
41158,3
41159,3
41160,3
41161,3
41162,3
41163,3
41164,3
41165,3
41166,3
41167,3
41168,3
41169,3
41170,1
41171,1
41172,1
41173,1
41174,1
41175,3
41176,1
41177,1
41178,3
41179,3
41180,3
41181,3
41182,3
41183,3
41184,3
41185,3
41186,3
41187,3
41188,3
41189,1
41190,1
41191,1
41192,3
41193,3
41194,3
41195,3
41196,1
41197,3
41198,3
41199,3
41200,3
41201,3
41202,3
41203,3
41204,3
41205,3
41206,3
41207,3
41208,1
41209,1
41210,3
41211,1
41212,1
41213,3
41214,1
41215,3
41216,3
41217,3
41218,3
41219,3
41220,3
41221,3
41222,3
41223,3
41224,3
41225,3
41226,3
41227,3
41228,3
41229,3
41230,3
41231,1
41232,1
41233,1
41234,1
41235,1
41236,3
41237,1
41238,1
41239,3
41240,3
41241,3
41242,3
41243,3
41244,3
41245,3
41246,3
41247,3
41248,3
41249,3
41250,3
41251,3
41252,3
41253,2
41254,3
41255,3
41256,3
41257,3
41258,3
41259,3
41260,3
41261,3
41262,3
41263,3
41264,3
41265,3
41266,3
41267,1
41268,1
41269,1
41270,3
41271,1
41272,3
41273,1
41274,3
41275,3
41276,3
41277,3
41278,3
41279,3
41280,3
41281,3
41282,3
41283,3
41284,3
41285,1
41286,3
41287,1
41288,1
41289,1
41290,1
41291,3
41292,3
41293,3
41294,3
41295,3
41296,3
41297,3
41298,3
41299,3
41300,3
41301,3
41302,3
41303,3
41304,3
41305,3
41306,3
41307,1
41308,1
41309,1
41310,1
41311,3
41312,3
41313,3
41314,3
41315,3
41316,3
41317,3
41318,3
41319,3
41320,3
41321,3
41322,3
41323,3
41324,1
41325,1
41326,3
41327,3
41328,3
41329,1
41330,3
41331,1
41332,3
41333,3
41334,3
41335,3
41336,3
41337,3
41338,3
41339,3
41340,3
41341,3
41342,3
41343,3
41344,3
41345,3
41346,3
41347,3
41348,3
41349,3
41350,3
41351,1
41352,1
41353,2
41354,3
41355,1
41356,3
41357,3
41358,3
41359,3
41360,3
41361,3
41362,3
41363,3
41364,3
41365,3
41366,3
41367,1
41368,3
41369,3
41370,3
41371,3
41372,3
41373,3
41374,3
41375,3
41376,3
41377,3
41378,3
41379,3
41380,3
41381,1
41382,1
41383,3
41384,3
41385,3
41386,3
41387,3
41388,3
41389,3
41390,3
41391,3
41392,3
41393,1
41394,1
41395,1
41396,3
41397,3
41398,3
41399,3
41400,3
41401,3
41402,3
41403,3
41404,3
41405,3
41406,3
41407,3
41408,3
41409,3
41410,3
41411,3
41412,1
41413,3
41414,1
41415,1
41416,3
41417,3
41418,3
41419,3
41420,3
41421,3
41422,3
41423,3
41424,3
41425,1
41426,1
41427,3
41428,3
41429,1
41430,1
41431,3
41432,3
41433,3
41434,3
41435,3
41436,3
41437,3
41438,3
41439,3
41440,3
41441,3
41442,3
41443,3
41444,3
41445,3
41446,3
41447,3
41448,3
41449,3
41450,3
41451,3
41452,3
41453,3
41454,3
41455,3
41456,3
41457,3
41458,3
41459,3
41460,3
41461,2
41462,1
41463,1
41464,1
41465,1
41466,1
41467,3
41468,3
41469,3
41470,3
41471,3
41472,3
41473,3
41474,3
41475,3
41476,3
41477,3
41478,1
41479,3
41480,3
41481,3
41482,3
41483,3
41484,3
41485,3
41486,3
41487,3
41488,3
41489,3
41490,3
41491,3
41492,3
41493,3
41494,3
41495,3
41496,1
41497,1
41498,1
41499,1
41500,3
41501,3
41502,3
41503,3
41504,3
41505,3
41506,3
41507,3
41508,3
41509,3
41510,3
41511,3
41512,3
41513,3
41514,2
41515,3
41516,1
41517,1
41518,3
41519,3
41520,3
41521,1
41522,3
41523,3
41524,3
41525,3
41526,3
41527,3
41528,3
41529,3
41530,3
41531,1
41532,1
41533,1
41534,1
41535,1
41536,3
41537,1
41538,3
41539,3
41540,3
41541,3
41542,3
41543,3
41544,3
41545,3
41546,3
41547,3
41548,1
41549,1
41550,1
41551,1
41552,1
41553,1
41554,1
41555,1
41556,1
41557,3
41558,1
41559,3
41560,3
41561,3
41562,3
41563,3
41564,3
41565,3
41566,3
41567,3
41568,3
41569,1
41570,3
41571,1
41572,3
41573,3
41574,1
41575,3
41576,3
41577,3
41578,3
41579,3
41580,3
41581,3
41582,3
41583,3
41584,3
41585,3
41586,3
41587,3
41588,3
41589,1
41590,1
41591,3
41592,1
41593,3
41594,3
41595,3
41596,3
41597,3
41598,3
41599,3
41600,3
41601,3
41602,3
41603,1
41604,1
41605,3
41606,3
41607,3
41608,3
41609,3
41610,3
41611,3
41612,3
41613,3
41614,3
41615,3
41616,3
41617,3
41618,3
41619,3
41620,3
41621,3
41622,3
41623,3
41624,3
41625,3
41626,2
41627,1
41628,1
41629,1
41630,1
41631,1
41632,1
41633,3
41634,3
41635,3
41636,3
41637,3
41638,3
41639,3
41640,3
41641,3
41642,3
41643,3
41644,3
41645,3
41646,3
41647,1
41648,1
41649,1
41650,1
41651,1
41652,3
41653,1
41654,1
41655,1
41656,1
41657,3
41658,3
41659,3
41660,1
41661,3
41662,3
41663,3
41664,3
41665,3
41666,3
41667,3
41668,3
41669,3
41670,3
41671,1
41672,1
41673,1
41674,1
41675,3
41676,3
41677,3
41678,3
41679,3
41680,3
41681,3
41682,3
41683,3
41684,3
41685,3
41686,3
41687,3
41688,3
41689,3
41690,3
41691,3
41692,3
41693,3
41694,3
41695,3
41696,1
41697,1
41698,1
41699,3
41700,3
41701,3
41702,3
41703,3
41704,3
41705,3
41706,3
41707,3
41708,3
41709,1
41710,1
41711,1
41712,1
41713,3
41714,3
41715,3
41716,3
41717,3
41718,3
41719,3
41720,3
41721,3
41722,3
41723,3
41724,3
41725,3
41726,3
41727,3
41728,2
41729,1
41730,1
41731,3
41732,3
41733,3
41734,1
41735,3
41736,3
41737,3
41738,3
41739,3
41740,3
41741,3
41742,3
41743,3
41744,1
41745,1
41746,1
41747,1
41748,3
41749,3
41750,3
41751,3
41752,3
41753,3
41754,3
41755,3
41756,3
41757,3
41758,3
41759,3
41760,3
41761,3
41762,3
41763,3
41764,3
41765,3
41766,3
41767,3
41768,3
41769,3
41770,3
41771,1
41772,3
41773,3
41774,3
41775,3
41776,3
41777,3
41778,3
41779,3
41780,3
41781,3
41782,3
41783,3
41784,3
41785,3
41786,3
41787,3
41788,3
41789,3
41790,1
41791,3
41792,1
41793,3
41794,1
41795,3
41796,1
41797,1
41798,1
41799,3
41800,3
41801,3
41802,3
41803,3
41804,3
41805,3
41806,3
41807,3
41808,3
41809,3
41810,3
41811,3
41812,3
41813,3
41814,3
41815,1
41816,1
41817,3
41818,1
41819,3
41820,1
41821,3
41822,1
41823,3
41824,3
41825,3
41826,3
41827,3
41828,3
41829,3
41830,3
41831,1
41832,1
41833,1
41834,1
41835,1
41836,1
41837,1
41838,1
41839,1
41840,3
41841,3
41842,3
41843,3
41844,3
41845,3
41846,3
41847,3
41848,3
41849,3
41850,3
41851,3
41852,3
41853,3
41854,3
41855,3
41856,3
41857,1
41858,1
41859,1
41860,1
41861,1
41862,1
41863,1
41864,3
41865,3
41866,3
41867,3
41868,3
41869,3
41870,3
41871,3
41872,3
41873,3
41874,3
41875,3
41876,3
41877,2
41878,1
41879,3
41880,1
41881,1
41882,1
41883,3
41884,1
41885,1
41886,3
41887,3
41888,3
41889,3
41890,3
41891,3
41892,3
41893,3
41894,3
41895,3
41896,3
41897,1
41898,1
41899,3
41900,1
41901,3
41902,3
41903,3
41904,3
41905,3
41906,1
41907,3
41908,3
41909,3
41910,3
41911,3
41912,3
41913,3
41914,3
41915,3
41916,3
41917,3
41918,3
41919,1
41920,1
41921,3
41922,3
41923,3
41924,3
41925,3
41926,3
41927,3
41928,3
41929,3
41930,3
41931,3
41932,3
41933,3
41934,1
41935,1
41936,1
41937,1
41938,1
41939,1
41940,1
41941,3
41942,3
41943,1
41944,1
41945,3
41946,3
41947,3
41948,1
41949,3
41950,3
41951,3
41952,3
41953,3
41954,3
41955,3
41956,3
41957,1
41958,3
41959,3
41960,3
41961,1
41962,3
41963,1
41964,3
41965,1
41966,1
41967,1
41968,1
41969,3
41970,1
41971,3
41972,3
41973,3
41974,3
41975,3
41976,3
41977,3
41978,3
41979,3
41980,3
41981,3
41982,3
41983,3
41984,3
41985,3
41986,3
41987,2
41988,3
41989,1
41990,1
41991,1
41992,1
41993,1
41994,1
41995,3
41996,3
41997,3
41998,3
41999,3
42000,3
42001,3
42002,3
42003,3
42004,3
42005,3
42006,3
42007,3
42008,3
42009,3
42010,3
42011,3
42012,3
42013,1
42014,3
42015,3
42016,3
42017,1
42018,3
42019,1
42020,1
42021,3
42022,3
42023,3
42024,3
42025,3
42026,3
42027,3
42028,3
42029,3
42030,3
42031,3
42032,3
42033,3
42034,3
42035,1
42036,1
42037,1
42038,3
42039,3
42040,3
42041,3
42042,1
42043,3
42044,3
42045,3
42046,3
42047,3
42048,3
42049,3
42050,3
42051,3
42052,3
42053,3
42054,3
42055,3
42056,3
42057,3
42058,3
42059,3
42060,1
42061,1
42062,2
42063,3
42064,1
42065,3
42066,1
42067,3
42068,3
42069,3
42070,3
42071,3
42072,3
42073,3
42074,3
42075,3
42076,3
42077,3
42078,3
42079,3
42080,3
42081,3
42082,3
42083,3
42084,3
42085,3
42086,3
42087,3
42088,3
42089,1
42090,1
42091,3
42092,3
42093,1
42094,3
42095,3
42096,3
42097,3
42098,3
42099,3
42100,3
42101,3
42102,3
42103,3
42104,3
42105,3
42106,1
42107,1
42108,3
42109,1
42110,1
42111,3
42112,3
42113,3
42114,3
42115,3
42116,3
42117,3
42118,3
42119,3
42120,3
42121,3
42122,3
42123,3
42124,3
42125,1
42126,3
42127,1
42128,3
42129,1
42130,1
42131,3
42132,1
42133,1
42134,3
42135,1
42136,3
42137,3
42138,3
42139,3
42140,3
42141,3
42142,3
42143,3
42144,3
42145,3
42146,3
42147,3
42148,3
42149,3
42150,3
42151,3
42152,3
42153,2
42154,1
42155,1
42156,1
42157,3
42158,1
42159,1
42160,3
42161,3
42162,3
42163,3
42164,3
42165,3
42166,3
42167,3
42168,3
42169,1
42170,3
42171,3
42172,1
42173,1
42174,1
42175,3
42176,3
42177,3
42178,3
42179,3
42180,3
42181,3
42182,3
42183,3
42184,3
42185,3
42186,3
42187,3
42188,3
42189,3
42190,3
42191,2
42192,3
42193,3
42194,3
42195,1
42196,3
42197,3
42198,3
42199,3
42200,1
42201,3
42202,3
42203,3
42204,3
42205,3
42206,3
42207,3
42208,3
42209,3
42210,3
42211,3
42212,3
42213,3
42214,3
42215,1
42216,1
42217,3
42218,3
42219,3
42220,3
42221,3
42222,3
42223,3
42224,3
42225,3
42226,3
42227,3
42228,3
42229,3
42230,3
42231,3
42232,3
42233,3
42234,3
42235,2
42236,2
42237,1
42238,1
42239,1
42240,3
42241,1
42242,3
42243,3
42244,3
42245,3
42246,3
42247,3
42248,3
42249,3
42250,3
42251,3
42252,3
42253,3
42254,3
42255,3
42256,3
42257,1
42258,1
42259,1
42260,1
42261,1
42262,1
42263,3
42264,3
42265,3
42266,3
42267,1
42268,3
42269,3
42270,3
42271,3
42272,3
42273,3
42274,3
42275,3
42276,1
42277,1
42278,3
42279,2
42280,3
42281,3
42282,1
42283,1
42284,3
42285,1
42286,1
42287,3
42288,3
42289,3
42290,3
42291,3
42292,3
42293,3
42294,3
42295,3
42296,3
42297,3
42298,3
42299,3
42300,3
42301,3
42302,3
42303,3
42304,2
42305,3
42306,3
42307,3
42308,1
42309,3
42310,3
42311,3
42312,3
42313,3
42314,3
42315,3
42316,3
42317,3
42318,3
42319,3
42320,3
42321,3
42322,1
42323,1
42324,1
42325,3
42326,3
42327,3
42328,3
42329,3
42330,3
42331,3
42332,3
42333,3
42334,3
42335,3
42336,3
42337,3
42338,3
42339,3
42340,3
42341,3
42342,3
42343,3
42344,3
42345,3
42346,3
42347,3
42348,3
42349,3
42350,3
42351,3
42352,1
42353,1
42354,1
42355,1
42356,3
42357,1
42358,1
42359,3
42360,1
42361,3
42362,3
42363,3
42364,3
42365,3
42366,3
42367,3
42368,3
42369,3
42370,3
42371,3
42372,3
42373,3
42374,1
42375,3
42376,3
42377,3
42378,3
42379,3
42380,3
42381,3
42382,3
42383,3
42384,3
42385,3
42386,3
42387,3
42388,3
42389,3
42390,3
42391,3
42392,3
42393,3
42394,3
42395,3
42396,3
42397,3
42398,3
42399,3
42400,3
42401,1
42402,3
42403,1
42404,3
42405,1
42406,3
42407,1
42408,3
42409,3
42410,3
42411,3
42412,3
42413,3
42414,3
42415,3
42416,3
42417,3
42418,3
42419,3
42420,3
42421,3
42422,3
42423,3
42424,1
42425,1
42426,3
42427,1
42428,1
42429,1
42430,3
42431,1
42432,1
42433,3
42434,3
42435,3
42436,3
42437,3
42438,3
42439,3
42440,3
42441,1
42442,1
42443,1
42444,1
42445,1
42446,3
42447,1
42448,1
42449,3
42450,1
42451,3
42452,3
42453,3
42454,3
42455,3
42456,3
42457,3
42458,3
42459,3
42460,3
42461,3
42462,3
42463,3
42464,3
42465,3
42466,1
42467,3
42468,3
42469,3
42470,3
42471,3
42472,3
42473,3
42474,3
42475,3
42476,3
42477,3
42478,3
42479,3
42480,3
42481,1
42482,1
42483,1
42484,3
42485,3
42486,3
42487,3
42488,3
42489,3
42490,3
42491,3
42492,3
42493,3
42494,3
42495,3
42496,2
42497,2
42498,1
42499,1
42500,1
42501,1
42502,1
42503,3
42504,1
42505,3
42506,3
42507,3
42508,3
42509,3
42510,3
42511,3
42512,3
42513,3
42514,3
42515,3
42516,2
42517,1
42518,1
42519,1
42520,3
42521,3
42522,3
42523,3
42524,3
42525,3
42526,3
42527,3
42528,3
42529,3
42530,3
42531,3
42532,3
42533,3
42534,3
42535,2
42536,1
42537,1
42538,3
42539,1
42540,1
42541,1
42542,1
42543,1
42544,3
42545,3
42546,3
42547,3
42548,3
42549,3
42550,3
42551,3
42552,3
42553,3
42554,3
42555,3
42556,3
42557,1
42558,3
42559,3
42560,3
42561,1
42562,3
42563,3
42564,3
42565,3
42566,3
42567,3
42568,3
42569,3
42570,3
42571,3
42572,3
42573,3
42574,3
42575,1
42576,1
42577,1
42578,3
42579,3
42580,3
42581,3
42582,1
42583,3
42584,3
42585,3
42586,3
42587,3
42588,3
42589,3
42590,3
42591,3
42592,3
42593,3
42594,3
42595,3
42596,3
42597,2
42598,1
42599,3
42600,1
42601,1
42602,1
42603,1
42604,3
42605,1
42606,1
42607,3
42608,1
42609,3
42610,3
42611,3
42612,3
42613,3
42614,3
42615,3
42616,3
42617,3
42618,3
42619,2
42620,1
42621,1
42622,1
42623,1
42624,1
42625,3
42626,3
42627,3
42628,3
42629,3
42630,3
42631,3
42632,3
42633,3
42634,3
42635,3
42636,3
42637,3
42638,3
42639,3
42640,3
42641,3
42642,3
42643,3
42644,3
42645,3
42646,3
42647,2
42648,1
42649,3
42650,3
42651,3
42652,3
42653,1
42654,1
42655,3
42656,3
42657,3
42658,3
42659,3
42660,3
42661,3
42662,3
42663,3
42664,1
42665,1
42666,1
42667,3
42668,3
42669,1
42670,1
42671,3
42672,1
42673,3
42674,3
42675,3
42676,3
42677,3
42678,3
42679,3
42680,3
42681,3
42682,3
42683,3
42684,3
42685,3
42686,3
42687,3
42688,3
42689,1
42690,1
42691,1
42692,1
42693,1
42694,3
42695,3
42696,3
42697,1
42698,3
42699,3
42700,3
42701,1
42702,1
42703,3
42704,3
42705,3
42706,3
42707,3
42708,3
42709,3
42710,3
42711,3
42712,3
42713,3
42714,2
42715,2
42716,1
42717,1
42718,3
42719,1
42720,1
42721,1
42722,1
42723,3
42724,3
42725,3
42726,3
42727,3
42728,3
42729,3
42730,3
42731,3
42732,1
42733,3
42734,3
42735,1
42736,1
42737,3
42738,3
42739,3
42740,3
42741,3
42742,1
42743,3
42744,3
42745,3
42746,3
42747,3
42748,3
42749,3
42750,3
42751,3
42752,3
42753,3
42754,3
42755,3
42756,3
42757,3
42758,2
42759,2
42760,1
42761,1
42762,1
42763,1
42764,1
42765,3
42766,1
42767,3
42768,3
42769,3
42770,3
42771,3
42772,3
42773,3
42774,3
42775,3
42776,3
42777,3
42778,3
42779,1
42780,3
42781,3
42782,1
42783,3
42784,1
42785,1
42786,3
42787,3
42788,3
42789,3
42790,3
42791,3
42792,3
42793,3
42794,3
42795,3
42796,3
42797,3
42798,3
42799,3
42800,3
42801,3
42802,3
42803,1
42804,1
42805,1
42806,3
42807,3
42808,3
42809,3
42810,1
42811,3
42812,3
42813,3
42814,3
42815,3
42816,3
42817,3
42818,3
42819,3
42820,3
42821,3
42822,3
42823,1
42824,3
42825,3
42826,3
42827,3
42828,3
42829,3
42830,3
42831,3
42832,3
42833,3
42834,3
42835,3
42836,3
42837,3
42838,3
42839,3
42840,1
42841,1
42842,3
42843,3
42844,3
42845,1
42846,3
42847,3
42848,1
42849,3
42850,3
42851,3
42852,3
42853,3
42854,3
42855,3
42856,3
42857,3
42858,3
42859,3
42860,3
42861,3
42862,3
42863,1
42864,1
42865,1
42866,1
42867,3
42868,3
42869,3
42870,3
42871,3
42872,3
42873,3
42874,3
42875,3
42876,3
42877,3
42878,3
42879,3
42880,3
42881,1
42882,1
42883,1
42884,1
42885,1
42886,1
42887,1
42888,1
42889,1
42890,1
42891,3
42892,3
42893,3
42894,3
42895,3
42896,3
42897,3
42898,3
42899,3
42900,3
42901,3
42902,3
42903,3
42904,2
42905,3
42906,1
42907,1
42908,1
42909,1
42910,3
42911,3
42912,3
42913,3
42914,3
42915,3
42916,3
42917,3
42918,3
42919,3
42920,3
42921,3
42922,3
42923,3
42924,1
42925,1
42926,1
42927,3
42928,3
42929,3
42930,3
42931,3
42932,2
42933,3
42934,3
42935,3
42936,3
42937,3
42938,3
42939,3
42940,3
42941,3
42942,3
42943,3
42944,3
42945,3
42946,3
42947,3
42948,3
42949,3
42950,3
42951,1
42952,1
42953,1
42954,1
42955,3
42956,3
42957,1
42958,3
42959,3
42960,3
42961,3
42962,3
42963,3
42964,3
42965,3
42966,3
42967,1
42968,2
42969,3
42970,3
42971,3
42972,3
42973,3
42974,3
42975,3
42976,3
42977,3
42978,3
42979,3
42980,3
42981,3
42982,3
42983,3
42984,3
42985,3
42986,3
42987,3
42988,3
42989,1
42990,1
42991,3
42992,3
42993,3
42994,3
42995,3
42996,3
42997,3
42998,3
42999,3
43000,3
43001,3
43002,3
43003,3
43004,3
43005,3
43006,3
43007,3
43008,3
43009,3
43010,3
43011,1
43012,3
43013,1
43014,1
43015,3
43016,3
43017,1
43018,3
43019,3
43020,3
43021,3
43022,3
43023,3
43024,3
43025,3
43026,3
43027,3
43028,3
43029,3
43030,3
43031,3
43032,1
43033,1
43034,1
43035,1
43036,3
43037,1
43038,1
43039,3
43040,3
43041,3
43042,3
43043,3
43044,3
43045,3
43046,3
43047,3
43048,3
43049,3
43050,3
43051,3
43052,3
43053,1
43054,1
43055,3
43056,1
43057,1
43058,1
43059,3
43060,1
43061,1
43062,3
43063,3
43064,3
43065,3
43066,3
43067,3
43068,3
43069,3
43070,3
43071,1
43072,3
43073,1
43074,2
43075,1
43076,3
43077,3
43078,1
43079,3
43080,3
43081,3
43082,3
43083,3
43084,3
43085,3
43086,3
43087,3
43088,3
43089,3
43090,3
43091,3
43092,3
43093,3
43094,3
43095,3
43096,3
43097,3
43098,2
43099,3
43100,1
43101,1
43102,1
43103,1
43104,1
43105,1
43106,3
43107,3
43108,3
43109,3
43110,3
43111,3
43112,3
43113,3
43114,3
43115,3
43116,3
43117,3
43118,3
43119,3
43120,3
43121,3
43122,3
43123,1
43124,1
43125,3
43126,1
43127,3
43128,2
43129,3
43130,3
43131,3
43132,3
43133,3
43134,3
43135,3
43136,3
43137,3
43138,3
43139,3
43140,3
43141,3
43142,1
43143,3
43144,3
43145,3
43146,3
43147,3
43148,3
43149,3
43150,3
43151,3
43152,3
43153,3
43154,3
43155,3
43156,3
43157,3
43158,3
43159,3
43160,1
43161,1
43162,1
43163,1
43164,1
43165,3
43166,3
43167,3
43168,3
43169,3
43170,3
43171,3
43172,3
43173,3
43174,3
43175,3
43176,3
43177,1
43178,1
43179,1
43180,1
43181,1
43182,1
43183,1
43184,1
43185,1
43186,1
43187,3
43188,1
43189,1
43190,3
43191,3
43192,3
43193,3
43194,3
43195,3
43196,3
43197,3
43198,3
43199,3
43200,3
43201,3
43202,3
43203,3
43204,3
43205,3
43206,3
43207,3
43208,3
43209,3
43210,3
43211,3
43212,1
43213,1
43214,1
43215,1
43216,1
43217,3
43218,3
43219,3
43220,3
43221,3
43222,3
43223,3
43224,3
43225,3
43226,3
43227,3
43228,3
43229,3
43230,3
43231,3
43232,3
43233,3
43234,1
43235,1
43236,1
43237,1
43238,1
43239,3
43240,1
43241,1
43242,3
43243,3
43244,3
43245,3
43246,3
43247,3
43248,3
43249,3
43250,3
43251,3
43252,3
43253,3
43254,3
43255,3
43256,1
43257,1
43258,1
43259,1
43260,1
43261,3
43262,3
43263,3
43264,3
43265,3
43266,3
43267,3
43268,3
43269,3
43270,3
43271,3
43272,3
43273,3
43274,1
43275,1
43276,3
43277,3
43278,3
43279,3
43280,3
43281,3
43282,3
43283,3
43284,3
43285,3
43286,3
43287,3
43288,3
43289,3
43290,3
43291,3
43292,3
43293,3
43294,3
43295,3
43296,3
43297,2
43298,1
43299,1
43300,1
43301,1
43302,1
43303,1
43304,1
43305,1
43306,3
43307,3
43308,1
43309,3
43310,2
43311,3
43312,3
43313,3
43314,3
43315,3
43316,3
43317,3
43318,3
43319,3
43320,3
43321,3
43322,3
43323,3
43324,3
43325,1
43326,1
43327,3
43328,3
43329,3
43330,3
43331,3
43332,3
43333,3
43334,3
43335,3
43336,3
43337,3
43338,3
43339,3
43340,3
43341,3
43342,3
43343,2
43344,1
43345,3
43346,3
43347,1
43348,3
43349,1
43350,3
43351,3
43352,3
43353,3
43354,3
43355,3
43356,3
43357,3
43358,3
43359,3
43360,3
43361,1
43362,3
43363,1
43364,3
43365,3
43366,3
43367,3
43368,3
43369,3
43370,3
43371,3
43372,3
43373,3
43374,3
43375,3
43376,3
43377,3
43378,3
43379,3
43380,1
43381,1
43382,3
43383,3
43384,3
43385,1
43386,3
43387,3
43388,3
43389,3
43390,3
43391,3
43392,3
43393,3
43394,3
43395,3
43396,3
43397,3
43398,3
43399,3
43400,2
43401,1
43402,3
43403,1
43404,1
43405,1
43406,1
43407,3
43408,1
43409,1
43410,1
43411,3
43412,3
43413,3
43414,3
43415,3
43416,3
43417,3
43418,3
43419,3
43420,3
43421,3
43422,3
43423,3
43424,3
43425,3
43426,3
43427,2
43428,1
43429,1
43430,3
43431,3
43432,3
43433,3
43434,3
43435,3
43436,3
43437,3
43438,3
43439,3
43440,3
43441,3
43442,3
43443,3
43444,3
43445,3
43446,3
43447,3
43448,3
43449,3
43450,3
43451,1
43452,1
43453,1
43454,1
43455,1
43456,1
43457,3
43458,3
43459,3
43460,3
43461,3
43462,3
43463,3
43464,3
43465,3
43466,3
43467,3
43468,3
43469,3
43470,3
43471,3
43472,3
43473,3
43474,1
43475,1
43476,3
43477,1
43478,3
43479,3
43480,2
43481,3
43482,3
43483,3
43484,3
43485,3
43486,3
43487,3
43488,3
43489,3
43490,3
43491,1
43492,1
43493,3
43494,3
43495,3
43496,3
43497,2
43498,3
43499,3
43500,3
43501,3
43502,3
43503,3
43504,3
43505,3
43506,3
43507,3
43508,3
43509,3
43510,3
43511,3
43512,1
43513,1
43514,3
43515,3
43516,3
43517,3
43518,3
43519,3
43520,3
43521,3
43522,3
43523,3
43524,3
43525,1
43526,3
43527,1
43528,3
43529,3
43530,3
43531,3
43532,3
43533,3
43534,3
43535,3
43536,3
43537,3
43538,3
43539,3
43540,3
43541,3
43542,3
43543,3
43544,1
43545,3
43546,3
43547,1
43548,1
43549,3
43550,3
43551,1
43552,3
43553,2
43554,3
43555,3
43556,3
43557,3
43558,3
43559,3
43560,3
43561,3
43562,3
43563,1
43564,1
43565,1
43566,1
43567,3
43568,1
43569,3
43570,1
43571,1
43572,3
43573,3
43574,1
43575,3
43576,3
43577,3
43578,3
43579,3
43580,3
43581,3
43582,3
43583,3
43584,3
43585,2
43586,1
43587,1
43588,1
43589,1
43590,1
43591,1
43592,3
43593,1
43594,3
43595,3
43596,3
43597,3
43598,3
43599,3
43600,3
43601,3
43602,3
43603,3
43604,3
43605,3
43606,3
43607,3
43608,3
43609,3
43610,3
43611,1
43612,1
43613,1
43614,1
43615,3
43616,3
43617,3
43618,3
43619,3
43620,3
43621,3
43622,3
43623,3
43624,3
43625,3
43626,3
43627,3
43628,3
43629,3
43630,3
43631,3
43632,1
43633,1
43634,3
43635,3
43636,3
43637,3
43638,3
43639,3
43640,3
43641,3
43642,3
43643,3
43644,3
43645,1
43646,1
43647,3
43648,3
43649,1
43650,1
43651,1
43652,1
43653,1
43654,3
43655,3
43656,3
43657,3
43658,3
43659,3
43660,3
43661,3
43662,3
43663,3
43664,3
43665,1
43666,1
43667,1
43668,3
43669,3
43670,3
43671,3
43672,3
43673,3
43674,3
43675,1
43676,3
43677,3
43678,3
43679,3
43680,1
43681,3
43682,3
43683,3
43684,3
43685,3
43686,3
43687,3
43688,3
43689,3
43690,3
43691,3
43692,3
43693,3
43694,3
43695,3
43696,3
43697,3
43698,3
43699,3
43700,3
43701,3
43702,3
43703,3
43704,1
43705,1
43706,1
43707,1
43708,1
43709,3
43710,3
43711,3
43712,3
43713,3
43714,3
43715,3
43716,3
43717,3
43718,3
43719,3
43720,3
43721,3
43722,3
43723,3
43724,3
43725,3
43726,3
43727,3
43728,3
43729,3
43730,3
43731,3
43732,3
43733,1
43734,3
43735,1
43736,3
43737,1
43738,3
43739,3
43740,3
43741,3
43742,3
43743,3
43744,1
43745,1
43746,3
43747,1
43748,1
43749,3
43750,3
43751,3
43752,3
43753,3
43754,3
43755,3
43756,3
43757,3
43758,3
43759,3
43760,3
43761,3
43762,3
43763,3
43764,3
43765,3
43766,3
43767,3
43768,3
43769,3
43770,3
43771,1
43772,1
43773,3
43774,1
43775,3
43776,3
43777,1
43778,1
43779,3
43780,3
43781,3
43782,3
43783,3
43784,3
43785,3
43786,3
43787,3
43788,3
43789,3
43790,3
43791,3
43792,3
43793,2
43794,1
43795,1
43796,1
43797,1
43798,3
43799,3
43800,3
43801,3
43802,3
43803,3
43804,3
43805,3
43806,3
43807,3
43808,3
43809,3
43810,3
43811,3
43812,1
43813,3
43814,1
43815,1
43816,1
43817,3
43818,1
43819,3
43820,3
43821,3
43822,3
43823,3
43824,3
43825,3
43826,3
43827,3
43828,1
43829,1
43830,3
43831,1
43832,1
43833,1
43834,3
43835,3
43836,3
43837,3
43838,3
43839,3
43840,3
43841,3
43842,3
43843,3
43844,3
43845,3
43846,3
43847,3
43848,3
43849,1
43850,1
43851,1
43852,3
43853,1
43854,3
43855,3
43856,3
43857,3
43858,3
43859,3
43860,3
43861,3
43862,3
43863,3
43864,3
43865,1
43866,3
43867,1
43868,3
43869,3
43870,1
43871,1
43872,3
43873,3
43874,3
43875,3
43876,3
43877,3
43878,3
43879,3
43880,3
43881,3
43882,3
43883,3
43884,3
43885,3
43886,1
43887,3
43888,1
43889,1
43890,3
43891,1
43892,1
43893,3
43894,1
43895,1
43896,1
43897,3
43898,3
43899,1
43900,2
43901,3
43902,3
43903,3
43904,3
43905,3
43906,3
43907,3
43908,3
43909,3
43910,1
43911,1
43912,1
43913,1
43914,3
43915,3
43916,3
43917,3
43918,3
43919,3
43920,3
43921,3
43922,3
43923,3
43924,3
43925,3
43926,3
43927,3
43928,3
43929,2
43930,3
43931,3
43932,3
43933,3
43934,3
43935,1
43936,3
43937,3
43938,3
43939,3
43940,3
43941,3
43942,3
43943,3
43944,3
43945,3
43946,1
43947,3
43948,3
43949,3
43950,1
43951,3
43952,3
43953,3
43954,3
43955,3
43956,3
43957,3
43958,3
43959,3
43960,3
43961,2
43962,1
43963,1
43964,1
43965,3
43966,3
43967,1
43968,3
43969,3
43970,3
43971,3
43972,3
43973,3
43974,3
43975,3
43976,3
43977,3
43978,3
43979,3
43980,1
43981,3
43982,1
43983,1
43984,1
43985,3
43986,3
43987,3
43988,1
43989,3
43990,3
43991,3
43992,3
43993,3
43994,3
43995,3
43996,3
43997,3
43998,3
43999,3
44000,3
44001,3
44002,3
44003,3
44004,3
44005,3
44006,3
44007,1
44008,1
44009,3
44010,3
44011,3
44012,3
44013,3
44014,3
44015,3
44016,3
44017,3
44018,3
44019,3
44020,3
44021,1
44022,1
44023,3
44024,3
44025,3
44026,3
44027,3
44028,3
44029,3
44030,3
44031,3
44032,3
44033,3
44034,3
44035,3
44036,3
44037,3
44038,3
44039,3
44040,3
44041,3
44042,3
44043,1
44044,1
44045,1
44046,3
44047,1
44048,1
44049,1
44050,3
44051,1
44052,1
44053,3
44054,3
44055,3
44056,3
44057,3
44058,3
44059,3
44060,3
44061,3
44062,3
44063,3
44064,2
44065,3
44066,3
44067,3
44068,3
44069,3
44070,3
44071,3
44072,3
44073,3
44074,1
44075,3
44076,1
44077,1
44078,3
44079,3
44080,1
44081,3
44082,3
44083,3
44084,3
44085,1
44086,3
44087,3
44088,3
44089,3
44090,3
44091,3
44092,3
44093,3
44094,3
44095,3
44096,3
44097,3
44098,3
44099,3
44100,1
44101,1
44102,3
44103,3
44104,3
44105,3
44106,3
44107,3
44108,3
44109,3
44110,3
44111,3
44112,3
44113,3
44114,3
44115,1
44116,3
44117,3
44118,1
44119,3
44120,3
44121,3
44122,1
44123,3
44124,3
44125,3
44126,3
44127,3
44128,3
44129,1
44130,1
44131,3
44132,3
44133,1
44134,1
44135,3
44136,3
44137,3
44138,3
44139,1
44140,1
44141,1
44142,3
44143,1
44144,3
44145,3
44146,3
44147,1
44148,3
44149,1
44150,3
44151,1
44152,3
44153,3
44154,3
44155,3
44156,3
44157,3
44158,3
44159,3
44160,3
44161,3
44162,1
44163,3
44164,3
44165,3
44166,3
44167,3
44168,3
44169,3
44170,3
44171,3
44172,3
44173,3
44174,3
44175,3
44176,3
44177,3
44178,2
44179,3
44180,3
44181,3
44182,3
44183,3
44184,3
44185,3
44186,3
44187,1
44188,1
44189,3
44190,1
44191,1
44192,3
44193,1
44194,1
44195,1
44196,3
44197,3
44198,3
44199,3
44200,3
44201,3
44202,3
44203,3
44204,3
44205,3
44206,3
44207,3
44208,1
44209,1
44210,1
44211,3
44212,3
44213,1
44214,3
44215,3
44216,3
44217,3
44218,3
44219,3
44220,3
44221,1
44222,1
44223,3
44224,1
44225,1
44226,3
44227,3
44228,3
44229,3
44230,3
44231,3
44232,3
44233,3
44234,3
44235,3
44236,2
44237,1
44238,1
44239,1
44240,1
44241,1
44242,3
44243,3
44244,3
44245,1
44246,3
44247,1
44248,3
44249,1
44250,3
44251,3
44252,3
44253,3
44254,3
44255,3
44256,3
44257,3
44258,3
44259,3
44260,3
44261,3
44262,3
44263,3
44264,3
44265,3
44266,1
44267,1
44268,1
44269,1
44270,1
44271,1
44272,3
44273,3
44274,3
44275,1
44276,3
44277,3
44278,3
44279,3
44280,3
44281,3
44282,3
44283,1
44284,3
44285,3
44286,1
44287,3
44288,1
44289,3
44290,3
44291,3
44292,3
44293,3
44294,3
44295,3
44296,3
44297,3
44298,3
44299,3
44300,3
44301,3
44302,1
44303,1
44304,1
44305,3
44306,3
44307,2
44308,3
44309,3
44310,3
44311,3
44312,2
44313,1
44314,1
44315,1
44316,1
44317,1
44318,1
44319,3
44320,3
44321,3
44322,3
44323,3
44324,3
44325,3
44326,3
44327,3
44328,3
44329,3
44330,3
44331,3
44332,3
44333,3
44334,3
44335,1
44336,1
44337,3
44338,3
44339,3
44340,3
44341,1
44342,3
44343,3
44344,3
44345,3
44346,3
44347,3
44348,3
44349,3
44350,1
44351,1
44352,3
44353,3
44354,3
44355,3
44356,3
44357,3
44358,3
44359,1
44360,1
44361,1
44362,1
44363,3
44364,1
44365,3
44366,3
44367,3
44368,3
44369,3
44370,3
44371,3
44372,3
44373,3
44374,3
44375,3
44376,1
44377,1
44378,1
44379,1
44380,3
44381,3
44382,3
44383,3
44384,3
44385,3
44386,3
44387,2
44388,3
44389,1
44390,1
44391,3
44392,1
44393,1
44394,3
44395,3
44396,3
44397,3
44398,3
44399,3
44400,3
44401,3
44402,3
44403,3
44404,1
44405,3
44406,3
44407,1
44408,1
44409,1
44410,3
44411,1
44412,3
44413,1
44414,3
44415,3
44416,3
44417,3
44418,3
44419,3
44420,3
44421,3
44422,3
44423,3
44424,2
44425,3
44426,1
44427,1
44428,3
44429,2
44430,3
44431,3
44432,3
44433,3
44434,3
44435,3
44436,3
44437,3
44438,3
44439,3
44440,3
44441,3
44442,3
44443,3
44444,3
44445,1
44446,1
44447,1
44448,3
44449,3
44450,3
44451,3
44452,3
44453,3
44454,3
44455,3
44456,3
44457,3
44458,3
44459,3
44460,3
44461,3
44462,3
44463,3
44464,3
44465,3
44466,1
44467,3
44468,1
44469,1
44470,3
44471,3
44472,3
44473,3
44474,3
44475,3
44476,3
44477,3
44478,3
44479,3
44480,2
44481,3
44482,3
44483,1
44484,3
44485,3
44486,3
44487,3
44488,3
44489,3
44490,3
44491,3
44492,3
44493,3
44494,3
44495,3
44496,3
44497,3
44498,1
44499,1
44500,1
44501,3
44502,1
44503,3
44504,3
44505,3
44506,3
44507,3
44508,3
44509,3
44510,3
44511,3
44512,3
44513,3
44514,3
44515,3
44516,3
44517,3
44518,3
44519,1
44520,1
44521,1
44522,1
44523,1
44524,3
44525,3
44526,3
44527,1
44528,1
44529,3
44530,3
44531,3
44532,3
44533,3
44534,3
44535,1
44536,1
44537,1
44538,3
44539,3
44540,1
44541,3
44542,3
44543,1
44544,3
44545,3
44546,1
44547,3
44548,3
44549,3
44550,3
44551,3
44552,3
44553,3
44554,3
44555,3
44556,3
44557,3
44558,3
44559,3
44560,1
44561,3
44562,3
44563,3
44564,3
44565,3
44566,3
44567,3
44568,3
44569,3
44570,3
44571,2
44572,1
44573,1
44574,1
44575,3
44576,3
44577,3
44578,3
44579,2
44580,3
44581,3
44582,3
44583,1
44584,3
44585,3
44586,3
44587,3
44588,3
44589,3
44590,3
44591,3
44592,3
44593,3
44594,3
44595,3
44596,3
44597,3
44598,3
44599,3
44600,3
44601,1
44602,3
44603,3
44604,3
44605,3
44606,3
44607,3
44608,1
44609,3
44610,1
44611,1
44612,3
44613,3
44614,3
44615,1
44616,3
44617,3
44618,3
44619,3
44620,3
44621,3
44622,3
44623,3
44624,2
44625,3
44626,1
44627,1
44628,3
44629,3
44630,3
44631,3
44632,3
44633,3
44634,3
44635,3
44636,3
44637,3
44638,3
44639,3
44640,3
44641,3
44642,3
44643,3
44644,3
44645,1
44646,3
44647,3
44648,1
44649,1
44650,1
44651,3
44652,3
44653,3
44654,3
44655,3
44656,3
44657,3
44658,3
44659,3
44660,3
44661,3
44662,3
44663,3
44664,3
44665,3
44666,3
44667,3
44668,3
44669,1
44670,3
44671,3
44672,1
44673,1
44674,1
44675,3
44676,3
44677,3
44678,3
44679,3
44680,3
44681,3
44682,3
44683,3
44684,3
44685,3
44686,3
44687,3
44688,3
44689,3
44690,3
44691,3
44692,3
44693,3
44694,3
44695,3
44696,3
44697,3
44698,1
44699,3
44700,3
44701,3
44702,3
44703,3
44704,3
44705,3
44706,3
44707,3
44708,3
44709,3
44710,3
44711,1
44712,3
44713,3
44714,3
44715,3
44716,3
44717,3
44718,3
44719,3
44720,3
44721,3
44722,3
44723,3
44724,1
44725,3
44726,3
44727,1
44728,1
44729,3
44730,3
44731,3
44732,3
44733,3
44734,3
44735,3
44736,3
44737,3
44738,3
44739,3
44740,3
44741,3
44742,3
44743,3
44744,3
44745,3
44746,3
44747,3
44748,3
44749,3
44750,3
44751,3
44752,3
44753,3
44754,3
44755,3
44756,3
44757,3
44758,1
44759,3
44760,3
44761,3
44762,3
44763,3
44764,3
44765,3
44766,3
44767,3
44768,3
44769,3
44770,3
44771,3
44772,3
44773,3
44774,3
44775,3
44776,3
44777,3
44778,3
44779,3
44780,3
44781,3
44782,3
44783,3
44784,3
44785,3
44786,3
44787,3
44788,3
44789,3
44790,3
44791,3
44792,1
44793,1
44794,3
44795,1
44796,1
44797,3
44798,3
44799,3
44800,3
44801,3
44802,3
44803,3
44804,3
44805,3
44806,3
44807,3
44808,3
44809,3
44810,3
44811,3
44812,3
44813,1
44814,1
44815,3
44816,1
44817,1
44818,3
44819,3
44820,3
44821,3
44822,3
44823,3
44824,3
44825,3
44826,3
44827,3
44828,3
44829,1
44830,1
44831,3
44832,1
44833,3
44834,3
44835,3
44836,3
44837,3
44838,3
44839,3
44840,3
44841,3
44842,3
44843,3
44844,3
44845,3
44846,3
44847,3
44848,3
44849,3
44850,3
44851,3
44852,3
44853,3
44854,3
44855,1
44856,3
44857,3
44858,3
44859,3
44860,3
44861,3
44862,3
44863,3
44864,3
44865,3
44866,3
44867,3
44868,1
44869,1
44870,3
44871,3
44872,3
44873,3
44874,3
44875,3
44876,3
44877,3
44878,3
44879,3
44880,3
44881,1
44882,1
44883,3
44884,3
44885,1
44886,3
44887,3
44888,3
44889,3
44890,3
44891,3
44892,3
44893,3
44894,3
44895,3
44896,3
44897,3
44898,3
44899,3
44900,3
44901,3
44902,3
44903,3
44904,3
44905,3
44906,3
44907,3
44908,3
44909,3
44910,3
44911,3
44912,1
44913,1
44914,1
44915,3
44916,3
44917,3
44918,3
44919,3
44920,3
44921,3
44922,3
44923,3
44924,3
44925,3
44926,3
44927,3
44928,3
44929,3
44930,3
44931,3
44932,3
44933,3
44934,3
44935,1
44936,1
44937,3
44938,3
44939,3
44940,2
44941,3
44942,3
44943,3
44944,3
44945,3
44946,3
44947,3
44948,3
44949,2
44950,1
44951,1
44952,1
44953,1
44954,3
44955,1
44956,3
44957,3
44958,3
44959,3
44960,3
44961,3
44962,3
44963,1
44964,3
44965,3
44966,3
44967,3
44968,3
44969,3
44970,3
44971,3
44972,3
44973,3
44974,3
44975,3
44976,3
44977,3
44978,3
44979,3
44980,3
44981,3
44982,1
44983,1
44984,1
44985,1
44986,3
44987,3
44988,3
44989,1
44990,3
44991,3
44992,3
44993,3
44994,3
44995,3
44996,3
44997,3
44998,3
44999,3
45000,3
45001,3
45002,2
45003,3
45004,1
45005,1
45006,3
45007,3
45008,3
45009,3
45010,3
45011,3
45012,3
45013,3
45014,3
45015,3
45016,1
45017,1
45018,3
45019,1
45020,3
45021,3
45022,1
45023,3
45024,3
45025,3
45026,3
45027,3
45028,3
45029,3
45030,3
45031,3
45032,3
45033,3
45034,3
45035,3
45036,3
45037,3
45038,3
45039,1
45040,3
45041,3
45042,3
45043,3
45044,3
45045,3
45046,3
45047,3
45048,3
45049,3
45050,3
45051,3
45052,3
45053,3
45054,3
45055,1
45056,3
45057,3
45058,3
45059,1
45060,3
45061,3
45062,3
45063,3
45064,3
45065,3
45066,3
45067,3
45068,3
45069,3
45070,3
45071,3
45072,3
45073,3
45074,1
45075,1
45076,1
45077,1
45078,3
45079,3
45080,3
45081,3
45082,3
45083,3
45084,3
45085,3
45086,1
45087,3
45088,3
45089,3
45090,3
45091,3
45092,3
45093,3
45094,3
45095,3
45096,3
45097,3
45098,3
45099,3
45100,2
45101,1
45102,1
45103,3
45104,3
45105,3
45106,3
45107,3
45108,3
45109,3
45110,3
45111,3
45112,3
45113,3
45114,3
45115,3
45116,3
45117,3
45118,2
45119,1
45120,3
45121,1
45122,1
45123,3
45124,1
45125,1
45126,3
45127,3
45128,3
45129,3
45130,3
45131,3
45132,3
45133,3
45134,3
45135,3
45136,3
45137,3
45138,3
45139,3
45140,3
45141,3
45142,1
45143,1
45144,3
45145,3
45146,3
45147,3
45148,3
45149,3
45150,3
45151,3
45152,3
45153,3
45154,3
45155,2
45156,1
45157,3
45158,3
45159,1
45160,3
45161,3
45162,3
45163,3
45164,3
45165,3
45166,3
45167,3
45168,3
45169,3
45170,3
45171,2
45172,1
45173,1
45174,3
45175,1
45176,3
45177,1
45178,1
45179,1
45180,3
45181,3
45182,3
45183,3
45184,3
45185,3
45186,3
45187,3
45188,3
45189,1
45190,1
45191,1
45192,3
45193,3
45194,3
45195,3
45196,3
45197,3
45198,3
45199,3
45200,3
45201,3
45202,3
45203,3
45204,3
45205,3
45206,2
45207,1
45208,3
45209,1
45210,3
45211,3
45212,3
45213,3
45214,3
45215,3
45216,3
45217,1
45218,1
45219,2
45220,1
45221,3
45222,3
45223,3
45224,3
45225,3
45226,3
45227,3
45228,3
45229,3
45230,1
45231,1
45232,3
45233,3
45234,3
45235,3
45236,3
45237,3
45238,3
45239,3
45240,3
45241,3
45242,3
45243,3
45244,3
45245,3
45246,3
45247,3
45248,3
45249,3
45250,1
45251,3
45252,3
45253,1
45254,3
45255,1
45256,3
45257,3
45258,3
45259,3
45260,3
45261,3
45262,3
45263,2
45264,3
45265,3
45266,3
45267,3
45268,3
45269,3
45270,3
45271,3
45272,1
45273,1
45274,1
45275,1
45276,3
45277,3
45278,3
45279,3
45280,3
45281,3
45282,3
45283,3
45284,3
45285,3
45286,3
45287,3
45288,3
45289,3
45290,3
45291,3
45292,3
45293,3
45294,1
45295,1
45296,3
45297,3
45298,3
45299,3
45300,3
45301,3
45302,3
45303,3
45304,3
45305,3
45306,3
45307,3
45308,3
45309,3
45310,2
45311,1
45312,3
45313,1
45314,3
45315,3
45316,3
45317,3
45318,3
45319,3
45320,3
45321,3
45322,3
45323,3
45324,3
45325,3
45326,3
45327,3
45328,3
45329,3
45330,1
45331,1
45332,3
45333,3
45334,1
45335,1
45336,3
45337,1
45338,3
45339,3
45340,3
45341,3
45342,3
45343,3
45344,3
45345,3
45346,3
45347,3
45348,3
45349,3
45350,3
45351,1
45352,3
45353,3
45354,3
45355,3
45356,3
45357,3
45358,3
45359,3
45360,3
45361,3
45362,3
45363,3
45364,3
45365,3
45366,3
45367,3
45368,3
45369,3
45370,3
45371,3
45372,3
45373,3
45374,1
45375,1
45376,3
45377,3
45378,1
45379,3
45380,3
45381,3
45382,3
45383,3
45384,3
45385,3
45386,3
45387,3
45388,3
45389,3
45390,3
45391,3
45392,3
45393,3
45394,1
45395,3
45396,3
45397,3
45398,3
45399,3
45400,3
45401,3
45402,3
45403,3
45404,3
45405,3
45406,3
45407,3
45408,3
45409,1
45410,1
45411,1
45412,3
45413,3
45414,3
45415,3
45416,3
45417,3
45418,3
45419,3
45420,3
45421,3
45422,3
45423,3
45424,2
45425,2
45426,1
45427,1
45428,1
45429,3
45430,3
45431,1
45432,3
45433,3
45434,3
45435,3
45436,3
45437,3
45438,3
45439,3
45440,3
45441,3
45442,3
45443,3
45444,3
45445,1
45446,1
45447,3
45448,3
45449,3
45450,3
45451,3
45452,3
45453,3
45454,3
45455,3
45456,3
45457,1
45458,1
45459,3
45460,1
45461,1
45462,3
45463,3
45464,3
45465,3
45466,3
45467,3
45468,3
45469,3
45470,3
45471,3
45472,3
45473,3
45474,3
45475,2
45476,1
45477,1
45478,1
45479,3
45480,3
45481,3
45482,1
45483,3
45484,3
45485,3
45486,3
45487,3
45488,3
45489,3
45490,3
45491,3
45492,3
45493,3
45494,3
45495,3
45496,3
45497,1
45498,1
45499,1
45500,3
45501,3
45502,1
45503,1
45504,3
45505,3
45506,3
45507,3
45508,3
45509,3
45510,3
45511,3
45512,3
45513,3
45514,3
45515,3
45516,3
45517,3
45518,2
45519,1
45520,3
45521,3
45522,3
45523,3
45524,3
45525,3
45526,3
45527,3
45528,3
45529,2
45530,1
45531,3
45532,3
45533,3
45534,3
45535,3
45536,3
45537,3
45538,3
45539,3
45540,3
45541,3
45542,3
45543,3
45544,3
45545,3
45546,3
45547,1
45548,3
45549,1
45550,3
45551,1
45552,2
45553,3
45554,3
45555,3
45556,3
45557,3
45558,3
45559,3
45560,3
45561,3
45562,3
45563,1
45564,1
45565,3
45566,3
45567,3
45568,3
45569,3
45570,3
45571,3
45572,3
45573,3
45574,3
45575,3
45576,3
45577,3
45578,3
45579,3
45580,3
45581,3
45582,1
45583,1
45584,1
45585,3
45586,3
45587,3
45588,3
45589,3
45590,3
45591,3
45592,3
45593,3
45594,3
45595,3
45596,1
45597,1
45598,3
45599,3
45600,3
45601,3
45602,3
45603,3
45604,3
45605,3
45606,3
45607,3
45608,3
45609,3
45610,3
45611,1
45612,3
45613,1
45614,3
45615,3
45616,3
45617,3
45618,3
45619,3
45620,3
45621,3
45622,3
45623,3
45624,3
45625,3
45626,1
45627,3
45628,3
45629,3
45630,1
45631,3
45632,1
45633,3
45634,3
45635,3
45636,3
45637,3
45638,3
45639,3
45640,3
45641,3
45642,3
45643,3
45644,3
45645,3
45646,1
45647,1
45648,3
45649,3
45650,3
45651,3
45652,3
45653,3
45654,3
45655,3
45656,3
45657,3
45658,3
45659,3
45660,1
45661,3
45662,1
45663,2
45664,1
45665,3
45666,3
45667,1
45668,1
45669,3
45670,3
45671,3
45672,3
45673,3
45674,3
45675,3
45676,3
45677,3
45678,3
45679,3
45680,3
45681,1
45682,3
45683,3
45684,1
45685,1
45686,3
45687,3
45688,3
45689,3
45690,3
45691,3
45692,3
45693,3
45694,3
45695,3
45696,1
45697,1
45698,3
45699,3
45700,1
45701,3
45702,3
45703,3
45704,3
45705,3
45706,3
45707,3
45708,3
45709,1
45710,1
45711,3
45712,3
45713,3
45714,3
45715,3
45716,3
45717,3
45718,3
45719,3
45720,3
45721,3
45722,3
45723,1
45724,1
45725,1
45726,3
45727,1
45728,3
45729,3
45730,3
45731,3
45732,3
45733,3
45734,3
45735,3
45736,3
45737,2
45738,1
45739,3
45740,1
45741,3
45742,3
45743,3
45744,3
45745,3
45746,3
45747,3
45748,3
45749,3
45750,3
45751,3
45752,1
45753,1
45754,1
45755,1
45756,3
45757,3
45758,3
45759,3
45760,3
45761,3
45762,3
45763,3
45764,3
45765,1
45766,1
45767,1
45768,1
45769,1
45770,3
45771,3
45772,1
45773,3
45774,3
45775,3
45776,3
45777,1
45778,3
45779,3
45780,3
45781,3
45782,3
45783,3
45784,3
45785,3
45786,3
45787,3
45788,3
45789,3
45790,3
45791,1
45792,3
45793,1
45794,3
45795,3
45796,3
45797,3
45798,3
45799,3
45800,3
45801,3
45802,3
45803,3
45804,3
45805,3
45806,3
45807,3
45808,3
45809,3
45810,3
45811,1
45812,3
45813,1
45814,1
45815,3
45816,1
45817,3
45818,3
45819,1
45820,3
45821,3
45822,3
45823,3
45824,3
45825,3
45826,3
45827,3
45828,3
45829,3
45830,3
45831,3
45832,3
45833,3
45834,1
45835,1
45836,3
45837,3
45838,3
45839,3
45840,3
45841,3
45842,3
45843,3
45844,3
45845,3
45846,3
45847,1
45848,1
45849,3
45850,3
45851,3
45852,3
45853,3
45854,3
45855,3
45856,3
45857,3
45858,3
45859,3
45860,3
45861,3
45862,3
45863,1
45864,1
45865,1
45866,1
45867,3
45868,2
45869,3
45870,2
45871,3
45872,3
45873,3
45874,3
45875,3
45876,3
45877,3
45878,3
45879,3
45880,3
45881,3
45882,3
45883,3
45884,3
45885,3
45886,3
45887,3
45888,3
45889,3
45890,3
45891,1
45892,2
45893,3
45894,2
45895,1
45896,3
45897,3
45898,3
45899,3
45900,3
45901,3
45902,3
45903,3
45904,3
45905,1
45906,1
45907,3
45908,1
45909,3
45910,3
45911,3
45912,3
45913,3
45914,3
45915,3
45916,3
45917,3
45918,3
45919,3
45920,3
45921,3
45922,3
45923,3
45924,3
45925,3
45926,3
45927,3
45928,3
45929,3
45930,3
45931,3
45932,3
45933,1
45934,3
45935,3
45936,3
45937,3
45938,3
45939,3
45940,3
45941,3
45942,3
45943,3
45944,3
45945,3
45946,3
45947,3
45948,3
45949,3
45950,1
45951,3
45952,3
45953,3
45954,1
45955,3
45956,3
45957,3
45958,3
45959,3
45960,3
45961,3
45962,3
45963,3
45964,3
45965,1
45966,1
45967,3
45968,3
45969,3
45970,3
45971,3
45972,3
45973,3
45974,3
45975,3
45976,3
45977,3
45978,3
45979,3
45980,3
45981,3
45982,3
45983,3
45984,3
45985,3
45986,3
45987,3
45988,1
45989,1
45990,1
45991,3
45992,1
45993,3
45994,3
45995,3
45996,3
45997,3
45998,3
45999,1
46000,3
46001,3
46002,3
46003,3
46004,3
46005,1
46006,1
46007,1
46008,1
46009,1
46010,1
46011,3
46012,3
46013,1
46014,3
46015,3
46016,2
46017,3
46018,3
46019,3
46020,3
46021,3
46022,3
46023,3
46024,3
46025,3
46026,3
46027,3
46028,3
46029,1
46030,1
46031,3
46032,1
46033,1
46034,3
46035,2
46036,3
46037,3
46038,3
46039,3
46040,3
46041,3
46042,3
46043,3
46044,3
46045,1
46046,3
46047,3
46048,2
46049,3
46050,3
46051,3
46052,3
46053,3
46054,3
46055,3
46056,3
46057,3
46058,3
46059,3
46060,1
46061,1
46062,1
46063,3
46064,1
46065,3
46066,3
46067,3
46068,3
46069,3
46070,3
46071,3
46072,3
46073,3
46074,3
46075,3
46076,3
46077,3
46078,3
46079,1
46080,3
46081,1
46082,3
46083,3
46084,3
46085,3
46086,3
46087,3
46088,3
46089,1
46090,3
46091,1
46092,1
46093,1
46094,3
46095,3
46096,3
46097,1
46098,3
46099,3
46100,3
46101,3
46102,3
46103,3
46104,3
46105,3
46106,3
46107,3
46108,3
46109,3
46110,3
46111,3
46112,3
46113,1
46114,1
46115,3
46116,3
46117,3
46118,3
46119,3
46120,3
46121,3
46122,3
46123,1
46124,3
46125,3
46126,3
46127,3
46128,3
46129,3
46130,3
46131,3
46132,3
46133,3
46134,3
46135,3
46136,3
46137,2
46138,1
46139,3
46140,1
46141,1
46142,1
46143,3
46144,3
46145,3
46146,3
46147,3
46148,3
46149,3
46150,3
46151,1
46152,1
46153,1
46154,3
46155,3
46156,3
46157,3
46158,3
46159,3
46160,3
46161,1
46162,1
46163,3
46164,3
46165,3
46166,3
46167,3
46168,3
46169,3
46170,3
46171,3
46172,3
46173,3
46174,3
46175,3
46176,2
46177,2
46178,2
46179,3
46180,3
46181,3
46182,3
46183,3
46184,3
46185,3
46186,3
46187,3
46188,1
46189,1
46190,3
46191,1
46192,1
46193,3
46194,3
46195,3
46196,3
46197,3
46198,3
46199,3
46200,3
46201,3
46202,1
46203,1
46204,3
46205,1
46206,3
46207,3
46208,1
46209,3
46210,3
46211,3
46212,3
46213,3
46214,3
46215,3
46216,3
46217,2
46218,2
46219,3
46220,3
46221,1
46222,1
46223,3
46224,3
46225,3
46226,3
46227,3
46228,3
46229,3
46230,3
46231,3
46232,3
46233,3
46234,3
46235,3
46236,3
46237,3
46238,3
46239,3
46240,3
46241,3
46242,3
46243,3
46244,3
46245,3
46246,2
46247,3
46248,3
46249,1
46250,3
46251,3
46252,3
46253,3
46254,3
46255,3
46256,2
46257,3
46258,1
46259,3
46260,3
46261,3
46262,3
46263,2
46264,1
46265,3
46266,3
46267,3
46268,3
46269,3
46270,3
46271,3
46272,3
46273,3
46274,3
46275,3
46276,3
46277,1
46278,1
46279,3
46280,3
46281,3
46282,3
46283,3
46284,3
46285,3
46286,3
46287,3
46288,3
46289,3
46290,3
46291,3
46292,1
46293,1
46294,1
46295,3
46296,3
46297,3
46298,3
46299,3
46300,3
46301,3
46302,3
46303,1
46304,1
46305,1
46306,3
46307,3
46308,3
46309,2
46310,3
46311,1
46312,1
46313,3
46314,3
46315,3
46316,3
46317,3
46318,3
46319,3
46320,3
46321,3
46322,3
46323,3
46324,3
46325,3
46326,3
46327,3
46328,3
46329,1
46330,1
46331,3
46332,3
46333,3
46334,3
46335,3
46336,3
46337,3
46338,3
46339,3
46340,3
46341,1
46342,3
46343,1
46344,3
46345,1
46346,3
46347,1
46348,3
46349,3
46350,3
46351,3
46352,3
46353,3
46354,3
46355,3
46356,3
46357,3
46358,3
46359,2
46360,3
46361,1
46362,1
46363,3
46364,3
46365,3
46366,3
46367,3
46368,3
46369,3
46370,3
46371,3
46372,1
46373,1
46374,1
46375,1
46376,3
46377,1
46378,3
46379,3
46380,3
46381,3
46382,3
46383,3
46384,3
46385,3
46386,2
46387,2
46388,1
46389,1
46390,1
46391,3
46392,3
46393,3
46394,1
46395,3
46396,3
46397,3
46398,3
46399,3
46400,3
46401,3
46402,3
46403,3
46404,3
46405,3
46406,3
46407,3
46408,3
46409,1
46410,3
46411,3
46412,3
46413,3
46414,3
46415,3
46416,3
46417,3
46418,3
46419,3
46420,3
46421,3
46422,1
46423,1
46424,3
46425,1
46426,1
46427,3
46428,3
46429,3
46430,1
46431,3
46432,3
46433,3
46434,3
46435,3
46436,3
46437,3
46438,3
46439,1
46440,3
46441,3
46442,3
46443,3
46444,3
46445,3
46446,3
46447,3
46448,1
46449,3
46450,3
46451,1
46452,3
46453,1
46454,3
46455,1
46456,3
46457,3
46458,3
46459,3
46460,3
46461,3
46462,3
46463,3
46464,3
46465,3
46466,3
46467,3
46468,3
46469,3
46470,1
46471,1
46472,2
46473,3
46474,3
46475,3
46476,3
46477,3
46478,3
46479,3
46480,3
46481,3
46482,3
46483,1
46484,3
46485,1
46486,1
46487,3
46488,3
46489,3
46490,3
46491,3
46492,3
46493,3
46494,1
46495,3
46496,1
46497,1
46498,1
46499,3
46500,3
46501,3
46502,3
46503,3
46504,3
46505,3
46506,3
46507,3
46508,1
46509,3
46510,1
46511,3
46512,3
46513,3
46514,3
46515,3
46516,3
46517,3
46518,3
46519,3
46520,1
46521,3
46522,1
46523,3
46524,3
46525,3
46526,3
46527,3
46528,3
46529,3
46530,3
46531,3
46532,3
46533,3
46534,1
46535,1
46536,3
46537,1
46538,1
46539,1
46540,3
46541,3
46542,3
46543,3
46544,3
46545,3
46546,3
46547,3
46548,3
46549,1
46550,1
46551,3
46552,3
46553,1
46554,1
46555,3
46556,3
46557,3
46558,3
46559,3
46560,3
46561,3
46562,3
46563,3
46564,3
46565,3
46566,3
46567,1
46568,3
46569,3
46570,3
46571,3
46572,3
46573,3
46574,1
46575,1
46576,1
46577,3
46578,3
46579,3
46580,3
46581,3
46582,2
46583,1
46584,1
46585,1
46586,1
46587,1
46588,3
46589,1
46590,1
46591,1
46592,1
46593,1
46594,1
46595,3
46596,1
46597,1
46598,1
46599,1
46600,3
46601,1
46602,1
46603,1
46604,1
46605,1
46606,1
46607,3
46608,1
46609,3
46610,3
46611,3
46612,3
46613,1
46614,1
46615,1
46616,3
46617,3
46618,3
46619,1
46620,3
46621,2
46622,3
46623,1
46624,3
46625,3
46626,3
46627,3
46628,3
46629,3
46630,3
46631,3
46632,3
46633,3
46634,3
46635,3
46636,3
46637,3
46638,3
46639,3
46640,3
46641,3
46642,3
46643,3
46644,3
46645,3
46646,3
46647,3
46648,3
46649,3
46650,3
46651,3
46652,2
46653,2
46654,1
46655,1
46656,1
46657,1
46658,3
46659,1
46660,3
46661,3
46662,3
46663,3
46664,3
46665,2
46666,3
46667,3
46668,3
46669,3
46670,3
46671,3
46672,3
46673,3
46674,3
46675,3
46676,3
46677,3
46678,3
46679,3
46680,3
46681,3
46682,1
46683,1
46684,1
46685,1
46686,1
46687,1
46688,1
46689,1
46690,1
46691,3
46692,3
46693,1
46694,3
46695,3
46696,3
46697,3
46698,3
46699,3
46700,3
46701,3
46702,3
46703,3
46704,3
46705,3
46706,3
46707,3
46708,3
46709,3
46710,3
46711,3
46712,3
46713,3
46714,3
46715,3
46716,3
46717,3
46718,3
46719,3
46720,3
46721,3
46722,3
46723,3
46724,3
46725,3
46726,3
46727,3
46728,3
46729,3
46730,3
46731,3
46732,3
46733,3
46734,3
46735,3
46736,3
46737,3
46738,3
46739,3
46740,3
46741,3
46742,3
46743,3
46744,3
46745,3
46746,3
46747,3
46748,3
46749,3
46750,3
46751,3
46752,3
46753,3
46754,3
46755,3
46756,3
46757,3
46758,3
46759,3
46760,3
46761,2
46762,3
46763,3
46764,3
46765,3
46766,3
46767,3
46768,3
46769,3
46770,3
46771,3
46772,3
46773,3
46774,3
46775,3
46776,3
46777,3
46778,3
46779,3
46780,3
46781,3
46782,3
46783,3
46784,3
46785,3
46786,3
46787,3
46788,3
46789,3
46790,3
46791,3
46792,3
46793,3
46794,3
46795,3
46796,3
46797,3
46798,3
46799,3
46800,3
46801,3
46802,3
46803,3
46804,3
46805,3
46806,3
46807,3
46808,3
46809,3
46810,3
46811,3
46812,3
46813,3
46814,3
46815,3
46816,3
46817,3
46818,3
46819,3
46820,3
46821,3
46822,3
46823,3
46824,3
46825,3
46826,3
46827,3
46828,3
46829,3
46830,3
46831,3
46832,3
46833,3
46834,3
46835,3
46836,3
46837,3
46838,3
46839,3
46840,3
46841,3
46842,3
46843,3
46844,3
46845,3
46846,3
46847,3
46848,3
46849,3
46850,3
46851,3
46852,3
46853,3
46854,3
46855,3
46856,3
46857,3
46858,3
46859,3
46860,3
46861,3
46862,3
46863,3
46864,3
46865,3
46866,3
46867,3
46868,3
46869,3
46870,3
46871,3
46872,3
46873,3
46874,3
46875,3
46876,3
46877,3
46878,3
46879,3
46880,3
46881,3
46882,3
46883,3
46884,3
46885,3
46886,3
46887,3
46888,3
46889,3
46890,3
46891,3
46892,3
46893,3
46894,3
46895,3
46896,3
46897,3
46898,3
46899,3
46900,3
46901,3
46902,3
46903,3
46904,3
46905,3
46906,3
46907,3
46908,3
46909,3
46910,3
46911,3
46912,3
46913,3
46914,3
46915,3
46916,3
46917,3
46918,3
46919,3
46920,3
46921,3
46922,3
46923,3
46924,3
46925,3
46926,3
46927,3
46928,3
46929,3
46930,3
46931,3
46932,3
46933,3
46934,3
46935,3
46936,3
46937,3
46938,3
46939,3
46940,3
46941,3
46942,3
46943,3
46944,3
46945,3
46946,3
46947,3
46948,3
46949,3
46950,3
46951,3
46952,3
46953,3
46954,3
46955,3
46956,3
46957,3
46958,3
46959,3
46960,3
46961,3
46962,3
46963,3
46964,3
46965,3
46966,3
46967,3
46968,3
46969,3
46970,3
46971,3
46972,3
46973,3
46974,3
46975,3
46976,3
46977,3
46978,3
46979,3
46980,3
46981,3
46982,3
46983,3
46984,3
46985,3
46986,3
46987,3
46988,3
46989,3
46990,3
46991,3
46992,3
46993,3
46994,3
46995,3
46996,3
46997,3
46998,3
46999,3
47000,3
47001,3
47002,3
47003,3
47004,3
47005,3
47006,3
47007,3
47008,3
47009,3
47010,3
47011,3
47012,3
47013,3
47014,3
47015,3
47016,3
47017,3
47018,3
47019,3
47020,3
47021,3
47022,3
47023,3
47024,3
47025,3
47026,3
47027,3
47028,3
47029,3
47030,3
47031,3
47032,3
47033,3
47034,3
47035,3
47036,3
47037,3
47038,3
47039,3
47040,3
47041,3
47042,3
47043,3
47044,3
47045,3
47046,3
47047,3
47048,3
47049,3
47050,3
47051,3
47052,3
47053,3
47054,3
47055,3
47056,3
47057,3
47058,3
47059,3
47060,3
47061,3
47062,3
47063,3
47064,3
47065,3
47066,3
47067,3
47068,3
47069,3
47070,3
47071,3
47072,3
47073,3
47074,3
47075,3
47076,3
47077,3
47078,3
47079,3
47080,3
47081,3
47082,3
47083,3
47084,3
47085,3
47086,3
47087,3
47088,3
47089,3
47090,3
47091,3
47092,3
47093,3
47094,3
47095,3
47096,3
47097,3
47098,3
47099,3
47100,3
47101,3
47102,3
47103,3
47104,3
47105,3
47106,3
47107,3
47108,3
47109,3
47110,3
47111,3
47112,3
47113,3
47114,3
47115,3
47116,3
47117,3
47118,3
47119,3
47120,3
47121,3
47122,3
47123,3
47124,3
47125,3
47126,3
47127,3
47128,3
47129,3
47130,3
47131,3
47132,3
47133,3
47134,3
47135,3
47136,3
47137,3
47138,3
47139,3
47140,3
47141,3
47142,3
47143,3
47144,3
47145,3
47146,3
47147,3
47148,3
47149,3
47150,3
47151,3
47152,3
47153,3
47154,3
47155,3
47156,3
47157,3
47158,3
47159,3
47160,3
47161,3
47162,3
47163,3
47164,3
47165,3
47166,3
47167,3
47168,3
47169,3
47170,3
47171,3
47172,3
47173,3
47174,3
47175,3
47176,3
47177,3
47178,3
47179,3
47180,3
47181,3
47182,3
47183,3
47184,3
47185,3
47186,3
47187,3
47188,3
47189,3
47190,3
47191,3
47192,3
47193,3
47194,3
47195,3
47196,3
47197,3
47198,3
47199,3
47200,3
47201,3
47202,3
47203,3
47204,3
47205,3
47206,3
47207,3
47208,3
47209,3
47210,3
47211,3
47212,3
47213,3
47214,3
47215,3
47216,3
47217,3
47218,3
47219,3
47220,3
47221,3
47222,3
47223,3
47224,3
47225,3
47226,3
47227,3
47228,3
47229,3
47230,3
47231,3
47232,3
47233,3
47234,3
47235,3
47236,3
47237,3
47238,3
47239,3
47240,3
47241,3
47242,3
47243,3
47244,3
47245,3
47246,3
47247,3
47248,3
47249,3
47250,3
47251,3
47252,3
47253,3
47254,3
47255,3
47256,3
47257,3
47258,3
47259,3
47260,3
47261,3
47262,3
47263,3
47264,3
47265,3
47266,3
47267,3
47268,3
47269,3
47270,3
47271,3
47272,3
47273,3
47274,3
47275,3
47276,3
47277,3
47278,3
47279,3
47280,3
47281,3
47282,3
47283,3
47284,3
47285,3
47286,3
47287,3
47288,3
47289,3
47290,3
47291,3
47292,3
47293,3
47294,3
47295,3
47296,3
47297,3
47298,3
47299,3
47300,3
47301,3
47302,3
47303,3
47304,3
47305,3
47306,3
47307,3
47308,3
47309,3
47310,3
47311,3
47312,3
47313,3
47314,3
47315,3
47316,3
47317,3
47318,3
47319,3
47320,3
47321,3
47322,3
47323,3
47324,3
47325,3
47326,3
47327,3
47328,3
47329,3
47330,3
47331,3
47332,3
47333,3
47334,3
47335,3
47336,3
47337,3
47338,3
47339,3
47340,3
47341,3
47342,3
47343,3
47344,3
47345,3
47346,3
47347,3
47348,3
47349,3
47350,3
47351,3
47352,3
47353,3
47354,3
47355,3
47356,3
47357,3
47358,3
47359,3
47360,3
47361,3
47362,3
47363,3
47364,3
47365,3
47366,3
47367,3
47368,3
47369,3
47370,3
47371,3
47372,3
47373,3
47374,3
47375,3
47376,3
47377,3
47378,3
47379,3
47380,3
47381,3
47382,3
47383,3
47384,3
47385,3
47386,3
47387,3
47388,3
47389,3
47390,3
47391,3
47392,3
47393,3
47394,3
47395,3
47396,3
47397,3
47398,3
47399,3
47400,3
47401,3
47402,3
47403,3
47404,3
47405,3
47406,3
47407,3
47408,3
47409,3
47410,3
47411,3
47412,3
47413,3
47414,3
47415,3
47416,3
47417,3
47418,3
47419,3
47420,3
47421,3
47422,3
47423,3
47424,3
47425,3
47426,3
47427,3
47428,3
47429,3
47430,3
47431,3
47432,3
47433,3
47434,3
47435,3
47436,3
47437,3
47438,3
47439,3
47440,3
47441,3
47442,3
47443,3
47444,3
47445,3
47446,3
47447,3
47448,3
47449,3
47450,3
47451,3
47452,3
47453,3
47454,3
47455,3
47456,3
47457,3
47458,3
47459,3
47460,3
47461,3
47462,3
47463,3
47464,3
47465,3
47466,3
47467,3
47468,3
47469,3
47470,3
47471,3
47472,3
47473,3
47474,3
47475,3
47476,3
47477,3
47478,3
47479,3
47480,3
47481,3
47482,3
47483,3
47484,3
47485,3
47486,3
47487,3
47488,3
47489,3
47490,3
47491,3
47492,3
47493,3
47494,3
47495,3
47496,3
47497,3
47498,3
47499,3
47500,3
47501,3
47502,3
47503,3
47504,3
47505,3
47506,3
47507,3
47508,3
47509,3
47510,3
47511,3
47512,3
47513,3
47514,3
47515,3
47516,3
47517,3
47518,3
47519,3
47520,3
47521,3
47522,3
47523,3
47524,3
47525,3
47526,3
47527,3
47528,3
47529,3
47530,3
47531,3
47532,3
47533,3
47534,3
47535,3
47536,3
47537,3
47538,3
47539,3
47540,3
47541,3
47542,3
47543,3
47544,3
47545,3
47546,3
47547,3
47548,3
47549,3
47550,3
47551,3
47552,3
47553,3
47554,3
47555,3
47556,3
47557,3
47558,3
47559,3
47560,3
47561,3
47562,3
47563,3
47564,3
47565,3
47566,3
47567,3
47568,3
47569,3
47570,3
47571,3
47572,3
47573,3
47574,3
47575,3
47576,3
47577,3
47578,3
47579,3
47580,3
47581,3
47582,3
47583,3
47584,3
47585,3
47586,3
47587,3
47588,3
47589,3
47590,3
47591,3
47592,3
47593,3
47594,3
47595,3
47596,3
47597,3
47598,3
47599,3
47600,3
47601,3
47602,3
47603,3
47604,3
47605,3
47606,3
47607,3
47608,3
47609,3
47610,3
47611,3
47612,3
47613,3
47614,3
47615,3
47616,3
47617,3
47618,3
47619,3
47620,3
47621,3
47622,3
47623,3
47624,3
47625,3
47626,3
47627,3
47628,3
47629,2
47630,3
47631,3
47632,3
47633,3
47634,3
47635,3
47636,3
47637,3
47638,3
47639,3
47640,3
47641,3
47642,3
47643,3
47644,3
47645,3
47646,3
47647,3
47648,3
47649,3
47650,3
47651,3
47652,3
47653,3
47654,3
47655,3
47656,3
47657,3
47658,3
47659,3
47660,3
47661,3
47662,3
47663,3
47664,3
47665,3
47666,3
47667,3
47668,3
47669,3
47670,3
47671,3
47672,3
47673,3
47674,3
47675,3
47676,3
47677,3
47678,3
47679,3
47680,3
47681,3
47682,3
47683,3
47684,3
47685,3
47686,3
47687,3
47688,3
47689,3
47690,3
47691,3
47692,3
47693,3
47694,3
47695,3
47696,3
47697,3
47698,3
47699,3
47700,3
47701,3
47702,3
47703,3
47704,3
47705,3
47706,3
47707,3
47708,3
47709,3
47710,3
47711,3
47712,3
47713,3
47714,3
47715,3
47716,3
47717,3
47718,3
47719,3
47720,3
47721,3
47722,3
47723,3
47724,3
47725,3
47726,3
47727,3
47728,3
47729,3
47730,3
47731,3
47732,3
47733,3
47734,3
47735,3
47736,3
47737,3
47738,3
47739,3
47740,3
47741,3
47742,3
47743,3
47744,3
47745,3
47746,3
47747,3
47748,3
47749,3
47750,3
47751,3
47752,3
47753,3
47754,3
47755,3
47756,3
47757,3
47758,3
47759,3
47760,3
47761,3
47762,3
47763,3
47764,3
47765,3
47766,3
47767,3
47768,3
47769,3
47770,3
47771,3
47772,3
47773,3
47774,3
47775,3
47776,3
47777,3
47778,3
47779,3
47780,3
47781,3
47782,3
47783,3
47784,3
47785,3
47786,3
47787,3
47788,3
47789,3
47790,3
47791,3
47792,3
47793,3
47794,3
47795,3
47796,3
47797,3
47798,3
47799,3
47800,3
47801,3
47802,3
47803,3
47804,3
47805,3
47806,3
47807,3
47808,3
47809,3
47810,3
47811,3
47812,3
47813,3
47814,3
47815,3
47816,3
47817,3
47818,3
47819,3
47820,3
47821,3
47822,3
47823,3
47824,3
47825,3
47826,3
47827,3
47828,3
47829,3
47830,3
47831,3
47832,3
47833,3
47834,3
47835,3
47836,3
47837,3
47838,3
47839,3
47840,3
47841,3
47842,3
47843,3
47844,3
47845,3
47846,3
47847,3
47848,3
47849,3
47850,3
47851,3
47852,3
47853,3
47854,3
47855,3
47856,3
47857,3
47858,3
47859,3
47860,3
47861,3
47862,3
47863,3
47864,3
47865,3
47866,3
47867,3
47868,3
47869,3
47870,3
47871,3
47872,3
47873,3
47874,3
47875,3
47876,3
47877,3
47878,3
47879,3
47880,3
47881,3
47882,3
47883,3
47884,3
47885,3
47886,3
47887,3
47888,3
47889,3
47890,3
47891,3
47892,3
47893,3
47894,3
47895,3
47896,3
47897,3
47898,3
47899,3
47900,3
47901,3
47902,3
47903,3
47904,3
47905,3
47906,3
47907,3
47908,3
47909,3
47910,3
47911,3
47912,3
47913,3
47914,3
47915,3
47916,3
47917,3
47918,3
47919,3
47920,3
47921,3
47922,3
47923,3
47924,3
47925,3
47926,3
47927,3
47928,3
47929,3
47930,3
47931,3
47932,3
47933,3
47934,3
47935,3
47936,3
47937,3
47938,3
47939,3
47940,3
47941,3
47942,3
47943,3
47944,3
47945,3
47946,3
47947,3
47948,3
47949,3
47950,3
47951,3
47952,3
47953,3
47954,3
47955,3
47956,3
47957,3
47958,3
47959,3
47960,3
47961,3
47962,3
47963,3
47964,3
47965,3
47966,3
47967,3
47968,3
47969,3
47970,3
47971,3
47972,3
47973,3
47974,3
47975,3
47976,3
47977,3
47978,3
47979,3
47980,3
47981,3
47982,3
47983,3
47984,3
47985,3
47986,3
47987,3
47988,3
47989,3
47990,3
47991,3
47992,3
47993,3
47994,3
47995,3
47996,3
47997,3
47998,3
47999,3
48000,3
48001,3
48002,3
48003,3
48004,3
48005,3
48006,3
48007,3
48008,3
48009,3
48010,3
48011,3
48012,3
48013,3
48014,3
48015,3
48016,3
48017,2
48018,3
48019,3
48020,3
48021,3
48022,3
48023,3
48024,3
48025,3
48026,3
48027,3
48028,3
48029,3
48030,3
48031,3
48032,3
48033,3
48034,3
48035,3
48036,3
48037,3
48038,3
48039,3
48040,3
48041,3
48042,3
48043,3
48044,3
48045,3
48046,3
48047,3
48048,3
48049,3
48050,3
48051,3
48052,3
48053,3
48054,3
48055,3
48056,3
48057,3
48058,3
48059,3
48060,3
48061,3
48062,3
48063,3
48064,3
48065,3
48066,3
48067,3
48068,3
48069,3
48070,3
48071,3
48072,3
48073,3
48074,3
48075,3
48076,3
48077,3
48078,3
48079,3
48080,3
48081,3
48082,3
48083,3
48084,3
48085,3
48086,3
48087,3
48088,3
48089,3
48090,3
48091,3
48092,3
48093,3
48094,3
48095,3
48096,3
48097,3
48098,3
48099,3
48100,3
48101,3
48102,3
48103,3
48104,3
48105,3
48106,3
48107,3
48108,2
48109,3
48110,3
48111,3
48112,3
48113,3
48114,3
48115,3
48116,3
48117,3
48118,3
48119,3
48120,3
48121,3
48122,3
48123,3
48124,3
48125,3
48126,3
48127,3
48128,3
48129,3
48130,3
48131,3
48132,3
48133,3
48134,3
48135,3
48136,3
48137,3
48138,3
48139,3
48140,3
48141,3
48142,3
48143,3
48144,3
48145,3
48146,3
48147,3
48148,3
48149,3
48150,3
48151,3
48152,3
48153,3
48154,3
48155,3
48156,3
48157,3
48158,3
48159,3
48160,3
48161,3
48162,3
48163,3
48164,3
48165,3
48166,3
48167,3
48168,3
48169,3
48170,3
48171,3
48172,3
48173,3
48174,3
48175,3
48176,3
48177,3
48178,3
48179,3
48180,3
48181,3
48182,3
48183,3
48184,3
48185,3
48186,3
48187,3
48188,3
48189,3
48190,3
48191,3
48192,3
48193,3
48194,3
48195,3
48196,3
48197,3
48198,3
48199,3
48200,3
48201,3
48202,3
48203,3
48204,3
48205,3
48206,3
48207,3
48208,3
48209,3
48210,3
48211,3
48212,3
48213,3
48214,3
48215,3
48216,3
48217,3
48218,3
48219,3
48220,3
48221,3
48222,3
48223,3
48224,3
48225,3
48226,3
48227,3
48228,3
48229,3
48230,3
48231,3
48232,3
48233,3
48234,3
48235,3
48236,3
48237,3
48238,3
48239,3
48240,3
48241,3
48242,3
48243,3
48244,3
48245,3
48246,3
48247,3
48248,3
48249,3
48250,3
48251,3
48252,3
48253,3
48254,3
48255,3
48256,3
48257,3
48258,3
48259,3
48260,3
48261,3
48262,3
48263,3
48264,3
48265,3
48266,3
48267,3
48268,3
48269,3
48270,3
48271,3
48272,3
48273,3
48274,3
48275,3
48276,3
48277,3
48278,3
48279,3
48280,3
48281,3
48282,3
48283,3
48284,3
48285,3
48286,3
48287,3
48288,3
48289,3
48290,3
48291,3
48292,3
48293,3
48294,3
48295,3
48296,3
48297,3
48298,3
48299,3
48300,3
48301,3
48302,3
48303,3
48304,3
48305,3
48306,3
48307,3
48308,3
48309,3
48310,3
48311,3
48312,3
48313,3
48314,3
48315,3
48316,3
48317,3
48318,3
48319,3
48320,3
48321,3
48322,3
48323,3
48324,3
48325,3
48326,3
48327,3
48328,3
48329,3
48330,3
48331,3
48332,3
48333,3
48334,3
48335,3
48336,3
48337,3
48338,3
48339,3
48340,3
48341,3
48342,3
48343,3
48344,3
48345,3
48346,3
48347,3
48348,3
48349,3
48350,3
48351,3
48352,3
48353,3
48354,3
48355,3
48356,3
48357,3
48358,3
48359,3
48360,3
48361,3
48362,3
48363,3
48364,3
48365,3
48366,3
48367,3
48368,3
48369,3
48370,3
48371,3
48372,3
48373,3
48374,3
48375,3
48376,3
48377,3
48378,3
48379,3
48380,3
48381,3
48382,3
48383,3
48384,3
48385,3
48386,3
48387,3
48388,3
48389,3
48390,3
48391,3
48392,3
48393,3
48394,3
48395,3
48396,3
48397,3
48398,3
48399,3
48400,3
48401,3
48402,3
48403,3
48404,3
48405,3
48406,3
48407,3
48408,3
48409,3
48410,3
48411,3
48412,3
48413,3
48414,3
48415,3
48416,3
48417,3
48418,3
48419,3
48420,3
48421,3
48422,3
48423,3
48424,3
48425,3
48426,3
48427,3
48428,3
48429,3
48430,3
48431,3
48432,3
48433,3
48434,3
48435,3
48436,3
48437,3
48438,3
48439,3
48440,3
48441,3
48442,3
48443,3
48444,3
48445,3
48446,3
48447,3
48448,3
48449,3
48450,3
48451,3
48452,3
48453,3
48454,3
48455,3
48456,3
48457,3
48458,3
48459,3
48460,3
48461,3
48462,3
48463,3
48464,3
48465,3
48466,3
48467,3
48468,3
48469,3
48470,3
48471,3
48472,3
48473,3
48474,3
48475,3
48476,3
48477,3
48478,3
48479,3
48480,3
48481,3
48482,3
48483,3
48484,3
48485,3
48486,3
48487,3
48488,3
48489,3
48490,3
48491,3
48492,3
48493,3
48494,3
48495,3
48496,3
48497,3
48498,3
48499,3
48500,3
48501,3
48502,3
48503,3
48504,3
48505,3
48506,3
48507,3
48508,3
48509,3
48510,3
48511,3
48512,3
48513,3
48514,3
48515,3
48516,3
48517,3
48518,3
48519,3
48520,3
48521,3
48522,3
48523,3
48524,3
48525,3
48526,3
48527,3
48528,3
48529,3
48530,3
48531,3
48532,3
48533,3
48534,3
48535,3
48536,3
48537,3
48538,3
48539,3
48540,3
48541,3
48542,3
48543,3
48544,3
48545,3
48546,3
48547,3
48548,3
48549,3
48550,3
48551,3
48552,3
48553,3
48554,3
48555,3
48556,3
48557,3
48558,3
48559,3
48560,3
48561,3
48562,3
48563,3
48564,3
48565,3
48566,3
48567,3
48568,3
48569,3
48570,3
48571,3
48572,3
48573,3
48574,3
48575,3
48576,3
48577,3
48578,3
48579,3
48580,3
48581,3
48582,3
48583,3
48584,3
48585,3
48586,3
48587,3
48588,3
48589,3
48590,3
48591,3
48592,3
48593,3
48594,3
48595,3
48596,3
48597,3
48598,3
48599,3
48600,3
48601,3
48602,3
48603,3
48604,3
48605,3
48606,3
48607,3
48608,3
48609,3
48610,3
48611,3
48612,3
48613,3
48614,3
48615,3
48616,3
48617,3
48618,3
48619,3
48620,3
48621,3
48622,3
48623,3
48624,3
48625,3
48626,3
48627,3
48628,3
48629,3
48630,3
48631,3
48632,3
48633,3
48634,3
48635,3
48636,3
48637,3
48638,3
48639,3
48640,3
48641,3
48642,3
48643,3
48644,3
48645,3
48646,3
48647,3
48648,3
48649,3
48650,3
48651,3
48652,3
48653,3
48654,3
48655,3
48656,3
48657,3
48658,3
48659,3
48660,3
48661,3
48662,3
48663,3
48664,3
48665,3
48666,3
48667,3
48668,3
48669,3
48670,3
48671,3
48672,3
48673,3
48674,3
48675,3
48676,3
48677,3
48678,3
48679,3
48680,3
48681,3
48682,3
48683,3
48684,3
48685,3
48686,3
48687,3
48688,3
48689,3
48690,3
48691,3
48692,3
48693,3
48694,3
48695,3
48696,3
48697,3
48698,3
48699,3
48700,3
48701,3
48702,3
48703,3
48704,3
48705,3
48706,3
48707,3
48708,3
48709,3
48710,3
48711,3
48712,3
48713,3
48714,3
48715,3
48716,3
48717,3
48718,3
48719,3
48720,3
48721,3
48722,3
48723,3
48724,3
48725,3
48726,3
48727,3
48728,3
48729,3
48730,3
48731,3
48732,3
48733,3
48734,3
48735,3
48736,3
48737,3
48738,3
48739,3
48740,3
48741,3
48742,3
48743,3
48744,3
48745,3
48746,3
48747,3
48748,3
48749,3
48750,3
48751,3
48752,3
48753,3
48754,3
48755,3
48756,3
48757,3
48758,3
48759,3
48760,3
48761,3
48762,3
48763,3
48764,3
48765,3
48766,3
48767,3
48768,3
48769,3
48770,3
48771,3
48772,3
48773,3
48774,3
48775,3
48776,3
48777,3
48778,3
48779,3
48780,3
48781,3
48782,3
48783,3
48784,3
48785,3
48786,3
48787,3
48788,3
48789,3
48790,3
48791,3
48792,3
48793,3
48794,3
48795,3
48796,3
48797,3
48798,3
48799,3
48800,3
48801,3
48802,3
48803,3
48804,3
48805,3
48806,3
48807,3
48808,3
48809,3
48810,3
48811,3
48812,3
48813,3
48814,3
48815,3
48816,3
48817,3
48818,3
48819,3
48820,3
48821,3
48822,3
48823,3
48824,3
48825,3
48826,3
48827,3
48828,3
48829,3
48830,3
48831,3
48832,3
48833,3
48834,3
48835,3
48836,3
48837,3
48838,3
48839,3
48840,3
48841,3
48842,3
48843,3
48844,3
48845,3
48846,3
48847,3
48848,3
48849,3
48850,3
48851,3
48852,3
48853,3
48854,3
48855,3
48856,3
48857,3
48858,3
48859,3
48860,3
48861,3
48862,3
48863,3
48864,3
48865,3
48866,3
48867,3
48868,3
48869,3
48870,3
48871,3
48872,3
48873,3
48874,3
48875,3
48876,3
48877,3
48878,3
48879,3
48880,3
48881,3
48882,3
48883,3
48884,3
48885,3
48886,3
48887,3
48888,3
48889,3
48890,3
48891,3
48892,3
48893,3
48894,3
48895,3
48896,3
48897,3
48898,3
48899,3
48900,3
48901,3
48902,3
48903,3
48904,3
48905,3
48906,3
48907,3
48908,3
48909,3
48910,3
48911,3
48912,3
48913,3
48914,3
48915,3
48916,3
48917,3
48918,3
48919,3
48920,3
48921,3
48922,3
48923,3
48924,3
48925,3
48926,3
48927,3
48928,3
48929,3
48930,3
48931,3
48932,3
48933,3
48934,3
48935,3
48936,3
48937,3
48938,3
48939,3
48940,3
48941,3
48942,3
48943,3
48944,3
48945,3
48946,3
48947,3
48948,3
48949,3
48950,3
48951,3
48952,3
48953,3
48954,2
48955,3
48956,3
48957,3
48958,3
48959,3
48960,3
48961,3
48962,3
48963,3
48964,3
48965,3
48966,3
48967,3
48968,3
48969,3
48970,3
48971,3
48972,3
48973,3
48974,3
48975,3
48976,3
48977,3
48978,3
48979,3
48980,3
48981,3
48982,3
48983,3
48984,3
48985,3
48986,3
48987,3
48988,3
48989,3
48990,3
48991,3
48992,3
48993,3
48994,3
48995,3
48996,3
48997,3
48998,3
48999,3
49000,3
49001,3
49002,3
49003,3
49004,3
49005,3
49006,3
49007,3
49008,3
49009,3
49010,3
49011,3
49012,3
49013,3
49014,3
49015,3
49016,3
49017,3
49018,3
49019,3
49020,3
49021,3
49022,3
49023,3
49024,3
49025,3
49026,3
49027,3
49028,3
49029,3
49030,3
49031,3
49032,3
49033,3
49034,3
49035,3
49036,3
49037,3
49038,3
49039,3
49040,3
49041,3
49042,3
49043,3
49044,3
49045,3
49046,3
49047,3
49048,3
49049,3
49050,3
49051,3
49052,3
49053,3
49054,3
49055,3
49056,3
49057,3
49058,3
49059,3
49060,3
49061,3
49062,3
49063,3
49064,3
49065,3
49066,3
49067,3
49068,3
49069,3
49070,3
49071,3
49072,3
49073,3
49074,3
49075,3
49076,3
49077,3
49078,3
49079,3
49080,3
49081,3
49082,3
49083,3
49084,3
49085,3
49086,3
49087,3
49088,3
49089,3
49090,3
49091,3
49092,3
49093,3
49094,3
49095,3
49096,3
49097,3
49098,3
49099,3
49100,3
49101,3
49102,3
49103,3
49104,3
49105,3
49106,3
49107,3
49108,3
49109,3
49110,3
49111,3
49112,3
49113,3
49114,3
49115,3
49116,3
49117,3
49118,3
49119,3
49120,3
49121,3
49122,3
49123,3
49124,3
49125,3
49126,3
49127,3
49128,3
49129,3
49130,3
49131,3
49132,3
49133,3
49134,3
49135,3
49136,3
49137,3
49138,3
49139,3
49140,3
49141,2
49142,3
49143,3
49144,3
49145,3
49146,3
49147,3
49148,3
49149,3
49150,3
49151,3
49152,3
49153,3
49154,3
49155,3
49156,3
49157,3
49158,3
49159,3
49160,3
49161,3
49162,3
49163,3
49164,3
49165,3
49166,3
49167,3
49168,3
49169,3
49170,3
49171,3
49172,3
49173,3
49174,3
49175,3
49176,3
49177,3
49178,3
49179,3
49180,3
49181,3
49182,3
49183,3
49184,3
49185,3
49186,3
49187,3
49188,3
49189,3
49190,3
49191,3
49192,3
49193,3
49194,3
49195,3
49196,3
49197,3
49198,3
49199,3
49200,3
49201,3
49202,3
49203,3
49204,3
49205,3
49206,3
49207,3
49208,3
49209,3
49210,3
49211,3
49212,3
49213,3
49214,3
49215,3
49216,3
49217,3
49218,3
49219,3
49220,3
49221,3
49222,3
49223,3
49224,3
49225,3
49226,3
49227,3
49228,3
49229,3
49230,3
49231,3
49232,3
49233,3
49234,3
49235,3
49236,3
49237,3
49238,3
49239,3
49240,3
49241,3
49242,3
49243,3
49244,3
49245,3
49246,3
49247,3
49248,3
49249,3
49250,3
49251,3
49252,3
49253,3
49254,3
49255,3
49256,3
49257,3
49258,3
49259,3
49260,3
49261,3
49262,3
49263,3
49264,3
49265,3
49266,3
49267,3
49268,3
49269,3
49270,3
49271,3
49272,3
49273,3
49274,3
49275,3
49276,3
49277,3
49278,3
49279,3
49280,3
49281,3
49282,3
49283,3
49284,3
49285,3
49286,3
49287,3
49288,3
49289,3
49290,3
49291,3
49292,3
49293,3
49294,3
49295,3
49296,3
49297,3
49298,3
49299,3
49300,3
49301,3
49302,3
49303,3
49304,3
49305,3
49306,3
49307,3
49308,3
49309,3
49310,3
49311,3
49312,3
49313,3
49314,3
49315,3
49316,3
49317,3
49318,3
49319,3
49320,3
49321,3
49322,3
49323,3
49324,3
49325,3
49326,3
49327,3
49328,3
49329,3
49330,3
49331,3
49332,3
49333,3
49334,3
49335,3
49336,3
49337,3
49338,3
49339,3
49340,3
49341,3
49342,3
49343,3
49344,3
49345,3
49346,3
49347,3
49348,3
49349,3
49350,3
49351,3
49352,3
49353,3
49354,3
49355,3
49356,3
49357,3
49358,3
49359,3
49360,3
49361,3
49362,3
49363,3
49364,3
49365,3
49366,3
49367,3
49368,3
49369,3
49370,3
49371,3
49372,3
49373,3
49374,3
49375,3
49376,3
49377,3
49378,3
49379,3
49380,3
49381,3
49382,3
49383,3
49384,3
49385,3
49386,3
49387,3
49388,3
49389,3
49390,3
49391,3
49392,3
49393,3
49394,3
49395,3
49396,3
49397,3
49398,3
49399,3
49400,3
49401,3
49402,3
49403,3
49404,3
49405,3
49406,3
49407,3
49408,3
49409,3
49410,3
49411,3
49412,3
49413,3
49414,3
49415,3
49416,3
49417,3
49418,3
49419,3
49420,3
49421,3
49422,3
49423,3
49424,3
49425,3
49426,3
49427,3
49428,3
49429,3
49430,3
49431,3
49432,3
49433,3
49434,3
49435,3
49436,3
49437,3
49438,3
49439,3
49440,3
49441,3
49442,3
49443,3
49444,3
49445,3
49446,3
49447,3
49448,3
49449,3
49450,3
49451,3
49452,3
49453,3
49454,3
49455,3
49456,3
49457,3
49458,3
49459,3
49460,3
49461,3
49462,3
49463,3
49464,3
49465,3
49466,3
49467,3
49468,3
49469,3
49470,3
49471,3
49472,3
49473,3
49474,3
49475,3
49476,3
49477,3
49478,3
49479,3
49480,3
49481,3
49482,3
49483,3
49484,3
49485,3
49486,3
49487,3
49488,3
49489,3
49490,3
49491,3
49492,3
49493,3
49494,3
49495,3
49496,3
49497,3
49498,3
49499,3
49500,3
49501,3
49502,3
49503,3
49504,3
49505,3
49506,3
49507,3
49508,3
49509,3
49510,3
49511,3
49512,3
49513,3
49514,3
49515,3
49516,3
49517,3
49518,3
49519,3
49520,3
49521,3
49522,3
49523,3
49524,3
49525,3
49526,3
49527,3
49528,3
49529,3
49530,3
49531,3
49532,3
49533,3
49534,3
49535,3
49536,3
49537,3
49538,3
49539,3
49540,3
49541,3
49542,3
49543,3
49544,3
49545,3
49546,3
49547,3
49548,3
49549,3
49550,3
49551,3
49552,3
49553,3
49554,3
49555,3
49556,3
49557,3
49558,3
49559,3
49560,3
49561,3
49562,3
49563,3
49564,3
49565,3
49566,3
49567,3
49568,3
49569,3
49570,3
49571,3
49572,3
49573,3
49574,3
49575,3
49576,3
49577,3
49578,3
49579,3
49580,3
49581,3
49582,3
49583,3
49584,3
49585,3
49586,3
49587,3
49588,3
49589,3
49590,3
49591,3
49592,3
49593,3
49594,3
49595,3
49596,3
49597,3
49598,3
49599,3
49600,3
49601,3
49602,3
49603,3
49604,3
49605,3
49606,3
49607,3
49608,3
49609,3
49610,3
49611,3
49612,3
49613,3
49614,3
49615,3
49616,3
49617,3
49618,3
49619,3
49620,3
49621,3
49622,3
49623,3
49624,3
49625,3
49626,3
49627,3
49628,3
49629,3
49630,3
49631,3
49632,3
49633,3
49634,3
49635,3
49636,3
49637,3
49638,3
49639,3
49640,3
49641,3
49642,3
49643,3
49644,3
49645,3
49646,3
49647,3
49648,3
49649,3
49650,3
49651,3
49652,3
49653,3
49654,3
49655,3
49656,3
49657,3
49658,3
49659,3
49660,3
49661,3
49662,3
49663,3
49664,3
49665,3
49666,3
49667,3
49668,3
49669,3
49670,3
49671,3
49672,3
49673,3
49674,3
49675,3
49676,3
49677,3
49678,3
49679,3
49680,3
49681,3
49682,3
49683,3
49684,3
49685,3
49686,3
49687,3
49688,3
49689,3
49690,3
49691,3
49692,3
49693,3
49694,3
49695,3
49696,3
49697,3
49698,3
49699,3
49700,3
49701,3
49702,3
49703,3
49704,3
49705,3
49706,3
49707,3
49708,3
49709,3
49710,3
49711,3
49712,3
49713,3
49714,3
49715,3
49716,3
49717,3
49718,3
49719,3
49720,3
49721,3
49722,3
49723,3
49724,3
49725,3
49726,3
49727,3
49728,3
49729,3
49730,3
49731,3
49732,3
49733,3
49734,3
49735,3
49736,3
49737,3
49738,3
49739,3
49740,3
49741,3
49742,3
49743,3
49744,3
49745,3
49746,3
49747,3
49748,3
49749,3
49750,3
49751,3
49752,3
49753,3
49754,3
49755,3
49756,3
49757,3
49758,3
49759,3
49760,3
49761,3
49762,3
49763,3
49764,3
49765,3
49766,3
49767,3
49768,3
49769,3
49770,3
49771,3
49772,3
49773,3
49774,3
49775,3
49776,3
49777,3
49778,3
49779,3
49780,3
49781,3
49782,3
49783,3
49784,3
49785,3
49786,3
49787,3
49788,3
49789,3
49790,3
49791,3
49792,3
49793,3
49794,3
49795,3
49796,3
49797,3
49798,3
49799,3
49800,3
49801,3
49802,3
49803,3
49804,3
49805,3
49806,3
49807,3
49808,3
49809,3
49810,3
49811,3
49812,3
49813,3
49814,3
49815,3
49816,3
49817,3
49818,3
49819,3
49820,3
49821,3
49822,3
49823,3
49824,3
49825,3
49826,3
49827,3
49828,3
49829,3
49830,3
49831,3
49832,3
49833,3
49834,3
49835,3
49836,3
49837,3
49838,3
49839,3
49840,3
49841,3
49842,3
49843,3
49844,3
49845,3
49846,3
49847,3
49848,3
49849,3
49850,3
49851,3
49852,3
49853,3
49854,3
49855,3
49856,3
49857,3
49858,3
49859,3
49860,3
49861,3
49862,3
49863,3
49864,3
49865,3
49866,3
49867,3
49868,3
49869,3
49870,3
49871,3
49872,3
49873,3
49874,3
49875,3
49876,3
49877,3
49878,3
49879,3
49880,3
49881,3
49882,3
49883,3
49884,3
49885,3
49886,3
49887,3
49888,3
49889,3
49890,3
49891,3
49892,3
49893,3
49894,3
49895,3
49896,3
49897,3
49898,3
49899,3
49900,3
49901,3
49902,3
49903,3
49904,3
49905,3
49906,3
49907,3
49908,3
49909,3
49910,3
49911,3
49912,3
49913,3
49914,3
49915,3
49916,3
49917,3
49918,3
49919,3
49920,3
49921,3
49922,3
49923,3
49924,3
49925,3
49926,3
49927,3
49928,3
49929,3
49930,3
49931,3
49932,3
49933,3
49934,3
49935,3
49936,3
49937,3
49938,3
49939,3
49940,3
49941,3
49942,3
49943,3
49944,3
49945,3
49946,3
49947,3
49948,3
49949,3
49950,3
49951,3
49952,3
49953,3
49954,3
49955,3
49956,3
49957,3
49958,3
49959,3
49960,3
49961,3
49962,3
49963,3
49964,3
49965,3
49966,3
49967,3
49968,3
49969,3
49970,3
49971,3
49972,3
49973,3
49974,3
49975,3
49976,3
49977,3
49978,3
49979,3
49980,3
49981,3
49982,3
49983,3
49984,3
49985,3
49986,3
49987,3
49988,3
49989,3
49990,3
49991,3
49992,3
49993,3
49994,3
49995,3
49996,3
49997,3
49998,3
49999,3
50000,3
50001,3
50002,3
50003,3
50004,3
50005,3
50006,3
50007,3
50008,3
50009,3
50010,3
50011,3
50012,3
50013,3
50014,3
50015,3
50016,3
50017,3
50018,3
50019,3
50020,3
50021,3
50022,3
50023,3
50024,3
50025,3
50026,3
50027,3
50028,3
50029,3
50030,3
50031,3
50032,3
50033,3
50034,3
50035,3
50036,3
50037,3
50038,3
50039,3
50040,3
50041,3
50042,3
50043,3
50044,3
50045,3
50046,3
50047,3
50048,3
50049,3
50050,3
50051,3
50052,3
50053,3
50054,3
50055,3
50056,3
50057,3
50058,3
50059,3
50060,3
50061,3
50062,3
50063,3
50064,3
50065,3
50066,3
50067,3
50068,3
50069,3
50070,3
50071,3
50072,3
50073,3
50074,3
50075,3
50076,3
50077,3
50078,3
50079,3
50080,3
50081,3
50082,3
50083,3
50084,3
50085,3
50086,3
50087,3
50088,3
50089,3
50090,3
50091,3
50092,3
50093,3
50094,3
50095,3
50096,3
50097,3
50098,3
50099,3
50100,3
50101,3
50102,3
50103,3
50104,3
50105,3
50106,3
50107,3
50108,3
50109,3
50110,3
50111,3
50112,3
50113,3
50114,3
50115,3
50116,3
50117,3
50118,3
50119,3
50120,3
50121,3
50122,3
50123,3
50124,3
50125,3
50126,3
50127,3
50128,3
50129,3
50130,3
50131,3
50132,3
50133,3
50134,3
50135,3
50136,3
50137,3
50138,3
50139,3
50140,3
50141,3
50142,3
50143,3
50144,3
50145,3
50146,3
50147,3
50148,3
50149,3
50150,3
50151,3
50152,3
50153,3
50154,3
50155,3
50156,3
50157,3
50158,3
50159,3
50160,3
50161,3
50162,3
50163,3
50164,3
50165,3
50166,3
50167,3
50168,3
50169,3
50170,3
50171,3
50172,3
50173,3
50174,3
50175,3
50176,3
50177,3
50178,3
50179,3
50180,3
50181,3
50182,3
50183,3
50184,3
50185,3
50186,3
50187,3
50188,3
50189,3
50190,3
50191,3
50192,3
50193,3
50194,3
50195,3
50196,3
50197,3
50198,3
50199,3
50200,3
50201,3
50202,3
50203,3
50204,3
50205,3
50206,3
50207,3
50208,3
50209,3
50210,3
50211,3
50212,3
50213,3
50214,3
50215,3
50216,3
50217,3
50218,3
50219,3
50220,3
50221,3
50222,3
50223,3
50224,3
50225,3
50226,3
50227,3
50228,3
50229,3
50230,3
50231,3
50232,3
50233,3
50234,3
50235,3
50236,3
50237,3
50238,3
50239,3
50240,3
50241,3
50242,3
50243,3
50244,3
50245,3
50246,3
50247,3
50248,3
50249,3
50250,3
50251,3
50252,3
50253,3
50254,3
50255,3
50256,3
50257,2
50258,3
50259,3
50260,3
50261,3
50262,3
50263,3
50264,3
50265,3
50266,3
50267,3
50268,3
50269,3
50270,3
50271,3
50272,3
50273,3
50274,3
50275,3
50276,3
50277,3
50278,3
50279,3
50280,3
50281,3
50282,3
50283,3
50284,3
50285,3
50286,3
50287,3
50288,3
50289,3
50290,3
50291,3
50292,3
50293,3
50294,3
50295,3
50296,3
50297,3
50298,2
50299,3
50300,3
50301,3
50302,3
50303,3
50304,3
50305,3
50306,3
50307,3
50308,3
50309,3
50310,3
50311,3
50312,3
50313,3
50314,3
50315,3
50316,3
50317,3
50318,3
50319,3
50320,3
50321,3
50322,3
50323,3
50324,3
50325,3
50326,3
50327,3
50328,3
50329,3
50330,3
50331,3
50332,3
50333,3
50334,3
50335,3
50336,3
50337,3
50338,3
50339,3
50340,3
50341,3
50342,3
50343,3
50344,3
50345,3
50346,3
50347,3
50348,3
50349,3
50350,3
50351,3
50352,3
50353,3
50354,3
50355,3
50356,3
50357,3
50358,3
50359,3
50360,3
50361,3
50362,3
50363,3
50364,3
50365,3
50366,3
50367,3
50368,3
50369,3
50370,3
50371,3
50372,3
50373,3
50374,3
50375,3
50376,3
50377,3
50378,3
50379,3
50380,3
50381,3
50382,3
50383,3
50384,3
50385,3
50386,3
50387,3
50388,3
50389,3
50390,3
50391,3
50392,3
50393,3
50394,3
50395,3
50396,3
50397,3
50398,3
50399,3
50400,3
50401,3
50402,3
50403,3
50404,3
50405,3
50406,3
50407,3
50408,3
50409,3
50410,3
50411,3
50412,3
50413,3
50414,3
50415,3
50416,3
50417,3
50418,3
50419,3
50420,3
50421,3
50422,3
50423,3
50424,3
50425,3
50426,3
50427,3
50428,3
50429,3
50430,3
50431,3
50432,3
50433,3
50434,3
50435,3
50436,3
50437,3
50438,3
50439,3
50440,3
50441,3
50442,3
50443,3
50444,3
50445,3
50446,3
50447,3
50448,3
50449,3
50450,3
50451,3
50452,3
50453,3
50454,3
50455,3
50456,3
50457,3
50458,3
50459,3
50460,3
50461,3
50462,3
50463,3
50464,3
50465,3
50466,3
50467,3
50468,3
50469,3
50470,3
50471,3
50472,3
50473,3
50474,3
50475,3
50476,3
50477,3
50478,3
50479,3
50480,3
50481,3
50482,3
50483,3
50484,3
50485,3
50486,3
50487,3
50488,3
50489,3
50490,3
50491,3
50492,3
50493,3
50494,3
50495,3
50496,3
50497,3
50498,3
50499,3
50500,3
50501,3
50502,3
50503,3
50504,3
50505,3
50506,3
50507,3
50508,3
50509,3
50510,3
50511,3
50512,3
50513,3
50514,3
50515,3
50516,3
50517,3
50518,3
50519,3
50520,3
50521,3
50522,3
50523,3
50524,3
50525,3
50526,3
50527,3
50528,3
50529,3
50530,3
50531,3
50532,3
50533,3
50534,3
50535,3
50536,3
50537,3
50538,3
50539,3
50540,3
50541,3
50542,3
50543,3
50544,3
50545,3
50546,3
50547,3
50548,3
50549,3
50550,3
50551,3
50552,3
50553,3
50554,3
50555,3
50556,3
50557,3
50558,3
50559,3
50560,3
50561,3
50562,3
50563,3
50564,3
50565,3
50566,3
50567,3
50568,3
50569,3
50570,3
50571,3
50572,3
50573,3
50574,3
50575,3
50576,3
50577,3
50578,3
50579,3
50580,3
50581,3
50582,3
50583,3
50584,3
50585,3
50586,3
50587,3
50588,3
50589,3
50590,3
50591,3
50592,3
50593,3
50594,3
50595,3
50596,3
50597,3
50598,3
50599,3
50600,3
50601,3
50602,3
50603,3
50604,3
50605,3
50606,3
50607,3
50608,3
50609,3
50610,3
50611,3
50612,3
50613,3
50614,3
50615,3
50616,3
50617,3
50618,3
50619,3
50620,3
50621,3
50622,3
50623,3
50624,3
50625,3
50626,3
50627,3
50628,3
50629,3
50630,3
50631,3
50632,3
50633,3
50634,3
50635,3
50636,3
50637,2
50638,3
50639,3
50640,3
50641,3
50642,3
50643,3
50644,3
50645,3
50646,3
50647,3
50648,3
50649,3
50650,3
50651,3
50652,3
50653,3
50654,3
50655,3
50656,3
50657,3
50658,3
50659,3
50660,3
50661,3
50662,3
50663,3
50664,3
50665,3
50666,3
50667,3
50668,3
50669,3
50670,3
50671,3
50672,3
50673,3
50674,3
50675,3
50676,3
50677,3
50678,3
50679,3
50680,3
50681,3
50682,3
50683,3
50684,3
50685,3
50686,3
50687,3
50688,3
50689,3
50690,3
50691,3
50692,3
50693,3
50694,3
50695,3
50696,3
50697,3
50698,3
50699,3
50700,3
50701,3
50702,3
50703,3
50704,3
50705,3
50706,3
50707,3
50708,3
50709,3
50710,3
50711,3
50712,3
50713,3
50714,3
50715,3
50716,3
50717,3
50718,3
50719,3
50720,3
50721,3
50722,3
50723,3
50724,3
50725,3
50726,3
50727,3
50728,3
50729,3
50730,3
50731,3
50732,3
50733,3
50734,3
50735,3
50736,3
50737,3
50738,3
50739,3
50740,3
50741,3
50742,3
50743,3
50744,3
50745,3
50746,3
50747,3
50748,3
50749,3
50750,3
50751,3
50752,3
50753,3
50754,3
50755,3
50756,3
50757,3
50758,3
50759,3
50760,3
50761,3
50762,3
50763,3
50764,3
50765,3
50766,3
50767,3
50768,3
50769,3
50770,3
50771,3
50772,3
50773,3
50774,3
50775,3
50776,3
50777,3
50778,3
50779,3
50780,3
50781,3
50782,3
50783,3
50784,3
50785,3
50786,3
50787,3
50788,3
50789,3
50790,3
50791,3
50792,3
50793,3
50794,3
50795,3
50796,3
50797,3
50798,3
50799,3
50800,3
50801,3
50802,3
50803,3
50804,3
50805,3
50806,3
50807,3
50808,3
50809,3
50810,3
50811,3
50812,3
50813,3
50814,3
50815,3
50816,3
50817,3
50818,3
50819,3
50820,3
50821,3
50822,3
50823,3
50824,3
50825,3
50826,3
50827,3
50828,3
50829,3
50830,3
50831,3
50832,3
50833,3
50834,3
50835,3
50836,3
50837,3
50838,3
50839,3
50840,3
50841,3
50842,3
50843,3
50844,3
50845,3
50846,3
50847,3
50848,3
50849,3
50850,3
50851,3
50852,3
50853,3
50854,3
50855,3
50856,3
50857,3
50858,3
50859,3
50860,3
50861,3
50862,3
50863,3
50864,3
50865,3
50866,3
50867,3
50868,3
50869,3
50870,3
50871,3
50872,3
50873,3
50874,3
50875,3
50876,3
50877,3
50878,3
50879,3
50880,3
50881,3
50882,3
50883,3
50884,3
50885,3
50886,3
50887,3
50888,3
50889,3
50890,3
50891,3
50892,3
50893,3
50894,3
50895,3
50896,3
50897,3
50898,3
50899,3
50900,3
50901,3
50902,3
50903,3
50904,3
50905,3
50906,3
50907,3
50908,3
50909,3
50910,3
50911,3
50912,3
50913,3
50914,3
50915,3
50916,3
50917,3
50918,3
50919,3
50920,3
50921,3
50922,3
50923,3
50924,3
50925,3
50926,3
50927,3
50928,3
50929,3
50930,3
50931,3
50932,3
50933,3
50934,3
50935,3
50936,3
50937,3
50938,3
50939,3
50940,3
50941,3
50942,3
50943,3
50944,3
50945,3
50946,3
50947,3
50948,3
50949,3
50950,3
50951,3
50952,3
50953,3
50954,3
50955,3
50956,3
50957,3
50958,3
50959,3
50960,3
50961,3
50962,3
50963,3
50964,3
50965,3
50966,3
50967,3
50968,3
50969,3
50970,3
50971,3
50972,3
50973,3
50974,3
50975,3
50976,3
50977,3
50978,3
50979,3
50980,3
50981,3
50982,3
50983,3
50984,3
50985,3
50986,3
50987,3
50988,3
50989,3
50990,3
50991,3
50992,3
50993,3
50994,3
50995,3
50996,3
50997,3
50998,3
50999,3
51000,3
51001,3
51002,3
51003,3
51004,3
51005,3
51006,3
51007,3
51008,3
51009,3
51010,3
51011,3
51012,3
51013,3
51014,3
51015,3
51016,3
51017,3
51018,3
51019,3
51020,3
51021,3
51022,3
51023,3
51024,3
51025,3
51026,3
51027,3
51028,3
51029,3
51030,3
51031,3
51032,3
51033,3
51034,3
51035,3
51036,3
51037,3
51038,3
51039,3
51040,3
51041,3
51042,3
51043,3
51044,3
51045,3
51046,3
51047,3
51048,3
51049,3
51050,3
51051,3
51052,3
51053,3
51054,3
51055,3
51056,3
51057,3
51058,3
51059,3
51060,3
51061,3
51062,3
51063,3
51064,3
51065,3
51066,3
51067,3
51068,3
51069,3
51070,3
51071,3
51072,3
51073,3
51074,3
51075,3
51076,3
51077,3
51078,3
51079,3
51080,3
51081,3
51082,3
51083,3
51084,3
51085,3
51086,3
51087,3
51088,3
51089,3
51090,3
51091,3
51092,3
51093,3
51094,3
51095,3
51096,3
51097,3
51098,3
51099,3
51100,3
51101,3
51102,3
51103,3
51104,3
51105,3
51106,3
51107,3
51108,3
51109,3
51110,3
51111,3
51112,3
51113,3
51114,3
51115,3
51116,3
51117,3
51118,3
51119,3
51120,3
51121,3
51122,3
51123,3
51124,3
51125,3
51126,3
51127,3
51128,3
51129,3
51130,3
51131,3
51132,3
51133,3
51134,3
51135,3
51136,3
51137,3
51138,3
51139,3
51140,3
51141,3
51142,3
51143,3
51144,3
51145,3
51146,3
51147,3
51148,3
51149,3
51150,3
51151,3
51152,3
51153,3
51154,3
51155,3
51156,3
51157,3
51158,3
51159,3
51160,3
51161,3
51162,3
51163,3
51164,3
51165,3
51166,3
51167,3
51168,3
51169,3
51170,3
51171,3
51172,3
51173,3
51174,3
51175,3
51176,3
51177,3
51178,3
51179,3
51180,3
51181,3
51182,3
51183,3
51184,3
51185,3
51186,3
51187,3
51188,3
51189,3
51190,3
51191,3
51192,3
51193,3
51194,3
51195,3
51196,3
51197,3
51198,3
51199,3
51200,3
51201,3
51202,3
51203,3
51204,3
51205,3
51206,3
51207,3
51208,3
51209,3
51210,3
51211,3
51212,3
51213,3
51214,3
51215,3
51216,3
51217,3
51218,3
51219,3
51220,3
51221,3
51222,3
51223,3
51224,3
51225,3
51226,3
51227,3
51228,3
51229,3
51230,3
51231,3
51232,3
51233,3
51234,3
51235,3
51236,3
51237,3
51238,3
51239,3
51240,3
51241,3
51242,3
51243,3
51244,3
51245,3
51246,3
51247,3
51248,3
51249,3
51250,3
51251,3
51252,3
51253,3
51254,3
51255,3
51256,3
51257,3
51258,3
51259,3
51260,3
51261,3
51262,3
51263,3
51264,3
51265,3
51266,3
51267,3
51268,3
51269,3
51270,3
51271,3
51272,3
51273,3
51274,3
51275,3
51276,3
51277,3
51278,3
51279,3
51280,3
51281,3
51282,3
51283,3
51284,3
51285,3
51286,3
51287,3
51288,3
51289,3
51290,3
51291,3
51292,3
51293,3
51294,3
51295,3
51296,3
51297,3
51298,3
51299,3
51300,3
51301,3
51302,3
51303,3
51304,3
51305,3
51306,3
51307,3
51308,3
51309,3
51310,3
51311,3
51312,3
51313,3
51314,3
51315,3
51316,3
51317,3
51318,3
51319,3
51320,3
51321,3
51322,3
51323,3
51324,3
51325,3
51326,3
51327,3
51328,3
51329,3
51330,3
51331,3
51332,3
51333,3
51334,3
51335,3
51336,3
51337,3
51338,3
51339,3
51340,3
51341,3
51342,3
51343,3
51344,3
51345,3
51346,3
51347,3
51348,3
51349,3
51350,3
51351,3
51352,3
51353,3
51354,3
51355,3
51356,3
51357,3
51358,3
51359,3
51360,3
51361,3
51362,3
51363,3
51364,3
51365,3
51366,3
51367,3
51368,3
51369,3
51370,3
51371,3
51372,3
51373,3
51374,3
51375,3
51376,3
51377,3
51378,3
51379,3
51380,3
51381,3
51382,3
51383,3
51384,3
51385,3
51386,3
51387,3
51388,3
51389,3
51390,3
51391,3
51392,3
51393,3
51394,3
51395,3
51396,3
51397,3
51398,3
51399,3
51400,3
51401,3
51402,3
51403,3
51404,3
51405,3
51406,3
51407,3
51408,3
51409,3
51410,3
51411,3
51412,3
51413,3
51414,3
51415,3
51416,3
51417,3
51418,3
51419,3
51420,3
51421,3
51422,3
51423,3
51424,3
51425,3
51426,3
51427,3
51428,3
51429,3
51430,3
51431,3
51432,3
51433,3
51434,3
51435,3
51436,3
51437,3
51438,3
51439,3
51440,3
51441,3
51442,3
51443,3
51444,3
51445,3
51446,3
51447,3
51448,3
51449,3
51450,3
51451,2
51452,3
51453,3
51454,3
51455,3
51456,3
51457,3
51458,3
51459,3
51460,3
51461,3
51462,3
51463,3
51464,3
51465,3
51466,3
51467,3
51468,3
51469,3
51470,3
51471,3
51472,3
51473,3
51474,3
51475,3
51476,3
51477,3
51478,3
51479,3
51480,3
51481,3
51482,3
51483,3
51484,3
51485,3
51486,3
51487,3
51488,3
51489,3
51490,3
51491,3
51492,3
51493,3
51494,3
51495,3
51496,3
51497,3
51498,3
51499,3
51500,3
51501,3
51502,3
51503,3
51504,3
51505,3
51506,3
51507,3
51508,3
51509,3
51510,3
51511,3
51512,3
51513,3
51514,3
51515,3
51516,3
51517,3
51518,3
51519,3
51520,3
51521,3
51522,3
51523,3
51524,3
51525,3
51526,3
51527,3
51528,3
51529,3
51530,3
51531,3
51532,3
51533,3
51534,3
51535,3
51536,3
51537,3
51538,3
51539,3
51540,3
51541,3
51542,3
51543,3
51544,3
51545,3
51546,3
51547,3
51548,3
51549,3
51550,3
51551,3
51552,3
51553,3
51554,3
51555,3
51556,3
51557,3
51558,3
51559,3
51560,3
51561,3
51562,3
51563,3
51564,3
51565,3
51566,3
51567,3
51568,3
51569,3
51570,3
51571,3
51572,3
51573,3
51574,3
51575,3
51576,3
51577,3
51578,3
51579,3
51580,3
51581,3
51582,3
51583,3
51584,3
51585,3
51586,3
51587,3
51588,3
51589,3
51590,3
51591,3
51592,3
51593,3
51594,3
51595,3
51596,3
51597,3
51598,3
51599,3
51600,3
51601,3
51602,3
51603,3
51604,3
51605,3
51606,3
51607,3
51608,3
51609,3
51610,3
51611,3
51612,3
51613,3
51614,3
51615,3
51616,3
51617,3
51618,3
51619,3
51620,3
51621,3
51622,3
51623,3
51624,3
51625,3
51626,3
51627,3
51628,3
51629,3
51630,3
51631,3
51632,3
51633,3
51634,3
51635,3
51636,3
51637,3
51638,3
51639,3
51640,3
51641,3
51642,3
51643,3
51644,3
51645,3
51646,3
51647,3
51648,3
51649,3
51650,3
51651,3
51652,3
51653,3
51654,3
51655,3
51656,3
51657,3
51658,3
51659,3
51660,3
51661,3
51662,3
51663,3
51664,3
51665,3
51666,3
51667,3
51668,3
51669,3
51670,3
51671,3
51672,3
51673,3
51674,3
51675,3
51676,3
51677,3
51678,3
51679,3
51680,3
51681,3
51682,3
51683,3
51684,3
51685,3
51686,3
51687,3
51688,3
51689,3
51690,3
51691,3
51692,3
51693,3
51694,3
51695,3
51696,3
51697,3
51698,3
51699,3
51700,3
51701,3
51702,3
51703,3
51704,3
51705,3
51706,3
51707,3
51708,3
51709,3
51710,3
51711,3
51712,3
51713,3
51714,3
51715,3
51716,3
51717,3
51718,3
51719,3
51720,3
51721,3
51722,3
51723,3
51724,3
51725,3
51726,3
51727,3
51728,3
51729,3
51730,3
51731,3
51732,3
51733,3
51734,3
51735,3
51736,3
51737,3
51738,3
51739,3
51740,3
51741,3
51742,3
51743,3
51744,3
51745,3
51746,3
51747,3
51748,3
51749,3
51750,3
51751,3
51752,3
51753,3
51754,3
51755,3
51756,3
51757,3
51758,3
51759,3
51760,3
51761,3
51762,3
51763,3
51764,3
51765,3
51766,3
51767,3
51768,3
51769,3
51770,3
51771,3
51772,3
51773,3
51774,3
51775,3
51776,3
51777,3
51778,3
51779,3
51780,3
51781,3
51782,3
51783,3
51784,3
51785,3
51786,3
51787,3
51788,3
51789,3
51790,3
51791,3
51792,3
51793,3
51794,3
51795,3
51796,3
51797,3
51798,3
51799,3
51800,3
51801,3
51802,3
51803,3
51804,3
51805,3
51806,3
51807,3
51808,3
51809,3
51810,3
51811,3
51812,3
51813,3
51814,3
51815,3
51816,3
51817,3
51818,3
51819,3
51820,3
51821,3
51822,3
51823,3
51824,3
51825,3
51826,3
51827,3
51828,3
51829,3
51830,3
51831,3
51832,3
51833,3
51834,3
51835,3
51836,3
51837,3
51838,3
51839,3
51840,3
51841,3
51842,3
51843,3
51844,3
51845,3
51846,3
51847,3
51848,3
51849,3
51850,3
51851,3
51852,3
51853,3
51854,3
51855,3
51856,3
51857,3
51858,3
51859,3
51860,3
51861,3
51862,3
51863,3
51864,3
51865,3
51866,3
51867,3
51868,3
51869,3
51870,3
51871,3
51872,3
51873,3
51874,3
51875,3
51876,3
51877,3
51878,3
51879,3
51880,3
51881,3
51882,3
51883,3
51884,3
51885,3
51886,3
51887,3
51888,3
51889,3
51890,3
51891,3
51892,3
51893,3
51894,3
51895,3
51896,3
51897,3
51898,3
51899,3
51900,3
51901,3
51902,3
51903,3
51904,3
51905,3
51906,3
51907,3
51908,3
51909,3
51910,3
51911,3
51912,3
51913,3
51914,3
51915,3
51916,3
51917,3
51918,3
51919,3
51920,3
51921,3
51922,3
51923,3
51924,3
51925,3
51926,3
51927,3
51928,3
51929,3
51930,3
51931,3
51932,3
51933,3
51934,3
51935,3
51936,3
51937,3
51938,3
51939,3
51940,3
51941,3
51942,3
51943,3
51944,3
51945,3
51946,3
51947,3
51948,3
51949,3
51950,3
51951,3
51952,3
51953,3
51954,3
51955,3
51956,3
51957,3
51958,3
51959,3
51960,3
51961,3
51962,3
51963,3
51964,3
51965,3
51966,3
51967,3
51968,3
51969,3
51970,3
51971,3
51972,3
51973,3
51974,3
51975,3
51976,3
51977,3
51978,3
51979,3
51980,3
51981,3
51982,3
51983,3
51984,3
51985,3
51986,3
51987,3
51988,3
51989,3
51990,3
51991,3
51992,3
51993,3
51994,3
51995,3
51996,3
51997,3
51998,3
51999,3
52000,3
52001,3
52002,3
52003,3
52004,3
52005,3
52006,3
52007,3
52008,3
52009,3
52010,3
52011,3
52012,3
52013,3
52014,3
52015,3
52016,3
52017,3
52018,3
52019,3
52020,3
52021,3
52022,3
52023,3
52024,3
52025,3
52026,3
52027,3
52028,3
52029,3
52030,3
52031,3
52032,3
52033,3
52034,3
52035,3
52036,3
52037,3
52038,3
52039,3
52040,3
52041,3
52042,3
52043,3
52044,3
52045,3
52046,3
52047,3
52048,3
52049,3
52050,3
52051,3
52052,3
52053,3
52054,3
52055,3
52056,3
52057,3
52058,3
52059,3
52060,3
52061,3
52062,3
52063,3
52064,3
52065,3
52066,3
52067,3
52068,3
52069,3
52070,3
52071,3
52072,3
52073,3
52074,3
52075,3
52076,3
52077,3
52078,3
52079,3
52080,3
52081,3
52082,3
52083,3
52084,3
52085,3
52086,3
52087,3
52088,3
52089,3
52090,3
52091,3
52092,3
52093,3
52094,3
52095,3
52096,3
52097,3
52098,3
52099,3
52100,3
52101,3
52102,3
52103,3
52104,3
52105,3
52106,3
52107,3
52108,3
52109,3
52110,3
52111,3
52112,3
52113,3
52114,3
52115,3
52116,3
52117,3
52118,3
52119,3
52120,3
52121,3
52122,3
52123,3
52124,3
52125,3
52126,3
52127,3
52128,3
52129,3
52130,3
52131,3
52132,3
52133,3
52134,3
52135,3
52136,3
52137,3
52138,3
52139,3
52140,3
52141,3
52142,3
52143,3
52144,3
52145,3
52146,3
52147,3
52148,3
52149,3
52150,3
52151,3
52152,3
52153,3
52154,3
52155,3
52156,3
52157,3
52158,3
52159,3
52160,3
52161,3
52162,3
52163,3
52164,3
52165,3
52166,3
52167,3
52168,3
52169,3
52170,3
52171,3
52172,3
52173,3
52174,3
52175,3
52176,3
52177,3
52178,3
52179,3
52180,3
52181,3
52182,3
52183,3
52184,3
52185,3
52186,3
52187,3
52188,3
52189,3
52190,3
52191,3
52192,3
52193,3
52194,3
52195,3
52196,3
52197,3
52198,3
52199,3
52200,3
52201,3
52202,3
52203,3
52204,3
52205,3
52206,3
52207,3
52208,3
52209,3
52210,3
52211,3
52212,3
52213,3
52214,3
52215,3
52216,3
52217,3
52218,3
52219,3
52220,3
52221,3
52222,3
52223,3
52224,3
52225,3
52226,3
52227,3
52228,3
52229,3
52230,3
52231,3
52232,3
52233,3
52234,3
52235,3
52236,3
52237,3
52238,3
52239,3
52240,3
52241,3
52242,3
52243,3
52244,3
52245,3
52246,3
52247,3
52248,3
52249,3
52250,3
52251,3
52252,3
52253,3
52254,3
52255,3
52256,3
52257,3
52258,3
52259,3
52260,3
52261,3
52262,3
52263,3
52264,3
52265,3
52266,3
52267,3
52268,3
52269,3
52270,3
52271,3
52272,3
52273,3
52274,3
52275,3
52276,3
52277,3
52278,3
52279,3
52280,3
52281,3
52282,3
52283,3
52284,3
52285,3
52286,3
52287,3
52288,3
52289,3
52290,3
52291,3
52292,3
52293,3
52294,3
52295,3
52296,3
52297,3
52298,3
52299,3
52300,3
52301,3
52302,3
52303,3
52304,3
52305,3
52306,3
52307,3
52308,3
52309,3
52310,3
52311,3
52312,3
52313,3
52314,3
52315,3
52316,3
52317,3
52318,3
52319,3
52320,3
52321,3
52322,3
52323,3
52324,3
52325,3
52326,3
52327,3
52328,3
52329,3
52330,3
52331,3
52332,3
52333,3
52334,3
52335,3
52336,3
52337,3
52338,3
52339,3
52340,3
52341,3
52342,3
52343,3
52344,3
52345,3
52346,3
52347,3
52348,3
52349,3
52350,3
52351,3
52352,3
52353,3
52354,3
52355,3
52356,3
52357,3
52358,3
52359,3
52360,3
52361,3
52362,3
52363,3
52364,3
52365,3
52366,3
52367,3
52368,3
52369,3
52370,3
52371,3
52372,3
52373,3
52374,3
52375,3
52376,3
52377,3
52378,3
52379,3
52380,3
52381,3
52382,3
52383,3
52384,3
52385,3
52386,3
52387,3
52388,3
52389,3
52390,3
52391,3
52392,3
52393,3
52394,3
52395,3
52396,3
52397,3
52398,3
52399,3
52400,3
52401,3
52402,3
52403,3
52404,3
52405,3
52406,3
52407,3
52408,3
52409,3
52410,3
52411,3
52412,3
52413,3
52414,3
52415,3
52416,3
52417,3
52418,3
52419,3
52420,3
52421,3
52422,3
52423,3
52424,3
52425,3
52426,3
52427,3
52428,3
52429,3
52430,3
52431,3
52432,3
52433,3
52434,3
52435,3
52436,3
52437,3
52438,3
52439,3
52440,3
52441,3
52442,3
52443,3
52444,3
52445,3
52446,3
52447,3
52448,3
52449,3
52450,3
52451,3
52452,3
52453,3
52454,3
52455,3
52456,3
52457,3
52458,3
52459,3
52460,3
52461,3
52462,3
52463,3
52464,3
52465,3
52466,3
52467,3
52468,3
52469,3
52470,3
52471,3
52472,3
52473,3
52474,3
52475,3
52476,3
52477,3
52478,3
52479,3
52480,3
52481,3
52482,3
52483,3
52484,3
52485,3
52486,3
52487,3
52488,3
52489,3
52490,3
52491,3
52492,3
52493,3
52494,3
52495,3
52496,3
52497,3
52498,3
52499,3
52500,3
52501,3
52502,3
52503,3
52504,3
52505,3
52506,3
52507,3
52508,3
52509,3
52510,3
52511,3
52512,3
52513,3
52514,3
52515,3
52516,3
52517,3
52518,3
52519,3
52520,3
52521,3
52522,3
52523,3
52524,3
52525,3
52526,3
52527,3
52528,3
52529,3
52530,3
52531,3
52532,3
52533,3
52534,3
52535,3
52536,3
52537,3
52538,3
52539,3
52540,3
52541,3
52542,3
52543,3
52544,3
52545,3
52546,3
52547,3
52548,3
52549,3
52550,3
52551,3
52552,3
52553,3
52554,3
52555,3
52556,3
52557,3
52558,3
52559,3
52560,3
52561,3
52562,3
52563,3
52564,3
52565,3
52566,3
52567,3
52568,3
52569,3
52570,3
52571,3
52572,3
52573,3
52574,3
52575,3
52576,3
52577,3
52578,3
52579,3
52580,3
52581,3
52582,3
52583,3
52584,3
52585,3
52586,3
52587,3
52588,3
52589,3
52590,3
52591,3
52592,3
52593,3
52594,3
52595,3
52596,3
52597,3
52598,3
52599,3
52600,3
52601,3
52602,3
52603,3
52604,3
52605,3
52606,3
52607,3
52608,3
52609,3
52610,3
52611,3
52612,3
52613,3
52614,3
52615,3
52616,3
52617,3
52618,3
52619,3
52620,3
52621,3
52622,3
52623,3
52624,3
52625,3
52626,3
52627,3
52628,3
52629,3
52630,3
52631,3
52632,3
52633,3
52634,3
52635,3
52636,3
52637,3
52638,3
52639,3
52640,3
52641,3
52642,3
52643,3
52644,3
52645,3
52646,3
52647,3
52648,3
52649,3
52650,3
52651,3
52652,3
52653,3
52654,3
52655,3
52656,3
52657,3
52658,3
52659,3
52660,3
52661,3
52662,3
52663,3
52664,3
52665,3
52666,3
52667,3
52668,3
52669,3
52670,3
52671,3
52672,3
52673,3
52674,3
52675,3
52676,3
52677,3
52678,3
52679,3
52680,3
52681,3
52682,3
52683,3
52684,3
52685,3
52686,3
52687,3
52688,3
52689,3
52690,3
52691,3
52692,3
52693,3
52694,3
52695,3
52696,3
52697,3
52698,3
52699,3
52700,3
52701,3
52702,3
52703,3
52704,3
52705,3
52706,3
52707,3
52708,3
52709,3
52710,3
52711,3
52712,3
52713,3
52714,3
52715,3
52716,3
52717,3
52718,3
52719,3
52720,3
52721,3
52722,3
52723,3
52724,3
52725,3
52726,3
52727,3
52728,3
52729,3
52730,3
52731,3
52732,3
52733,3
52734,3
52735,3
52736,3
52737,3
52738,3
52739,3
52740,3
52741,3
52742,3
52743,3
52744,3
52745,3
52746,3
52747,3
52748,3
52749,3
52750,3
52751,3
52752,3
52753,3
52754,3
52755,3
52756,3
52757,3
52758,3
52759,3
52760,3
52761,3
52762,3
52763,3
52764,3
52765,3
52766,3
52767,3
52768,3
52769,3
52770,3
52771,3
52772,3
52773,3
52774,3
52775,3
52776,3
52777,3
52778,3
52779,3
52780,3
52781,3
52782,3
52783,3
52784,3
52785,3
52786,3
52787,3
52788,3
52789,3
52790,3
52791,3
52792,3
52793,3
52794,3
52795,3
52796,3
52797,3
52798,3
52799,3
52800,3
52801,3
52802,3
52803,3
52804,3
52805,3
52806,3
52807,3
52808,3
52809,3
52810,3
52811,3
52812,3
52813,3
52814,3
52815,3
52816,3
52817,3
52818,3
52819,3
52820,3
52821,3
52822,3
52823,3
52824,3
52825,3
52826,3
52827,3
52828,3
52829,3
52830,3
52831,3
52832,3
52833,3
52834,3
52835,3
52836,3
52837,3
52838,3
52839,3
52840,3
52841,3
52842,3
52843,3
52844,3
52845,3
52846,3
52847,3
52848,3
52849,3
52850,3
52851,3
52852,3
52853,3
52854,3
52855,3
52856,3
52857,3
52858,3
52859,3
52860,3
52861,3
52862,3
52863,3
52864,3
52865,3
52866,3
52867,3
52868,3
52869,3
52870,3
52871,3
52872,3
52873,3
52874,3
52875,3
52876,3
52877,3
52878,3
52879,3
52880,3
52881,3
52882,3
52883,3
52884,3
52885,3
52886,3
52887,3
52888,3
52889,3
52890,3
52891,3
52892,3
52893,3
52894,3
52895,3
52896,3
52897,3
52898,3
52899,3
52900,3
52901,3
52902,3
52903,3
52904,3
52905,3
52906,3
52907,3
52908,3
52909,3
52910,3
52911,3
52912,3
52913,3
52914,3
52915,3
52916,3
52917,3
52918,3
52919,3
52920,3
52921,3
52922,3
52923,3
52924,3
52925,3
52926,3
52927,3
52928,3
52929,3
52930,3
52931,3
52932,3
52933,3
52934,3
52935,3
52936,3
52937,3
52938,3
52939,3
52940,3
52941,3
52942,3
52943,3
52944,3
52945,3
52946,3
52947,3
52948,3
52949,3
52950,3
52951,3
52952,3
52953,3
52954,3
52955,3
52956,3
52957,3
52958,3
52959,3
52960,3
52961,3
52962,3
52963,3
52964,3
52965,3
52966,3
52967,3
52968,3
52969,3
52970,3
52971,3
52972,3
52973,3
52974,3
52975,3
52976,3
52977,3
52978,3
52979,3
52980,3
52981,3
52982,3
52983,3
52984,3
52985,3
52986,3
52987,3
52988,3
52989,3
52990,3
52991,3
52992,3
52993,3
52994,3
52995,3
52996,3
52997,3
52998,3
52999,3
53000,3
53001,3
53002,3
53003,3
53004,3
53005,3
53006,3
53007,3
53008,3
53009,3
53010,3
53011,3
53012,3
53013,3
53014,3
53015,3
53016,3
53017,3
53018,3
53019,3
53020,3
53021,3
53022,3
53023,3
53024,3
53025,3
53026,3
53027,3
53028,3
53029,3
53030,3
53031,3
53032,3
53033,3
53034,3
53035,3
53036,3
53037,3
53038,3
53039,3
53040,3
53041,3
53042,3
53043,3
53044,3
53045,3
53046,3
53047,3
53048,3
53049,3
53050,3
53051,3
53052,3
53053,3
53054,3
53055,3
53056,3
53057,3
53058,3
53059,3
53060,3
53061,3
53062,3
53063,3
53064,3
53065,3
53066,3
53067,3
53068,3
53069,3
53070,3
53071,3
53072,3
53073,3
53074,3
53075,3
53076,3
53077,3
53078,3
53079,3
53080,3
53081,3
53082,3
53083,3
53084,3
53085,3
53086,3
53087,3
53088,3
53089,3
53090,3
53091,3
53092,3
53093,3
53094,3
53095,3
53096,3
53097,3
53098,3
53099,3
53100,3
53101,3
53102,3
53103,3
53104,3
53105,3
53106,3
53107,3
53108,3
53109,3
53110,3
53111,3
53112,3
53113,3
53114,3
53115,3
53116,3
53117,3
53118,3
53119,3
53120,4
53121,4
53122,4
53123,4
53124,4
53125,4
53126,4
53127,4
53128,4
53129,2
53130,4
53131,4
53132,4
53133,4
53134,4
53135,4
53136,4
53137,4
53138,4
53139,4
53140,4
53141,4
53142,4
53143,4
53144,4
53145,4
53146,4
53147,4
53148,4
53149,4
53150,4
53151,4
53152,4
53153,4
53154,4
53155,4
53156,4
53157,4
53158,4
53159,4
53160,4
53161,4
53162,4
53163,4
53164,4
53165,4
53166,4
53167,4
53168,4
53169,4
53170,4
53171,4
53172,4
53173,4
53174,4
53175,4
53176,4
53177,4
53178,4
53179,4
53180,4
53181,4
53182,4
53183,4
53184,4
53185,4
53186,4
53187,4
53188,4
53189,4
53190,4
53191,4
53192,4
53193,4
53194,4
53195,4
53196,4
53197,4
53198,4
53199,4
53200,4
53201,4
53202,4
53203,4
53204,4
53205,4
53206,4
53207,4
53208,4
53209,4
53210,4
53211,4
53212,4
53213,4
53214,4
53215,4
53216,4
53217,4
53218,4
53219,4
53220,4
53221,4
53222,4
53223,4
53224,4
53225,4
53226,4
53227,4
53228,4
53229,4
53230,4
53231,4
53232,4
53233,4
53234,4
53235,4
53236,4
53237,4
53238,4
53239,4
53240,4
53241,4
53242,4
53243,4
53244,4
53245,4
53246,4
53247,4
53248,4
53249,4
53250,4
53251,4
53252,4
53253,4
53254,4
53255,4
53256,4
53257,4
53258,4
53259,4
53260,4
53261,4
53262,4
53263,4
53264,4
53265,4
53266,4
53267,4
53268,4
53269,4
53270,4
53271,4
53272,4
53273,4
53274,4
53275,4
53276,4
53277,4
53278,4
53279,4
53280,4
53281,4
53282,4
53283,4
53284,4
53285,4
53286,4
53287,4
53288,4
53289,4
53290,4
53291,4
53292,4
53293,4
53294,4
53295,4
53296,4
53297,4
53298,4
53299,4
53300,4
53301,4
53302,4
53303,4
53304,4
53305,4
53306,4
53307,4
53308,4
53309,4
53310,4
53311,4
53312,4
53313,4
53314,4
53315,4
53316,4
53317,1
53318,4
53319,4
53320,4
53321,4
53322,4
53323,4
53324,4
53325,4
53326,4
53327,4
53328,4
53329,4
53330,4
53331,4
53332,4
53333,4
53334,4
53335,4
53336,4
53337,4
53338,4
53339,4
53340,4
53341,4
53342,4
53343,4
53344,4
53345,4
53346,4
53347,4
53348,1
53349,4
53350,4
53351,4
53352,4
53353,4
53354,4
53355,4
53356,4
53357,4
53358,4
53359,4
53360,4
53361,4
53362,4
53363,4
53364,4
53365,4
53366,4
53367,4
53368,4
53369,4
53370,2
53371,4
53372,4
53373,4
53374,4
53375,4
53376,4
53377,4
53378,4
53379,4
53380,4
53381,4
53382,4
53383,4
53384,4
53385,4
53386,4
53387,4
53388,4
53389,4
53390,4
53391,4
53392,4
53393,4
53394,4
53395,4
53396,4
53397,4
53398,4
53399,4
53400,4
53401,4
53402,4
53403,4
53404,4
53405,4
53406,4
53407,4
53408,4
53409,4
53410,4
53411,4
53412,4
53413,4
53414,4
53415,4
53416,4
53417,4
53418,4
53419,4
53420,4
53421,4
53422,4
53423,4
53424,4
53425,2
53426,4
53427,4
53428,4
53429,4
53430,4
53431,4
53432,4
53433,4
53434,4
53435,4
53436,4
53437,4
53438,4
53439,4
53440,4
53441,4
53442,4
53443,4
53444,4
53445,4
53446,4
53447,4
53448,4
53449,4
53450,4
53451,4
53452,4
53453,4
53454,4
53455,4
53456,4
53457,4
53458,4
53459,4
53460,4
53461,4
53462,4
53463,4
53464,4
53465,4
53466,4
53467,4
53468,4
53469,4
53470,4
53471,4
53472,4
53473,4
53474,4
53475,4
53476,4
53477,4
53478,4
53479,4
53480,4
53481,4
53482,4
53483,4
53484,4
53485,4
53486,4
53487,4
53488,4
53489,4
53490,4
53491,4
53492,4
53493,4
53494,4
53495,4
53496,4
53497,4
53498,4
53499,4
53500,4
53501,4
53502,4
53503,4
53504,4
53505,4
53506,4
53507,4
53508,4
53509,4
53510,4
53511,4
53512,4
53513,4
53514,4
53515,4
53516,4
53517,4
53518,4
53519,1
53520,4
53521,4
53522,4
53523,4
53524,4
53525,4
53526,4
53527,4
53528,4
53529,4
53530,4
53531,4
53532,4
53533,4
53534,4
53535,4
53536,4
53537,4
53538,4
53539,4
53540,4
53541,4
53542,4
53543,4
53544,4
53545,4
53546,4
53547,4
53548,4
53549,4
53550,4
53551,4
53552,4
53553,4
53554,4
53555,4
53556,4
53557,4
53558,4
53559,4
53560,4
53561,4
53562,4
53563,4
53564,4
53565,4
53566,4
53567,4
53568,4
53569,4
53570,4
53571,4
53572,4
53573,4
53574,4
53575,1
53576,4
53577,4
53578,4
53579,4
53580,4
53581,4
53582,4
53583,4
53584,4
53585,4
53586,4
53587,4
53588,4
53589,4
53590,4
53591,4
53592,4
53593,4
53594,4
53595,4
53596,4
53597,4
53598,4
53599,4
53600,4
53601,4
53602,4
53603,4
53604,4
53605,4
53606,4
53607,4
53608,1
53609,4
53610,4
53611,4
53612,4
53613,4
53614,4
53615,4
53616,4
53617,4
53618,4
53619,4
53620,4
53621,4
53622,4
53623,4
53624,4
53625,4
53626,4
53627,4
53628,4
53629,4
53630,4
53631,4
53632,4
53633,4
53634,4
53635,4
53636,4
53637,4
53638,4
53639,4
53640,4
53641,4
53642,4
53643,4
53644,4
53645,4
53646,4
53647,4
53648,4
53649,4
53650,4
53651,4
53652,4
53653,4
53654,4
53655,4
53656,4
53657,4
53658,4
53659,4
53660,4
53661,4
53662,4
53663,4
53664,4
53665,4
53666,4
53667,4
53668,4
53669,4
53670,4
53671,4
53672,4
53673,4
53674,4
53675,4
53676,4
53677,4
53678,4
53679,4
53680,4
53681,4
53682,4
53683,4
53684,4
53685,4
53686,4
53687,4
53688,4
53689,4
53690,4
53691,4
53692,4
53693,4
53694,4
53695,4
53696,4
53697,4
53698,4
53699,4
53700,4
53701,4
53702,4
53703,4
53704,4
53705,4
53706,4
53707,4
53708,4
53709,4
53710,4
53711,4
53712,4
53713,1
53714,4
53715,4
53716,4
53717,4
53718,4
53719,4
53720,4
53721,4
53722,4
53723,4
53724,4
53725,4
53726,4
53727,4
53728,4
53729,4
53730,4
53731,4
53732,4
53733,4
53734,4
53735,4
53736,4
53737,4
53738,4
53739,4
53740,4
53741,4
53742,4
53743,4
53744,4
53745,4
53746,4
53747,4
53748,4
53749,4
53750,4
53751,1
53752,4
53753,4
53754,4
53755,4
53756,4
53757,4
53758,4
53759,4
53760,4
53761,4
53762,4
53763,4
53764,4
53765,4
53766,4
53767,4
53768,4
53769,4
53770,4
53771,4
53772,4
53773,4
53774,4
53775,4
53776,4
53777,4
53778,4
53779,4
53780,4
53781,4
53782,4
53783,4
53784,4
53785,4
53786,4
53787,4
53788,4
53789,4
53790,4
53791,4
53792,4
53793,4
53794,4
53795,4
53796,4
53797,4
53798,4
53799,4
53800,4
53801,4
53802,4
53803,4
53804,4
53805,4
53806,4
53807,4
53808,4
53809,4
53810,4
53811,4
53812,4
53813,4
53814,4
53815,4
53816,4
53817,4
53818,4
53819,4
53820,4
53821,4
53822,4
53823,4
53824,4
53825,4
53826,4
53827,4
53828,4
53829,4
53830,4
53831,4
53832,4
53833,4
53834,4
53835,4
53836,4
53837,4
53838,4
53839,4
53840,4
53841,4
53842,4
53843,4
53844,4
53845,4
53846,4
53847,4
53848,4
53849,4
53850,4
53851,4
53852,4
53853,4
53854,4
53855,4
53856,4
53857,4
53858,4
53859,4
53860,4
53861,4
53862,4
53863,4
53864,4
53865,4
53866,4
53867,4
53868,4
53869,4
53870,4
53871,4
53872,4
53873,4
53874,4
53875,4
53876,4
53877,4
53878,4
53879,4
53880,4
53881,4
53882,4
53883,4
53884,4
53885,4
53886,4
53887,4
53888,4
53889,4
53890,4
53891,4
53892,4
53893,4
53894,4
53895,4
53896,4
53897,4
53898,4
53899,4
53900,4
53901,4
53902,4
53903,4
53904,4
53905,4
53906,4
53907,4
53908,4
53909,4
53910,4
53911,1
53912,4
53913,4
53914,4
53915,4
53916,4
53917,4
53918,4
53919,4
53920,4
53921,4
53922,4
53923,4
53924,4
53925,4
53926,4
53927,4
53928,4
53929,4
53930,4
53931,4
53932,4
53933,4
53934,4
53935,4
53936,1
53937,4
53938,4
53939,4
53940,4
53941,4
53942,4
53943,4
53944,4
53945,4
53946,4
53947,4
53948,4
53949,4
53950,4
53951,4
53952,4
53953,4
53954,4
53955,4
53956,4
53957,4
53958,4
53959,4
53960,4
53961,4
53962,4
53963,4
53964,4
53965,4
53966,4
53967,4
53968,4
53969,4
53970,4
53971,4
53972,4
53973,4
53974,4
53975,4
53976,4
53977,4
53978,4
53979,4
53980,4
53981,4
53982,4
53983,1
53984,4
53985,4
53986,4
53987,4
53988,4
53989,4
53990,4
53991,4
53992,4
53993,4
53994,4
53995,4
53996,4
53997,4
53998,4
53999,4
54000,4
54001,4
54002,4
54003,4
54004,4
54005,4
54006,4
54007,4
54008,4
54009,4
54010,4
54011,4
54012,4
54013,4
54014,4
54015,4
54016,4
54017,4
54018,4
54019,4
54020,4
54021,4
54022,4
54023,4
54024,4
54025,4
54026,4
54027,4
54028,4
54029,4
54030,4
54031,4
54032,4
54033,4
54034,4
54035,4
54036,4
54037,4
54038,4
54039,4
54040,4
54041,4
54042,4
54043,4
54044,4
54045,4
54046,4
54047,4
54048,4
54049,4
54050,4
54051,4
54052,4
54053,4
54054,4
54055,4
54056,4
54057,4
54058,4
54059,4
54060,4
54061,4
54062,4
54063,4
54064,4
54065,4
54066,4
54067,4
54068,2
54069,4
54070,4
54071,4
54072,4
54073,4
54074,4
54075,4
54076,4
54077,4
54078,4
54079,4
54080,4
54081,4
54082,2
54083,4
54084,4
54085,4
54086,4
54087,4
54088,4
54089,4
54090,4
54091,4
54092,4
54093,4
54094,4
54095,4
54096,4
54097,4
54098,4
54099,4
54100,4
54101,4
54102,4
54103,4
54104,4
54105,4
54106,4
54107,4
54108,4
54109,4
54110,4
54111,4
54112,4
54113,4
54114,4
54115,4
54116,4
54117,4
54118,4
54119,4
54120,4
54121,4
54122,4
54123,4
54124,4
54125,4
54126,4
54127,4
54128,4
54129,4
54130,4
54131,4
54132,4
54133,4
54134,4
54135,4
54136,4
54137,4
54138,4
54139,4
54140,4
54141,4
54142,4
54143,4
54144,4
54145,1
54146,4
54147,4
54148,4
54149,4
54150,4
54151,4
54152,4
54153,4
54154,4
54155,4
54156,4
54157,4
54158,4
54159,4
54160,4
54161,4
54162,4
54163,4
54164,4
54165,4
54166,4
54167,4
54168,4
54169,4
54170,4
54171,4
54172,4
54173,4
54174,4
54175,4
54176,4
54177,4
54178,4
54179,4
54180,4
54181,4
54182,4
54183,4
54184,4
54185,4
54186,4
54187,4
54188,4
54189,4
54190,4
54191,4
54192,4
54193,4
54194,4
54195,4
54196,4
54197,4
54198,4
54199,4
54200,4
54201,4
54202,4
54203,4
54204,4
54205,4
54206,4
54207,4
54208,4
54209,4
54210,4
54211,4
54212,4
54213,4
54214,4
54215,4
54216,4
54217,4
54218,4
54219,4
54220,4
54221,4
54222,4
54223,4
54224,4
54225,4
54226,4
54227,4
54228,4
54229,4
54230,4
54231,4
54232,4
54233,4
54234,4
54235,4
54236,4
54237,4
54238,4
54239,4
54240,4
54241,4
54242,4
54243,4
54244,4
54245,4
54246,4
54247,4
54248,4
54249,4
54250,4
54251,4
54252,4
54253,4
54254,4
54255,4
54256,4
54257,4
54258,4
54259,4
54260,4
54261,4
54262,4
54263,4
54264,4
54265,4
54266,4
54267,4
54268,4
54269,4
54270,4
54271,4
54272,4
54273,4
54274,4
54275,4
54276,4
54277,4
54278,4
54279,4
54280,4
54281,4
54282,4
54283,4
54284,4
54285,4
54286,4
54287,4
54288,4
54289,4
54290,4
54291,4
54292,4
54293,4
54294,4
54295,4
54296,4
54297,4
54298,4
54299,4
54300,4
54301,4
54302,4
54303,4
54304,4
54305,4
54306,4
54307,4
54308,4
54309,4
54310,4
54311,4
54312,4
54313,4
54314,4
54315,4
54316,4
54317,4
54318,4
54319,4
54320,4
54321,4
54322,4
54323,4
54324,4
54325,4
54326,4
54327,4
54328,4
54329,4
54330,4
54331,4
54332,4
54333,4
54334,4
54335,4
54336,4
54337,4
54338,4
54339,4
54340,4
54341,4
54342,4
54343,4
54344,4
54345,4
54346,4
54347,4
54348,4
54349,4
54350,4
54351,4
54352,4
54353,4
54354,4
54355,4
54356,4
54357,4
54358,4
54359,4
54360,4
54361,4
54362,4
54363,4
54364,4
54365,4
54366,4
54367,4
54368,1
54369,4
54370,4
54371,4
54372,4
54373,4
54374,4
54375,4
54376,4
54377,4
54378,4
54379,4
54380,4
54381,4
54382,4
54383,4
54384,4
54385,4
54386,4
54387,4
54388,4
54389,4
54390,4
54391,4
54392,4
54393,4
54394,4
54395,4
54396,4
54397,4
54398,4
54399,4
54400,4
54401,4
54402,4
54403,4
54404,4
54405,4
54406,4
54407,4
54408,4
54409,4
54410,4
54411,4
54412,4
54413,4
54414,4
54415,4
54416,4
54417,4
54418,4
54419,4
54420,4
54421,4
54422,4
54423,4
54424,4
54425,4
54426,4
54427,4
54428,4
54429,4
54430,4
54431,4
54432,4
54433,4
54434,4
54435,4
54436,4
54437,4
54438,4
54439,4
54440,4
54441,4
54442,4
54443,4
54444,4
54445,4
54446,4
54447,4
54448,4
54449,4
54450,4
54451,4
54452,4
54453,4
54454,4
54455,4
54456,4
54457,4
54458,4
54459,4
54460,4
54461,4
54462,4
54463,4
54464,4
54465,4
54466,4
54467,4
54468,4
54469,4
54470,4
54471,1
54472,4
54473,4
54474,4
54475,4
54476,4
54477,4
54478,4
54479,4
54480,4
54481,4
54482,4
54483,4
54484,4
54485,4
54486,4
54487,4
54488,4
54489,4
54490,4
54491,4
54492,4
54493,4
54494,4
54495,4
54496,4
54497,4
54498,4
54499,4
54500,4
54501,4
54502,4
54503,4
54504,4
54505,4
54506,4
54507,4
54508,4
54509,4
54510,4
54511,4
54512,4
54513,4
54514,4
54515,4
54516,4
54517,4
54518,4
54519,4
54520,4
54521,4
54522,4
54523,4
54524,4
54525,4
54526,4
54527,4
54528,4
54529,4
54530,4
54531,4
54532,4
54533,4
54534,4
54535,4
54536,4
54537,4
54538,4
54539,4
54540,4
54541,4
54542,4
54543,4
54544,4
54545,4
54546,4
54547,4
54548,4
54549,4
54550,4
54551,4
54552,1
54553,4
54554,4
54555,4
54556,4
54557,4
54558,4
54559,4
54560,4
54561,4
54562,4
54563,4
54564,2
54565,4
54566,4
54567,4
54568,4
54569,4
54570,4
54571,4
54572,4
54573,4
54574,4
54575,4
54576,4
54577,4
54578,4
54579,4
54580,4
54581,4
54582,4
54583,4
54584,4
54585,4
54586,4
54587,4
54588,4
54589,4
54590,4
54591,4
54592,4
54593,4
54594,4
54595,4
54596,4
54597,4
54598,4
54599,4
54600,4
54601,4
54602,4
54603,4
54604,4
54605,4
54606,4
54607,4
54608,4
54609,4
54610,4
54611,4
54612,4
54613,4
54614,4
54615,4
54616,4
54617,4
54618,4
54619,4
54620,4
54621,4
54622,4
54623,4
54624,4
54625,4
54626,4
54627,4
54628,4
54629,4
54630,4
54631,4
54632,4
54633,4
54634,4
54635,4
54636,4
54637,4
54638,4
54639,4
54640,4
54641,4
54642,4
54643,1
54644,4
54645,4
54646,4
54647,4
54648,4
54649,4
54650,4
54651,4
54652,4
54653,4
54654,4
54655,4
54656,4
54657,4
54658,4
54659,4
54660,4
54661,4
54662,4
54663,4
54664,4
54665,4
54666,4
54667,4
54668,4
54669,4
54670,4
54671,4
54672,4
54673,4
54674,2
54675,4
54676,4
54677,4
54678,4
54679,4
54680,4
54681,4
54682,4
54683,4
54684,4
54685,4
54686,4
54687,4
54688,4
54689,4
54690,4
54691,4
54692,4
54693,4
54694,4
54695,4
54696,4
54697,4
54698,4
54699,4
54700,4
54701,4
54702,4
54703,4
54704,4
54705,4
54706,4
54707,4
54708,4
54709,4
54710,4
54711,4
54712,4
54713,4
54714,4
54715,4
54716,4
54717,4
54718,4
54719,4
54720,4
54721,4
54722,4
54723,4
54724,4
54725,4
54726,4
54727,4
54728,4
54729,4
54730,4
54731,4
54732,4
54733,4
54734,4
54735,4
54736,4
54737,4
54738,4
54739,4
54740,4
54741,4
54742,4
54743,4
54744,1
54745,4
54746,4
54747,4
54748,4
54749,4
54750,4
54751,4
54752,4
54753,4
54754,4
54755,4
54756,4
54757,4
54758,4
54759,4
54760,4
54761,4
54762,4
54763,1
54764,4
54765,4
54766,4
54767,4
54768,4
54769,4
54770,4
54771,4
54772,4
54773,4
54774,4
54775,4
54776,1
54777,4
54778,4
54779,4
54780,4
54781,4
54782,4
54783,4
54784,4
54785,4
54786,4
54787,4
54788,4
54789,4
54790,4
54791,2
54792,4
54793,4
54794,4
54795,4
54796,4
54797,4
54798,4
54799,4
54800,4
54801,4
54802,4
54803,4
54804,4
54805,4
54806,4
54807,4
54808,4
54809,4
54810,4
54811,4
54812,4
54813,4
54814,4
54815,4
54816,4
54817,4
54818,4
54819,4
54820,4
54821,4
54822,4
54823,4
54824,4
54825,4
54826,4
54827,4
54828,4
54829,4
54830,4
54831,4
54832,4
54833,4
54834,4
54835,4
54836,4
54837,4
54838,4
54839,4
54840,4
54841,4
54842,4
54843,4
54844,4
54845,4
54846,4
54847,4
54848,4
54849,4
54850,4
54851,4
54852,4
54853,4
54854,4
54855,4
54856,4
54857,4
54858,4
54859,4
54860,4
54861,4
54862,4
54863,4
54864,4
54865,4
54866,4
54867,4
54868,4
54869,4
54870,4
54871,4
54872,4
54873,4
54874,4
54875,4
54876,4
54877,4
54878,4
54879,4
54880,4
54881,4
54882,4
54883,4
54884,4
54885,4
54886,4
54887,4
54888,4
54889,4
54890,4
54891,4
54892,4
54893,4
54894,4
54895,4
54896,4
54897,4
54898,4
54899,4
54900,4
54901,4
54902,4
54903,4
54904,4
54905,4
54906,4
54907,4
54908,4
54909,4
54910,4
54911,4
54912,4
54913,4
54914,4
54915,4
54916,4
54917,4
54918,4
54919,4
54920,4
54921,4
54922,4
54923,4
54924,4
54925,4
54926,4
54927,4
54928,4
54929,4
54930,4
54931,4
54932,4
54933,4
54934,4
54935,4
54936,4
54937,4
54938,4
54939,4
54940,1
54941,4
54942,4
54943,4
54944,4
54945,4
54946,4
54947,4
54948,4
54949,4
54950,4
54951,4
54952,4
54953,2
54954,4
54955,4
54956,4
54957,4
54958,4
54959,4
54960,4
54961,4
54962,4
54963,4
54964,4
54965,4
54966,4
54967,4
54968,4
54969,4
54970,4
54971,4
54972,4
54973,4
54974,4
54975,4
54976,4
54977,4
54978,4
54979,4
54980,4
54981,4
54982,4
54983,4
54984,4
54985,4
54986,4
54987,4
54988,4
54989,4
54990,4
54991,4
54992,4
54993,4
54994,4
54995,4
54996,4
54997,4
54998,4
54999,4
55000,4
55001,4
55002,4
55003,4
55004,4
55005,4
55006,4
55007,4
55008,4
55009,4
55010,4
55011,4
55012,4
55013,4
55014,4
55015,4
55016,4
55017,4
55018,4
55019,4
55020,4
55021,4
55022,4
55023,4
55024,4
55025,4
55026,4
55027,4
55028,4
55029,4
55030,4
55031,4
55032,4
55033,4
55034,4
55035,4
55036,4
55037,4
55038,4
55039,4
55040,4
55041,4
55042,4
55043,4
55044,4
55045,2
55046,4
55047,4
55048,4
55049,4
55050,4
55051,4
55052,4
55053,4
55054,4
55055,4
55056,4
55057,4
55058,4
55059,4
55060,4
55061,4
55062,4
55063,4
55064,4
55065,4
55066,4
55067,4
55068,4
55069,4
55070,4
55071,4
55072,4
55073,4
55074,4
55075,4
55076,4
55077,4
55078,4
55079,4
55080,4
55081,4
55082,4
55083,4
55084,4
55085,4
55086,4
55087,4
55088,4
55089,4
55090,4
55091,4
55092,4
55093,4
55094,4
55095,4
55096,4
55097,4
55098,4
55099,4
55100,4
55101,4
55102,4
55103,4
55104,4
55105,4
55106,4
55107,4
55108,4
55109,4
55110,4
55111,4
55112,4
55113,4
55114,4
55115,4
55116,4
55117,4
55118,4
55119,4
55120,4
55121,4
55122,4
55123,4
55124,4
55125,4
55126,4
55127,4
55128,4
55129,4
55130,4
55131,4
55132,4
55133,4
55134,4
55135,4
55136,1
55137,4
55138,4
55139,4
55140,4
55141,4
55142,4
55143,4
55144,4
55145,4
55146,4
55147,4
55148,4
55149,4
55150,4
55151,4
55152,4
55153,4
55154,4
55155,4
55156,4
55157,4
55158,4
55159,4
55160,4
55161,4
55162,4
55163,4
55164,4
55165,4
55166,4
55167,4
55168,4
55169,4
55170,4
55171,4
55172,4
55173,4
55174,4
55175,4
55176,4
55177,4
55178,4
55179,4
55180,4
55181,4
55182,4
55183,4
55184,4
55185,4
55186,4
55187,4
55188,4
55189,4
55190,4
55191,4
55192,4
55193,4
55194,4
55195,4
55196,4
55197,4
55198,4
55199,4
55200,4
55201,4
55202,4
55203,4
55204,4
55205,4
55206,2
55207,4
55208,4
55209,4
55210,4
55211,4
55212,4
55213,4
55214,4
55215,4
55216,4
55217,4
55218,4
55219,4
55220,4
55221,1
55222,4
55223,4
55224,4
55225,4
55226,4
55227,4
55228,4
55229,4
55230,4
55231,4
55232,4
55233,4
55234,4
55235,4
55236,4
55237,4
55238,4
55239,4
55240,1
55241,4
55242,4
55243,4
55244,4
55245,4
55246,4
55247,4
55248,4
55249,4
55250,4
55251,4
55252,4
55253,4
55254,4
55255,2
55256,4
55257,4
55258,4
55259,4
55260,4
55261,4
55262,4
55263,4
55264,4
55265,4
55266,4
55267,4
55268,4
55269,4
55270,4
55271,4
55272,4
55273,4
55274,4
55275,4
55276,4
55277,4
55278,4
55279,4
55280,4
55281,4
55282,4
55283,4
55284,4
55285,4
55286,4
55287,4
55288,4
55289,4
55290,4
55291,4
55292,4
55293,4
55294,4
55295,1
55296,4
55297,4
55298,4
55299,4
55300,4
55301,4
55302,4
55303,4
55304,4
55305,4
55306,4
55307,4
55308,4
55309,4
55310,4
55311,1
55312,4
55313,4
55314,4
55315,4
55316,4
55317,4
55318,4
55319,4
55320,4
55321,4
55322,4
55323,4
55324,4
55325,4
55326,4
55327,4
55328,4
55329,4
55330,4
55331,4
55332,4
55333,4
55334,4
55335,4
55336,4
55337,4
55338,4
55339,4
55340,4
55341,4
55342,4
55343,4
55344,4
55345,4
55346,4
55347,1
55348,4
55349,4
55350,2
55351,4
55352,4
55353,4
55354,4
55355,4
55356,4
55357,4
55358,4
55359,4
55360,4
55361,4
55362,4
55363,4
55364,4
55365,4
55366,4
55367,4
55368,4
55369,4
55370,4
55371,4
55372,4
55373,4
55374,4
55375,4
55376,4
55377,4
55378,4
55379,4
55380,2
55381,4
55382,1
55383,4
55384,4
55385,4
55386,4
55387,4
55388,4
55389,4
55390,4
55391,4
55392,4
55393,4
55394,4
55395,4
55396,4
55397,4
55398,4
55399,4
55400,4
55401,4
55402,4
55403,4
55404,4
55405,4
55406,4
55407,4
55408,4
55409,4
55410,4
55411,4
55412,4
55413,4
55414,4
55415,4
55416,4
55417,4
55418,1
55419,4
55420,4
55421,4
55422,4
55423,4
55424,4
55425,4
55426,4
55427,4
55428,4
55429,4
55430,4
55431,4
55432,4
55433,4
55434,4
55435,4
55436,4
55437,4
55438,4
55439,2
55440,4
55441,4
55442,4
55443,4
55444,4
55445,4
55446,4
55447,4
55448,4
55449,4
55450,4
55451,4
55452,2
55453,4
55454,4
55455,4
55456,4
55457,1
55458,4
55459,4
55460,4
55461,4
55462,4
55463,4
55464,4
55465,4
55466,4
55467,4
55468,4
55469,4
55470,4
55471,4
55472,4
55473,4
55474,4
55475,4
55476,4
55477,2
55478,4
55479,4
55480,4
55481,4
55482,4
55483,4
55484,4
55485,4
55486,4
55487,4
55488,4
55489,4
55490,4
55491,4
55492,4
55493,4
55494,4
55495,4
55496,4
55497,4
55498,4
55499,4
55500,4
55501,4
55502,4
55503,4
55504,4
55505,4
55506,4
55507,4
55508,4
55509,1
55510,4
55511,4
55512,4
55513,4
55514,4
55515,4
55516,4
55517,4
55518,4
55519,4
55520,4
55521,4
55522,4
55523,4
55524,4
55525,4
55526,4
55527,1
55528,4
55529,4
55530,4
55531,4
55532,4
55533,4
55534,4
55535,4
55536,4
55537,4
55538,4
55539,4
55540,4
55541,4
55542,4
55543,4
55544,4
55545,4
55546,4
55547,4
55548,4
55549,4
55550,4
55551,4
55552,4
55553,4
55554,4
55555,4
55556,4
55557,4
55558,4
55559,4
55560,1
55561,4
55562,4
55563,4
55564,4
55565,4
55566,4
55567,4
55568,4
55569,4
55570,4
55571,4
55572,4
55573,4
55574,4
55575,4
55576,4
55577,4
55578,4
55579,4
55580,4
55581,4
55582,4
55583,4
55584,4
55585,4
55586,4
55587,4
55588,4
55589,4
55590,4
55591,4
55592,4
55593,4
55594,4
55595,1
55596,4
55597,1
55598,4
55599,4
55600,4
55601,4
55602,4
55603,4
55604,4
55605,4
55606,4
55607,4
55608,4
55609,4
55610,4
55611,4
55612,4
55613,4
55614,4
55615,4
55616,4
55617,4
55618,4
55619,4
55620,4
55621,4
55622,4
55623,4
55624,4
55625,4
55626,4
55627,4
55628,4
55629,4
55630,4
55631,4
55632,4
55633,4
55634,4
55635,4
55636,4
55637,4
55638,4
55639,4
55640,4
55641,4
55642,4
55643,4
55644,4
55645,4
55646,4
55647,4
55648,4
55649,1
55650,4
55651,1
55652,1
55653,4
55654,4
55655,4
55656,4
55657,4
55658,4
55659,4
55660,4
55661,4
55662,4
55663,4
55664,4
55665,4
55666,4
55667,4
55668,4
55669,4
55670,4
55671,4
55672,4
55673,4
55674,4
55675,4
55676,4
55677,4
55678,4
55679,4
55680,1
55681,4
55682,4
55683,4
55684,4
55685,4
55686,4
55687,4
55688,4
55689,4
55690,4
55691,4
55692,4
55693,4
55694,1
55695,4
55696,4
55697,4
55698,4
55699,4
55700,4
55701,4
55702,4
55703,4
55704,4
55705,4
55706,4
55707,4
55708,4
55709,4
55710,4
55711,4
55712,4
55713,4
55714,4
55715,4
55716,4
55717,4
55718,4
55719,4
55720,4
55721,4
55722,4
55723,4
55724,4
55725,4
55726,4
55727,4
55728,4
55729,4
55730,4
55731,4
55732,4
55733,4
55734,4
55735,4
55736,4
55737,4
55738,4
55739,4
55740,4
55741,4
55742,4
55743,4
55744,4
55745,4
55746,4
55747,4
55748,4
55749,4
55750,4
55751,4
55752,4
55753,4
55754,4
55755,4
55756,4
55757,4
55758,4
55759,4
55760,4
55761,4
55762,4
55763,4
55764,4
55765,4
55766,4
55767,4
55768,4
55769,4
55770,4
55771,4
55772,4
55773,4
55774,4
55775,4
55776,4
55777,4
55778,4
55779,4
55780,4
55781,4
55782,4
55783,4
55784,4
55785,4
55786,4
55787,4
55788,4
55789,1
55790,4
55791,4
55792,4
55793,4
55794,4
55795,4
55796,4
55797,4
55798,4
55799,4
55800,4
55801,4
55802,4
55803,4
55804,4
55805,4
55806,4
55807,4
55808,4
55809,4
55810,4
55811,4
55812,1
55813,2
55814,4
55815,4
55816,4
55817,4
55818,4
55819,4
55820,4
55821,4
55822,4
55823,4
55824,4
55825,1
55826,2
55827,4
55828,4
55829,4
55830,4
55831,4
55832,4
55833,4
55834,4
55835,4
55836,4
55837,4
55838,4
55839,4
55840,4
55841,4
55842,4
55843,4
55844,4
55845,4
55846,4
55847,4
55848,1
55849,4
55850,4
55851,4
55852,4
55853,4
55854,4
55855,4
55856,4
55857,4
55858,4
55859,4
55860,4
55861,4
55862,4
55863,4
55864,4
55865,4
55866,4
55867,4
55868,4
55869,4
55870,4
55871,4
55872,4
55873,4
55874,4
55875,4
55876,4
55877,4
55878,4
55879,4
55880,4
55881,4
55882,4
55883,4
55884,4
55885,4
55886,1
55887,4
55888,4
55889,4
55890,4
55891,4
55892,4
55893,4
55894,4
55895,4
55896,4
55897,4
55898,4
55899,4
55900,4
55901,4
55902,4
55903,4
55904,4
55905,4
55906,4
55907,4
55908,4
55909,4
55910,4
55911,4
55912,4
55913,4
55914,4
55915,4
55916,4
55917,4
55918,4
55919,4
55920,4
55921,4
55922,4
55923,2
55924,4
55925,4
55926,4
55927,4
55928,4
55929,4
55930,4
55931,4
55932,4
55933,4
55934,4
55935,4
55936,4
55937,4
55938,4
55939,4
55940,4
55941,4
55942,4
55943,4
55944,4
55945,4
55946,4
55947,4
55948,1
55949,4
55950,4
55951,4
55952,4
55953,4
55954,4
55955,4
55956,4
55957,4
55958,4
55959,4
55960,4
55961,4
55962,4
55963,4
55964,4
55965,4
55966,4
55967,4
55968,4
55969,4
55970,4
55971,4
55972,4
55973,4
55974,4
55975,4
55976,4
55977,4
55978,4
55979,4
55980,4
55981,4
55982,4
55983,4
55984,4
55985,4
55986,4
55987,4
55988,4
55989,4
55990,4
55991,4
55992,4
55993,4
55994,4
55995,4
55996,4
55997,4
55998,4
55999,4
56000,4
56001,4
56002,4
56003,4
56004,4
56005,4
56006,4
56007,4
56008,4
56009,4
56010,4
56011,4
56012,4
56013,4
56014,4
56015,4
56016,4
56017,4
56018,4
56019,4
56020,1
56021,4
56022,4
56023,4
56024,4
56025,4
56026,4
56027,4
56028,4
56029,4
56030,4
56031,4
56032,4
56033,4
56034,4
56035,4
56036,4
56037,4
56038,4
56039,4
56040,4
56041,4
56042,4
56043,4
56044,4
56045,4
56046,4
56047,4
56048,4
56049,4
56050,4
56051,4
56052,4
56053,4
56054,4
56055,4
56056,4
56057,4
56058,4
56059,4
56060,4
56061,4
56062,4
56063,4
56064,4
56065,4
56066,4
56067,4
56068,4
56069,4
56070,4
56071,4
56072,4
56073,4
56074,4
56075,4
56076,4
56077,4
56078,4
56079,4
56080,4
56081,4
56082,4
56083,4
56084,4
56085,4
56086,4
56087,4
56088,4
56089,4
56090,4
56091,4
56092,4
56093,4
56094,4
56095,4
56096,4
56097,4
56098,4
56099,4
56100,4
56101,4
56102,4
56103,4
56104,4
56105,4
56106,4
56107,4
56108,4
56109,4
56110,4
56111,4
56112,4
56113,4
56114,4
56115,4
56116,4
56117,4
56118,4
56119,4
56120,4
56121,4
56122,1
56123,4
56124,4
56125,4
56126,4
56127,4
56128,4
56129,4
56130,4
56131,4
56132,4
56133,4
56134,4
56135,4
56136,4
56137,4
56138,4
56139,4
56140,4
56141,4
56142,4
56143,4
56144,4
56145,4
56146,4
56147,4
56148,4
56149,4
56150,1
56151,1
56152,4
56153,4
56154,4
56155,4
56156,4
56157,4
56158,4
56159,4
56160,4
56161,4
56162,4
56163,4
56164,4
56165,4
56166,4
56167,4
56168,4
56169,4
56170,4
56171,1
56172,4
56173,4
56174,4
56175,4
56176,4
56177,1
56178,4
56179,4
56180,4
56181,4
56182,4
56183,4
56184,4
56185,4
56186,4
56187,4
56188,4
56189,4
56190,4
56191,4
56192,4
56193,4
56194,4
56195,4
56196,4
56197,4
56198,4
56199,4
56200,4
56201,4
56202,4
56203,4
56204,4
56205,4
56206,4
56207,4
56208,4
56209,2
56210,1
56211,4
56212,4
56213,4
56214,4
56215,4
56216,4
56217,4
56218,4
56219,4
56220,4
56221,4
56222,4
56223,4
56224,4
56225,4
56226,4
56227,4
56228,4
56229,4
56230,4
56231,4
56232,4
56233,4
56234,4
56235,4
56236,4
56237,4
56238,4
56239,4
56240,4
56241,4
56242,4
56243,4
56244,4
56245,4
56246,4
56247,4
56248,4
56249,4
56250,4
56251,4
56252,4
56253,4
56254,4
56255,4
56256,4
56257,4
56258,4
56259,4
56260,4
56261,4
56262,4
56263,4
56264,4
56265,4
56266,4
56267,4
56268,4
56269,4
56270,4
56271,4
56272,4
56273,4
56274,4
56275,4
56276,4
56277,4
56278,4
56279,4
56280,4
56281,4
56282,4
56283,4
56284,4
56285,4
56286,4
56287,2
56288,4
56289,4
56290,4
56291,4
56292,4
56293,4
56294,4
56295,4
56296,4
56297,4
56298,4
56299,4
56300,4
56301,4
56302,4
56303,4
56304,4
56305,4
56306,4
56307,4
56308,4
56309,1
56310,1
56311,4
56312,4
56313,4
56314,4
56315,4
56316,4
56317,4
56318,4
56319,4
56320,4
56321,4
56322,4
56323,4
56324,4
56325,4
56326,4
56327,4
56328,4
56329,4
56330,4
56331,4
56332,4
56333,4
56334,4
56335,4
56336,4
56337,4
56338,4
56339,4
56340,4
56341,4
56342,4
56343,4
56344,4
56345,4
56346,4
56347,4
56348,4
56349,4
56350,4
56351,4
56352,4
56353,4
56354,4
56355,4
56356,4
56357,4
56358,4
56359,4
56360,4
56361,4
56362,4
56363,4
56364,4
56365,4
56366,4
56367,4
56368,4
56369,4
56370,4
56371,4
56372,4
56373,4
56374,4
56375,4
56376,4
56377,4
56378,4
56379,4
56380,4
56381,4
56382,4
56383,4
56384,4
56385,4
56386,2
56387,4
56388,4
56389,4
56390,4
56391,4
56392,4
56393,4
56394,4
56395,4
56396,4
56397,4
56398,4
56399,4
56400,4
56401,4
56402,4
56403,4
56404,4
56405,4
56406,4
56407,4
56408,4
56409,4
56410,4
56411,4
56412,4
56413,4
56414,4
56415,4
56416,4
56417,4
56418,4
56419,4
56420,4
56421,4
56422,4
56423,4
56424,4
56425,4
56426,4
56427,4
56428,4
56429,4
56430,4
56431,4
56432,4
56433,4
56434,4
56435,4
56436,4
56437,4
56438,4
56439,4
56440,4
56441,4
56442,4
56443,4
56444,4
56445,4
56446,4
56447,4
56448,4
56449,4
56450,4
56451,4
56452,4
56453,4
56454,4
56455,4
56456,4
56457,4
56458,4
56459,4
56460,4
56461,4
56462,4
56463,4
56464,4
56465,2
56466,4
56467,4
56468,4
56469,4
56470,4
56471,4
56472,4
56473,4
56474,4
56475,4
56476,4
56477,1
56478,4
56479,4
56480,4
56481,4
56482,4
56483,4
56484,4
56485,4
56486,4
56487,4
56488,4
56489,4
56490,4
56491,4
56492,4
56493,4
56494,4
56495,4
56496,4
56497,4
56498,4
56499,4
56500,4
56501,4
56502,4
56503,4
56504,2
56505,4
56506,4
56507,4
56508,4
56509,4
56510,4
56511,4
56512,4
56513,4
56514,4
56515,4
56516,4
56517,4
56518,4
56519,4
56520,4
56521,4
56522,4
56523,4
56524,4
56525,4
56526,4
56527,4
56528,4
56529,4
56530,4
56531,4
56532,4
56533,4
56534,4
56535,4
56536,4
56537,4
56538,4
56539,4
56540,4
56541,4
56542,2
56543,4
56544,4
56545,4
56546,4
56547,4
56548,4
56549,4
56550,4
56551,4
56552,4
56553,4
56554,4
56555,4
56556,4
56557,4
56558,4
56559,4
56560,4
56561,4
56562,4
56563,4
56564,4
56565,4
56566,4
56567,4
56568,4
56569,4
56570,4
56571,4
56572,4
56573,4
56574,4
56575,4
56576,4
56577,4
56578,4
56579,4
56580,4
56581,4
56582,4
56583,4
56584,1
56585,2
56586,4
56587,4
56588,4
56589,4
56590,4
56591,4
56592,4
56593,4
56594,4
56595,4
56596,4
56597,4
56598,4
56599,4
56600,4
56601,4
56602,4
56603,4
56604,4
56605,4
56606,4
56607,4
56608,4
56609,4
56610,4
56611,4
56612,4
56613,4
56614,4
56615,4
56616,4
56617,4
56618,4
56619,4
56620,4
56621,4
56622,4
56623,4
56624,4
56625,1
56626,4
56627,4
56628,4
56629,4
56630,4
56631,4
56632,4
56633,4
56634,4
56635,4
56636,4
56637,4
56638,4
56639,4
56640,4
56641,4
56642,4
56643,4
56644,4
56645,4
56646,4
56647,4
56648,4
56649,4
56650,4
56651,4
56652,4
56653,4
56654,4
56655,4
56656,4
56657,4
56658,4
56659,4
56660,4
56661,4
56662,4
56663,4
56664,4
56665,4
56666,4
56667,4
56668,4
56669,4
56670,4
56671,4
56672,4
56673,4
56674,4
56675,4
56676,4
56677,4
56678,4
56679,4
56680,4
56681,4
56682,4
56683,4
56684,4
56685,4
56686,4
56687,4
56688,4
56689,2
56690,4
56691,4
56692,4
56693,4
56694,4
56695,4
56696,4
56697,4
56698,4
56699,4
56700,4
56701,4
56702,4
56703,4
56704,4
56705,4
56706,4
56707,4
56708,4
56709,4
56710,4
56711,4
56712,4
56713,4
56714,4
56715,4
56716,4
56717,4
56718,4
56719,4
56720,4
56721,4
56722,4
56723,4
56724,4
56725,4
56726,4
56727,4
56728,4
56729,4
56730,4
56731,4
56732,4
56733,4
56734,4
56735,4
56736,4
56737,4
56738,4
56739,4
56740,4
56741,4
56742,4
56743,4
56744,4
56745,4
56746,4
56747,4
56748,4
56749,4
56750,4
56751,4
56752,4
56753,4
56754,4
56755,4
56756,4
56757,4
56758,4
56759,4
56760,4
56761,4
56762,4
56763,4
56764,4
56765,4
56766,4
56767,4
56768,4
56769,4
56770,4
56771,4
56772,4
56773,4
56774,4
56775,4
56776,4
56777,4
56778,4
56779,4
56780,4
56781,1
56782,4
56783,4
56784,4
56785,4
56786,4
56787,4
56788,4
56789,4
56790,4
56791,4
56792,2
56793,4
56794,4
56795,4
56796,4
56797,4
56798,4
56799,4
56800,4
56801,4
56802,4
56803,4
56804,4
56805,4
56806,4
56807,4
56808,4
56809,4
56810,4
56811,4
56812,4
56813,4
56814,4
56815,4
56816,4
56817,4
56818,4
56819,4
56820,4
56821,4
56822,4
56823,4
56824,4
56825,4
56826,4
56827,4
56828,4
56829,4
56830,4
56831,4
56832,4
56833,4
56834,4
56835,4
56836,4
56837,4
56838,4
56839,4
56840,4
56841,4
56842,4
56843,4
56844,4
56845,4
56846,4
56847,4
56848,4
56849,4
56850,4
56851,4
56852,4
56853,4
56854,4
56855,4
56856,4
56857,4
56858,1
56859,4
56860,4
56861,1
56862,4
56863,4
56864,4
56865,4
56866,4
56867,4
56868,4
56869,4
56870,4
56871,4
56872,4
56873,4
56874,4
56875,4
56876,4
56877,4
56878,4
56879,4
56880,4
56881,4
56882,4
56883,4
56884,4
56885,4
56886,4
56887,1
56888,4
56889,4
56890,4
56891,4
56892,4
56893,4
56894,4
56895,4
56896,4
56897,4
56898,4
56899,4
56900,4
56901,4
56902,4
56903,4
56904,4
56905,4
56906,4
56907,4
56908,4
56909,4
56910,4
56911,4
56912,4
56913,4
56914,4
56915,4
56916,4
56917,4
56918,4
56919,4
56920,4
56921,4
56922,4
56923,4
56924,4
56925,4
56926,4
56927,4
56928,4
56929,4
56930,4
56931,4
56932,4
56933,4
56934,4
56935,4
56936,4
56937,4
56938,4
56939,4
56940,4
56941,4
56942,4
56943,4
56944,4
56945,4
56946,4
56947,4
56948,4
56949,4
56950,4
56951,4
56952,4
56953,4
56954,4
56955,4
56956,4
56957,4
56958,4
56959,4
56960,4
56961,4
56962,4
56963,4
56964,4
56965,4
56966,4
56967,4
56968,4
56969,1
56970,4
56971,4
56972,4
56973,4
56974,4
56975,4
56976,4
56977,4
56978,4
56979,4
56980,4
56981,4
56982,4
56983,4
56984,4
56985,4
56986,4
56987,4
56988,4
56989,4
56990,4
56991,4
56992,4
56993,4
56994,4
56995,4
56996,4
56997,4
56998,4
56999,4
57000,4
57001,4
57002,4
57003,4
57004,4
57005,4
57006,4
57007,4
57008,4
57009,4
57010,4
57011,4
57012,4
57013,4
57014,4
57015,4
57016,4
57017,4
57018,4
57019,4
57020,4
57021,4
57022,4
57023,4
57024,4
57025,4
57026,4
57027,1
57028,1
57029,4
57030,4
57031,4
57032,4
57033,4
57034,4
57035,4
57036,4
57037,4
57038,4
57039,4
57040,4
57041,4
57042,4
57043,4
57044,4
57045,4
57046,4
57047,4
57048,4
57049,4
57050,4
57051,4
57052,4
57053,4
57054,4
57055,4
57056,4
57057,4
57058,4
57059,4
57060,4
57061,4
57062,4
57063,4
57064,4
57065,4
57066,4
57067,4
57068,4
57069,4
57070,4
57071,4
57072,4
57073,4
57074,4
57075,4
57076,4
57077,2
57078,4
57079,4
57080,4
57081,4
57082,4
57083,4
57084,4
57085,4
57086,4
57087,4
57088,4
57089,4
57090,4
57091,4
57092,4
57093,4
57094,4
57095,4
57096,4
57097,4
57098,4
57099,4
57100,4
57101,4
57102,4
57103,4
57104,4
57105,4
57106,4
57107,4
57108,4
57109,4
57110,4
57111,4
57112,4
57113,4
57114,4
57115,4
57116,4
57117,4
57118,4
57119,4
57120,4
57121,4
57122,4
57123,4
57124,4
57125,4
57126,4
57127,4
57128,4
57129,4
57130,4
57131,4
57132,4
57133,4
57134,4
57135,4
57136,4
57137,1
57138,4
57139,4
57140,4
57141,4
57142,4
57143,4
57144,4
57145,4
57146,4
57147,4
57148,4
57149,4
57150,4
57151,4
57152,4
57153,4
57154,1
57155,4
57156,4
57157,1
57158,4
57159,4
57160,4
57161,4
57162,4
57163,4
57164,4
57165,4
57166,4
57167,4
57168,4
57169,4
57170,4
57171,4
57172,4
57173,4
57174,4
57175,4
57176,4
57177,4
57178,4
57179,4
57180,4
57181,4
57182,4
57183,4
57184,4
57185,4
57186,4
57187,4
57188,4
57189,4
57190,4
57191,4
57192,4
57193,4
57194,4
57195,4
57196,4
57197,4
57198,4
57199,4
57200,4
57201,4
57202,1
57203,4
57204,4
57205,4
57206,4
57207,4
57208,4
57209,4
57210,4
57211,4
57212,4
57213,4
57214,4
57215,4
57216,4
57217,4
57218,4
57219,4
57220,4
57221,2
57222,4
57223,4
57224,4
57225,4
57226,4
57227,4
57228,4
57229,4
57230,4
57231,4
57232,4
57233,4
57234,4
57235,4
57236,4
57237,4
57238,4
57239,4
57240,1
57241,4
57242,4
57243,4
57244,4
57245,4
57246,4
57247,4
57248,4
57249,4
57250,4
57251,4
57252,4
57253,4
57254,4
57255,4
57256,4
57257,4
57258,4
57259,4
57260,4
57261,4
57262,4
57263,4
57264,4
57265,4
57266,4
57267,4
57268,4
57269,4
57270,4
57271,4
57272,4
57273,4
57274,4
57275,4
57276,4
57277,4
57278,4
57279,4
57280,4
57281,4
57282,4
57283,4
57284,4
57285,4
57286,4
57287,4
57288,4
57289,4
57290,4
57291,4
57292,4
57293,4
57294,4
57295,4
57296,4
57297,4
57298,4
57299,4
57300,4
57301,4
57302,4
57303,4
57304,4
57305,4
57306,4
57307,4
57308,4
57309,4
57310,4
57311,4
57312,4
57313,1
57314,4
57315,4
57316,4
57317,4
57318,4
57319,4
57320,4
57321,4
57322,4
57323,4
57324,4
57325,4
57326,4
57327,4
57328,4
57329,4
57330,4
57331,4
57332,4
57333,4
57334,4
57335,4
57336,4
57337,1
57338,2
57339,1
57340,4
57341,4
57342,4
57343,4
57344,4
57345,4
57346,4
57347,4
57348,4
57349,4
57350,4
57351,4
57352,4
57353,4
57354,4
57355,4
57356,4
57357,4
57358,4
57359,4
57360,4
57361,4
57362,4
57363,4
57364,4
57365,4
57366,4
57367,4
57368,4
57369,4
57370,4
57371,4
57372,4
57373,4
57374,4
57375,4
57376,4
57377,4
57378,4
57379,4
57380,4
57381,4
57382,4
57383,4
57384,4
57385,4
57386,4
57387,4
57388,4
57389,4
57390,4
57391,4
57392,4
57393,4
57394,4
57395,4
57396,4
57397,4
57398,4
57399,2
57400,4
57401,4
57402,4
57403,4
57404,4
57405,4
57406,4
57407,4
57408,4
57409,4
57410,4
57411,4
57412,4
57413,4
57414,4
57415,4
57416,4
57417,4
57418,4
57419,4
57420,4
57421,4
57422,4
57423,4
57424,4
57425,4
57426,4
57427,4
57428,4
57429,4
57430,4
57431,4
57432,4
57433,4
57434,4
57435,4
57436,4
57437,4
57438,4
57439,4
57440,4
57441,4
57442,4
57443,1
57444,4
57445,1
57446,4
57447,4
57448,4
57449,4
57450,4
57451,4
57452,4
57453,4
57454,4
57455,4
57456,4
57457,4
57458,4
57459,4
57460,4
57461,4
57462,4
57463,4
57464,4
57465,4
57466,4
57467,4
57468,4
57469,4
57470,4
57471,4
57472,4
57473,4
57474,4
57475,4
57476,4
57477,4
57478,4
57479,4
57480,4
57481,4
57482,4
57483,4
57484,4
57485,4
57486,4
57487,4
57488,4
57489,4
57490,4
57491,4
57492,4
57493,4
57494,4
57495,4
57496,4
57497,4
57498,4
57499,1
57500,4
57501,4
57502,4
57503,4
57504,4
57505,4
57506,4
57507,4
57508,4
57509,4
57510,4
57511,4
57512,4
57513,4
57514,4
57515,4
57516,4
57517,4
57518,4
57519,4
57520,4
57521,4
57522,4
57523,4
57524,4
57525,4
57526,4
57527,4
57528,4
57529,4
57530,4
57531,4
57532,4
57533,4
57534,4
57535,1
57536,4
57537,4
57538,4
57539,4
57540,4
57541,4
57542,4
57543,4
57544,4
57545,4
57546,4
57547,4
57548,4
57549,4
57550,4
57551,4
57552,4
57553,4
57554,4
57555,4
57556,4
57557,4
57558,4
57559,4
57560,4
57561,4
57562,4
57563,4
57564,4
57565,4
57566,4
57567,4
57568,4
57569,4
57570,4
57571,4
57572,4
57573,4
57574,4
57575,4
57576,4
57577,4
57578,4
57579,4
57580,4
57581,4
57582,4
57583,4
57584,4
57585,4
57586,4
57587,4
57588,4
57589,4
57590,4
57591,4
57592,4
57593,4
57594,4
57595,4
57596,4
57597,4
57598,4
57599,4
57600,4
57601,4
57602,4
57603,4
57604,4
57605,4
57606,4
57607,4
57608,4
57609,1
57610,4
57611,4
57612,4
57613,4
57614,4
57615,4
57616,4
57617,4
57618,4
57619,4
57620,4
57621,4
57622,4
57623,4
57624,4
57625,4
57626,4
57627,4
57628,4
57629,4
57630,4
57631,4
57632,4
57633,4
57634,4
57635,4
57636,4
57637,4
57638,4
57639,4
57640,4
57641,4
57642,4
57643,4
57644,4
57645,4
57646,4
57647,4
57648,4
57649,4
57650,4
57651,4
57652,4
57653,4
57654,1
57655,4
57656,4
57657,4
57658,4
57659,4
57660,4
57661,4
57662,4
57663,4
57664,4
57665,4
57666,4
57667,4
57668,4
57669,4
57670,4
57671,4
57672,4
57673,4
57674,4
57675,4
57676,4
57677,4
57678,4
57679,4
57680,4
57681,4
57682,4
57683,4
57684,4
57685,4
57686,4
57687,4
57688,4
57689,4
57690,4
57691,2
57692,4
57693,4
57694,4
57695,4
57696,4
57697,4
57698,4
57699,4
57700,4
57701,4
57702,4
57703,4
57704,4
57705,4
57706,4
57707,4
57708,4
57709,4
57710,4
57711,4
57712,4
57713,4
57714,4
57715,4
57716,4
57717,4
57718,4
57719,4
57720,4
57721,4
57722,4
57723,4
57724,4
57725,4
57726,4
57727,4
57728,4
57729,4
57730,4
57731,4
57732,4
57733,4
57734,4
57735,4
57736,4
57737,4
57738,4
57739,4
57740,4
57741,4
57742,4
57743,4
57744,4
57745,4
57746,4
57747,4
57748,4
57749,4
57750,4
57751,4
57752,4
57753,4
57754,4
57755,4
57756,4
57757,4
57758,4
57759,4
57760,4
57761,4
57762,4
57763,4
57764,4
57765,4
57766,4
57767,4
57768,4
57769,4
57770,4
57771,4
57772,4
57773,4
57774,4
57775,4
57776,4
57777,4
57778,4
57779,4
57780,4
57781,4
57782,4
57783,4
57784,4
57785,4
57786,4
57787,4
57788,4
57789,4
57790,4
57791,4
57792,4
57793,4
57794,4
57795,4
57796,4
57797,4
57798,4
57799,4
57800,4
57801,4
57802,4
57803,4
57804,4
57805,4
57806,4
57807,4
57808,4
57809,4
57810,4
57811,4
57812,4
57813,4
57814,4
57815,4
57816,4
57817,4
57818,4
57819,4
57820,4
57821,4
57822,4
57823,4
57824,4
57825,4
57826,4
57827,4
57828,4
57829,4
57830,4
57831,4
57832,4
57833,4
57834,4
57835,4
57836,4
57837,4
57838,4
57839,4
57840,4
57841,4
57842,4
57843,4
57844,4
57845,4
57846,4
57847,4
57848,4
57849,4
57850,4
57851,4
57852,4
57853,4
57854,4
57855,4
57856,4
57857,4
57858,4
57859,4
57860,4
57861,4
57862,4
57863,4
57864,4
57865,4
57866,4
57867,4
57868,4
57869,4
57870,4
57871,4
57872,4
57873,4
57874,4
57875,4
57876,4
57877,4
57878,4
57879,4
57880,4
57881,4
57882,4
57883,4
57884,4
57885,4
57886,4
57887,1
57888,4
57889,4
57890,4
57891,4
57892,4
57893,4
57894,4
57895,4
57896,4
57897,4
57898,4
57899,4
57900,4
57901,4
57902,4
57903,4
57904,4
57905,4
57906,4
57907,4
57908,4
57909,4
57910,4
57911,4
57912,4
57913,4
57914,4
57915,4
57916,4
57917,4
57918,4
57919,4
57920,4
57921,4
57922,4
57923,4
57924,4
57925,4
57926,4
57927,4
57928,4
57929,4
57930,4
57931,4
57932,4
57933,4
57934,4
57935,4
57936,4
57937,4
57938,4
57939,4
57940,4
57941,1
57942,4
57943,4
57944,4
57945,4
57946,4
57947,4
57948,4
57949,4
57950,4
57951,4
57952,4
57953,4
57954,4
57955,4
57956,4
57957,4
57958,4
57959,4
57960,4
57961,4
57962,4
57963,4
57964,4
57965,4
57966,4
57967,4
57968,4
57969,4
57970,4
57971,4
57972,4
57973,4
57974,4
57975,4
57976,4
57977,4
57978,4
57979,4
57980,4
57981,4
57982,4
57983,4
57984,4
57985,4
57986,4
57987,4
57988,4
57989,4
57990,4
57991,4
57992,4
57993,4
57994,4
57995,4
57996,4
57997,4
57998,4
57999,4
58000,4
58001,4
58002,4
58003,4
58004,4
58005,4
58006,4
58007,4
58008,4
58009,4
58010,4
58011,4
58012,4
58013,4
58014,4
58015,4
58016,4
58017,4
58018,4
58019,4
58020,4
58021,4
58022,4
58023,4
58024,4
58025,4
58026,4
58027,4
58028,4
58029,4
58030,4
58031,4
58032,4
58033,4
58034,4
58035,4
58036,4
58037,4
58038,4
58039,4
58040,4
58041,4
58042,4
58043,4
58044,4
58045,4
58046,4
58047,4
58048,4
58049,4
58050,4
58051,4
58052,4
58053,4
58054,4
58055,4
58056,4
58057,4
58058,4
58059,2
58060,4
58061,4
58062,4
58063,4
58064,4
58065,4
58066,4
58067,4
58068,4
58069,4
58070,4
58071,4
58072,4
58073,4
58074,4
58075,4
58076,4
58077,4
58078,4
58079,4
58080,4
58081,4
58082,4
58083,4
58084,4
58085,4
58086,4
58087,4
58088,4
58089,4
58090,4
58091,4
58092,4
58093,4
58094,4
58095,4
58096,4
58097,4
58098,4
58099,4
58100,4
58101,4
58102,4
58103,4
58104,4
58105,4
58106,4
58107,4
58108,4
58109,4
58110,4
58111,4
58112,4
58113,4
58114,4
58115,4
58116,4
58117,4
58118,4
58119,4
58120,4
58121,4
58122,4
58123,4
58124,4
58125,4
58126,4
58127,4
58128,4
58129,4
58130,4
58131,4
58132,4
58133,4
58134,4
58135,4
58136,4
58137,4
58138,4
58139,4
58140,4
58141,4
58142,4
58143,4
58144,4
58145,4
58146,4
58147,4
58148,1
58149,4
58150,4
58151,4
58152,4
58153,4
58154,4
58155,4
58156,4
58157,4
58158,4
58159,4
58160,4
58161,4
58162,4
58163,4
58164,4
58165,4
58166,4
58167,4
58168,4
58169,4
58170,4
58171,4
58172,4
58173,4
58174,4
58175,1
58176,4
58177,4
58178,4
58179,4
58180,4
58181,4
58182,4
58183,4
58184,4
58185,4
58186,4
58187,4
58188,4
58189,4
58190,4
58191,4
58192,4
58193,4
58194,4
58195,1
58196,4
58197,4
58198,4
58199,4
58200,4
58201,4
58202,4
58203,4
58204,4
58205,4
58206,4
58207,4
58208,4
58209,4
58210,4
58211,4
58212,4
58213,4
58214,4
58215,4
58216,4
58217,4
58218,4
58219,4
58220,4
58221,4
58222,4
58223,4
58224,4
58225,4
58226,4
58227,4
58228,4
58229,4
58230,4
58231,4
58232,4
58233,4
58234,4
58235,4
58236,4
58237,4
58238,4
58239,4
58240,4
58241,4
58242,4
58243,4
58244,4
58245,4
58246,4
58247,4
58248,4
58249,4
58250,4
58251,4
58252,4
58253,4
58254,4
58255,4
58256,4
58257,4
58258,4
58259,4
58260,4
58261,4
58262,4
58263,4
58264,4
58265,4
58266,4
58267,4
58268,4
58269,4
58270,4
58271,4
58272,4
58273,4
58274,4
58275,4
58276,4
58277,4
58278,4
58279,4
58280,4
58281,4
58282,4
58283,4
58284,4
58285,4
58286,4
58287,4
58288,4
58289,4
58290,4
58291,4
58292,4
58293,4
58294,4
58295,4
58296,4
58297,4
58298,4
58299,4
58300,4
58301,4
58302,4
58303,4
58304,4
58305,4
58306,4
58307,4
58308,4
58309,4
58310,4
58311,4
58312,4
58313,4
58314,4
58315,4
58316,4
58317,4
58318,4
58319,4
58320,4
58321,4
58322,4
58323,4
58324,4
58325,4
58326,4
58327,4
58328,4
58329,4
58330,4
58331,4
58332,4
58333,4
58334,4
58335,4
58336,4
58337,4
58338,4
58339,4
58340,4
58341,4
58342,4
58343,4
58344,4
58345,4
58346,4
58347,4
58348,4
58349,4
58350,4
58351,4
58352,4
58353,4
58354,4
58355,4
58356,4
58357,4
58358,1
58359,4
58360,4
58361,4
58362,4
58363,4
58364,4
58365,1
58366,4
58367,4
58368,4
58369,4
58370,4
58371,4
58372,4
58373,4
58374,4
58375,4
58376,4
58377,4
58378,4
58379,4
58380,4
58381,4
58382,4
58383,4
58384,4
58385,4
58386,4
58387,4
58388,4
58389,4
58390,4
58391,4
58392,4
58393,4
58394,4
58395,4
58396,4
58397,4
58398,4
58399,4
58400,4
58401,4
58402,4
58403,4
58404,4
58405,4
58406,4
58407,4
58408,4
58409,1
58410,4
58411,4
58412,4
58413,4
58414,4
58415,4
58416,4
58417,4
58418,4
58419,4
58420,4
58421,4
58422,4
58423,4
58424,4
58425,4
58426,4
58427,4
58428,4
58429,4
58430,4
58431,4
58432,4
58433,4
58434,4
58435,4
58436,4
58437,4
58438,4
58439,4
58440,4
58441,4
58442,4
58443,4
58444,4
58445,4
58446,4
58447,4
58448,4
58449,4
58450,4
58451,4
58452,4
58453,4
58454,4
58455,4
58456,4
58457,4
58458,4
58459,4
58460,4
58461,4
58462,4
58463,4
58464,4
58465,4
58466,4
58467,4
58468,4
58469,4
58470,4
58471,4
58472,4
58473,4
58474,4
58475,4
58476,4
58477,4
58478,4
58479,4
58480,4
58481,4
58482,4
58483,4
58484,4
58485,4
58486,4
58487,4
58488,4
58489,4
58490,4
58491,4
58492,4
58493,4
58494,4
58495,4
58496,4
58497,4
58498,4
58499,4
58500,4
58501,4
58502,4
58503,4
58504,4
58505,4
58506,4
58507,4
58508,4
58509,4
58510,4
58511,4
58512,4
58513,4
58514,4
58515,4
58516,4
58517,4
58518,4
58519,4
58520,4
58521,4
58522,4
58523,4
58524,4
58525,4
58526,4
58527,4
58528,4
58529,4
58530,4
58531,4
58532,4
58533,4
58534,4
58535,4
58536,4
58537,4
58538,4
58539,4
58540,4
58541,4
58542,4
58543,4
58544,4
58545,4
58546,4
58547,4
58548,4
58549,4
58550,4
58551,4
58552,4
58553,4
58554,4
58555,4
58556,4
58557,4
58558,4
58559,4
58560,4
58561,4
58562,4
58563,4
58564,4
58565,4
58566,4
58567,4
58568,4
58569,4
58570,4
58571,4
58572,4
58573,4
58574,4
58575,4
58576,4
58577,4
58578,4
58579,4
58580,4
58581,4
58582,4
58583,4
58584,4
58585,4
58586,4
58587,4
58588,4
58589,4
58590,4
58591,4
58592,4
58593,4
58594,4
58595,4
58596,4
58597,4
58598,4
58599,4
58600,4
58601,4
58602,4
58603,4
58604,4
58605,4
58606,4
58607,4
58608,4
58609,4
58610,4
58611,4
58612,4
58613,4
58614,4
58615,4
58616,4
58617,4
58618,4
58619,4
58620,4
58621,4
58622,4
58623,4
58624,4
58625,4
58626,4
58627,4
58628,4
58629,1
58630,4
58631,4
58632,4
58633,4
58634,4
58635,4
58636,4
58637,4
58638,4
58639,1
58640,4
58641,4
58642,4
58643,4
58644,4
58645,4
58646,4
58647,4
58648,4
58649,4
58650,4
58651,4
58652,4
58653,4
58654,4
58655,4
58656,4
58657,4
58658,4
58659,1
58660,4
58661,4
58662,4
58663,4
58664,4
58665,4
58666,4
58667,4
58668,4
58669,4
58670,4
58671,4
58672,4
58673,4
58674,4
58675,4
58676,4
58677,4
58678,4
58679,4
58680,4
58681,4
58682,4
58683,2
58684,4
58685,4
58686,4
58687,4
58688,4
58689,4
58690,4
58691,4
58692,4
58693,4
58694,4
58695,4
58696,4
58697,4
58698,4
58699,4
58700,4
58701,4
58702,4
58703,4
58704,4
58705,4
58706,4
58707,4
58708,4
58709,4
58710,4
58711,4
58712,4
58713,4
58714,4
58715,4
58716,4
58717,4
58718,4
58719,4
58720,4
58721,4
58722,4
58723,4
58724,4
58725,4
58726,4
58727,4
58728,4
58729,4
58730,4
58731,4
58732,4
58733,4
58734,4
58735,4
58736,4
58737,4
58738,4
58739,4
58740,4
58741,4
58742,4
58743,4
58744,4
58745,4
58746,4
58747,4
58748,4
58749,4
58750,4
58751,1
58752,2
58753,4
58754,4
58755,4
58756,4
58757,4
58758,4
58759,4
58760,4
58761,4
58762,4
58763,4
58764,4
58765,4
58766,4
58767,4
58768,4
58769,4
58770,4
58771,4
58772,4
58773,4
58774,4
58775,4
58776,4
58777,4
58778,4
58779,4
58780,4
58781,4
58782,1
58783,4
58784,4
58785,4
58786,4
58787,4
58788,4
58789,4
58790,4
58791,4
58792,4
58793,4
58794,4
58795,4
58796,4
58797,4
58798,4
58799,4
58800,4
58801,4
58802,4
58803,4
58804,4
58805,4
58806,4
58807,4
58808,4
58809,4
58810,4
58811,4
58812,4
58813,4
58814,4
58815,4
58816,4
58817,4
58818,4
58819,4
58820,4
58821,4
58822,4
58823,4
58824,4
58825,4
58826,4
58827,4
58828,4
58829,4
58830,4
58831,4
58832,4
58833,4
58834,4
58835,4
58836,4
58837,4
58838,4
58839,4
58840,4
58841,4
58842,4
58843,4
58844,4
58845,4
58846,4
58847,4
58848,4
58849,4
58850,4
58851,4
58852,4
58853,4
58854,4
58855,4
58856,4
58857,4
58858,4
58859,4
58860,4
58861,4
58862,4
58863,4
58864,4
58865,4
58866,4
58867,4
58868,4
58869,4
58870,4
58871,4
58872,4
58873,4
58874,4
58875,4
58876,4
58877,4
58878,1
58879,4
58880,4
58881,4
58882,4
58883,4
58884,4
58885,4
58886,4
58887,4
58888,4
58889,4
58890,4
58891,4
58892,4
58893,4
58894,4
58895,4
58896,4
58897,4
58898,4
58899,4
58900,4
58901,4
58902,4
58903,4
58904,4
58905,4
58906,4
58907,4
58908,4
58909,4
58910,4
58911,4
58912,4
58913,4
58914,4
58915,4
58916,4
58917,4
58918,4
58919,4
58920,4
58921,4
58922,4
58923,4
58924,4
58925,4
58926,4
58927,4
58928,4
58929,4
58930,4
58931,4
58932,4
58933,4
58934,4
58935,4
58936,4
58937,4
58938,4
58939,4
58940,4
58941,4
58942,4
58943,4
58944,4
58945,4
58946,4
58947,4
58948,4
58949,4
58950,4
58951,4
58952,4
58953,4
58954,4
58955,4
58956,4
58957,4
58958,4
58959,4
58960,4
58961,4
58962,4
58963,4
58964,4
58965,4
58966,4
58967,4
58968,4
58969,4
58970,4
58971,4
58972,4
58973,4
58974,4
58975,4
58976,4
58977,4
58978,4
58979,4
58980,4
58981,4
58982,4
58983,4
58984,4
58985,4
58986,4
58987,4
58988,4
58989,4
58990,4
58991,4
58992,4
58993,4
58994,4
58995,4
58996,4
58997,4
58998,4
58999,4
59000,4
59001,4
59002,4
59003,4
59004,4
59005,4
59006,4
59007,4
59008,4
59009,4
59010,4
59011,4
59012,4
59013,4
59014,4
59015,4
59016,4
59017,4
59018,4
59019,4
59020,4
59021,4
59022,4
59023,4
59024,4
59025,4
59026,4
59027,4
59028,4
59029,4
59030,4
59031,4
59032,4
59033,4
59034,4
59035,4
59036,4
59037,4
59038,4
59039,4
59040,4
59041,4
59042,4
59043,4
59044,4
59045,4
59046,4
59047,4
59048,4
59049,4
59050,4
59051,4
59052,4
59053,4
59054,4
59055,4
59056,4
59057,4
59058,4
59059,4
59060,4
59061,4
59062,4
59063,4
59064,4
59065,4
59066,4
59067,4
59068,4
59069,4
59070,4
59071,4
59072,4
59073,4
59074,4
59075,4
59076,4
59077,4
59078,4
59079,4
59080,4
59081,4
59082,4
59083,4
59084,2
59085,4
59086,4
59087,4
59088,4
59089,4
59090,4
59091,4
59092,4
59093,4
59094,1
59095,4
59096,4
59097,4
59098,4
59099,4
59100,4
59101,4
59102,4
59103,4
59104,4
59105,4
59106,4
59107,4
59108,4
59109,4
59110,4
59111,4
59112,4
59113,4
59114,4
59115,4
59116,4
59117,4
59118,4
59119,4
59120,4
59121,4
59122,4
59123,4
59124,4
59125,4
59126,4
59127,4
59128,4
59129,4
59130,4
59131,4
59132,4
59133,4
59134,4
59135,4
59136,4
59137,4
59138,4
59139,4
59140,4
59141,4
59142,4
59143,4
59144,4
59145,4
59146,4
59147,4
59148,4
59149,4
59150,4
59151,4
59152,4
59153,4
59154,4
59155,4
59156,4
59157,4
59158,4
59159,4
59160,4
59161,4
59162,4
59163,4
59164,4
59165,4
59166,4
59167,4
59168,4
59169,4
59170,4
59171,1
59172,4
59173,4
59174,4
59175,4
59176,4
59177,4
59178,4
59179,4
59180,4
59181,4
59182,4
59183,4
59184,4
59185,4
59186,4
59187,4
59188,4
59189,4
59190,4
59191,4
59192,4
59193,4
59194,4
59195,4
59196,4
59197,4
59198,4
59199,4
59200,4
59201,4
59202,4
59203,4
59204,4
59205,4
59206,4
59207,4
59208,4
59209,4
59210,4
59211,4
59212,4
59213,4
59214,4
59215,4
59216,4
59217,4
59218,4
59219,4
59220,4
59221,4
59222,4
59223,4
59224,4
59225,4
59226,4
59227,4
59228,4
59229,4
59230,4
59231,4
59232,4
59233,4
59234,4
59235,4
59236,4
59237,4
59238,4
59239,4
59240,4
59241,4
59242,4
59243,4
59244,4
59245,4
59246,4
59247,4
59248,4
59249,4
59250,4
59251,4
59252,4
59253,4
59254,4
59255,4
59256,4
59257,4
59258,4
59259,4
59260,4
59261,4
59262,4
59263,4
59264,4
59265,4
59266,4
59267,4
59268,4
59269,4
59270,4
59271,4
59272,4
59273,4
59274,4
59275,4
59276,4
59277,4
59278,4
59279,4
59280,4
59281,4
59282,4
59283,4
59284,4
59285,4
59286,4
59287,4
59288,4
59289,4
59290,4
59291,4
59292,4
59293,4
59294,4
59295,4
59296,4
59297,4
59298,4
59299,4
59300,4
59301,4
59302,4
59303,4
59304,4
59305,4
59306,4
59307,4
59308,4
59309,4
59310,4
59311,4
59312,4
59313,4
59314,4
59315,4
59316,4
59317,4
59318,4
59319,4
59320,4
59321,4
59322,4
59323,4
59324,4
59325,4
59326,4
59327,4
59328,4
59329,4
59330,4
59331,4
59332,4
59333,4
59334,4
59335,4
59336,4
59337,4
59338,4
59339,4
59340,4
59341,4
59342,4
59343,4
59344,4
59345,4
59346,4
59347,4
59348,4
59349,4
59350,4
59351,4
59352,4
59353,4
59354,4
59355,4
59356,4
59357,4
59358,4
59359,4
59360,4
59361,4
59362,4
59363,4
59364,4
59365,4
59366,4
59367,4
59368,4
59369,4
59370,4
59371,4
59372,4
59373,4
59374,4
59375,4
59376,4
59377,4
59378,4
59379,4
59380,4
59381,4
59382,4
59383,4
59384,4
59385,4
59386,4
59387,4
59388,4
59389,4
59390,4
59391,4
59392,4
59393,4
59394,4
59395,4
59396,4
59397,4
59398,4
59399,4
59400,4
59401,4
59402,4
59403,4
59404,4
59405,4
59406,4
59407,4
59408,4
59409,4
59410,4
59411,1
59412,4
59413,4
59414,4
59415,4
59416,4
59417,4
59418,4
59419,4
59420,4
59421,4
59422,4
59423,4
59424,4
59425,4
59426,4
59427,4
59428,4
59429,4
59430,4
59431,4
59432,1
59433,4
59434,2
59435,1
59436,4
59437,4
59438,4
59439,4
59440,4
59441,4
59442,4
59443,4
59444,4
59445,4
59446,4
59447,4
59448,4
59449,4
59450,4
59451,4
59452,4
59453,4
59454,4
59455,4
59456,4
59457,4
59458,4
59459,4
59460,4
59461,4
59462,4
59463,4
59464,4
59465,4
59466,4
59467,4
59468,4
59469,4
59470,4
59471,4
59472,4
59473,4
59474,4
59475,4
59476,4
59477,4
59478,4
59479,4
59480,1
59481,4
59482,4
59483,4
59484,4
59485,4
59486,4
59487,4
59488,4
59489,4
59490,4
59491,4
59492,4
59493,4
59494,4
59495,4
59496,4
59497,4
59498,4
59499,4
59500,4
59501,4
59502,1
59503,4
59504,4
59505,4
59506,4
59507,4
59508,4
59509,4
59510,4
59511,4
59512,4
59513,4
59514,4
59515,4
59516,4
59517,4
59518,4
59519,4
59520,4
59521,4
59522,4
59523,4
59524,4
59525,4
59526,4
59527,4
59528,4
59529,4
59530,4
59531,4
59532,4
59533,4
59534,4
59535,4
59536,4
59537,4
59538,4
59539,4
59540,4
59541,4
59542,4
59543,4
59544,4
59545,4
59546,4
59547,4
59548,4
59549,4
59550,4
59551,4
59552,4
59553,1
59554,4
59555,4
59556,4
59557,4
59558,4
59559,4
59560,4
59561,4
59562,4
59563,4
59564,4
59565,4
59566,4
59567,4
59568,4
59569,4
59570,4
59571,4
59572,4
59573,4
59574,4
59575,4
59576,4
59577,4
59578,4
59579,4
59580,4
59581,4
59582,4
59583,4
59584,4
59585,4
59586,4
59587,4
59588,4
59589,4
59590,4
59591,4
59592,4
59593,4
59594,4
59595,4
59596,4
59597,4
59598,4
59599,4
59600,4
59601,4
59602,4
59603,4
59604,4
59605,4
59606,4
59607,4
59608,4
59609,4
59610,4
59611,4
59612,4
59613,4
59614,4
59615,4
59616,4
59617,4
59618,4
59619,4
59620,4
59621,4
59622,4
59623,4
59624,4
59625,4
59626,4
59627,4
59628,4
59629,4
59630,4
59631,4
59632,4
59633,4
59634,4
59635,4
59636,4
59637,4
59638,4
59639,4
59640,4
59641,4
59642,4
59643,4
59644,4
59645,4
59646,4
59647,4
59648,4
59649,4
59650,4
59651,4
59652,4
59653,4
59654,4
59655,4
59656,4
59657,4
59658,4
59659,4
59660,4
59661,4
59662,4
59663,4
59664,4
59665,4
59666,4
59667,4
59668,4
59669,4
59670,4
59671,4
59672,4
59673,4
59674,4
59675,4
59676,4
59677,4
59678,4
59679,4
59680,4
59681,4
59682,4
59683,4
59684,4
59685,4
59686,4
59687,4
59688,4
59689,4
59690,4
59691,4
59692,4
59693,1
59694,4
59695,4
59696,4
59697,4
59698,4
59699,4
59700,4
59701,4
59702,4
59703,4
59704,4
59705,4
59706,4
59707,4
59708,4
59709,4
59710,4
59711,4
59712,4
59713,4
59714,4
59715,4
59716,4
59717,4
59718,4
59719,4
59720,4
59721,4
59722,4
59723,4
59724,4
59725,4
59726,4
59727,4
59728,4
59729,4
59730,4
59731,4
59732,4
59733,4
59734,4
59735,4
59736,4
59737,4
59738,4
59739,4
59740,4
59741,4
59742,4
59743,4
59744,4
59745,4
59746,4
59747,4
59748,4
59749,4
59750,4
59751,4
59752,4
59753,4
59754,4
59755,4
59756,4
59757,4
59758,4
59759,4
59760,4
59761,4
59762,4
59763,4
59764,4
59765,4
59766,4
59767,4
59768,4
59769,4
59770,4
59771,4
59772,4
59773,4
59774,4
59775,4
59776,4
59777,4
59778,4
59779,4
59780,4
59781,4
59782,4
59783,4
59784,4
59785,4
59786,4
59787,4
59788,4
59789,4
59790,4
59791,4
59792,4
59793,4
59794,4
59795,4
59796,4
59797,4
59798,4
59799,4
59800,4
59801,4
59802,4
59803,4
59804,4
59805,4
59806,4
59807,4
59808,4
59809,4
59810,4
59811,4
59812,4
59813,4
59814,4
59815,4
59816,4
59817,4
59818,4
59819,4
59820,4
59821,4
59822,4
59823,4
59824,4
59825,4
59826,4
59827,4
59828,4
59829,4
59830,4
59831,4
59832,4
59833,4
59834,4
59835,4
59836,4
59837,4
59838,4
59839,4
59840,4
59841,4
59842,4
59843,4
59844,4
59845,4
59846,4
59847,4
59848,4
59849,4
59850,4
59851,4
59852,4
59853,4
59854,4
59855,4
59856,4
59857,4
59858,4
59859,4
59860,4
59861,4
59862,4
59863,4
59864,4
59865,4
59866,4
59867,4
59868,4
59869,4
59870,4
59871,4
59872,4
59873,4
59874,4
59875,4
59876,4
59877,4
59878,4
59879,4
59880,4
59881,4
59882,4
59883,4
59884,4
59885,4
59886,4
59887,4
59888,4
59889,4
59890,4
59891,4
59892,4
59893,4
59894,4
59895,4
59896,4
59897,4
59898,4
59899,4
59900,4
59901,4
59902,4
59903,4
59904,4
59905,4
59906,2
59907,4
59908,4
59909,4
59910,4
59911,4
59912,4
59913,4
59914,4
59915,4
59916,4
59917,4
59918,4
59919,4
59920,4
59921,4
59922,4
59923,4
59924,4
59925,4
59926,4
59927,4
59928,4
59929,4
59930,4
59931,4
59932,4
59933,4
59934,4
59935,4
59936,4
59937,4
59938,4
59939,4
59940,4
59941,4
59942,4
59943,4
59944,4
59945,4
59946,4
59947,4
59948,4
59949,4
59950,4
59951,4
59952,4
59953,4
59954,4
59955,4
59956,4
59957,4
59958,4
59959,4
59960,4
59961,4
59962,4
59963,4
59964,4
59965,4
59966,4
59967,4
59968,4
59969,4
59970,4
59971,4
59972,4
59973,4
59974,4
59975,4
59976,4
59977,4
59978,4
59979,4
59980,4
59981,4
59982,4
59983,4
59984,4
59985,4
59986,4
59987,4
59988,4
59989,4
59990,4
59991,4
59992,4
59993,4
59994,4
59995,4
59996,4
59997,4
59998,4
59999,4
60000,4
60001,4
60002,4
60003,4
60004,4
60005,4
60006,4
60007,4
60008,4
60009,4
60010,4
60011,4
60012,4
60013,4
60014,4
60015,4
60016,4
60017,4
60018,4
60019,4
60020,4
60021,4
60022,4
60023,4
60024,4
60025,4
60026,4
60027,4
60028,4
60029,4
60030,4
60031,4
60032,4
60033,4
60034,4
60035,4
60036,4
60037,4
60038,4
60039,4
60040,4
60041,4
60042,4
60043,4
60044,4
60045,4
60046,4
60047,4
60048,4
60049,4
60050,4
60051,4
60052,4
60053,4
60054,4
60055,4
60056,4
60057,4
60058,4
60059,4
60060,4
60061,4
60062,4
60063,4
60064,4
60065,4
60066,4
60067,4
60068,4
60069,4
60070,4
60071,4
60072,4
60073,4
60074,4
60075,4
60076,4
60077,4
60078,4
60079,4
60080,4
60081,4
60082,4
60083,4
60084,4
60085,4
60086,4
60087,4
60088,4
60089,4
60090,4
60091,4
60092,4
60093,4
60094,4
60095,4
60096,4
60097,4
60098,4
60099,4
60100,4
60101,4
60102,4
60103,4
60104,4
60105,4
60106,4
60107,4
60108,4
60109,4
60110,4
60111,4
60112,4
60113,4
60114,4
60115,4
60116,4
60117,4
60118,4
60119,4
60120,4
60121,4
60122,4
60123,4
60124,4
60125,4
60126,4
60127,4
60128,4
60129,4
60130,4
60131,4
60132,4
60133,4
60134,4
60135,4
60136,4
60137,4
60138,4
60139,4
60140,4
60141,4
60142,4
60143,4
60144,4
60145,4
60146,4
60147,4
60148,4
60149,4
60150,4
60151,4
60152,4
60153,4
60154,4
60155,4
60156,4
60157,4
60158,4
60159,4
60160,4
60161,4
60162,4
60163,4
60164,4
60165,4
60166,4
60167,4
60168,4
60169,4
60170,4
60171,4
60172,4
60173,4
60174,4
60175,4
60176,4
60177,4
60178,4
60179,4
60180,4
60181,4
60182,4
60183,4
60184,4
60185,4
60186,4
60187,4
60188,4
60189,4
60190,4
60191,4
60192,4
60193,4
60194,4
60195,4
60196,4
60197,4
60198,4
60199,4
60200,4
60201,4
60202,4
60203,4
60204,4
60205,4
60206,4
60207,4
60208,4
60209,4
60210,4
60211,4
60212,4
60213,4
60214,4
60215,4
60216,4
60217,4
60218,4
60219,4
60220,4
60221,4
60222,4
60223,4
60224,4
60225,4
60226,4
60227,4
60228,4
60229,4
60230,4
60231,4
60232,4
60233,4
60234,4
60235,4
60236,4
60237,4
60238,4
60239,4
60240,4
60241,4
60242,4
60243,4
60244,4
60245,4
60246,4
60247,4
60248,4
60249,4
60250,4
60251,4
60252,4
60253,4
60254,4
60255,4
60256,4
60257,4
60258,4
60259,4
60260,4
60261,4
60262,4
60263,4
60264,4
60265,4
60266,4
60267,4
60268,4
60269,4
60270,4
60271,4
60272,4
60273,4
60274,4
60275,4
60276,4
60277,4
60278,4
60279,4
60280,4
60281,4
60282,4
60283,4
60284,4
60285,4
60286,4
60287,4
60288,4
60289,4
60290,4
60291,4
60292,4
60293,4
60294,4
60295,4
60296,4
60297,4
60298,4
60299,4
60300,4
60301,4
60302,4
60303,4
60304,4
60305,4
60306,4
60307,4
60308,4
60309,4
60310,4
60311,4
60312,4
60313,4
60314,4
60315,4
60316,4
60317,4
60318,4
60319,4
60320,4
60321,4
60322,4
60323,4
60324,4
60325,4
60326,4
60327,4
60328,4
60329,4
60330,4
60331,4
60332,4
60333,4
60334,4
60335,4
60336,4
60337,4
60338,4
60339,4
60340,4
60341,4
60342,4
60343,4
60344,4
60345,4
60346,4
60347,4
60348,4
60349,4
60350,4
60351,4
60352,4
60353,4
60354,4
60355,4
60356,4
60357,4
60358,4
60359,4
60360,4
60361,4
60362,4
60363,4
60364,4
60365,4
60366,4
60367,4
60368,4
60369,4
60370,4
60371,4
60372,4
60373,4
60374,4
60375,4
60376,4
60377,4
60378,4
60379,4
60380,4
60381,4
60382,4
60383,4
60384,4
60385,4
60386,4
60387,4
60388,4
60389,4
60390,4
60391,4
60392,4
60393,4
60394,4
60395,4
60396,4
60397,4
60398,4
60399,4
60400,4
60401,4
60402,4
60403,4
60404,4
60405,4
60406,4
60407,4
60408,4
60409,4
60410,4
60411,4
60412,4
60413,4
60414,4
60415,4
60416,4
60417,4
60418,4
60419,4
60420,4
60421,4
60422,4
60423,4
60424,4
60425,4
60426,4
60427,4
60428,4
60429,4
60430,4
60431,4
60432,4
60433,4
60434,4
60435,1
60436,1
60437,3
60438,1
60439,1
60440,3
60441,3
60442,3
60443,3
60444,3
60445,3
60446,3
60447,3
60448,3
60449,1
60450,3
60451,3
60452,3
60453,3
60454,1
60455,1
60456,3
60457,3
60458,3
60459,3
60460,1
60461,3
60462,3
60463,3
60464,3
60465,1
60466,3
60467,3
60468,3
60469,3
60470,3
60471,3
60472,3
60473,3
60474,1
60475,1
60476,1
60477,1
60478,3
60479,3
60480,3
60481,3
60482,3
60483,3
60484,3
60485,1
60486,3
60487,3
60488,3
60489,3
60490,1
60491,1
60492,3
60493,1
60494,3
60495,3
60496,3
60497,3
60498,1
60499,3
60500,1
60501,1
60502,3
60503,3
60504,3
60505,3
60506,3
60507,3
60508,3
60509,3
60510,3
60511,3
60512,3
60513,3
60514,3
60515,3
60516,3
60517,3
60518,3
60519,3
60520,3
60521,1
60522,1
60523,3
60524,3
60525,1
60526,3
60527,3
60528,3
60529,3
60530,3
60531,1
60532,3
60533,1
60534,3
60535,3
60536,3
60537,3
60538,3
60539,3
60540,1
60541,1
60542,1
60543,1
60544,3
60545,3
60546,3
60547,3
60548,3
60549,1
60550,1
60551,1
60552,1
60553,3
60554,3
60555,3
60556,3
60557,3
60558,3
60559,3
60560,3
60561,3
60562,3
60563,3
60564,3
60565,3
60566,3
60567,3
60568,3
60569,3
60570,3
60571,3
60572,3
60573,1
60574,1
60575,1
60576,3
60577,1
60578,1
60579,1
60580,1
60581,3
60582,3
60583,3
60584,3
60585,3
60586,3
60587,3
60588,3
60589,1
60590,3
60591,3
60592,3
60593,1
60594,3
60595,3
60596,3
60597,3
60598,3
60599,3
60600,3
60601,3
60602,3
60603,1
60604,1
60605,1
60606,3
60607,3
60608,3
60609,3
60610,3
60611,3
60612,3
60613,3
60614,3
60615,3
60616,1
60617,1
60618,1
60619,1
60620,1
60621,1
60622,3
60623,3
60624,3
60625,1
60626,1
60627,1
60628,3
60629,1
60630,3
60631,3
60632,3
60633,3
60634,3
60635,3
60636,3
60637,3
60638,3
60639,3
60640,3
60641,3
60642,3
60643,3
60644,3
60645,3
60646,3
60647,3
60648,3
60649,3
60650,3
60651,3
60652,3
60653,3
60654,3
60655,3
60656,3
60657,3
60658,3
60659,3
60660,3
60661,1
60662,1
60663,3
60664,1
60665,3
60666,1
60667,3
60668,1
60669,3
60670,1
60671,3
60672,3
60673,3
60674,3
60675,3
60676,3
60677,3
60678,3
60679,3
60680,3
60681,1
60682,1
60683,3
60684,1
60685,1
60686,3
60687,3
60688,3
60689,3
60690,3
60691,3
60692,3
60693,3
60694,3
60695,1
60696,3
60697,3
60698,1
60699,3
60700,3
60701,3
60702,3
60703,1
60704,3
60705,3
60706,3
60707,1
60708,3
60709,1
60710,3
60711,3
60712,3
60713,3
60714,3
60715,3
60716,1
60717,3
60718,3
60719,3
60720,3
60721,3
60722,3
60723,3
60724,3
60725,3
60726,3
60727,3
60728,1
60729,3
60730,3
60731,1
60732,3
60733,3
60734,3
60735,3
60736,3
60737,3
60738,1
60739,3
60740,3
60741,1
60742,1
60743,3
60744,1
60745,1
60746,1
60747,1
60748,3
60749,3
60750,3
60751,3
60752,1
60753,3
60754,3
60755,3
60756,3
60757,3
60758,3
60759,3
60760,3
60761,1
60762,3
60763,3
60764,3
60765,1
60766,3
60767,1
60768,1
60769,1
60770,1
60771,3
60772,3
60773,1
60774,1
60775,3
60776,3
60777,3
60778,3
60779,3
60780,3
60781,3
60782,1
60783,3
60784,1
60785,3
60786,3
60787,3
60788,3
60789,1
60790,3
60791,1
60792,3
60793,1
60794,3
60795,3
60796,3
60797,3
60798,1
60799,3
60800,3
60801,1
60802,3
60803,3
60804,3
60805,3
60806,3
60807,3
60808,1
60809,3
60810,3
60811,3
60812,3
60813,1
60814,3
60815,3
60816,3
60817,3
60818,3
60819,3
60820,3
60821,3
60822,1
60823,1
60824,3
60825,3
60826,3
60827,3
60828,3
60829,3
60830,3
60831,3
60832,3
60833,3
60834,3
60835,3
60836,3
60837,1
60838,1
60839,3
60840,3
60841,3
60842,3
60843,1
60844,3
60845,3
60846,1
60847,3
60848,3
60849,3
60850,3
60851,1
60852,3
60853,3
60854,3
60855,3
60856,1
60857,3
60858,1
60859,3
60860,3
60861,3
60862,3
60863,3
60864,1
60865,1
60866,1
60867,1
60868,3
60869,3
60870,3
60871,3
60872,3
60873,3
60874,3
60875,3
60876,3
60877,3
60878,3
60879,3
60880,3
60881,3
60882,1
60883,1
60884,1
60885,3
60886,1
60887,1
60888,3
60889,3
60890,3
60891,3
60892,3
60893,3
60894,1
60895,3
60896,1
60897,3
60898,3
60899,3
60900,3
60901,1
60902,3
60903,3
60904,3
60905,3
60906,3
60907,3
60908,3
60909,3
60910,3
60911,3
60912,3
60913,3
60914,3
60915,1
60916,1
60917,1
60918,3
60919,1
60920,1
60921,3
60922,1
60923,3
60924,3
60925,3
60926,1
60927,3
60928,1
60929,3
60930,3
60931,3
60932,1
60933,1
60934,3
60935,3
60936,3
60937,1
60938,3
60939,3
60940,3
60941,3
60942,3
60943,3
60944,3
60945,3
60946,3
60947,3
60948,1
60949,3
60950,1
60951,3
60952,3
60953,1
60954,3
60955,3
60956,3
60957,3
60958,3
60959,3
60960,3
60961,3
60962,3
60963,3
60964,3
60965,3
60966,3
60967,3
60968,1
60969,1
60970,1
60971,3
60972,1
60973,3
60974,3
60975,3
60976,3
60977,3
60978,1
60979,1
60980,3
60981,3
60982,1
60983,3
60984,3
60985,3
60986,3
60987,3
60988,3
60989,1
60990,3
60991,3
60992,1
60993,3
60994,3
60995,3
60996,1
60997,1
60998,3
60999,3
61000,3
61001,1
61002,1
61003,3
61004,3
61005,3
61006,3
61007,1
61008,3
61009,3
61010,3
61011,1
61012,1
61013,1
61014,3
61015,1
61016,3
61017,3
61018,1
61019,3
61020,3
61021,3
61022,3
61023,3
61024,1
61025,1
61026,1
61027,3
61028,3
61029,3
61030,3
61031,3
61032,3
61033,3
61034,3
61035,1
61036,3
61037,1
61038,3
61039,3
61040,3
61041,3
61042,1
61043,3
61044,3
61045,3
61046,3
61047,3
61048,3
61049,3
61050,1
61051,1
61052,1
61053,1
61054,3
61055,3
61056,3
61057,3
61058,3
61059,3
61060,1
61061,3
61062,3
61063,3
61064,3
61065,3
61066,3
61067,3
61068,3
61069,3
61070,3
61071,3
61072,3
61073,3
61074,3
61075,1
61076,3
61077,3
61078,3
61079,3
61080,3
61081,3
61082,3
61083,3
61084,3
61085,3
61086,1
61087,3
61088,3
61089,3
61090,3
61091,3
61092,1
61093,3
61094,3
61095,3
61096,3
61097,3
61098,1
61099,3
61100,1
61101,3
61102,1
61103,1
61104,3
61105,1
61106,1
61107,3
61108,3
61109,3
61110,3
61111,3
61112,3
61113,3
61114,3
61115,3
61116,3
61117,3
61118,3
61119,3
61120,1
61121,1
61122,1
61123,3
61124,3
61125,3
61126,3
61127,3
61128,1
61129,1
61130,3
61131,3
61132,3
61133,3
61134,3
61135,3
61136,1
61137,3
61138,3
61139,3
61140,3
61141,3
61142,3
61143,3
61144,3
61145,3
61146,3
61147,3
61148,1
61149,3
61150,3
61151,3
61152,3
61153,3
61154,3
61155,1
61156,1
61157,3
61158,3
61159,3
61160,3
61161,3
61162,3
61163,3
61164,3
61165,3
61166,1
61167,3
61168,1
61169,1
61170,3
61171,1
61172,1
61173,3
61174,3
61175,3
61176,1
61177,3
61178,3
61179,3
61180,3
61181,3
61182,3
61183,1
61184,3
61185,1
61186,1
61187,3
61188,3
61189,1
61190,3
61191,3
61192,1
61193,1
61194,3
61195,3
61196,3
61197,1
61198,1
61199,1
61200,1
61201,3
61202,3
61203,1
61204,3
61205,1
61206,1
61207,3
61208,3
61209,3
61210,3
61211,3
61212,3
61213,3
61214,3
61215,3
61216,3
61217,3
61218,1
61219,1
61220,1
61221,3
61222,3
61223,3
61224,3
61225,3
61226,3
61227,3
61228,1
61229,3
61230,3
61231,3
61232,3
61233,3
61234,3
61235,3
61236,1
61237,1
61238,1
61239,1
61240,1
61241,3
61242,3
61243,3
61244,1
61245,3
61246,1
61247,3
61248,1
61249,3
61250,3
61251,3
61252,1
61253,1
61254,1
61255,3
61256,1
61257,3
61258,3
61259,3
61260,3
61261,1
61262,3
61263,1
61264,3
61265,3
61266,3
61267,3
61268,3
61269,3
61270,3
61271,1
61272,3
61273,3
61274,1
61275,3
61276,3
61277,3
61278,3
61279,3
61280,3
61281,1
61282,1
61283,3
61284,3
61285,1
61286,3
61287,3
61288,3
61289,3
61290,1
61291,3
61292,3
61293,3
61294,3
61295,1
61296,3
61297,3
61298,3
61299,3
61300,3
61301,3
61302,1
61303,3
61304,1
61305,1
61306,3
61307,1
61308,3
61309,3
61310,3
61311,3
61312,3
61313,3
61314,3
61315,3
61316,1
61317,1
61318,3
61319,3
61320,3
61321,3
61322,1
61323,1
61324,3
61325,3
61326,3
61327,1
61328,3
61329,1
61330,3
61331,3
61332,3
61333,3
61334,3
61335,3
61336,3
61337,1
61338,3
61339,3
61340,3
61341,3
61342,3
61343,3
61344,3
61345,3
61346,1
61347,3
61348,1
61349,1
61350,1
61351,3
61352,3
61353,1
61354,3
61355,3
61356,3
61357,1
61358,1
61359,3
61360,1
61361,1
61362,1
61363,3
61364,1
61365,3
61366,1
61367,3
61368,3
61369,3
61370,3
61371,3
61372,3
61373,3
61374,3
61375,3
61376,3
61377,1
61378,1
61379,3
61380,3
61381,1
61382,3
61383,1
61384,1
61385,3
61386,1
61387,3
61388,3
61389,3
61390,1
61391,3
61392,3
61393,3
61394,3
61395,3
61396,1
61397,3
61398,1
61399,3
61400,3
61401,1
61402,3
61403,3
61404,3
61405,3
61406,3
61407,3
61408,3
61409,1
61410,1
61411,1
61412,1
61413,3
61414,3
61415,3
61416,3
61417,3
61418,3
61419,3
61420,3
61421,3
61422,3
61423,3
61424,3
61425,3
61426,3
61427,3
61428,3
61429,3
61430,3
61431,1
61432,1
61433,1
61434,1
61435,3
61436,3
61437,1
61438,3
61439,3
61440,1
61441,3
61442,1
61443,1
61444,1
61445,3
61446,1
61447,3
61448,3
61449,3
61450,1
61451,1
61452,1
61453,3
61454,3
61455,3
61456,3
61457,3
61458,1
61459,3
61460,1
61461,3
61462,3
61463,1
61464,3
61465,3
61466,1
61467,3
61468,1
61469,3
61470,3
61471,3
61472,3
61473,3
61474,3
61475,3
61476,1
61477,1
61478,1
61479,3
61480,1
61481,1
61482,3
61483,3
61484,3
61485,3
61486,3
61487,3
61488,3
61489,3
61490,1
61491,1
61492,1
61493,1
61494,3
61495,3
61496,1
61497,3
61498,3
61499,3
61500,3
61501,3
61502,3
61503,3
61504,1
61505,3
61506,3
61507,3
61508,3
61509,3
61510,1
61511,3
61512,3
61513,3
61514,3
61515,3
61516,3
61517,3
61518,3
61519,1
61520,3
61521,3
61522,3
61523,3
61524,1
61525,1
61526,1
61527,1
61528,1
61529,3
61530,1
61531,3
61532,3
61533,3
61534,3
61535,3
61536,3
61537,3
61538,3
61539,3
61540,3
61541,3
61542,3
61543,3
61544,1
61545,1
61546,1
61547,3
61548,1
61549,3
61550,3
61551,3
61552,3
61553,1
61554,1
61555,3
61556,3
61557,3
61558,1
61559,3
61560,3
61561,3
61562,3
61563,3
61564,3
61565,3
61566,3
61567,3
61568,3
61569,3
61570,3
61571,1
61572,1
61573,1
61574,3
61575,3
61576,3
61577,3
61578,3
61579,3
61580,3
61581,1
61582,3
61583,1
61584,1
61585,3
61586,3
61587,1
61588,3
61589,3
61590,3
61591,3
61592,3
61593,3
61594,3
61595,3
61596,1
61597,1
61598,1
61599,1
61600,1
61601,1
61602,3
61603,3
61604,3
61605,3
61606,3
61607,3
61608,3
61609,3
61610,3
61611,3
61612,1
61613,3
61614,3
61615,3
61616,3
61617,3
61618,3
61619,3
61620,3
61621,3
61622,3
61623,1
61624,3
61625,3
61626,1
61627,3
61628,1
61629,3
61630,1
61631,3
61632,3
61633,3
61634,3
61635,3
61636,3
61637,3
61638,3
61639,3
61640,3
61641,3
61642,3
61643,3
61644,3
61645,3
61646,3
61647,3
61648,1
61649,3
61650,3
61651,3
61652,3
61653,3
61654,3
61655,1
61656,3
61657,1
61658,1
61659,3
61660,3
61661,1
61662,3
61663,1
61664,3
61665,3
61666,3
61667,3
61668,3
61669,3
61670,3
61671,3
61672,3
61673,3
61674,3
61675,1
61676,1
61677,3
61678,1
61679,3
61680,3
61681,3
61682,3
61683,3
61684,1
61685,3
61686,3
61687,3
61688,3
61689,3
61690,3
61691,3
61692,3
61693,3
61694,1
61695,3
61696,3
61697,3
61698,1
61699,3
61700,3
61701,3
61702,3
61703,1
61704,3
61705,1
61706,1
61707,3
61708,3
61709,1
61710,3
61711,3
61712,1
61713,3
61714,1
61715,3
61716,3
61717,1
61718,3
61719,3
61720,3
61721,3
61722,3
61723,3
61724,1
61725,3
61726,3
61727,3
61728,3
61729,3
61730,3
61731,3
61732,1
61733,1
61734,1
61735,3
61736,1
61737,3
61738,3
61739,3
61740,3
61741,1
61742,3
61743,3
61744,3
61745,3
61746,3
61747,3
61748,1
61749,3
61750,3
61751,3
61752,3
61753,3
61754,3
61755,3
61756,3
61757,3
61758,1
61759,3
61760,3
61761,1
61762,3
61763,3
61764,3
61765,1
61766,1
61767,1
61768,3
61769,1
61770,3
61771,3
61772,1
61773,3
61774,1
61775,3
61776,1
61777,1
61778,3
61779,3
61780,3
61781,3
61782,1
61783,3
61784,3
61785,1
61786,1
61787,3
61788,3
61789,3
61790,3
61791,3
61792,3
61793,3
61794,3
61795,1
61796,3
61797,3
61798,3
61799,3
61800,3
61801,3
61802,1
61803,1
61804,3
61805,3
61806,1
61807,3
61808,1
61809,3
61810,3
61811,3
61812,3
61813,3
61814,3
61815,3
61816,3
61817,3
61818,3
61819,3
61820,3
61821,1
61822,1
61823,1
61824,3
61825,1
61826,3
61827,3
61828,3
61829,3
61830,3
61831,3
61832,3
61833,3
61834,3
61835,3
61836,3
61837,1
61838,3
61839,3
61840,1
61841,3
61842,1
61843,3
61844,3
61845,1
61846,3
61847,3
61848,3
61849,3
61850,1
61851,1
61852,3
61853,3
61854,1
61855,3
61856,3
61857,1
61858,3
61859,3
61860,1
61861,3
61862,3
61863,3
61864,1
61865,3
61866,3
61867,3
61868,1
61869,3
61870,3
61871,1
61872,1
61873,3
61874,1
61875,1
61876,3
61877,1
61878,3
61879,3
61880,3
61881,3
61882,3
61883,3
61884,3
61885,1
61886,1
61887,1
61888,1
61889,1
61890,1
61891,1
61892,3
61893,3
61894,3
61895,3
61896,3
61897,3
61898,1
61899,3
61900,1
61901,3
61902,3
61903,3
61904,3
61905,3
61906,3
61907,3
61908,3
61909,3
61910,1
61911,3
61912,3
61913,1
61914,1
61915,3
61916,3
61917,3
61918,3
61919,3
61920,3
61921,1
61922,3
61923,3
61924,3
61925,3
61926,3
61927,3
61928,3
61929,3
61930,3
61931,1
61932,1
61933,1
61934,1
61935,1
61936,3
61937,3
61938,3
61939,3
61940,3
61941,3
61942,3
61943,3
61944,3
61945,1
61946,1
61947,1
61948,1
61949,1
61950,1
61951,1
61952,3
61953,3
61954,3
61955,3
61956,1
61957,3
61958,3
61959,3
61960,1
61961,1
61962,1
61963,1
61964,3
61965,1
61966,1
61967,1
61968,1
61969,3
61970,1
61971,3
61972,3
61973,3
61974,1
61975,3
61976,3
61977,3
61978,3
61979,1
61980,1
61981,1
61982,3
61983,3
61984,1
61985,1
61986,3
61987,3
61988,1
61989,3
61990,1
61991,3
61992,3
61993,3
61994,3
61995,1
61996,3
61997,3
61998,3
61999,3
62000,3
62001,1
62002,1
62003,1
62004,3
62005,1
62006,3
62007,3
62008,3
62009,3
62010,1
62011,3
62012,3
62013,1
62014,3
62015,3
62016,3
62017,1
62018,3
62019,3
62020,3
62021,3
62022,3
62023,3
62024,3
62025,3
62026,3
62027,3
62028,3
62029,3
62030,1
62031,1
62032,1
62033,1
62034,1
62035,1
62036,1
62037,1
62038,3
62039,3
62040,1
62041,1
62042,3
62043,3
62044,1
62045,3
62046,3
62047,3
62048,3
62049,3
62050,3
62051,3
62052,3
62053,3
62054,3
62055,1
62056,3
62057,1
62058,1
62059,1
62060,3
62061,3
62062,3
62063,1
62064,1
62065,3
62066,3
62067,3
62068,1
62069,1
62070,3
62071,1
62072,3
62073,1
62074,3
62075,1
62076,3
62077,3
62078,3
62079,3
62080,3
62081,3
62082,3
62083,1
62084,3
62085,3
62086,3
62087,1
62088,1
62089,3
62090,3
62091,3
62092,3
62093,1
62094,3
62095,3
62096,3
62097,3
62098,3
62099,3
62100,3
62101,1
62102,1
62103,1
62104,1
62105,1
62106,3
62107,3
62108,3
62109,3
62110,3
62111,3
62112,3
62113,3
62114,1
62115,1
62116,3
62117,1
62118,3
62119,1
62120,3
62121,3
62122,3
62123,3
62124,3
62125,3
62126,3
62127,3
62128,3
62129,3
62130,3
62131,3
62132,3
62133,1
62134,3
62135,1
62136,1
62137,1
62138,3
62139,1
62140,3
62141,3
62142,3
62143,1
62144,1
62145,3
62146,3
62147,3
62148,3
62149,3
62150,1
62151,1
62152,3
62153,1
62154,1
62155,3
62156,1
62157,3
62158,1
62159,1
62160,3
62161,1
62162,3
62163,1
62164,3
62165,3
62166,3
62167,3
62168,3
62169,3
62170,1
62171,1
62172,3
62173,3
62174,1
62175,1
62176,3
62177,1
62178,1
62179,3
62180,3
62181,3
62182,3
62183,3
62184,3
62185,3
62186,3
62187,1
62188,3
62189,3
62190,3
62191,1
62192,3
62193,1
62194,3
62195,1
62196,3
62197,3
62198,3
62199,3
62200,3
62201,3
62202,3
62203,3
62204,3
62205,3
62206,3
62207,3
62208,3
62209,1
62210,1
62211,3
62212,1
62213,3
62214,3
62215,3
62216,3
62217,1
62218,3
62219,3
62220,3
62221,1
62222,3
62223,3
62224,3
62225,3
62226,1
62227,1
62228,1
62229,3
62230,3
62231,3
62232,3
62233,1
62234,1
62235,1
62236,3
62237,3
62238,3
62239,3
62240,3
62241,3
62242,3
62243,3
62244,3
62245,3
62246,1
62247,1
62248,3
62249,1
62250,1
62251,3
62252,1
62253,1
62254,3
62255,3
62256,3
62257,1
62258,3
62259,3
62260,3
62261,3
62262,3
62263,3
62264,3
62265,3
62266,1
62267,1
62268,3
62269,1
62270,3
62271,3
62272,3
62273,1
62274,1
62275,3
62276,3
62277,3
62278,3
62279,3
62280,3
62281,3
62282,3
62283,1
62284,1
62285,3
62286,1
62287,3
62288,3
62289,3
62290,1
62291,3
62292,1
62293,3
62294,3
62295,3
62296,3
62297,3
62298,3
62299,3
62300,3
62301,3
62302,3
62303,3
62304,3
62305,3
62306,3
62307,1
62308,3
62309,3
62310,3
62311,3
62312,1
62313,3
62314,3
62315,3
62316,1
62317,1
62318,3
62319,3
62320,3
62321,3
62322,3
62323,3
62324,3
62325,3
62326,3
62327,3
62328,1
62329,3
62330,3
62331,3
62332,3
62333,3
62334,3
62335,3
62336,3
62337,3
62338,3
62339,3
62340,3
62341,3
62342,1
62343,3
62344,3
62345,1
62346,3
62347,3
62348,3
62349,3
62350,3
62351,3
62352,3
62353,3
62354,3
62355,3
62356,1
62357,3
62358,1
62359,1
62360,3
62361,3
62362,1
62363,3
62364,3
62365,1
62366,3
62367,3
62368,1
62369,3
62370,3
62371,1
62372,3
62373,3
62374,1
62375,3
62376,1
62377,3
62378,3
62379,3
62380,3
62381,3
62382,3
62383,3
62384,1
62385,1
62386,1
62387,3
62388,1
62389,1
62390,1
62391,3
62392,3
62393,1
62394,3
62395,3
62396,3
62397,3
62398,3
62399,3
62400,3
62401,3
62402,3
62403,3
62404,3
62405,3
62406,1
62407,3
62408,3
62409,3
62410,3
62411,3
62412,3
62413,3
62414,3
62415,3
62416,1
62417,3
62418,3
62419,3
62420,3
62421,3
62422,3
62423,1
62424,3
62425,3
62426,3
62427,3
62428,1
62429,3
62430,3
62431,3
62432,3
62433,3
62434,3
62435,1
62436,3
62437,1
62438,3
62439,1
62440,3
62441,3
62442,1
62443,1
62444,3
62445,3
62446,3
62447,1
62448,3
62449,3
62450,1
62451,3
62452,1
62453,3
62454,3
62455,3
62456,1
62457,1
62458,3
62459,1
62460,3
62461,1
62462,3
62463,1
62464,3
62465,3
62466,3
62467,3
62468,3
62469,3
62470,3
62471,3
62472,1
62473,3
62474,3
62475,3
62476,1
62477,1
62478,3
62479,3
62480,3
62481,3
62482,3
62483,3
62484,3
62485,1
62486,3
62487,3
62488,3
62489,3
62490,3
62491,1
62492,3
62493,3
62494,3
62495,3
62496,3
62497,3
62498,3
62499,1
62500,3
62501,3
62502,3
62503,3
62504,3
62505,3
62506,1
62507,3
62508,3
62509,1
62510,1
62511,1
62512,1
62513,3
62514,1
62515,3
62516,3
62517,3
62518,3
62519,3
62520,3
62521,1
62522,1
62523,1
62524,1
62525,1
62526,1
62527,3
62528,3
62529,3
62530,3
62531,3
62532,3
62533,1
62534,3
62535,3
62536,3
62537,3
62538,3
62539,3
62540,3
62541,1
62542,3
62543,3
62544,3
62545,1
62546,1
62547,3
62548,3
62549,3
62550,1
62551,3
62552,3
62553,3
62554,3
62555,3
62556,3
62557,3
62558,3
62559,3
62560,3
62561,3
62562,1
62563,1
62564,3
62565,3
62566,3
62567,3
62568,3
62569,1
62570,1
62571,1
62572,1
62573,1
62574,3
62575,3
62576,1
62577,3
62578,1
62579,3
62580,3
62581,3
62582,3
62583,3
62584,3
62585,3
62586,3
62587,3
62588,3
62589,3
62590,3
62591,3
62592,1
62593,1
62594,3
62595,3
62596,3
62597,3
62598,3
62599,3
62600,3
62601,3
62602,3
62603,3
62604,1
62605,1
62606,1
62607,1
62608,3
62609,1
62610,3
62611,3
62612,1
62613,1
62614,3
62615,3
62616,3
62617,3
62618,3
62619,3
62620,3
62621,3
62622,3
62623,3
62624,1
62625,1
62626,1
62627,1
62628,1
62629,3
62630,3
62631,1
62632,3
62633,3
62634,3
62635,3
62636,3
62637,3
62638,3
62639,3
62640,1
62641,3
62642,3
62643,3
62644,3
62645,3
62646,3
62647,3
62648,1
62649,3
62650,3
62651,3
62652,3
62653,1
62654,1
62655,1
62656,3
62657,3
62658,1
62659,3
62660,3
62661,3
62662,3
62663,1
62664,1
62665,3
62666,3
62667,3
62668,3
62669,3
62670,3
62671,3
62672,3
62673,3
62674,1
62675,3
62676,1
62677,3
62678,3
62679,3
62680,3
62681,3
62682,3
62683,3
62684,3
62685,1
62686,3
62687,3
62688,3
62689,1
62690,1
62691,1
62692,1
62693,1
62694,1
62695,3
62696,1
62697,1
62698,3
62699,3
62700,3
62701,3
62702,3
62703,1
62704,3
62705,3
62706,3
62707,1
62708,3
62709,1
62710,3
62711,1
62712,3
62713,3
62714,3
62715,3
62716,3
62717,1
62718,3
62719,3
62720,1
62721,3
62722,3
62723,1
62724,3
62725,1
62726,3
62727,3
62728,3
62729,1
62730,1
62731,1
62732,3
62733,3
62734,3
62735,3
62736,1
62737,3
62738,1
62739,1
62740,1
62741,1
62742,3
62743,1
62744,1
62745,1
62746,1
62747,3
62748,3
62749,3
62750,3
62751,3
62752,3
62753,3
62754,3
62755,3
62756,3
62757,3
62758,1
62759,3
62760,1
62761,1
62762,1
62763,3
62764,3
62765,3
62766,3
62767,3
62768,3
62769,3
62770,3
62771,3
62772,3
62773,3
62774,3
62775,3
62776,3
62777,3
62778,1
62779,3
62780,3
62781,1
62782,1
62783,1
62784,3
62785,3
62786,3
62787,3
62788,1
62789,3
62790,3
62791,3
62792,3
62793,3
62794,3
62795,3
62796,1
62797,1
62798,1
62799,3
62800,1
62801,1
62802,3
62803,3
62804,3
62805,3
62806,3
62807,3
62808,3
62809,3
62810,3
62811,3
62812,3
62813,3
62814,3
62815,3
62816,3
62817,3
62818,1
62819,3
62820,3
62821,3
62822,3
62823,3
62824,3
62825,3
62826,3
62827,3
62828,3
62829,3
62830,3
62831,3
62832,3
62833,3
62834,1
62835,1
62836,3
62837,1
62838,3
62839,3
62840,3
62841,3
62842,1
62843,3
62844,3
62845,3
62846,1
62847,3
62848,3
62849,3
62850,3
62851,3
62852,1
62853,1
62854,3
62855,3
62856,3
62857,3
62858,1
62859,3
62860,3
62861,3
62862,1
62863,1
62864,1
62865,1
62866,1
62867,3
62868,3
62869,1
62870,1
62871,1
62872,1
62873,3
62874,3
62875,3
62876,3
62877,1
62878,1
62879,3
62880,3
62881,1
62882,1
62883,1
62884,1
62885,3
62886,1
62887,1
62888,3
62889,3
62890,1
62891,3
62892,3
62893,3
62894,3
62895,3
62896,3
62897,3
62898,3
62899,1
62900,3
62901,1
62902,3
62903,3
62904,1
62905,3
62906,1
62907,3
62908,3
62909,1
62910,3
62911,3
62912,1
62913,1
62914,3
62915,3
62916,3
62917,1
62918,3
62919,1
62920,1
62921,1
62922,3
62923,3
62924,3
62925,1
62926,3
62927,3
62928,3
62929,3
62930,3
62931,3
62932,3
62933,3
62934,1
62935,3
62936,3
62937,3
62938,3
62939,3
62940,1
62941,3
62942,1
62943,3
62944,3
62945,3
62946,1
62947,3
62948,3
62949,3
62950,3
62951,3
62952,3
62953,3
62954,3
62955,3
62956,3
62957,3
62958,1
62959,1
62960,3
62961,1
62962,1
62963,1
62964,1
62965,3
62966,1
62967,1
62968,3
62969,3
62970,3
62971,3
62972,3
62973,3
62974,3
62975,1
62976,3
62977,1
62978,1
62979,1
62980,1
62981,3
62982,3
62983,3
62984,3
62985,3
62986,3
62987,3
62988,3
62989,3
62990,3
62991,3
62992,1
62993,1
62994,3
62995,3
62996,3
62997,1
62998,3
62999,3
63000,3
63001,3
63002,3
63003,3
63004,3
63005,3
63006,3
63007,3
63008,1
63009,1
63010,1
63011,1
63012,3
63013,3
63014,1
63015,3
63016,1
63017,3
63018,3
63019,3
63020,3
63021,3
63022,3
63023,3
63024,3
63025,3
63026,1
63027,3
63028,1
63029,3
63030,1
63031,3
63032,1
63033,1
63034,3
63035,3
63036,3
63037,3
63038,3
63039,3
63040,3
63041,3
63042,1
63043,1
63044,3
63045,3
63046,3
63047,1
63048,1
63049,3
63050,3
63051,3
63052,3
63053,3
63054,3
63055,3
63056,3
63057,3
63058,3
63059,3
63060,3
63061,3
63062,3
63063,3
63064,3
63065,3
63066,1
63067,1
63068,1
63069,3
63070,3
63071,3
63072,1
63073,3
63074,3
63075,3
63076,3
63077,3
63078,3
63079,3
63080,3
63081,1
63082,3
63083,3
63084,1
63085,1
63086,3
63087,3
63088,1
63089,3
63090,1
63091,3
63092,1
63093,1
63094,3
63095,1
63096,3
63097,3
63098,3
63099,3
63100,1
63101,3
63102,3
63103,3
63104,1
63105,3
63106,3
63107,3
63108,1
63109,3
63110,1
63111,1
63112,1
63113,1
63114,3
63115,3
63116,1
63117,3
63118,1
63119,3
63120,3
63121,1
63122,3
63123,1
63124,3
63125,3
63126,3
63127,3
63128,3
63129,3
63130,3
63131,3
63132,3
63133,1
63134,3
63135,3
63136,3
63137,3
63138,3
63139,3
63140,3
63141,3
63142,3
63143,3
63144,3
63145,3
63146,3
63147,3
63148,1
63149,3
63150,1
63151,1
63152,1
63153,3
63154,1
63155,3
63156,3
63157,3
63158,1
63159,3
63160,3
63161,3
63162,3
63163,3
63164,1
63165,3
63166,3
63167,3
63168,3
63169,1
63170,3
63171,3
63172,3
63173,1
63174,3
63175,3
63176,3
63177,1
63178,3
63179,3
63180,1
63181,3
63182,3
63183,3
63184,3
63185,3
63186,3
63187,3
63188,3
63189,3
63190,3
63191,1
63192,3
63193,1
63194,3
63195,1
63196,1
63197,3
63198,1
63199,3
63200,3
63201,1
63202,3
63203,3
63204,3
63205,3
63206,3
63207,3
63208,3
63209,3
63210,3
63211,1
63212,1
63213,3
63214,3
63215,1
63216,1
63217,1
63218,3
63219,1
63220,3
63221,1
63222,3
63223,3
63224,3
63225,3
63226,1
63227,1
63228,3
63229,1
63230,3
63231,3
63232,3
63233,3
63234,3
63235,1
63236,1
63237,3
63238,3
63239,3
63240,3
63241,1
63242,3
63243,3
63244,3
63245,3
63246,3
63247,3
63248,3
63249,3
63250,3
63251,3
63252,3
63253,1
63254,1
63255,3
63256,1
63257,3
63258,3
63259,3
63260,3
63261,1
63262,3
63263,3
63264,3
63265,3
63266,3
63267,3
63268,3
63269,3
63270,3
63271,3
63272,1
63273,3
63274,1
63275,3
63276,3
63277,1
63278,3
63279,3
63280,3
63281,3
63282,3
63283,1
63284,3
63285,3
63286,3
63287,3
63288,3
63289,3
63290,3
63291,1
63292,1
63293,1
63294,3
63295,1
63296,1
63297,3
63298,3
63299,3
63300,3
63301,3
63302,3
63303,1
63304,3
63305,3
63306,1
63307,3
63308,3
63309,3
63310,1
63311,1
63312,1
63313,1
63314,3
63315,3
63316,1
63317,1
63318,1
63319,3
63320,1
63321,3
63322,3
63323,1
63324,3
63325,3
63326,3
63327,3
63328,3
63329,3
63330,3
63331,3
63332,1
63333,1
63334,3
63335,3
63336,1
63337,3
63338,3
63339,3
63340,1
63341,3
63342,3
63343,1
63344,1
63345,1
63346,1
63347,1
63348,1
63349,3
63350,3
63351,3
63352,1
63353,3
63354,3
63355,1
63356,3
63357,3
63358,3
63359,3
63360,3
63361,3
63362,3
63363,3
63364,3
63365,3
63366,3
63367,1
63368,1
63369,3
63370,1
63371,1
63372,3
63373,1
63374,3
63375,3
63376,3
63377,3
63378,3
63379,3
63380,3
63381,3
63382,3
63383,1
63384,1
63385,3
63386,3
63387,3
63388,3
63389,3
63390,3
63391,1
63392,3
63393,1
63394,3
63395,3
63396,3
63397,3
63398,3
63399,1
63400,3
63401,3
63402,3
63403,1
63404,1
63405,1
63406,3
63407,1
63408,3
63409,3
63410,1
63411,3
63412,3
63413,3
63414,3
63415,3
63416,3
63417,3
63418,3
63419,3
63420,3
63421,3
63422,3
63423,3
63424,1
63425,3
63426,3
63427,1
63428,1
63429,1
63430,3
63431,3
63432,3
63433,3
63434,3
63435,3
63436,3
63437,3
63438,3
63439,3
63440,3
63441,3
63442,1
63443,1
63444,1
63445,1
63446,3
63447,3
63448,3
63449,3
63450,3
63451,3
63452,3
63453,3
63454,3
63455,3
63456,3
63457,3
63458,3
63459,3
63460,3
63461,3
63462,1
63463,3
63464,3
63465,3
63466,3
63467,1
63468,3
63469,3
63470,3
63471,3
63472,1
63473,3
63474,3
63475,3
63476,3
63477,1
63478,3
63479,3
63480,3
63481,3
63482,3
63483,3
63484,3
63485,3
63486,3
63487,1
63488,1
63489,1
63490,3
63491,1
63492,3
63493,3
63494,1
63495,3
63496,3
63497,3
63498,3
63499,3
63500,3
63501,3
63502,1
63503,1
63504,1
63505,3
63506,1
63507,3
63508,1
63509,3
63510,1
63511,1
63512,3
63513,3
63514,3
63515,3
63516,3
63517,1
63518,1
63519,3
63520,1
63521,1
63522,3
63523,3
63524,1
63525,3
63526,3
63527,3
63528,3
63529,3
63530,3
63531,3
63532,3
63533,3
63534,1
63535,1
63536,1
63537,3
63538,3
63539,3
63540,3
63541,3
63542,3
63543,1
63544,1
63545,3
63546,3
63547,1
63548,1
63549,3
63550,3
63551,3
63552,3
63553,3
63554,3
63555,3
63556,3
63557,3
63558,3
63559,3
63560,3
63561,3
63562,3
63563,3
63564,3
63565,1
63566,3
63567,3
63568,3
63569,3
63570,3
63571,3
63572,1
63573,3
63574,3
63575,1
63576,3
63577,3
63578,3
63579,3
63580,1
63581,3
63582,3
63583,3
63584,3
63585,3
63586,3
63587,3
63588,3
63589,1
63590,3
63591,1
63592,3
63593,3
63594,3
63595,3
63596,3
63597,3
63598,3
63599,3
63600,3
63601,3
63602,3
63603,3
63604,1
63605,3
63606,3
63607,1
63608,1
63609,1
63610,3
63611,3
63612,1
63613,3
63614,1
63615,3
63616,3
63617,3
63618,3
63619,3
63620,1
63621,3
63622,3
63623,1
63624,3
63625,1
63626,3
63627,1
63628,3
63629,1
63630,3
63631,3
63632,3
63633,3
63634,3
63635,3
63636,3
63637,1
63638,3
63639,3
63640,1
63641,1
63642,3
63643,3
63644,1
63645,1
63646,3
63647,3
63648,1
63649,3
63650,3
63651,3
63652,3
63653,3
63654,3
63655,3
63656,1
63657,3
63658,1
63659,1
63660,3
63661,1
63662,1
63663,3
63664,3
63665,3
63666,3
63667,3
63668,1
63669,3
63670,3
63671,3
63672,3
63673,3
63674,3
63675,1
63676,3
63677,3
63678,3
63679,3
63680,3
63681,3
63682,3
63683,3
63684,3
63685,1
63686,1
63687,3
63688,1
63689,1
63690,1
63691,3
63692,3
63693,3
63694,3
63695,3
63696,3
63697,3
63698,1
63699,3
63700,1
63701,3
63702,3
63703,3
63704,3
63705,3
63706,3
63707,3
63708,3
63709,3
63710,3
63711,3
63712,3
63713,3
63714,3
63715,3
63716,3
63717,3
63718,3
63719,3
63720,1
63721,3
63722,3
63723,1
63724,1
63725,1
63726,3
63727,3
63728,3
63729,1
63730,3
63731,3
63732,3
63733,3
63734,3
63735,3
63736,3
63737,3
63738,3
63739,3
63740,3
63741,3
63742,1
63743,3
63744,1
63745,1
63746,3
63747,1
63748,3
63749,3
63750,1
63751,3
63752,3
63753,3
63754,1
63755,1
63756,3
63757,3
63758,3
63759,1
63760,3
63761,3
63762,3
63763,3
63764,1
63765,1
63766,3
63767,3
63768,3
63769,3
63770,3
63771,3
63772,3
63773,3
63774,3
63775,3
63776,3
63777,1
63778,3
63779,1
63780,3
63781,3
63782,3
63783,1
63784,3
63785,3
63786,1
63787,3
63788,3
63789,1
63790,3
63791,1
63792,3
63793,1
63794,1
63795,1
63796,3
63797,3
63798,3
63799,3
63800,3
63801,3
63802,3
63803,1
63804,3
63805,3
63806,1
63807,3
63808,3
63809,3
63810,3
63811,3
63812,3
63813,3
63814,3
63815,3
63816,3
63817,3
63818,3
63819,3
63820,1
63821,1
63822,1
63823,1
63824,3
63825,3
63826,3
63827,3
63828,3
63829,1
63830,3
63831,3
63832,3
63833,3
63834,1
63835,1
63836,3
63837,3
63838,3
63839,3
63840,3
63841,3
63842,3
63843,3
63844,1
63845,3
63846,3
63847,1
63848,1
63849,1
63850,1
63851,1
63852,1
63853,1
63854,1
63855,3
63856,3
63857,3
63858,3
63859,1
63860,3
63861,3
63862,3
63863,3
63864,1
63865,3
63866,3
63867,1
63868,3
63869,3
63870,3
63871,3
63872,3
63873,3
63874,3
63875,3
63876,3
63877,3
63878,3
63879,3
63880,3
63881,3
63882,3
63883,3
63884,1
63885,1
63886,1
63887,3
63888,1
63889,3
63890,1
63891,1
63892,3
63893,1
63894,3
63895,1
63896,3
63897,1
63898,3
63899,3
63900,3
63901,3
63902,3
63903,3
63904,3
63905,3
63906,3
63907,3
63908,1
63909,1
63910,1
63911,3
63912,1
63913,1
63914,1
63915,1
63916,1
63917,1
63918,3
63919,3
63920,3
63921,3
63922,3
63923,3
63924,1
63925,3
63926,3
63927,3
63928,3
63929,3
63930,3
63931,1
63932,1
63933,1
63934,3
63935,1
63936,3
63937,3
63938,3
63939,3
63940,3
63941,3
63942,3
63943,1
63944,1
63945,3
63946,1
63947,1
63948,3
63949,3
63950,3
63951,3
63952,3
63953,3
63954,3
63955,1
63956,3
63957,1
63958,1
63959,1
63960,3
63961,3
63962,3
63963,1
63964,1
63965,3
63966,3
63967,3
63968,3
63969,1
63970,3
63971,3
63972,3
63973,3
63974,3
63975,1
63976,1
63977,3
63978,3
63979,3
63980,3
63981,3
63982,3
63983,3
63984,1
63985,3
63986,3
63987,1
63988,1
63989,3
63990,3
63991,3
63992,3
63993,1
63994,3
63995,3
63996,3
63997,3
63998,3
63999,3
64000,3
64001,3
64002,3
64003,3
64004,3
64005,3
64006,3
64007,1
64008,3
64009,3
64010,1
64011,3
64012,3
64013,3
64014,3
64015,3
64016,1
64017,3
64018,1
64019,1
64020,3
64021,3
64022,3
64023,1
64024,3
64025,3
64026,3
64027,3
64028,3
64029,3
64030,3
64031,3
64032,3
64033,1
64034,3
64035,3
64036,1
64037,3
64038,3
64039,3
64040,3
64041,3
64042,3
64043,3
64044,1
64045,3
64046,3
64047,1
64048,3
64049,1
64050,3
64051,3
64052,3
64053,3
64054,3
64055,3
64056,3
64057,3
64058,3
64059,1
64060,3
64061,3
64062,1
64063,3
64064,3
64065,3
64066,1
64067,1
64068,3
64069,1
64070,3
64071,3
64072,3
64073,3
64074,1
64075,3
64076,1
64077,3
64078,1
64079,3
64080,3
64081,3
64082,3
64083,3
64084,1
64085,1
64086,1
64087,1
64088,1
64089,3
64090,3
64091,3
64092,1
64093,3
64094,3
64095,3
64096,3
64097,3
64098,3
64099,3
64100,1
64101,3
64102,1
64103,1
64104,1
64105,1
64106,3
64107,3
64108,1
64109,3
64110,3
64111,3
64112,3
64113,3
64114,3
64115,3
64116,3
64117,1
64118,1
64119,3
64120,3
64121,1
64122,3
64123,3
64124,3
64125,3
64126,3
64127,1
64128,3
64129,3
64130,3
64131,1
64132,3
64133,3
64134,3
64135,3
64136,3
64137,3
64138,3
64139,1
64140,1
64141,3
64142,3
64143,3
64144,3
64145,3
64146,3
64147,3
64148,3
64149,1
64150,1
64151,3
64152,3
64153,1
64154,1
64155,1
64156,3
64157,1
64158,3
64159,1
64160,3
64161,1
64162,1
64163,1
64164,3
64165,3
64166,3
64167,3
64168,3
64169,3
64170,1
64171,1
64172,3
64173,1
64174,1
64175,3
64176,3
64177,3
64178,3
64179,3
64180,3
64181,3
64182,3
64183,3
64184,3
64185,3
64186,3
64187,3
64188,3
64189,1
64190,1
64191,1
64192,1
64193,3
64194,1
64195,3
64196,3
64197,3
64198,3
64199,1
64200,3
64201,3
64202,3
64203,3
64204,3
64205,1
64206,3
64207,3
64208,3
64209,1
64210,1
64211,1
64212,3
64213,3
64214,1
64215,1
64216,1
64217,3
64218,1
64219,3
64220,3
64221,3
64222,1
64223,3
64224,3
64225,3
64226,3
64227,1
64228,3
64229,3
64230,3
64231,3
64232,3
64233,3
64234,1
64235,3
64236,1
64237,3
64238,3
64239,3
64240,3
64241,3
64242,3
64243,3
64244,3
64245,3
64246,3
64247,1
64248,1
64249,3
64250,3
64251,3
64252,1
64253,3
64254,3
64255,3
64256,3
64257,3
64258,1
64259,3
64260,3
64261,1
64262,3
64263,3
64264,3
64265,3
64266,3
64267,3
64268,1
64269,3
64270,3
64271,3
64272,3
64273,3
64274,3
64275,3
64276,3
64277,3
64278,3
64279,3
64280,3
64281,3
64282,3
64283,3
64284,3
64285,3
64286,3
64287,3
64288,3
64289,3
64290,1
64291,3
64292,3
64293,3
64294,3
64295,3
64296,1
64297,1
64298,3
64299,3
64300,3
64301,3
64302,3
64303,3
64304,3
64305,3
64306,3
64307,3
64308,1
64309,3
64310,1
64311,3
64312,1
64313,3
64314,1
64315,1
64316,1
64317,3
64318,3
64319,3
64320,3
64321,3
64322,3
64323,3
64324,3
64325,1
64326,1
64327,3
64328,3
64329,1
64330,1
64331,3
64332,3
64333,3
64334,3
64335,1
64336,1
64337,3
64338,3
64339,1
64340,1
64341,1
64342,3
64343,3
64344,3
64345,3
64346,3
64347,3
64348,3
64349,1
64350,3
64351,3
64352,3
64353,3
64354,3
64355,3
64356,1
64357,3
64358,3
64359,1
64360,1
64361,3
64362,3
64363,3
64364,3
64365,3
64366,3
64367,3
64368,1
64369,1
64370,3
64371,1
64372,1
64373,1
64374,3
64375,3
64376,3
64377,3
64378,3
64379,1
64380,3
64381,3
64382,3
64383,3
64384,3
64385,3
64386,1
64387,3
64388,1
64389,1
64390,1
64391,3
64392,3
64393,3
64394,3
64395,3
64396,3
64397,1
64398,3
64399,3
64400,3
64401,1
64402,3
64403,1
64404,3
64405,3
64406,3
64407,3
64408,3
64409,1
64410,3
64411,3
64412,1
64413,3
64414,3
64415,3
64416,3
64417,3
64418,3
64419,3
64420,3
64421,1
64422,3
64423,3
64424,3
64425,3
64426,3
64427,3
64428,3
64429,1
64430,1
64431,3
64432,1
64433,1
64434,1
64435,1
64436,1
64437,1
64438,3
64439,3
64440,3
64441,3
64442,3
64443,3
64444,3
64445,3
64446,3
64447,3
64448,3
64449,1
64450,1
64451,3
64452,1
64453,3
64454,3
64455,1
64456,3
64457,3
64458,3
64459,3
64460,3
64461,3
64462,3
64463,3
64464,3
64465,3
64466,3
64467,3
64468,3
64469,1
64470,1
64471,1
64472,1
64473,1
64474,3
64475,1
64476,1
64477,3
64478,1
64479,3
64480,1
64481,1
64482,3
64483,3
64484,1
64485,1
64486,3
64487,1
64488,1
64489,1
64490,1
64491,1
64492,3
64493,3
64494,3
64495,3
64496,3
64497,3
64498,3
64499,3
64500,3
64501,3
64502,3
64503,3
64504,3
64505,1
64506,1
64507,3
64508,3
64509,3
64510,3
64511,1
64512,3
64513,3
64514,3
64515,3
64516,1
64517,3
64518,3
64519,3
64520,3
64521,1
64522,1
64523,1
64524,3
64525,3
64526,1
64527,1
64528,1
64529,1
64530,3
64531,1
64532,3
64533,1
64534,3
64535,3
64536,1
64537,3
64538,3
64539,3
64540,1
64541,3
64542,3
64543,3
64544,3
64545,3
64546,3
64547,3
64548,3
64549,3
64550,1
64551,3
64552,1
64553,3
64554,1
64555,3
64556,3
64557,3
64558,3
64559,3
64560,3
64561,3
64562,3
64563,3
64564,3
64565,3
64566,3
64567,1
64568,3
64569,3
64570,1
64571,1
64572,1
64573,3
64574,3
64575,3
64576,3
64577,3
64578,3
64579,3
64580,3
64581,1
64582,1
64583,1
64584,3
64585,3
64586,3
64587,3
64588,3
64589,1
64590,3
64591,3
64592,1
64593,3
64594,3
64595,3
64596,3
64597,1
64598,3
64599,3
64600,3
64601,3
64602,3
64603,3
64604,3
64605,1
64606,1
64607,1
64608,3
64609,1
64610,1
64611,3
64612,3
64613,3
64614,3
64615,1
64616,3
64617,3
64618,3
64619,3
64620,3
64621,3
64622,3
64623,3
64624,3
64625,3
64626,3
64627,3
64628,3
64629,3
64630,3
64631,3
64632,1
64633,1
64634,3
64635,1
64636,1
64637,1
64638,3
64639,3
64640,3
64641,1
64642,3
64643,3
64644,3
64645,3
64646,3
64647,3
64648,3
64649,3
64650,1
64651,1
64652,1
64653,3
64654,3
64655,3
64656,3
64657,3
64658,3
64659,3
64660,1
64661,1
64662,1
64663,3
64664,1
64665,3
64666,3
64667,3
64668,3
64669,3
64670,3
64671,3
64672,3
64673,3
64674,3
64675,3
64676,3
64677,3
64678,3
64679,3
64680,3
64681,1
64682,1
64683,1
64684,1
64685,1
64686,3
64687,3
64688,3
64689,3
64690,3
64691,3
64692,3
64693,3
64694,3
64695,1
64696,1
64697,3
64698,1
64699,1
64700,3
64701,1
64702,3
64703,1
64704,3
64705,1
64706,3
64707,1
64708,3
64709,3
64710,3
64711,3
64712,3
64713,3
64714,1
64715,1
64716,3
64717,1
64718,1
64719,3
64720,3
64721,3
64722,3
64723,3
64724,1
64725,3
64726,3
64727,3
64728,1
64729,3
64730,3
64731,3
64732,3
64733,3
64734,1
64735,1
64736,3
64737,1
64738,3
64739,3
64740,1
64741,3
64742,3
64743,3
64744,3
64745,1
64746,3
64747,3
64748,1
64749,1
64750,3
64751,3
64752,3
64753,1
64754,1
64755,3
64756,1
64757,3
64758,3
64759,1
64760,3
64761,3
64762,3
64763,3
64764,1
64765,3
64766,3
64767,1
64768,1
64769,1
64770,3
64771,3
64772,3
64773,3
64774,3
64775,3
64776,3
64777,3
64778,3
64779,3
64780,3
64781,3
64782,3
64783,1
64784,3
64785,1
64786,1
64787,3
64788,1
64789,3
64790,1
64791,3
64792,3
64793,3
64794,3
64795,3
64796,3
64797,3
64798,3
64799,3
64800,3
64801,1
64802,3
64803,3
64804,1
64805,3
64806,3
64807,3
64808,3
64809,3
64810,3
64811,3
64812,3
64813,3
64814,3
64815,3
64816,3
64817,3
64818,1
64819,1
64820,1
64821,3
64822,3
64823,1
64824,3
64825,3
64826,3
64827,3
64828,3
64829,3
64830,3
64831,3
64832,3
64833,3
64834,3
64835,3
64836,3
64837,3
64838,1
64839,1
64840,1
64841,1
64842,3
64843,1
64844,3
64845,3
64846,3
64847,1
64848,3
64849,1
64850,3
64851,3
64852,3
64853,1
64854,1
64855,1
64856,1
64857,1
64858,1
64859,1
64860,3
64861,3
64862,3
64863,3
64864,3
64865,1
64866,1
64867,3
64868,3
64869,3
64870,3
64871,3
64872,3
64873,1
64874,3
64875,3
64876,3
64877,3
64878,3
64879,3
64880,3
64881,3
64882,1
64883,3
64884,3
64885,1
64886,3
64887,3
64888,1
64889,3
64890,3
64891,3
64892,3
64893,3
64894,2
64895,3
64896,1
64897,1
64898,1
64899,3
64900,3
64901,3
64902,1
64903,3
64904,3
64905,3
64906,3
64907,3
64908,3
64909,3
64910,3
64911,3
64912,1
64913,3
64914,3
64915,1
64916,1
64917,1
64918,1
64919,3
64920,1
64921,3
64922,3
64923,1
64924,1
64925,3
64926,3
64927,3
64928,3
64929,3
64930,1
64931,1
64932,1
64933,1
64934,1
64935,1
64936,1
64937,3
64938,1
64939,3
64940,3
64941,3
64942,1
64943,3
64944,3
64945,3
64946,3
64947,3
64948,3
64949,3
64950,3
64951,3
64952,1
64953,1
64954,1
64955,3
64956,3
64957,3
64958,3
64959,3
64960,3
64961,1
64962,3
64963,3
64964,1
64965,3
64966,3
64967,3
64968,3
64969,3
64970,3
64971,3
64972,1
64973,1
64974,1
64975,3
64976,1
64977,3
64978,3
64979,3
64980,3
64981,3
64982,3
64983,3
64984,3
64985,3
64986,3
64987,3
64988,3
64989,3
64990,1
64991,3
64992,3
64993,3
64994,1
64995,1
64996,3
64997,3
64998,1
64999,3
65000,1
65001,1
65002,1
65003,3
65004,3
65005,3
65006,3
65007,1
65008,3
65009,3
65010,3
65011,1
65012,3
65013,1
65014,3
65015,3
65016,3
65017,3
65018,3
65019,3
65020,3
65021,3
65022,3
65023,3
65024,3
65025,1
65026,3
65027,3
65028,1
65029,1
65030,3
65031,1
65032,3
65033,3
65034,3
65035,3
65036,3
65037,1
65038,3
65039,3
65040,3
65041,3
65042,3
65043,1
65044,1
65045,3
65046,1
65047,1
65048,3
65049,3
65050,3
65051,3
65052,3
65053,1
65054,3
65055,3
65056,1
65057,3
65058,3
65059,3
65060,3
65061,3
65062,3
65063,1
65064,3
65065,3
65066,3
65067,3
65068,3
65069,3
65070,1
65071,3
65072,1
65073,3
65074,3
65075,3
65076,3
65077,3
65078,3
65079,3
65080,3
65081,1
65082,1
65083,1
65084,1
65085,1
65086,1
65087,3
65088,3
65089,1
65090,1
65091,3
65092,3
65093,3
65094,3
65095,3
65096,3
65097,3
65098,3
65099,3
65100,1
65101,1
65102,1
65103,3
65104,1
65105,3
65106,3
65107,1
65108,3
65109,1
65110,1
65111,3
65112,1
65113,3
65114,3
65115,1
65116,1
65117,3
65118,3
65119,3
65120,3
65121,1
65122,3
65123,3
65124,3
65125,3
65126,3
65127,3
65128,3
65129,3
65130,3
65131,3
65132,3
65133,3
65134,3
65135,3
65136,3
65137,3
65138,3
65139,1
65140,1
65141,1
65142,1
65143,3
65144,3
65145,3
65146,3
65147,3
65148,3
65149,3
65150,1
65151,3
65152,1
65153,3
65154,3
65155,3
65156,3
65157,1
65158,3
65159,1
65160,1
65161,3
65162,3
65163,1
65164,3
65165,1
65166,3
65167,3
65168,3
65169,3
65170,3
65171,3
65172,3
65173,3
65174,3
65175,3
65176,3
65177,3
65178,1
65179,1
65180,1
65181,1
65182,3
65183,3
65184,1
65185,3
65186,3
65187,3
65188,1
65189,3
65190,3
65191,3
65192,3
65193,3
65194,3
65195,3
65196,1
65197,3
65198,3
65199,1
65200,3
65201,3
65202,1
65203,3
65204,3
65205,3
65206,3
65207,3
65208,3
65209,1
65210,3
65211,1
65212,1
65213,3
65214,1
65215,3
65216,3
65217,3
65218,1
65219,3
65220,3
65221,3
65222,3
65223,3
65224,3
65225,3
65226,3
65227,3
65228,3
65229,3
65230,1
65231,3
65232,1
65233,3
65234,1
65235,3
65236,3
65237,1
65238,3
65239,3
65240,3
65241,3
65242,3
65243,3
65244,3
65245,3
65246,3
65247,3
65248,3
65249,1
65250,1
65251,1
65252,1
65253,3
65254,3
65255,3
65256,3
65257,1
65258,3
65259,3
65260,3
65261,3
65262,3
65263,3
65264,3
65265,3
65266,3
65267,1
65268,3
65269,3
65270,1
65271,3
65272,3
65273,1
65274,3
65275,3
65276,3
65277,3
65278,1
65279,1
65280,3
65281,3
65282,3
65283,3
65284,3
65285,3
65286,1
65287,1
65288,3
65289,1
65290,1
65291,3
65292,3
65293,3
65294,3
65295,3
65296,3
65297,3
65298,3
65299,3
65300,3
65301,1
65302,3
65303,3
65304,3
65305,1
65306,1
65307,1
65308,1
65309,3
65310,3
65311,3
65312,1
65313,3
65314,1
65315,3
65316,1
65317,3
65318,3
65319,3
65320,3
65321,1
65322,3
65323,3
65324,3
65325,1
65326,3
65327,3
65328,3
65329,3
65330,3
65331,1
65332,3
65333,3
65334,3
65335,3
65336,3
65337,3
65338,3
65339,3
65340,1
65341,1
65342,1
65343,1
65344,3
65345,1
65346,1
65347,1
65348,1
65349,1
65350,3
65351,3
65352,3
65353,3
65354,3
65355,3
65356,1
65357,1
65358,3
65359,3
65360,3
65361,3
65362,3
65363,3
65364,3
65365,1
65366,1
65367,1
65368,1
65369,1
65370,3
65371,3
65372,3
65373,1
65374,3
65375,3
65376,3
65377,3
65378,1
65379,3
65380,3
65381,1
65382,3
65383,3
65384,3
65385,3
65386,3
65387,3
65388,3
65389,1
65390,3
65391,3
65392,1
65393,1
65394,3
65395,3
65396,3
65397,3
65398,3
65399,3
65400,3
65401,3
65402,1
65403,1
65404,1
65405,1
65406,3
65407,3
65408,3
65409,3
65410,1
65411,1
65412,1
65413,1
65414,3
65415,1
65416,3
65417,3
65418,3
65419,3
65420,3
65421,1
65422,3
65423,3
65424,3
65425,3
65426,3
65427,3
65428,3
65429,3
65430,3
65431,3
65432,3
65433,1
65434,1
65435,3
65436,1
65437,3
65438,3
65439,3
65440,1
65441,3
65442,1
65443,3
65444,3
65445,3
65446,3
65447,3
65448,3
65449,3
65450,1
65451,1
65452,3
65453,3
65454,3
65455,3
65456,3
65457,1
65458,3
65459,1
65460,1
65461,1
65462,3
65463,3
65464,3
65465,1
65466,1
65467,3
65468,3
65469,3
65470,3
65471,3
65472,3
65473,3
65474,1
65475,3
65476,1
65477,3
65478,3
65479,1
65480,3
65481,1
65482,3
65483,3
65484,3
65485,3
65486,1
65487,1
65488,1
65489,1
65490,1
65491,3
65492,3
65493,3
65494,1
65495,3
65496,3
65497,3
65498,3
65499,3
65500,3
65501,3
65502,3
65503,3
65504,3
65505,3
65506,1
65507,3
65508,3
65509,1
65510,1
65511,3
65512,1
65513,3
65514,3
65515,3
65516,1
65517,1
65518,3
65519,3
65520,1
65521,1
65522,3
65523,1
65524,1
65525,1
65526,3
65527,3
65528,3
65529,3
65530,3
65531,3
65532,3
65533,1
65534,1
65535,1
65536,1
65537,3
65538,3
65539,1
65540,1
65541,3
65542,3
65543,3
65544,3
65545,3
65546,1
65547,3
65548,1
65549,3
65550,3
65551,3
65552,3
65553,3
65554,3
65555,3
65556,3
65557,3
65558,3
65559,1
65560,3
65561,1
65562,1
65563,1
65564,3
65565,3
65566,3
65567,3
65568,1
65569,1
65570,1
65571,3
65572,3
65573,3
65574,1
65575,3
65576,1
65577,3
65578,3
65579,3
65580,3
65581,3
65582,3
65583,3
65584,3
65585,3
65586,3
65587,1
65588,3
65589,3
65590,1
65591,3
65592,1
65593,1
65594,1
65595,3
65596,3
65597,3
65598,1
65599,3
65600,3
65601,3
65602,3
65603,3
65604,1
65605,3
65606,3
65607,1
65608,1
65609,1
65610,3
65611,1
65612,3
65613,1
65614,3
65615,3
65616,3
65617,3
65618,3
65619,3
65620,3
65621,3
65622,3
65623,3
65624,1
65625,1
65626,1
65627,3
65628,1
65629,3
65630,3
65631,3
65632,3
65633,1
65634,3
65635,3
65636,3
65637,3
65638,3
65639,3
65640,3
65641,3
65642,3
65643,3
65644,3
65645,1
65646,1
65647,3
65648,1
65649,3
65650,1
65651,1
65652,3
65653,3
65654,3
65655,3
65656,1
65657,3
65658,1
65659,3
65660,3
65661,1
65662,3
65663,3
65664,3
65665,3
65666,3
65667,1
65668,3
65669,1
65670,1
65671,1
65672,1
65673,3
65674,3
65675,1
65676,3
65677,3
65678,3
65679,3
65680,3
65681,3
65682,3
65683,1
65684,3
65685,1
65686,3
65687,1
65688,3
65689,3
65690,3
65691,3
65692,3
65693,3
65694,3
65695,3
65696,3
65697,3
65698,1
65699,3
65700,3
65701,3
65702,3
65703,3
65704,1
65705,3
65706,3
65707,1
65708,1
65709,3
65710,3
65711,3
65712,1
65713,3
65714,1
65715,3
65716,3
65717,3
65718,3
65719,1
65720,3
65721,3
65722,3
65723,3
65724,1
65725,1
65726,1
65727,3
65728,3
65729,1
65730,1
65731,1
65732,1
65733,1
65734,3
65735,1
65736,1
65737,1
65738,3
65739,3
65740,3
65741,3
65742,3
65743,3
65744,3
65745,3
65746,3
65747,3
65748,3
65749,3
65750,3
65751,3
65752,1
65753,3
65754,3
65755,3
65756,1
65757,1
65758,3
65759,1
65760,3
65761,3
65762,3
65763,1
65764,3
65765,3
65766,3
65767,1
65768,3
65769,3
65770,3
65771,3
65772,3
65773,3
65774,3
65775,3
65776,1
65777,1
65778,3
65779,1
65780,1
65781,1
65782,3
65783,3
65784,3
65785,3
65786,1
65787,3
65788,3
65789,3
65790,3
65791,3
65792,3
65793,1
65794,1
65795,1
65796,1
65797,1
65798,3
65799,3
65800,3
65801,1
65802,3
65803,1
65804,3
65805,1
65806,1
65807,3
65808,3
65809,3
65810,3
65811,3
65812,3
65813,3
65814,3
65815,3
65816,1
65817,1
65818,1
65819,1
65820,1
65821,3
65822,1
65823,3
65824,3
65825,1
65826,3
65827,1
65828,3
65829,1
65830,3
65831,3
65832,3
65833,3
65834,3
65835,3
65836,3
65837,1
65838,1
65839,3
65840,3
65841,3
65842,1
65843,3
65844,3
65845,3
65846,3
65847,1
65848,3
65849,1
65850,3
65851,3
65852,1
65853,3
65854,3
65855,3
65856,1
65857,1
65858,3
65859,1
65860,1
65861,1
65862,1
65863,3
65864,3
65865,3
65866,3
65867,3
65868,3
65869,3
65870,3
65871,3
65872,3
65873,3
65874,1
65875,3
65876,3
65877,1
65878,1
65879,3
65880,3
65881,3
65882,3
65883,1
65884,3
65885,1
65886,3
65887,3
65888,3
65889,3
65890,3
65891,1
65892,3
65893,3
65894,3
65895,3
65896,3
65897,3
65898,3
65899,3
65900,3
65901,3
65902,1
65903,3
65904,1
65905,1
65906,3
65907,3
65908,1
65909,3
65910,1
65911,1
65912,3
65913,3
65914,3
65915,3
65916,3
65917,3
65918,3
65919,3
65920,1
65921,1
65922,3
65923,3
65924,1
65925,1
65926,1
65927,1
65928,1
65929,3
65930,3
65931,3
65932,3
65933,1
65934,3
65935,3
65936,3
65937,3
65938,3
65939,3
65940,3
65941,3
65942,3
65943,3
65944,3
65945,3
65946,3
65947,3
65948,3
65949,1
65950,1
65951,1
65952,3
65953,3
65954,3
65955,1
65956,3
65957,3
65958,1
65959,1
65960,3
65961,3
65962,3
65963,3
65964,3
65965,3
65966,1
65967,3
65968,3
65969,1
65970,1
65971,3
65972,1
65973,3
65974,3
65975,1
65976,1
65977,3
65978,3
65979,1
65980,3
65981,3
65982,1
65983,3
65984,3
65985,3
65986,3
65987,1
65988,1
65989,1
65990,1
65991,3
65992,3
65993,1
65994,3
65995,3
65996,3
65997,3
65998,1
65999,3
66000,1
66001,1
66002,3
66003,1
66004,3
66005,3
66006,3
66007,3
66008,3
66009,3
66010,1
66011,1
66012,3
66013,1
66014,1
66015,1
66016,3
66017,3
66018,3
66019,3
66020,3
66021,1
66022,3
66023,3
66024,1
66025,3
66026,3
66027,3
66028,1
66029,1
66030,1
66031,3
66032,3
66033,3
66034,1
66035,3
66036,3
66037,1
66038,3
66039,3
66040,3
66041,3
66042,3
66043,3
66044,3
66045,3
66046,3
66047,3
66048,3
66049,3
66050,3
66051,3
66052,3
66053,3
66054,1
66055,1
66056,3
66057,3
66058,1
66059,3
66060,1
66061,1
66062,3
66063,3
66064,3
66065,1
66066,3
66067,3
66068,3
66069,3
66070,3
66071,3
66072,3
66073,1
66074,1
66075,1
66076,3
66077,3
66078,1
66079,1
66080,3
66081,3
66082,3
66083,3
66084,3
66085,1
66086,1
66087,1
66088,3
66089,3
66090,3
66091,1
66092,3
66093,3
66094,3
66095,3
66096,3
66097,3
66098,3
66099,3
66100,3
66101,1
66102,3
66103,3
66104,3
66105,3
66106,1
66107,1
66108,1
66109,3
66110,3
66111,3
66112,3
66113,3
66114,3
66115,3
66116,3
66117,3
66118,3
66119,1
66120,1
66121,3
66122,3
66123,1
66124,3
66125,3
66126,1
66127,3
66128,3
66129,3
66130,3
66131,3
66132,3
66133,3
66134,3
66135,3
66136,1
66137,1
66138,3
66139,3
66140,1
66141,1
66142,3
66143,3
66144,3
66145,1
66146,3
66147,3
66148,3
66149,3
66150,3
66151,3
66152,3
66153,3
66154,3
66155,3
66156,3
66157,3
66158,3
66159,3
66160,1
66161,1
66162,3
66163,3
66164,3
66165,3
66166,3
66167,3
66168,3
66169,3
66170,3
66171,3
66172,1
66173,3
66174,1
66175,3
66176,3
66177,1
66178,1
66179,3
66180,1
66181,1
66182,1
66183,3
66184,1
66185,3
66186,3
66187,3
66188,3
66189,3
66190,3
66191,3
66192,3
66193,3
66194,3
66195,3
66196,1
66197,1
66198,1
66199,1
66200,3
66201,3
66202,3
66203,3
66204,1
66205,3
66206,3
66207,1
66208,3
66209,3
66210,1
66211,3
66212,3
66213,1
66214,1
66215,3
66216,1
66217,3
66218,3
66219,1
66220,1
66221,3
66222,3
66223,3
66224,3
66225,3
66226,3
66227,3
66228,3
66229,3
66230,3
66231,1
66232,3
66233,1
66234,1
66235,3
66236,3
66237,1
66238,3
66239,1
66240,3
66241,1
66242,1
66243,3
66244,3
66245,3
66246,3
66247,3
66248,3
66249,3
66250,3
66251,3
66252,3
66253,1
66254,1
66255,3
66256,3
66257,1
66258,3
66259,1
66260,1
66261,3
66262,3
66263,3
66264,3
66265,3
66266,3
66267,1
66268,1
66269,1
66270,3
66271,1
66272,1
66273,3
66274,3
66275,1
66276,3
66277,3
66278,3
66279,3
66280,3
66281,3
66282,3
66283,1
66284,3
66285,3
66286,1
66287,1
66288,1
66289,3
66290,3
66291,3
66292,3
66293,1
66294,1
66295,3
66296,1
66297,3
66298,3
66299,3
66300,3
66301,3
66302,3
66303,3
66304,1
66305,1
66306,3
66307,3
66308,3
66309,1
66310,3
66311,3
66312,3
66313,1
66314,3
66315,3
66316,1
66317,3
66318,3
66319,1
66320,3
66321,3
66322,3
66323,3
66324,1
66325,1
66326,3
66327,1
66328,1
66329,3
66330,3
66331,3
66332,3
66333,3
66334,1
66335,3
66336,3
66337,1
66338,3
66339,1
66340,1
66341,3
66342,1
66343,3
66344,3
66345,3
66346,1
66347,1
66348,3
66349,3
66350,3
66351,1
66352,3
66353,3
66354,3
66355,3
66356,3
66357,1
66358,3
66359,1
66360,3
66361,3
66362,3
66363,3
66364,1
66365,3
66366,1
66367,3
66368,3
66369,3
66370,3
66371,3
66372,1
66373,1
66374,1
66375,3
66376,3
66377,3
66378,1
66379,3
66380,3
66381,3
66382,3
66383,3
66384,3
66385,3
66386,3
66387,1
66388,1
66389,1
66390,3
66391,1
66392,3
66393,3
66394,1
66395,3
66396,3
66397,3
66398,3
66399,3
66400,3
66401,3
66402,3
66403,1
66404,1
66405,3
66406,1
66407,1
66408,1
66409,3
66410,3
66411,3
66412,1
66413,3
66414,3
66415,1
66416,3
66417,3
66418,3
66419,3
66420,3
66421,3
66422,3
66423,1
66424,3
66425,3
66426,3
66427,1
66428,3
66429,3
66430,1
66431,3
66432,3
66433,3
66434,3
66435,3
66436,3
66437,3
66438,1
66439,3
66440,3
66441,1
66442,3
66443,1
66444,1
66445,1
66446,3
66447,3
66448,3
66449,3
66450,3
66451,3
66452,3
66453,3
66454,3
66455,3
66456,3
66457,1
66458,1
66459,1
66460,1
66461,3
66462,3
66463,3
66464,1
66465,1
66466,1
66467,1
66468,3
66469,3
66470,3
66471,1
66472,1
66473,3
66474,1
66475,1
66476,3
66477,3
66478,3
66479,3
66480,3
66481,3
66482,1
66483,3
66484,3
66485,3
66486,1
66487,3
66488,3
66489,1
66490,1
66491,1
66492,1
66493,1
66494,3
66495,1
66496,3
66497,3
66498,1
66499,3
66500,3
66501,3
66502,1
66503,3
66504,1
66505,3
66506,1
66507,3
66508,3
66509,3
66510,3
66511,3
66512,1
66513,1
66514,1
66515,3
66516,3
66517,1
66518,1
66519,1
66520,1
66521,1
66522,3
66523,1
66524,3
66525,3
66526,1
66527,3
66528,3
66529,1
66530,1
66531,3
66532,3
66533,1
66534,3
66535,1
66536,3
66537,3
66538,3
66539,3
66540,3
66541,3
66542,3
66543,3
66544,3
66545,1
66546,3
66547,3
66548,3
66549,3
66550,3
66551,1
66552,3
66553,3
66554,3
66555,1
66556,3
66557,3
66558,3
66559,1
66560,1
66561,1
66562,1
66563,3
66564,1
66565,3
66566,1
66567,3
66568,3
66569,3
66570,3
66571,3
66572,3
66573,3
66574,3
66575,1
66576,1
66577,1
66578,3
66579,1
66580,3
66581,3
66582,1
66583,3
66584,3
66585,3
66586,3
66587,3
66588,3
66589,3
66590,3
66591,3
66592,3
66593,3
66594,1
66595,1
66596,3
66597,1
66598,1
66599,1
66600,1
66601,3
66602,3
66603,3
66604,3
66605,3
66606,3
66607,3
66608,3
66609,3
66610,1
66611,3
66612,3
66613,3
66614,3
66615,3
66616,3
66617,3
66618,3
66619,1
66620,1
66621,1
66622,1
66623,1
66624,1
66625,1
66626,3
66627,3
66628,3
66629,1
66630,3
66631,3
66632,3
66633,3
66634,3
66635,3
66636,3
66637,1
66638,3
66639,3
66640,1
66641,1
66642,3
66643,3
66644,1
66645,1
66646,3
66647,3
66648,3
66649,1
66650,3
66651,3
66652,1
66653,3
66654,1
66655,1
66656,1
66657,1
66658,1
66659,1
66660,1
66661,3
66662,1
66663,1
66664,1
66665,3
66666,1
66667,1
66668,3
66669,3
66670,1
66671,1
66672,1
66673,1
66674,3
66675,3
66676,3
66677,3
66678,3
66679,3
66680,3
66681,1
66682,3
66683,3
66684,3
66685,3
66686,3
66687,3
66688,1
66689,3
66690,3
66691,1
66692,1
66693,1
66694,3
66695,1
66696,1
66697,3
66698,1
66699,3
66700,3
66701,3
66702,1
66703,3
66704,3
66705,3
66706,3
66707,3
66708,3
66709,3
66710,3
66711,1
66712,1
66713,1
66714,1
66715,3
66716,3
66717,3
66718,1
66719,3
66720,1
66721,1
66722,1
66723,3
66724,3
66725,3
66726,3
66727,3
66728,3
66729,3
66730,3
66731,3
66732,3
66733,3
66734,3
66735,3
66736,3
66737,1
66738,1
66739,1
66740,1
66741,3
66742,1
66743,1
66744,3
66745,1
66746,1
66747,3
66748,3
66749,3
66750,3
66751,1
66752,3
66753,3
66754,3
66755,3
66756,3
66757,3
66758,1
66759,1
66760,1
66761,1
66762,1
66763,3
66764,1
66765,1
66766,3
66767,3
66768,1
66769,3
66770,1
66771,3
66772,3
66773,3
66774,3
66775,3
66776,3
66777,3
66778,3
66779,3
66780,3
66781,1
66782,1
66783,1
66784,1
66785,1
66786,3
66787,1
66788,3
66789,3
66790,3
66791,3
66792,3
66793,1
66794,1
66795,3
66796,1
66797,3
66798,3
66799,1
66800,1
66801,3
66802,3
66803,3
66804,3
66805,3
66806,3
66807,3
66808,3
66809,3
66810,1
66811,1
66812,1
66813,3
66814,3
66815,3
66816,3
66817,3
66818,3
66819,3
66820,3
66821,3
66822,3
66823,3
66824,1
66825,3
66826,3
66827,3
66828,1
66829,3
66830,3
66831,3
66832,1
66833,3
66834,1
66835,3
66836,3
66837,3
66838,3
66839,1
66840,1
66841,3
66842,3
66843,3
66844,3
66845,3
66846,3
66847,3
66848,1
66849,3
66850,1
66851,3
66852,3
66853,1
66854,3
66855,3
66856,3
66857,3
66858,3
66859,3
66860,3
66861,3
66862,1
66863,1
66864,1
66865,3
66866,1
66867,3
66868,1
66869,1
66870,3
66871,3
66872,3
66873,3
66874,3
66875,3
66876,3
66877,3
66878,1
66879,3
66880,3
66881,1
66882,3
66883,3
66884,3
66885,1
66886,1
66887,3
66888,1
66889,3
66890,3
66891,3
66892,3
66893,3
66894,3
66895,3
66896,3
66897,3
66898,1
66899,3
66900,1
66901,1
66902,3
66903,3
66904,1
66905,1
66906,3
66907,1
66908,1
66909,1
66910,1
66911,3
66912,1
66913,3
66914,3
66915,1
66916,3
66917,3
66918,3
66919,3
66920,1
66921,3
66922,3
66923,3
66924,3
66925,3
66926,3
66927,3
66928,1
66929,1
66930,3
66931,3
66932,3
66933,3
66934,3
66935,3
66936,3
66937,3
66938,3
66939,1
66940,1
66941,1
66942,1
66943,1
66944,3
66945,3
66946,1
66947,3
66948,3
66949,3
66950,3
66951,1
66952,3
66953,1
66954,1
66955,1
66956,1
66957,1
66958,1
66959,3
66960,3
66961,3
66962,1
66963,3
66964,3
66965,1
66966,3
66967,1
66968,1
66969,3
66970,3
66971,3
66972,3
66973,3
66974,3
66975,1
66976,1
66977,1
66978,1
66979,3
66980,3
66981,1
66982,1
66983,3
66984,1
66985,1
66986,1
66987,1
66988,1
66989,3
66990,1
66991,1
66992,3
66993,3
66994,3
66995,3
66996,3
66997,3
66998,3
66999,1
67000,3
67001,3
67002,3
67003,3
67004,3
67005,1
67006,1
67007,1
67008,1
67009,1
67010,3
67011,1
67012,1
67013,3
67014,1
67015,3
67016,3
67017,3
67018,3
67019,3
67020,3
67021,1
67022,3
67023,1
67024,3
67025,3
67026,1
67027,1
67028,3
67029,3
67030,3
67031,3
67032,3
67033,3
67034,3
67035,3
67036,3
67037,3
67038,3
67039,3
67040,1
67041,3
67042,3
67043,1
67044,3
67045,1
67046,1
67047,1
67048,1
67049,3
67050,3
67051,3
67052,3
67053,3
67054,3
67055,3
67056,3
67057,3
67058,3
67059,1
67060,3
67061,3
67062,1
67063,3
67064,3
67065,3
67066,3
67067,3
67068,3
67069,1
67070,1
67071,1
67072,3
67073,1
67074,1
67075,3
67076,1
67077,3
67078,3
67079,1
67080,3
67081,3
67082,1
67083,1
67084,1
67085,3
67086,3
67087,3
67088,1
67089,3
67090,1
67091,3
67092,3
67093,3
67094,3
67095,1
67096,1
67097,3
67098,3
67099,3
67100,3
67101,3
67102,3
67103,3
67104,3
67105,3
67106,3
67107,3
67108,3
67109,3
67110,1
67111,3
67112,3
67113,3
67114,3
67115,3
67116,3
67117,3
67118,3
67119,3
67120,3
67121,3
67122,1
67123,1
67124,1
67125,3
67126,3
67127,3
67128,3
67129,3
67130,3
67131,1
67132,3
67133,3
67134,3
67135,3
67136,3
67137,3
67138,3
67139,3
67140,3
67141,3
67142,1
67143,3
67144,1
67145,3
67146,3
67147,1
67148,1
67149,3
67150,1
67151,1
67152,1
67153,3
67154,1
67155,3
67156,3
67157,3
67158,3
67159,3
67160,1
67161,3
67162,3
67163,1
67164,1
67165,1
67166,3
67167,1
67168,3
67169,3
67170,1
67171,1
67172,3
67173,1
67174,1
67175,1
67176,3
67177,1
67178,3
67179,3
67180,3
67181,3
67182,3
67183,3
67184,3
67185,3
67186,1
67187,1
67188,1
67189,1
67190,3
67191,3
67192,3
67193,3
67194,3
67195,3
67196,1
67197,1
67198,1
67199,1
67200,3
67201,3
67202,3
67203,3
67204,3
67205,3
67206,3
67207,3
67208,3
67209,1
67210,1
67211,3
67212,3
67213,1
67214,3
67215,3
67216,3
67217,3
67218,3
67219,3
67220,3
67221,3
67222,3
67223,3
67224,3
67225,3
67226,3
67227,3
67228,1
67229,1
67230,3
67231,3
67232,3
67233,1
67234,1
67235,3
67236,3
67237,3
67238,3
67239,3
67240,3
67241,3
67242,3
67243,3
67244,1
67245,1
67246,3
67247,1
67248,3
67249,3
67250,3
67251,3
67252,1
67253,3
67254,3
67255,1
67256,3
67257,3
67258,1
67259,3
67260,1
67261,3
67262,3
67263,3
67264,3
67265,3
67266,3
67267,3
67268,3
67269,3
67270,1
67271,3
67272,1
67273,3
67274,1
67275,3
67276,3
67277,3
67278,3
67279,1
67280,3
67281,1
67282,3
67283,3
67284,3
67285,3
67286,3
67287,1
67288,3
67289,1
67290,3
67291,1
67292,3
67293,3
67294,3
67295,1
67296,1
67297,3
67298,1
67299,3
67300,3
67301,1
67302,1
67303,1
67304,3
67305,3
67306,3
67307,3
67308,3
67309,3
67310,3
67311,3
67312,3
67313,3
67314,3
67315,3
67316,3
67317,3
67318,1
67319,3
67320,1
67321,3
67322,3
67323,3
67324,1
67325,3
67326,3
67327,3
67328,3
67329,3
67330,3
67331,1
67332,3
67333,3
67334,1
67335,1
67336,1
67337,1
67338,1
67339,1
67340,1
67341,3
67342,1
67343,3
67344,3
67345,3
67346,1
67347,3
67348,3
67349,3
67350,3
67351,3
67352,3
67353,3
67354,3
67355,3
67356,3
67357,3
67358,3
67359,3
67360,3
67361,3
67362,3
67363,1
67364,3
67365,3
67366,3
67367,3
67368,1
67369,1
67370,3
67371,3
67372,3
67373,3
67374,3
67375,3
67376,1
67377,3
67378,3
67379,3
67380,3
67381,3
67382,1
67383,1
67384,1
67385,3
67386,1
67387,3
67388,1
67389,1
67390,1
67391,1
67392,1
67393,3
67394,3
67395,3
67396,1
67397,3
67398,3
67399,3
67400,1
67401,3
67402,3
67403,3
67404,3
67405,3
67406,3
67407,3
67408,3
67409,3
67410,1
67411,1
67412,1
67413,3
67414,1
67415,3
67416,3
67417,1
67418,3
67419,3
67420,3
67421,3
67422,3
67423,1
67424,3
67425,3
67426,3
67427,1
67428,3
67429,3
67430,3
67431,1
67432,3
67433,3
67434,1
67435,3
67436,3
67437,1
67438,1
67439,1
67440,3
67441,3
67442,3
67443,3
67444,3
67445,3
67446,3
67447,1
67448,1
67449,3
67450,1
67451,3
67452,1
67453,3
67454,3
67455,3
67456,3
67457,3
67458,3
67459,3
67460,3
67461,1
67462,1
67463,3
67464,3
67465,3
67466,3
67467,1
67468,3
67469,3
67470,3
67471,1
67472,1
67473,3
67474,3
67475,3
67476,3
67477,3
67478,3
67479,1
67480,3
67481,3
67482,1
67483,1
67484,3
67485,1
67486,3
67487,3
67488,3
67489,3
67490,3
67491,3
67492,3
67493,3
67494,1
67495,3
67496,3
67497,3
67498,3
67499,1
67500,3
67501,3
67502,1
67503,1
67504,3
67505,3
67506,3
67507,3
67508,3
67509,3
67510,3
67511,3
67512,3
67513,3
67514,3
67515,3
67516,3
67517,3
67518,3
67519,3
67520,1
67521,3
67522,1
67523,3
67524,3
67525,3
67526,3
67527,1
67528,1
67529,3
67530,3
67531,3
67532,3
67533,3
67534,3
67535,3
67536,3
67537,1
67538,1
67539,3
67540,1
67541,3
67542,3
67543,3
67544,1
67545,1
67546,3
67547,3
67548,3
67549,3
67550,1
67551,3
67552,3
67553,3
67554,3
67555,3
67556,3
67557,3
67558,3
67559,1
67560,3
67561,3
67562,3
67563,3
67564,1
67565,1
67566,3
67567,3
67568,3
67569,3
67570,3
67571,3
67572,3
67573,3
67574,3
67575,3
67576,1
67577,1
67578,1
67579,1
67580,1
67581,1
67582,1
67583,3
67584,1
67585,3
67586,1
67587,1
67588,3
67589,3
67590,1
67591,3
67592,3
67593,3
67594,3
67595,3
67596,3
67597,3
67598,3
67599,3
67600,1
67601,1
67602,1
67603,3
67604,3
67605,1
67606,3
67607,1
67608,3
67609,1
67610,3
67611,1
67612,3
67613,3
67614,3
67615,3
67616,3
67617,3
67618,3
67619,3
67620,1
67621,1
67622,3
67623,3
67624,3
67625,3
67626,3
67627,3
67628,3
67629,3
67630,1
67631,3
67632,3
67633,1
67634,3
67635,3
67636,3
67637,1
67638,3
67639,3
67640,3
67641,3
67642,3
67643,3
67644,3
67645,3
67646,3
67647,3
67648,3
67649,3
67650,3
67651,3
67652,1
67653,3
67654,1
67655,3
67656,3
67657,3
67658,1
67659,3
67660,3
67661,3
67662,3
67663,3
67664,3
67665,3
67666,1
67667,1
67668,3
67669,1
67670,3
67671,3
67672,1
67673,3
67674,3
67675,3
67676,3
67677,3
67678,3
67679,3
67680,3
67681,1
67682,3
67683,3
67684,3
67685,3
67686,3
67687,3
67688,1
67689,3
67690,3
67691,1
67692,1
67693,1
67694,1
67695,3
67696,3
67697,3
67698,3
67699,3
67700,3
67701,3
67702,3
67703,1
67704,3
67705,3
67706,1
67707,3
67708,3
67709,3
67710,3
67711,3
67712,3
67713,3
67714,3
67715,3
67716,3
67717,3
67718,3
67719,1
67720,1
67721,3
67722,1
67723,1
67724,3
67725,1
67726,3
67727,1
67728,3
67729,3
67730,3
67731,1
67732,3
67733,3
67734,3
67735,3
67736,3
67737,3
67738,1
67739,3
67740,3
67741,3
67742,1
67743,3
67744,3
67745,3
67746,3
67747,3
67748,3
67749,3
67750,3
67751,3
67752,3
67753,3
67754,3
67755,3
67756,1
67757,1
67758,1
67759,3
67760,1
67761,3
67762,3
67763,3
67764,3
67765,3
67766,3
67767,3
67768,3
67769,3
67770,3
67771,3
67772,1
67773,1
67774,3
67775,1
67776,1
67777,1
67778,1
67779,3
67780,1
67781,1
67782,1
67783,1
67784,1
67785,1
67786,3
67787,3
67788,3
67789,3
67790,3
67791,3
67792,3
67793,3
67794,3
67795,3
67796,3
67797,3
67798,1
67799,1
67800,1
67801,1
67802,3
67803,1
67804,3
67805,3
67806,3
67807,1
67808,1
67809,1
67810,3
67811,3
67812,3
67813,3
67814,3
67815,3
67816,3
67817,1
67818,3
67819,1
67820,3
67821,1
67822,1
67823,3
67824,3
67825,1
67826,3
67827,3
67828,3
67829,3
67830,3
67831,3
67832,3
67833,3
67834,1
67835,1
67836,3
67837,1
67838,3
67839,1
67840,1
67841,3
67842,1
67843,1
67844,1
67845,3
67846,3
67847,3
67848,3
67849,3
67850,3
67851,3
67852,1
67853,3
67854,3
67855,1
67856,3
67857,3
67858,1
67859,1
67860,3
67861,1
67862,3
67863,3
67864,3
67865,3
67866,3
67867,1
67868,3
67869,3
67870,1
67871,3
67872,3
67873,3
67874,3
67875,3
67876,1
67877,3
67878,3
67879,3
67880,3
67881,1
67882,3
67883,3
67884,3
67885,3
67886,3
67887,3
67888,3
67889,3
67890,3
67891,1
67892,3
67893,1
67894,1
67895,1
67896,3
67897,3
67898,1
67899,3
67900,1
67901,3
67902,3
67903,3
67904,3
67905,3
67906,3
67907,3
67908,3
67909,3
67910,3
67911,3
67912,1
67913,1
67914,1
67915,1
67916,1
67917,3
67918,1
67919,3
67920,3
67921,3
67922,3
67923,3
67924,3
67925,1
67926,1
67927,1
67928,3
67929,3
67930,3
67931,1
67932,3
67933,3
67934,3
67935,3
67936,3
67937,3
67938,3
67939,3
67940,3
67941,3
67942,1
67943,3
67944,3
67945,3
67946,3
67947,1
67948,3
67949,3
67950,3
67951,3
67952,3
67953,3
67954,1
67955,3
67956,3
67957,3
67958,3
67959,1
67960,1
67961,1
67962,3
67963,3
67964,3
67965,3
67966,3
67967,3
67968,3
67969,3
67970,3
67971,3
67972,3
67973,3
67974,1
67975,1
67976,3
67977,1
67978,3
67979,1
67980,3
67981,1
67982,3
67983,1
67984,3
67985,3
67986,3
67987,3
67988,3
67989,3
67990,3
67991,3
67992,1
67993,3
67994,3
67995,3
67996,1
67997,1
67998,3
67999,1
68000,1
68001,3
68002,1
68003,1
68004,1
68005,3
68006,1
68007,3
68008,3
68009,3
68010,3
68011,3
68012,3
68013,3
68014,1
68015,3
68016,3
68017,3
68018,3
68019,3
68020,3
68021,3
68022,3
68023,3
68024,3
68025,3
68026,3
68027,3
68028,3
68029,3
68030,3
68031,3
68032,3
68033,3
68034,1
68035,3
68036,3
68037,3
68038,1
68039,1
68040,1
68041,3
68042,3
68043,3
68044,3
68045,1
68046,1
68047,3
68048,3
68049,3
68050,3
68051,1
68052,1
68053,1
68054,1
68055,1
68056,3
68057,3
68058,1
68059,3
68060,3
68061,1
68062,1
68063,3
68064,3
68065,1
68066,3
68067,3
68068,3
68069,3
68070,3
68071,3
68072,3
68073,3
68074,3
68075,1
68076,3
68077,3
68078,1
68079,3
68080,3
68081,3
68082,3
68083,1
68084,3
68085,3
68086,3
68087,3
68088,3
68089,1
68090,3
68091,3
68092,3
68093,1
68094,3
68095,3
68096,3
68097,1
68098,3
68099,3
68100,3
68101,3
68102,3
68103,3
68104,3
68105,3
68106,3
68107,1
68108,1
68109,1
68110,1
68111,3
68112,3
68113,3
68114,1
68115,3
68116,3
68117,3
68118,3
68119,3
68120,3
68121,3
68122,3
68123,1
68124,1
68125,1
68126,1
68127,3
68128,1
68129,3
68130,3
68131,3
68132,1
68133,3
68134,3
68135,1
68136,3
68137,3
68138,3
68139,3
68140,3
68141,1
68142,1
68143,3
68144,3
68145,3
68146,1
68147,3
68148,3
68149,3
68150,3
68151,3
68152,3
68153,3
68154,3
68155,3
68156,1
68157,3
68158,1
68159,1
68160,1
68161,3
68162,3
68163,3
68164,3
68165,1
68166,3
68167,3
68168,3
68169,1
68170,3
68171,3
68172,1
68173,3
68174,3
68175,1
68176,3
68177,1
68178,3
68179,3
68180,3
68181,3
68182,3
68183,3
68184,3
68185,3
68186,1
68187,1
68188,1
68189,1
68190,1
68191,1
68192,1
68193,3
68194,3
68195,1
68196,3
68197,3
68198,3
68199,1
68200,3
68201,3
68202,3
68203,3
68204,3
68205,3
68206,3
68207,1
68208,1
68209,1
68210,1
68211,1
68212,3
68213,1
68214,3
68215,3
68216,3
68217,3
68218,3
68219,3
68220,1
68221,1
68222,1
68223,1
68224,1
68225,1
68226,1
68227,3
68228,3
68229,3
68230,3
68231,1
68232,3
68233,3
68234,3
68235,3
68236,3
68237,3
68238,3
68239,3
68240,3
68241,1
68242,1
68243,3
68244,1
68245,3
68246,3
68247,1
68248,1
68249,3
68250,3
68251,3
68252,3
68253,3
68254,3
68255,3
68256,1
68257,1
68258,1
68259,3
68260,1
68261,3
68262,1
68263,3
68264,1
68265,3
68266,1
68267,3
68268,3
68269,3
68270,3
68271,3
68272,3
68273,3
68274,3
68275,3
68276,1
68277,1
68278,1
68279,1
68280,3
68281,3
68282,3
68283,1
68284,3
68285,3
68286,3
68287,3
68288,3
68289,3
68290,1
68291,1
68292,1
68293,3
68294,1
68295,1
68296,1
68297,3
68298,1
68299,1
68300,3
68301,3
68302,3
68303,3
68304,3
68305,3
68306,3
68307,1
68308,1
68309,1
68310,1
68311,1
68312,3
68313,1
68314,3
68315,1
68316,3
68317,3
68318,3
68319,3
68320,3
68321,3
68322,3
68323,1
68324,3
68325,1
68326,3
68327,3
68328,1
68329,3
68330,3
68331,3
68332,1
68333,1
68334,1
68335,3
68336,1
68337,1
68338,1
68339,3
68340,1
68341,1
68342,1
68343,3
68344,1
68345,3
68346,3
68347,3
68348,3
68349,3
68350,1
68351,3
68352,1
68353,1
68354,3
68355,3
68356,3
68357,3
68358,3
68359,1
68360,3
68361,1
68362,1
68363,3
68364,3
68365,3
68366,3
68367,3
68368,3
68369,3
68370,3
68371,1
68372,1
68373,1
68374,3
68375,3
68376,1
68377,1
68378,3
68379,1
68380,3
68381,3
68382,3
68383,3
68384,3
68385,3
68386,3
68387,3
68388,1
68389,3
68390,1
68391,3
68392,3
68393,3
68394,3
68395,3
68396,3
68397,3
68398,3
68399,3
68400,3
68401,1
68402,1
68403,1
68404,1
68405,3
68406,1
68407,3
68408,3
68409,3
68410,1
68411,3
68412,3
68413,3
68414,3
68415,1
68416,1
68417,3
68418,1
68419,1
68420,1
68421,1
68422,3
68423,3
68424,3
68425,3
68426,3
68427,3
68428,1
68429,3
68430,1
68431,1
68432,1
68433,1
68434,1
68435,3
68436,1
68437,1
68438,1
68439,3
68440,3
68441,3
68442,3
68443,3
68444,3
68445,3
68446,3
68447,3
68448,3
68449,3
68450,3
68451,3
68452,3
68453,3
68454,3
68455,3
68456,3
68457,3
68458,3
68459,3
68460,3
68461,3
68462,1
68463,1
68464,1
68465,1
68466,1
68467,3
68468,3
68469,3
68470,3
68471,3
68472,3
68473,3
68474,3
68475,3
68476,3
68477,3
68478,1
68479,1
68480,1
68481,1
68482,1
68483,1
68484,1
68485,1
68486,3
68487,1
68488,3
68489,3
68490,1
68491,1
68492,3
68493,3
68494,3
68495,3
68496,3
68497,3
68498,3
68499,3
68500,3
68501,3
68502,3
68503,3
68504,1
68505,1
68506,1
68507,3
68508,1
68509,1
68510,1
68511,3
68512,3
68513,3
68514,3
68515,1
68516,3
68517,3
68518,3
68519,3
68520,3
68521,3
68522,3
68523,1
68524,1
68525,3
68526,3
68527,3
68528,3
68529,3
68530,3
68531,3
68532,3
68533,1
68534,3
68535,1
68536,1
68537,1
68538,1
68539,3
68540,1
68541,3
68542,3
68543,1
68544,3
68545,3
68546,3
68547,3
68548,3
68549,3
68550,1
68551,1
68552,3
68553,3
68554,3
68555,3
68556,3
68557,3
68558,3
68559,1
68560,1
68561,1
68562,1
68563,1
68564,1
68565,1
68566,3
68567,1
68568,3
68569,3
68570,3
68571,3
68572,3
68573,3
68574,3
68575,3
68576,3
68577,3
68578,3
68579,3
68580,3
68581,3
68582,3
68583,1
68584,3
68585,3
68586,1
68587,3
68588,3
68589,3
68590,3
68591,3
68592,3
68593,3
68594,3
68595,1
68596,1
68597,1
68598,1
68599,1
68600,1
68601,3
68602,3
68603,3
68604,3
68605,3
68606,3
68607,3
68608,3
68609,1
68610,3
68611,1
68612,1
68613,3
68614,3
68615,3
68616,3
68617,3
68618,3
68619,3
68620,1
68621,1
68622,3
68623,1
68624,3
68625,1
68626,3
68627,1
68628,3
68629,1
68630,1
68631,3
68632,1
68633,3
68634,3
68635,3
68636,1
68637,1
68638,3
68639,1
68640,3
68641,3
68642,3
68643,3
68644,3
68645,3
68646,1
68647,3
68648,1
68649,3
68650,3
68651,3
68652,3
68653,3
68654,3
68655,3
68656,3
68657,1
68658,1
68659,1
68660,1
68661,3
68662,3
68663,3
68664,1
68665,1
68666,1
68667,1
68668,1
68669,1
68670,1
68671,1
68672,3
68673,1
68674,3
68675,1
68676,1
68677,1
68678,1
68679,3
68680,1
68681,3
68682,3
68683,1
68684,3
68685,1
68686,3
68687,1
68688,3
68689,3
68690,3
68691,3
68692,1
68693,3
68694,3
68695,3
68696,3
68697,3
68698,3
68699,3
68700,3
68701,3
68702,3
68703,3
68704,3
68705,3
68706,3
68707,1
68708,1
68709,1
68710,1
68711,1
68712,1
68713,3
68714,3
68715,1
68716,3
68717,1
68718,3
68719,3
68720,3
68721,3
68722,3
68723,3
68724,3
68725,3
68726,3
68727,3
68728,3
68729,3
68730,3
68731,3
68732,1
68733,1
68734,3
68735,3
68736,3
68737,3
68738,3
68739,3
68740,3
68741,1
68742,1
68743,1
68744,2
68745,2
68746,2
68747,1
68748,1
68749,1
68750,2
68751,1
68752,1
68753,1
68754,1
68755,1
68756,1
68757,1
68758,1
68759,2
68760,1
68761,2
68762,1
68763,1
68764,1
68765,2
68766,1
68767,1
68768,1
68769,1
68770,2
68771,1
68772,1
68773,1
68774,1
68775,1
68776,2
68777,1
68778,1
68779,4
68780,1
68781,1
68782,1
68783,1
68784,2
68785,1
68786,1
68787,1
68788,1
68789,1
68790,1
68791,1
68792,1
68793,1
68794,1
68795,1
68796,1
68797,1
68798,1
68799,1
68800,1
68801,2
68802,1
68803,2
68804,1
68805,1
68806,1
68807,1
68808,1
68809,1
68810,1
68811,1
68812,1
68813,1
68814,1
68815,1
68816,1
68817,2
68818,1
68819,1
68820,1
68821,2
68822,1
68823,1
68824,1
68825,1
68826,1
68827,1
68828,1
68829,1
68830,1
68831,1
68832,1
68833,1
68834,1
68835,1
68836,1
68837,1
68838,1
68839,1
68840,1
68841,1
68842,1
68843,1
68844,1
68845,1
68846,1
68847,1
68848,2
68849,2
68850,2
68851,1
68852,1
68853,1
68854,1
68855,1
68856,1
68857,1
68858,1
68859,1
68860,1
68861,1
68862,1
68863,1
68864,1
68865,1
68866,1
68867,1
68868,1
68869,1
68870,1
68871,1
68872,4
68873,1
68874,1
68875,1
68876,1
68877,1
68878,2
68879,2
68880,2
68881,1
68882,1
68883,1
68884,1
68885,1
68886,1
68887,1
68888,1
68889,4
68890,1
68891,1
68892,1
68893,1
68894,1
68895,1
68896,1
68897,1
68898,1
68899,1
68900,1
68901,2
68902,2
68903,2
68904,1
68905,1
68906,1
68907,1
68908,1
68909,1
68910,1
68911,1
68912,1
68913,4
68914,1
68915,1
68916,1
68917,2
68918,1
68919,1
68920,1
68921,1
68922,2
68923,1
68924,1
68925,1
68926,1
68927,1
68928,1
68929,1
68930,1
68931,1
68932,1
68933,1
68934,1
68935,4
68936,1
68937,1
68938,1
68939,1
68940,1
68941,1
68942,1
68943,1
68944,1
68945,1
68946,1
68947,1
68948,1
68949,1
68950,1
68951,1
68952,2
68953,1
68954,1
68955,1
68956,1
68957,1
68958,1
68959,2
68960,1
68961,1
68962,1
68963,1
68964,1
68965,1
68966,1
68967,1
68968,1
68969,1
68970,1
68971,1
68972,4
68973,1
68974,1
68975,4
68976,1
68977,1
68978,1
68979,1
68980,1
68981,1
68982,1
68983,1
68984,1
68985,1
68986,1
68987,1
68988,1
68989,2
68990,1
68991,1
68992,1
68993,2
68994,1
68995,1
68996,1
68997,1
68998,1
68999,1
69000,1
69001,1
69002,1
69003,1
69004,1
69005,1
69006,1
69007,1
69008,1
69009,1
69010,1
69011,1
69012,1
69013,1
69014,4
69015,1
69016,1
69017,1
69018,1
69019,2
69020,1
69021,1
69022,1
69023,1
69024,1
69025,1
69026,2
69027,1
69028,1
69029,1
69030,1
69031,1
69032,1
69033,2
69034,1
69035,1
69036,1
69037,1
69038,1
69039,1
69040,1
69041,1
69042,1
69043,1
69044,1
69045,1
69046,4
69047,1
69048,1
69049,1
69050,1
69051,1
69052,1
69053,1
69054,2
69055,1
69056,1
69057,1
69058,2
69059,1
69060,2
69061,4
69062,1
69063,1
69064,1
69065,1
69066,4
69067,4
69068,1
69069,1
69070,1
69071,1
69072,1
69073,1
69074,1
69075,2
69076,1
69077,1
69078,4
69079,1
69080,1
69081,1
69082,1
69083,4
69084,1
69085,1
69086,1
69087,1
69088,1
69089,1
69090,1
69091,1
69092,1
69093,1
69094,1
69095,1
69096,1
69097,1
69098,1
69099,1
69100,1
69101,1
69102,1
69103,1
69104,1
69105,1
69106,1
69107,1
69108,1
69109,1
69110,1
69111,1
69112,1
69113,1
69114,1
69115,1
69116,1
69117,1
69118,1
69119,1
69120,1
69121,1
69122,2
69123,1
69124,1
69125,1
69126,1
69127,1
69128,1
69129,1
69130,1
69131,1
69132,1
69133,1
69134,1
69135,1
69136,1
69137,1
69138,1
69139,1
69140,1
69141,1
69142,1
69143,1
69144,1
69145,1
69146,1
69147,1
69148,1
69149,1
69150,1
69151,1
69152,1
69153,2
69154,1
69155,1
69156,1
69157,1
69158,1
69159,1
69160,1
69161,1
69162,1
69163,1
69164,1
69165,1
69166,1
69167,2
69168,1
69169,1
69170,1
69171,1
69172,1
69173,1
69174,1
69175,1
69176,1
69177,1
69178,1
69179,2
69180,1
69181,2
69182,2
69183,2
69184,1
69185,1
69186,1
69187,1
69188,1
69189,1
69190,1
69191,1
69192,1
69193,1
69194,1
69195,1
69196,2
69197,1
69198,1
69199,2
69200,2
69201,1
69202,2
69203,1
69204,1
69205,2
69206,1
69207,1
69208,1
69209,1
69210,1
69211,1
69212,1
69213,1
69214,1
69215,1
69216,1
69217,1
69218,1
69219,1
69220,1
69221,1
69222,1
69223,1
69224,1
69225,1
69226,1
69227,1
69228,1
69229,1
69230,1
69231,1
69232,1
69233,1
69234,1
69235,1
69236,2
69237,2
69238,1
69239,1
69240,1
69241,1
69242,1
69243,1
69244,4
69245,1
69246,1
69247,1
69248,1
69249,1
69250,1
69251,1
69252,1
69253,1
69254,1
69255,1
69256,1
69257,1
69258,1
69259,1
69260,1
69261,1
69262,1
69263,1
69264,1
69265,1
69266,1
69267,1
69268,4
69269,1
69270,1
69271,1
69272,1
69273,1
69274,1
69275,1
69276,1
69277,1
69278,1
69279,2
69280,1
69281,1
69282,1
69283,1
69284,1
69285,1
69286,1
69287,1
69288,1
69289,2
69290,1
69291,1
69292,1
69293,1
69294,1
69295,1
69296,1
69297,1
69298,1
69299,1
69300,1
69301,2
69302,2
69303,1
69304,1
69305,1
69306,1
69307,1
69308,1
69309,1
69310,1
69311,1
69312,1
69313,4
69314,1
69315,1
69316,1
69317,1
69318,1
69319,1
69320,2
69321,1
69322,1
69323,1
69324,1
69325,1
69326,1
69327,1
69328,1
69329,1
69330,1
69331,1
69332,1
69333,1
69334,1
69335,1
69336,2
69337,1
69338,1
69339,1
69340,1
69341,1
69342,1
69343,1
69344,1
69345,1
69346,1
69347,1
69348,1
69349,1
69350,1
69351,1
69352,1
69353,1
69354,1
69355,2
69356,1
69357,1
69358,1
69359,1
69360,1
69361,1
69362,1
69363,1
69364,1
69365,1
69366,1
69367,1
69368,1
69369,1
69370,1
69371,1
69372,1
69373,1
69374,1
69375,1
69376,1
69377,1
69378,1
69379,2
69380,2
69381,1
69382,1
69383,2
69384,1
69385,2
69386,2
69387,2
69388,1
69389,1
69390,1
69391,1
69392,1
69393,1
69394,1
69395,1
69396,1
69397,1
69398,1
69399,1
69400,1
69401,1
69402,1
69403,1
69404,2
69405,2
69406,1
69407,1
69408,1
69409,1
69410,1
69411,1
69412,1
69413,1
69414,1
69415,1
69416,1
69417,1
69418,2
69419,1
69420,1
69421,1
69422,1
69423,2
69424,4
69425,1
69426,1
69427,1
69428,1
69429,1
69430,1
69431,1
69432,1
69433,1
69434,1
69435,1
69436,1
69437,1
69438,1
69439,1
69440,1
69441,1
69442,2
69443,1
69444,1
69445,1
69446,1
69447,1
69448,1
69449,1
69450,1
69451,1
69452,1
69453,1
69454,1
69455,1
69456,2
69457,2
69458,1
69459,1
69460,1
69461,1
69462,1
69463,1
69464,1
69465,1
69466,1
69467,1
69468,1
69469,1
69470,1
69471,1
69472,2
69473,1
69474,2
69475,2
69476,1
69477,1
69478,2
69479,1
69480,1
69481,1
69482,1
69483,1
69484,1
69485,1
69486,1
69487,1
69488,1
69489,1
69490,2
69491,1
69492,1
69493,1
69494,1
69495,1
69496,1
69497,1
69498,4
69499,1
69500,1
69501,1
69502,1
69503,1
69504,4
69505,2
69506,1
69507,1
69508,1
69509,1
69510,1
69511,1
69512,2
69513,1
69514,1
69515,1
69516,1
69517,1
69518,1
69519,1
69520,4
69521,1
69522,1
69523,1
69524,2
69525,1
69526,1
69527,1
69528,1
69529,1
69530,1
69531,1
69532,1
69533,1
69534,2
69535,2
69536,1
69537,1
69538,1
69539,1
69540,1
69541,1
69542,1
69543,1
69544,1
69545,1
69546,1
69547,1
69548,1
69549,1
69550,1
69551,1
69552,1
69553,1
69554,1
69555,1
69556,1
69557,1
69558,1
69559,1
69560,1
69561,1
69562,1
69563,1
69564,1
69565,1
69566,1
69567,1
69568,1
69569,1
69570,1
69571,1
69572,1
69573,1
69574,1
69575,2
69576,1
69577,1
69578,1
69579,1
69580,1
69581,1
69582,1
69583,1
69584,1
69585,1
69586,1
69587,1
69588,1
69589,1
69590,1
69591,1
69592,1
69593,1
69594,4
69595,1
69596,1
69597,1
69598,1
69599,2
69600,1
69601,1
69602,1
69603,1
69604,1
69605,1
69606,1
69607,1
69608,2
69609,1
69610,1
69611,1
69612,1
69613,1
69614,2
69615,1
69616,1
69617,1
69618,1
69619,1
69620,1
69621,1
69622,4
69623,1
69624,1
69625,1
69626,1
69627,1
69628,2
69629,1
69630,1
69631,1
69632,1
69633,1
69634,1
69635,1
69636,1
69637,1
69638,1
69639,1
69640,1
69641,1
69642,1
69643,1
69644,1
69645,1
69646,4
69647,1
69648,1
69649,1
69650,1
69651,1
69652,1
69653,1
69654,1
69655,1
69656,1
69657,1
69658,1
69659,1
69660,1
69661,1
69662,1
69663,1
69664,1
69665,1
69666,1
69667,1
69668,1
69669,1
69670,2
69671,1
69672,1
69673,1
69674,1
69675,1
69676,1
69677,1
69678,1
69679,1
69680,1
69681,1
69682,1
69683,1
69684,1
69685,1
69686,1
69687,1
69688,1
69689,1
69690,1
69691,1
69692,1
69693,1
69694,1
69695,1
69696,1
69697,1
69698,1
69699,1
69700,1
69701,1
69702,1
69703,1
69704,1
69705,1
69706,1
69707,2
69708,1
69709,1
69710,1
69711,1
69712,1
69713,1
69714,1
69715,1
69716,1
69717,1
69718,1
69719,1
69720,1
69721,2
69722,2
69723,1
69724,1
69725,1
69726,1
69727,4
69728,1
69729,1
69730,2
69731,1
69732,1
69733,1
69734,2
69735,1
69736,1
69737,1
69738,1
69739,1
69740,1
69741,1
69742,1
69743,1
69744,1
69745,1
69746,1
69747,1
69748,1
69749,1
69750,1
69751,1
69752,1
69753,1
69754,1
69755,1
69756,1
69757,1
69758,1
69759,1
69760,1
69761,1
69762,1
69763,1
69764,1
69765,1
69766,1
69767,1
69768,1
69769,1
69770,1
69771,1
69772,1
69773,4
69774,1
69775,1
69776,1
69777,1
69778,1
69779,1
69780,1
69781,1
69782,1
69783,1
69784,4
69785,1
69786,1
69787,1
69788,1
69789,1
69790,1
69791,2
69792,1
69793,2
69794,1
69795,1
69796,1
69797,1
69798,1
69799,1
69800,1
69801,1
69802,1
69803,1
69804,1
69805,1
69806,1
69807,1
69808,1
69809,2
69810,1
69811,1
69812,1
69813,1
69814,1
69815,1
69816,1
69817,1
69818,1
69819,2
69820,1
69821,1
69822,1
69823,1
69824,1
69825,1
69826,1
69827,1
69828,1
69829,1
69830,1
69831,1
69832,1
69833,2
69834,1
69835,1
69836,1
69837,2
69838,1
69839,1
69840,1
69841,1
69842,1
69843,1
69844,2
69845,1
69846,1
69847,1
69848,1
69849,1
69850,1
69851,1
69852,1
69853,1
69854,1
69855,1
69856,1
69857,1
69858,1
69859,1
69860,1
69861,1
69862,1
69863,1
69864,1
69865,1
69866,1
69867,1
69868,1
69869,1
69870,1
69871,1
69872,1
69873,1
69874,1
69875,1
69876,1
69877,1
69878,1
69879,1
69880,1
69881,1
69882,1
69883,1
69884,1
69885,1
69886,1
69887,1
69888,1
69889,1
69890,1
69891,1
69892,1
69893,1
69894,1
69895,1
69896,1
69897,1
69898,1
69899,1
69900,1
69901,1
69902,1
69903,1
69904,1
69905,1
69906,1
69907,1
69908,1
69909,2
69910,1
69911,1
69912,2
69913,1
69914,1
69915,1
69916,1
69917,1
69918,1
69919,1
69920,4
69921,1
69922,1
69923,2
69924,2
69925,1
69926,1
69927,2
69928,1
69929,2
69930,1
69931,1
69932,1
69933,1
69934,1
69935,1
69936,1
69937,1
69938,1
69939,1
69940,4
69941,1
69942,1
69943,1
69944,1
69945,1
69946,1
69947,1
69948,1
69949,1
69950,1
69951,2
69952,1
69953,1
69954,2
69955,1
69956,1
69957,1
69958,1
69959,2
69960,1
69961,1
69962,4
69963,1
69964,1
69965,1
69966,1
69967,1
69968,1
69969,1
69970,1
69971,1
69972,1
69973,4
69974,1
69975,1
69976,1
69977,1
69978,1
69979,1
69980,1
69981,1
69982,4
69983,1
69984,1
69985,1
69986,1
69987,1
69988,1
69989,1
69990,1
69991,1
69992,1
69993,1
69994,1
69995,1
69996,1
69997,1
69998,1
69999,1
70000,1
70001,1
70002,1
70003,1
70004,1
70005,1
70006,1
70007,1
70008,1
70009,1
70010,1
70011,1
70012,1
70013,1
70014,1
70015,1
70016,1
70017,1
70018,1
70019,1
70020,1
70021,1
70022,1
70023,1
70024,4
70025,1
70026,1
70027,1
70028,2
70029,1
70030,1
70031,1
70032,1
70033,1
70034,1
70035,1
70036,1
70037,1
70038,2
70039,1
70040,2
70041,1
70042,1
70043,2
70044,1
70045,1
70046,1
70047,1
70048,1
70049,1
70050,1
70051,1
70052,1
70053,1
70054,1
70055,1
70056,1
70057,1
70058,1
70059,1
70060,1
70061,1
70062,1
70063,1
70064,1
70065,1
70066,1
70067,1
70068,1
70069,1
70070,1
70071,1
70072,1
70073,1
70074,1
70075,1
70076,1
70077,1
70078,1
70079,1
70080,1
70081,1
70082,1
70083,1
70084,1
70085,1
70086,1
70087,1
70088,1
70089,1
70090,1
70091,1
70092,1
70093,1
70094,1
70095,1
70096,1
70097,1
70098,4
70099,1
70100,1
70101,1
70102,1
70103,1
70104,1
70105,1
70106,4
70107,1
70108,1
70109,1
70110,1
70111,1
70112,1
70113,1
70114,1
70115,1
70116,1
70117,2
70118,2
70119,1
70120,1
70121,1
70122,1
70123,1
70124,1
70125,1
70126,1
70127,1
70128,1
70129,1
70130,1
70131,1
70132,1
70133,1
70134,1
70135,1
70136,1
70137,2
70138,2
70139,1
70140,1
70141,4
70142,1
70143,1
70144,1
70145,1
70146,1
70147,1
70148,1
70149,1
70150,1
70151,1
70152,1
70153,1
70154,1
70155,2
70156,1
70157,1
70158,1
70159,1
70160,1
70161,1
70162,1
70163,1
70164,1
70165,1
70166,1
70167,1
70168,1
70169,1
70170,1
70171,1
70172,1
70173,1
70174,2
70175,1
70176,1
70177,1
70178,4
70179,1
70180,1
70181,2
70182,1
70183,1
70184,1
70185,1
70186,1
70187,1
70188,1
70189,1
70190,1
70191,4
70192,1
70193,1
70194,1
70195,1
70196,2
70197,1
70198,1
70199,1
70200,1
70201,1
70202,1
70203,1
70204,1
70205,1
70206,1
70207,1
70208,1
70209,1
70210,1
70211,1
70212,1
70213,1
70214,1
70215,1
70216,1
70217,1
70218,1
70219,1
70220,1
70221,1
70222,1
70223,1
70224,1
70225,1
70226,1
70227,2
70228,1
70229,1
70230,1
70231,1
70232,1
70233,1
70234,1
70235,1
70236,1
70237,1
70238,1
70239,1
70240,1
70241,1
70242,1
70243,1
70244,1
70245,1
70246,1
70247,1
70248,1
70249,1
70250,1
70251,1
70252,1
70253,1
70254,1
70255,1
70256,1
70257,2
70258,1
70259,1
70260,1
70261,1
70262,1
70263,1
70264,1
70265,1
70266,1
70267,1
70268,1
70269,1
70270,1
70271,2
70272,2
70273,1
70274,1
70275,1
70276,1
70277,1
70278,1
70279,1
70280,1
70281,2
70282,1
70283,1
70284,1
70285,1
70286,1
70287,1
70288,1
70289,1
70290,1
70291,1
70292,1
70293,1
70294,1
70295,1
70296,1
70297,2
70298,1
70299,1
70300,1
70301,1
70302,1
70303,1
70304,1
70305,1
70306,1
70307,1
70308,4
70309,1
70310,1
70311,1
70312,1
70313,1
70314,1
70315,1
70316,1
70317,1
70318,2
70319,2
70320,1
70321,1
70322,1
70323,1
70324,1
70325,1
70326,1
70327,1
70328,1
70329,1
70330,1
70331,1
70332,1
70333,1
70334,1
70335,1
70336,1
70337,1
70338,1
70339,1
70340,1
70341,1
70342,1
70343,1
70344,1
70345,1
70346,1
70347,1
70348,1
70349,1
70350,1
70351,1
70352,1
70353,1
70354,1
70355,1
70356,1
70357,1
70358,1
70359,4
70360,1
70361,1
70362,1
70363,1
70364,1
70365,1
70366,1
70367,1
70368,1
70369,1
70370,1
70371,1
70372,1
70373,1
70374,1
70375,1
70376,1
70377,1
70378,1
70379,1
70380,1
70381,1
70382,1
70383,1
70384,1
70385,1
70386,1
70387,1
70388,1
70389,2
70390,1
70391,2
70392,2
70393,1
70394,1
70395,1
70396,1
70397,4
70398,1
70399,1
70400,1
70401,1
70402,1
70403,1
70404,1
70405,2
70406,1
70407,1
70408,1
70409,1
70410,1
70411,2
70412,1
70413,2
70414,1
70415,1
70416,1
70417,1
70418,1
70419,1
70420,1
70421,1
70422,4
70423,1
70424,1
70425,1
70426,1
70427,1
70428,1
70429,2
70430,1
70431,1
70432,2
70433,1
70434,1
70435,1
70436,1
70437,2
70438,1
70439,1
70440,1
70441,1
70442,1
70443,1
70444,1
70445,1
70446,1
70447,1
70448,1
70449,1
70450,1
70451,1
70452,1
70453,1
70454,1
70455,1
70456,1
70457,1
70458,1
70459,1
70460,1
70461,1
70462,1
70463,1
70464,1
70465,1
70466,1
70467,1
70468,2
70469,1
70470,1
70471,2
70472,1
70473,2
70474,1
70475,1
70476,1
70477,1
70478,1
70479,1
70480,1
70481,1
70482,1
70483,1
70484,1
70485,1
70486,1
70487,1
70488,1
70489,1
70490,1
70491,2
70492,1
70493,1
70494,1
70495,1
70496,4
70497,1
70498,1
70499,1
70500,1
70501,1
70502,1
70503,1
70504,1
70505,1
70506,1
70507,1
70508,1
70509,1
70510,1
70511,2
70512,1
70513,1
70514,1
70515,1
70516,1
70517,1
70518,1
70519,1
70520,1
70521,1
70522,1
70523,1
70524,1
70525,1
70526,2
70527,1
70528,1
70529,1
70530,1
70531,1
70532,1
70533,4
70534,1
70535,1
70536,1
70537,1
70538,1
70539,1
70540,1
70541,1
70542,4
70543,1
70544,1
70545,1
70546,1
70547,1
70548,1
70549,1
70550,4
70551,1
70552,1
70553,4
70554,1
70555,1
70556,1
70557,1
70558,1
70559,1
70560,2
70561,1
70562,1
70563,1
70564,1
70565,1
70566,1
70567,1
70568,1
70569,1
70570,1
70571,1
70572,1
70573,1
70574,1
70575,1
70576,1
70577,1
70578,1
70579,1
70580,1
70581,1
70582,1
70583,1
70584,1
70585,1
70586,1
70587,4
70588,1
70589,1
70590,1
70591,1
70592,1
70593,1
70594,1
70595,1
70596,1
70597,1
70598,1
70599,1
70600,1
70601,1
70602,1
70603,1
70604,1
70605,1
70606,1
70607,1
70608,2
70609,1
70610,1
70611,1
70612,1
70613,1
70614,1
70615,1
70616,1
70617,1
70618,1
70619,1
70620,1
70621,1
70622,1
70623,1
70624,1
70625,1
70626,1
70627,1
70628,1
70629,1
70630,4
70631,1
70632,1
70633,2
70634,1
70635,1
70636,1
70637,1
70638,1
70639,1
70640,1
70641,1
70642,1
70643,1
70644,1
70645,1
70646,4
70647,2
70648,1
70649,1
70650,1
70651,1
70652,1
70653,1
70654,1
70655,1
70656,1
70657,4
70658,1
70659,1
70660,1
70661,1
70662,1
70663,1
70664,1
70665,1
70666,2
70667,1
70668,1
70669,1
70670,1
70671,1
70672,1
70673,1
70674,4
70675,1
70676,1
70677,1
70678,1
70679,1
70680,1
70681,1
70682,1
70683,1
70684,1
70685,1
70686,1
70687,1
70688,1
70689,1
70690,1
70691,1
70692,1
70693,1
70694,1
70695,1
70696,1
70697,1
70698,1
70699,1
70700,1
70701,1
70702,1
70703,2
70704,1
70705,1
70706,2
70707,1
70708,4
70709,1
70710,1
70711,1
70712,1
70713,1
70714,1
70715,1
70716,1
70717,1
70718,1
70719,1
70720,1
70721,4
70722,1
70723,1
70724,1
70725,1
70726,1
70727,1
70728,1
70729,1
70730,1
70731,1
70732,1
70733,1
70734,1
70735,1
70736,1
70737,1
70738,1
70739,2
70740,1
70741,2
70742,1
70743,1
70744,1
70745,1
70746,1
70747,1
70748,1
70749,1
70750,1
70751,1
70752,4
70753,1
70754,1
70755,1
70756,1
70757,1
70758,1
70759,1
70760,2
70761,2
70762,1
70763,1
70764,1
70765,1
70766,1
70767,1
70768,1
70769,1
70770,1
70771,1
70772,1
70773,1
70774,1
70775,1
70776,1
70777,1
70778,1
70779,1
70780,1
70781,1
70782,1
70783,1
70784,1
70785,1
70786,1
70787,1
70788,1
70789,1
70790,1
70791,1
70792,1
70793,1
70794,1
70795,2
70796,1
70797,1
70798,1
70799,1
70800,1
70801,1
70802,1
70803,1
70804,1
70805,1
70806,1
70807,1
70808,1
70809,4
70810,1
70811,1
70812,1
70813,1
70814,1
70815,1
70816,1
70817,1
70818,1
70819,1
70820,1
70821,1
70822,1
70823,1
70824,1
70825,1
70826,1
70827,1
70828,1
70829,1
70830,1
70831,1
70832,1
70833,1
70834,1
70835,2
70836,1
70837,1
70838,4
70839,1
70840,1
70841,1
70842,2
70843,1
70844,1
70845,1
70846,1
70847,1
70848,1
70849,1
70850,1
70851,1
70852,1
70853,1
70854,4
70855,1
70856,1
70857,1
70858,1
70859,1
70860,1
70861,1
70862,1
70863,1
70864,1
70865,1
70866,1
70867,1
70868,1
70869,1
70870,1
70871,1
70872,2
70873,1
70874,2
70875,1
70876,1
70877,1
70878,1
70879,1
70880,1
70881,1
70882,1
70883,2
70884,1
70885,1
70886,1
70887,1
70888,1
70889,1
70890,1
70891,1
70892,1
70893,1
70894,1
70895,1
70896,1
70897,1
70898,1
70899,1
70900,1
70901,1
70902,1
70903,1
70904,1
70905,1
70906,1
70907,1
70908,1
70909,1
70910,1
70911,1
70912,1
70913,1
70914,1
70915,1
70916,1
70917,1
70918,1
70919,1
70920,2
70921,1
70922,1
70923,1
70924,4
70925,1
70926,2
70927,1
70928,1
70929,1
70930,1
70931,1
70932,1
70933,1
70934,1
70935,1
70936,1
70937,1
70938,1
70939,1
70940,1
70941,1
70942,1
70943,1
70944,1
70945,1
70946,1
70947,1
70948,1
70949,1
70950,1
70951,1
70952,1
70953,1
70954,1
70955,1
70956,1
70957,1
70958,1
70959,1
70960,1
70961,1
70962,1
70963,1
70964,4
70965,1
70966,1
70967,1
70968,2
70969,1
70970,2
70971,2
70972,1
70973,2
70974,1
70975,1
70976,1
70977,1
70978,1
70979,1
70980,1
70981,1
70982,1
70983,1
70984,1
70985,1
70986,1
70987,1
70988,2
70989,1
70990,1
70991,1
70992,1
70993,1
70994,1
70995,1
70996,1
70997,1
70998,1
70999,1
71000,1
71001,1
71002,1
71003,1
71004,1
71005,1
71006,1
71007,1
71008,1
71009,1
71010,1
71011,1
71012,1
71013,1
71014,1
71015,1
71016,1
71017,1
71018,1
71019,2
71020,1
71021,2
71022,1
71023,1
71024,1
71025,1
71026,2
71027,1
71028,1
71029,1
71030,1
71031,1
71032,1
71033,1
71034,1
71035,1
71036,1
71037,1
71038,1
71039,4
71040,1
71041,1
71042,1
71043,1
71044,1
71045,2
71046,2
71047,1
71048,1
71049,1
71050,1
71051,1
71052,1
71053,1
71054,4
71055,1
71056,1
71057,1
71058,1
71059,1
71060,1
71061,1
71062,1
71063,1
71064,1
71065,1
71066,1
71067,1
71068,1
71069,2
71070,2
71071,1
71072,1
71073,1
71074,1
71075,1
71076,1
71077,1
71078,1
71079,4
71080,1
71081,1
71082,1
71083,1
71084,1
71085,1
71086,1
71087,1
71088,1
71089,1
71090,1
71091,4
71092,1
71093,1
71094,1
71095,1
71096,1
71097,1
71098,1
71099,1
71100,2
71101,2
71102,1
71103,2
71104,2
71105,1
71106,1
71107,1
71108,1
71109,1
71110,1
71111,1
71112,1
71113,1
71114,1
71115,1
71116,1
71117,1
71118,1
71119,1
71120,2
71121,1
71122,2
71123,1
71124,1
71125,2
71126,2
71127,1
71128,1
71129,1
71130,1
71131,1
71132,1
71133,1
71134,4
71135,1
71136,1
71137,1
71138,1
71139,1
71140,1
71141,1
71142,1
71143,1
71144,1
71145,1
71146,1
71147,2
71148,1
71149,1
71150,1
71151,1
71152,1
71153,1
71154,1
71155,1
71156,1
71157,1
71158,1
71159,1
71160,1
71161,1
71162,1
71163,1
71164,1
71165,1
71166,2
71167,1
71168,1
71169,1
71170,1
71171,1
71172,1
71173,1
71174,1
71175,1
71176,1
71177,4
71178,1
71179,1
71180,1
71181,1
71182,1
71183,1
71184,1
71185,1
71186,1
71187,1
71188,1
71189,1
71190,1
71191,1
71192,1
71193,1
71194,1
71195,2
71196,1
71197,1
71198,1
71199,2
71200,1
71201,1
71202,1
71203,1
71204,1
71205,1
71206,1
71207,1
71208,1
71209,4
71210,1
71211,1
71212,1
71213,1
71214,1
71215,1
71216,1
71217,1
71218,1
71219,1
71220,1
71221,1
71222,1
71223,1
71224,1
71225,1
71226,1
71227,1
71228,1
71229,1
71230,1
71231,1
71232,1
71233,1
71234,1
71235,1
71236,1
71237,1
71238,1
71239,1
71240,1
71241,2
71242,1
71243,1
71244,1
71245,1
71246,2
71247,1
71248,1
71249,1
71250,1
71251,1
71252,1
71253,1
71254,1
71255,1
71256,1
71257,1
71258,1
71259,1
71260,1
71261,1
71262,1
71263,1
71264,1
71265,1
71266,1
71267,1
71268,1
71269,1
71270,1
71271,1
71272,1
71273,4
71274,1
71275,1
71276,1
71277,1
71278,1
71279,1
71280,1
71281,1
71282,1
71283,1
71284,1
71285,1
71286,1
71287,1
71288,1
71289,1
71290,1
71291,1
71292,1
71293,1
71294,1
71295,1
71296,1
71297,1
71298,1
71299,1
71300,2
71301,1
71302,1
71303,1
71304,1
71305,1
71306,1
71307,1
71308,1
71309,1
71310,1
71311,1
71312,1
71313,1
71314,1
71315,1
71316,1
71317,1
71318,1
71319,1
71320,1
71321,1
71322,1
71323,1
71324,1
71325,1
71326,1
71327,1
71328,1
71329,1
71330,1
71331,1
71332,1
71333,1
71334,2
71335,1
71336,1
71337,1
71338,1
71339,1
71340,1
71341,1
71342,1
71343,1
71344,1
71345,1
71346,1
71347,1
71348,1
71349,1
71350,1
71351,1
71352,1
71353,1
71354,1
71355,1
71356,1
71357,1
71358,1
71359,1
71360,1
71361,1
71362,1
71363,1
71364,1
71365,1
71366,1
71367,1
71368,1
71369,1
71370,1
71371,1
71372,1
71373,1
71374,1
71375,2
71376,2
71377,2
71378,1
71379,1
71380,1
71381,1
71382,1
71383,1
71384,1
71385,1
71386,4
71387,1
71388,1
71389,1
71390,1
71391,2
71392,1
71393,1
71394,1
71395,1
71396,1
71397,1
71398,1
71399,1
71400,1
71401,1
71402,1
71403,1
71404,1
71405,1
71406,1
71407,1
71408,1
71409,1
71410,1
71411,1
71412,1
71413,1
71414,1
71415,1
71416,1
71417,1
71418,4
71419,1
71420,1
71421,1
71422,1
71423,4
71424,1
71425,1
71426,1
71427,1
71428,1
71429,1
71430,1
71431,1
71432,1
71433,1
71434,1
71435,2
71436,1
71437,1
71438,1
71439,1
71440,1
71441,1
71442,1
71443,1
71444,1
71445,1
71446,1
71447,1
71448,1
71449,1
71450,1
71451,1
71452,1
71453,1
71454,1
71455,1
71456,1
71457,1
71458,1
71459,1
71460,1
71461,1
71462,1
71463,1
71464,1
71465,1
71466,2
71467,2
71468,1
71469,1
71470,1
71471,1
71472,1
71473,1
71474,1
71475,1
71476,1
71477,1
71478,1
71479,1
71480,1
71481,1
71482,1
71483,1
71484,1
71485,1
71486,1
71487,1
71488,1
71489,1
71490,1
71491,1
71492,1
71493,1
71494,1
71495,1
71496,1
71497,1
71498,1
71499,1
71500,1
71501,1
71502,1
71503,1
71504,2
71505,1
71506,2
71507,1
71508,1
71509,1
71510,1
71511,1
71512,1
71513,1
71514,1
71515,1
71516,1
71517,1
71518,2
71519,2
71520,1
71521,1
71522,1
71523,1
71524,1
71525,1
71526,1
71527,1
71528,1
71529,1
71530,1
71531,1
71532,1
71533,1
71534,1
71535,1
71536,1
71537,1
71538,1
71539,1
71540,1
71541,2
71542,1
71543,1
71544,1
71545,1
71546,1
71547,1
71548,1
71549,1
71550,1
71551,1
71552,1
71553,1
71554,1
71555,1
71556,1
71557,1
71558,1
71559,1
71560,1
71561,2
71562,1
71563,1
71564,1
71565,1
71566,1
71567,1
71568,1
71569,1
71570,1
71571,1
71572,1
71573,1
71574,1
71575,1
71576,1
71577,1
71578,1
71579,1
71580,1
71581,1
71582,1
71583,1
71584,1
71585,1
71586,1
71587,1
71588,1
71589,1
71590,1
71591,1
71592,1
71593,1
71594,1
71595,1
71596,1
71597,1
71598,1
71599,1
71600,1
71601,1
71602,1
71603,1
71604,1
71605,1
71606,1
71607,1
71608,1
71609,1
71610,4
71611,1
71612,1
71613,1
71614,1
71615,1
71616,1
71617,1
71618,1
71619,1
71620,1
71621,1
71622,1
71623,1
71624,1
71625,1
71626,1
71627,1
71628,4
71629,1
71630,1
71631,1
71632,1
71633,1
71634,1
71635,1
71636,1
71637,1
71638,1
71639,1
71640,1
71641,1
71642,1
71643,1
71644,1
71645,1
71646,1
71647,1
71648,1
71649,1
71650,1
71651,1
71652,2
71653,1
71654,1
71655,1
71656,1
71657,2
71658,1
71659,1
71660,1
71661,1
71662,1
71663,1
71664,1
71665,1
71666,1
71667,1
71668,1
71669,1
71670,1
71671,1
71672,1
71673,1
71674,1
71675,1
71676,1
71677,1
71678,1
71679,2
71680,1
71681,1
71682,1
71683,1
71684,1
71685,1
71686,1
71687,1
71688,1
71689,1
71690,1
71691,1
71692,1
71693,1
71694,1
71695,1
71696,1
71697,2
71698,1
71699,1
71700,1
71701,1
71702,1
71703,1
71704,1
71705,1
71706,4
71707,1
71708,1
71709,1
71710,1
71711,1
71712,1
71713,1
71714,1
71715,1
71716,1
71717,1
71718,1
71719,1
71720,1
71721,4
71722,1
71723,1
71724,1
71725,1
71726,1
71727,1
71728,2
71729,1
71730,2
71731,1
71732,1
71733,1
71734,1
71735,1
71736,1
71737,1
71738,1
71739,1
71740,1
71741,1
71742,1
71743,1
71744,1
71745,1
71746,1
71747,2
71748,1
71749,1
71750,2
71751,1
71752,1
71753,1
71754,1
71755,1
71756,1
71757,1
71758,1
71759,1
71760,1
71761,1
71762,1
71763,1
71764,1
71765,1
71766,1
71767,1
71768,1
71769,2
71770,1
71771,1
71772,2
71773,2
71774,1
71775,1
71776,1
71777,1
71778,1
71779,1
71780,1
71781,1
71782,1
71783,1
71784,1
71785,1
71786,1
71787,1
71788,1
71789,1
71790,1
71791,1
71792,1
71793,1
71794,1
71795,1
71796,1
71797,1
71798,1
71799,1
71800,1
71801,1
71802,1
71803,1
71804,4
71805,1
71806,1
71807,1
71808,1
71809,2
71810,1
71811,1
71812,1
71813,1
71814,1
71815,1
71816,1
71817,1
71818,1
71819,1
71820,1
71821,1
71822,1
71823,1
71824,1
71825,1
71826,1
71827,4
71828,1
71829,1
71830,1
71831,1
71832,1
71833,4
71834,1
71835,1
71836,1
71837,1
71838,1
71839,1
71840,1
71841,1
71842,1
71843,1
71844,1
71845,1
71846,1
71847,1
71848,1
71849,1
71850,1
71851,1
71852,1
71853,1
71854,1
71855,1
71856,1
71857,1
71858,1
71859,1
71860,1
71861,1
71862,2
71863,1
71864,1
71865,1
71866,1
71867,1
71868,1
71869,1
71870,1
71871,1
71872,1
71873,1
71874,1
71875,1
71876,1
71877,1
71878,2
71879,1
71880,1
71881,1
71882,1
71883,1
71884,1
71885,1
71886,2
71887,1
71888,1
71889,1
71890,1
71891,1
71892,1
71893,1
71894,1
71895,1
71896,1
71897,1
71898,1
71899,1
71900,1
71901,1
71902,1
71903,1
71904,1
71905,1
71906,1
71907,1
71908,1
71909,1
71910,1
71911,4
71912,4
71913,1
71914,1
71915,1
71916,1
71917,1
71918,1
71919,1
71920,2
71921,1
71922,1
71923,1
71924,4
71925,1
71926,1
71927,1
71928,1
71929,1
71930,2
71931,1
71932,1
71933,1
71934,1
71935,1
71936,1
71937,1
71938,1
71939,1
71940,1
71941,1
71942,1
71943,1
71944,1
71945,1
71946,1
71947,1
71948,1
71949,1
71950,1
71951,1
71952,1
71953,1
71954,1
71955,1
71956,1
71957,1
71958,4
71959,1
71960,1
71961,1
71962,1
71963,4
71964,1
71965,1
71966,1
71967,1
71968,1
71969,1
71970,1
71971,1
71972,1
71973,1
71974,1
71975,1
71976,1
71977,1
71978,1
71979,1
71980,1
71981,2
71982,1
71983,1
71984,1
71985,1
71986,1
71987,1
71988,1
71989,1
71990,1
71991,1
71992,1
71993,1
71994,1
71995,1
71996,1
71997,1
71998,1
71999,1
72000,4
72001,1
72002,1
72003,1
72004,1
72005,1
72006,1
72007,1
72008,1
72009,1
72010,4
72011,1
72012,1
72013,1
72014,2
72015,1
72016,1
72017,1
72018,1
72019,1
72020,1
72021,1
72022,1
72023,2
72024,1
72025,1
72026,1
72027,1
72028,1
72029,1
72030,1
72031,1
72032,1
72033,1
72034,1
72035,1
72036,1
72037,1
72038,2
72039,1
72040,1
72041,1
72042,1
72043,1
72044,1
72045,1
72046,1
72047,1
72048,1
72049,1
72050,1
72051,1
72052,1
72053,1
72054,1
72055,1
72056,1
72057,2
72058,1
72059,1
72060,1
72061,1
72062,1
72063,1
72064,1
72065,1
72066,1
72067,1
72068,1
72069,1
72070,1
72071,1
72072,1
72073,1
72074,1
72075,4
72076,1
72077,1
72078,4
72079,2
72080,2
72081,1
72082,1
72083,1
72084,1
72085,1
72086,1
72087,1
72088,1
72089,1
72090,1
72091,1
72092,1
72093,1
72094,1
72095,1
72096,4
72097,1
72098,1
72099,1
72100,1
72101,1
72102,1
72103,1
72104,1
72105,1
72106,4
72107,1
72108,1
72109,1
72110,1
72111,4
72112,1
72113,1
72114,1
72115,1
72116,1
72117,1
72118,1
72119,1
72120,1
72121,1
72122,1
72123,1
72124,1
72125,1
72126,1
72127,1
72128,1
72129,1
72130,1
72131,1
72132,1
72133,1
72134,1
72135,1
72136,1
72137,4
72138,1
72139,2
72140,1
72141,1
72142,1
72143,1
72144,1
72145,4
72146,1
72147,1
72148,1
72149,1
72150,1
72151,1
72152,1
72153,1
72154,1
72155,1
72156,1
72157,1
72158,1
72159,1
72160,1
72161,1
72162,1
72163,1
72164,1
72165,1
72166,1
72167,1
72168,1
72169,1
72170,1
72171,1
72172,2
72173,1
72174,1
72175,1
72176,1
72177,1
72178,1
72179,1
72180,1
72181,1
72182,4
72183,1
72184,1
72185,1
72186,1
72187,1
72188,1
72189,1
72190,1
72191,1
72192,1
72193,2
72194,1
72195,2
72196,1
72197,1
72198,1
72199,1
72200,1
72201,1
72202,1
72203,1
72204,1
72205,1
72206,1
72207,1
72208,1
72209,1
72210,1
72211,1
72212,1
72213,1
72214,1
72215,1
72216,1
72217,1
72218,1
72219,1
72220,1
72221,1
72222,1
72223,1
72224,1
72225,1
72226,1
72227,2
72228,1
72229,1
72230,1
72231,1
72232,1
72233,1
72234,1
72235,1
72236,1
72237,1
72238,1
72239,4
72240,2
72241,2
72242,1
72243,1
72244,1
72245,1
72246,1
72247,1
72248,1
72249,4
72250,1
72251,1
72252,1
72253,1
72254,1
72255,1
72256,1
72257,1
72258,1
72259,1
72260,1
72261,1
72262,1
72263,1
72264,1
72265,1
72266,1
72267,1
72268,1
72269,1
72270,1
72271,1
72272,1
72273,1
72274,2
72275,1
72276,1
72277,1
72278,1
72279,1
72280,1
72281,1
72282,1
72283,1
72284,1
72285,1
72286,1
72287,4
72288,1
72289,1
72290,1
72291,1
72292,1
72293,1
72294,1
72295,1
72296,1
72297,1
72298,1
72299,2
72300,1
72301,1
72302,1
72303,1
72304,1
72305,1
72306,1
72307,1
72308,1
72309,1
72310,1
72311,1
72312,1
72313,1
72314,1
72315,1
72316,1
72317,1
72318,1
72319,1
72320,1
72321,1
72322,1
72323,1
72324,1
72325,1
72326,1
72327,1
72328,1
72329,1
72330,4
72331,1
72332,1
72333,1
72334,1
72335,1
72336,1
72337,1
72338,4
72339,1
72340,4
72341,1
72342,1
72343,1
72344,1
72345,1
72346,1
72347,1
72348,1
72349,1
72350,1
72351,2
72352,1
72353,1
72354,1
72355,1
72356,1
72357,1
72358,1
72359,1
72360,1
72361,1
72362,1
72363,1
72364,1
72365,1
72366,1
72367,1
72368,1
72369,1
72370,1
72371,1
72372,1
72373,2
72374,2
72375,4
72376,1
72377,1
72378,1
72379,1
72380,1
72381,1
72382,1
72383,1
72384,4
72385,1
72386,1
72387,1
72388,1
72389,1
72390,1
72391,1
72392,1
72393,1
72394,1
72395,1
72396,1
72397,1
72398,1
72399,1
72400,1
72401,1
72402,1
72403,1
72404,1
72405,1
72406,1
72407,1
72408,1
72409,4
72410,1
72411,1
72412,1
72413,1
72414,1
72415,1
72416,1
72417,1
72418,1
72419,1
72420,4
72421,1
72422,1
72423,1
72424,1
72425,1
72426,1
72427,1
72428,1
72429,1
72430,1
72431,1
72432,4
72433,1
72434,1
72435,1
72436,1
72437,1
72438,1
72439,1
72440,1
72441,2
72442,1
72443,1
72444,1
72445,1
72446,2
72447,1
72448,1
72449,1
72450,1
72451,1
72452,1
72453,1
72454,1
72455,1
72456,1
72457,1
72458,1
72459,1
72460,1
72461,1
72462,1
72463,1
72464,1
72465,1
72466,1
72467,1
72468,1
72469,1
72470,1
72471,1
72472,1
72473,1
72474,1
72475,1
72476,1
72477,1
72478,1
72479,1
72480,1
72481,1
72482,1
72483,1
72484,1
72485,1
72486,1
72487,1
72488,1
72489,1
72490,1
72491,4
72492,1
72493,1
72494,4
72495,1
72496,1
72497,1
72498,1
72499,1
72500,1
72501,1
72502,1
72503,1
72504,1
72505,1
72506,1
72507,1
72508,1
72509,1
72510,1
72511,2
72512,1
72513,1
72514,1
72515,1
72516,1
72517,1
72518,4
72519,1
72520,1
72521,1
72522,1
72523,1
72524,1
72525,1
72526,1
72527,1
72528,1
72529,1
72530,1
72531,1
72532,1
72533,1
72534,1
72535,1
72536,1
72537,1
72538,1
72539,1
72540,1
72541,1
72542,2
72543,2
72544,1
72545,1
72546,1
72547,1
72548,1
72549,1
72550,1
72551,1
72552,1
72553,2
72554,1
72555,1
72556,1
72557,1
72558,1
72559,1
72560,4
72561,1
72562,1
72563,1
72564,1
72565,1
72566,1
72567,1
72568,1
72569,1
72570,1
72571,1
72572,1
72573,1
72574,1
72575,1
72576,4
72577,1
72578,1
72579,1
72580,1
72581,1
72582,1
72583,1
72584,1
72585,1
72586,1
72587,1
72588,1
72589,1
72590,1
72591,1
72592,1
72593,1
72594,1
72595,1
72596,1
72597,1
72598,1
72599,1
72600,2
72601,1
72602,1
72603,2
72604,1
72605,1
72606,1
72607,1
72608,1
72609,1
72610,1
72611,1
72612,1
72613,1
72614,1
72615,1
72616,1
72617,1
72618,1
72619,1
72620,1
72621,1
72622,1
72623,1
72624,1
72625,1
72626,1
72627,1
72628,1
72629,1
72630,4
72631,1
72632,1
72633,1
72634,1
72635,1
72636,1
72637,1
72638,2
72639,1
72640,1
72641,1
72642,1
72643,1
72644,1
72645,1
72646,1
72647,1
72648,1
72649,1
72650,1
72651,1
72652,1
72653,1
72654,1
72655,1
72656,1
72657,2
72658,1
72659,1
72660,1
72661,1
72662,1
72663,1
72664,1
72665,4
72666,1
72667,1
72668,1
72669,1
72670,1
72671,4
72672,2
72673,1
72674,1
72675,1
72676,1
72677,1
72678,1
72679,1
72680,1
72681,1
72682,1
72683,1
72684,1
72685,1
72686,1
72687,1
72688,1
72689,1
72690,1
72691,1
72692,1
72693,1
72694,1
72695,1
72696,1
72697,1
72698,1
72699,1
72700,1
72701,1
72702,1
72703,1
72704,1
72705,1
72706,1
72707,1
72708,1
72709,1
72710,1
72711,4
72712,1
72713,1
72714,1
72715,1
72716,1
72717,1
72718,1
72719,1
72720,1
72721,1
72722,2
72723,1
72724,1
72725,1
72726,1
72727,1
72728,1
72729,1
72730,1
72731,1
72732,1
72733,1
72734,1
72735,1
72736,1
72737,1
72738,1
72739,1
72740,2
72741,1
72742,1
72743,1
72744,1
72745,1
72746,1
72747,1
72748,1
72749,1
72750,1
72751,2
72752,1
72753,1
72754,1
72755,2
72756,1
72757,1
72758,1
72759,1
72760,1
72761,1
72762,1
72763,1
72764,1
72765,1
72766,1
72767,1
72768,1
72769,1
72770,1
72771,1
72772,1
72773,1
72774,1
72775,1
72776,1
72777,1
72778,1
72779,1
72780,1
72781,1
72782,4
72783,2
72784,4
72785,1
72786,1
72787,1
72788,1
72789,1
72790,1
72791,1
72792,1
72793,1
72794,1
72795,1
72796,4
72797,1
72798,1
72799,1
72800,1
72801,1
72802,1
72803,1
72804,1
72805,1
72806,1
72807,1
72808,1
72809,1
72810,1
72811,2
72812,1
72813,1
72814,1
72815,1
72816,1
72817,1
72818,1
72819,1
72820,1
72821,1
72822,1
72823,1
72824,1
72825,1
72826,2
72827,1
72828,1
72829,4
72830,1
72831,1
72832,1
72833,1
72834,1
72835,1
72836,1
72837,1
72838,1
72839,1
72840,1
72841,1
72842,1
72843,1
72844,1
72845,1
72846,1
72847,1
72848,1
72849,1
72850,1
72851,1
72852,1
72853,1
72854,1
72855,1
72856,1
72857,1
72858,1
72859,1
72860,4
72861,1
72862,1
72863,1
72864,1
72865,1
72866,1
72867,1
72868,1
72869,1
72870,1
72871,1
72872,1
72873,1
72874,1
72875,1
72876,1
72877,1
72878,1
72879,1
72880,1
72881,1
72882,2
72883,2
72884,1
72885,1
72886,1
72887,1
72888,1
72889,1
72890,1
72891,1
72892,1
72893,1
72894,1
72895,1
72896,2
72897,1
72898,1
72899,1
72900,1
72901,1
72902,1
72903,1
72904,1
72905,1
72906,1
72907,1
72908,1
72909,1
72910,1
72911,1
72912,1
72913,2
72914,1
72915,2
72916,1
72917,1
72918,1
72919,1
72920,1
72921,1
72922,1
72923,1
72924,1
72925,1
72926,1
72927,1
72928,2
72929,1
72930,2
72931,1
72932,1
72933,1
72934,2
72935,1
72936,1
72937,1
72938,1
72939,1
72940,1
72941,2
72942,1
72943,1
72944,1
72945,1
72946,1
72947,1
72948,1
72949,1
72950,1
72951,1
72952,1
72953,1
72954,1
72955,1
72956,2
72957,1
72958,1
72959,4
72960,1
72961,1
72962,1
72963,1
72964,1
72965,1
72966,1
72967,1
72968,1
72969,4
72970,1
72971,1
72972,1
72973,2
72974,1
72975,1
72976,1
72977,1
72978,1
72979,1
72980,1
72981,1
72982,1
72983,1
72984,1
72985,1
72986,1
72987,1
72988,1
72989,1
72990,1
72991,1
72992,1
72993,1
72994,1
72995,1
72996,1
72997,1
72998,2
72999,2
73000,1
73001,1
73002,1
73003,1
73004,1
73005,1
73006,1
73007,1
73008,1
73009,1
73010,1
73011,1
73012,1
73013,1
73014,1
73015,1
73016,1
73017,1
73018,1
73019,1
73020,1
73021,1
73022,1
73023,1
73024,1
73025,1
73026,1
73027,1
73028,4
73029,1
73030,4
73031,1
73032,1
73033,4
73034,1
73035,1
73036,2
73037,4
73038,1
73039,2
73040,1
73041,1
73042,2
73043,1
73044,1
73045,4
73046,1
73047,4
73048,1
73049,4
73050,1
73051,1
73052,1
73053,1
73054,1
73055,1
73056,1
73057,1
73058,1
73059,1
73060,1
73061,1
73062,1
73063,1
73064,1
73065,1
73066,1
73067,1
73068,1
73069,4
73070,4
73071,1
73072,1
73073,1
73074,1
73075,1
73076,1
73077,1
73078,1
73079,1
73080,1
73081,2
73082,1
73083,1
73084,1
73085,1
73086,1
73087,1
73088,1
73089,1
73090,1
73091,1
73092,1
73093,1
73094,1
73095,1
73096,1
73097,1
73098,1
73099,1
73100,1
73101,1
73102,1
73103,1
73104,1
73105,1
73106,1
73107,1
73108,1
73109,2
73110,1
73111,1
73112,1
73113,1
73114,1
73115,1
73116,4
73117,1
73118,1
73119,1
73120,1
73121,1
73122,1
73123,1
73124,1
73125,1
73126,1
73127,1
73128,1
73129,1
73130,1
73131,1
73132,1
73133,1
73134,1
73135,1
73136,4
73137,1
73138,1
73139,1
73140,1
73141,1
73142,1
73143,1
73144,1
73145,1
73146,2
73147,1
73148,1
73149,1
73150,1
73151,4
73152,1
73153,1
73154,1
73155,1
73156,1
73157,1
73158,1
73159,1
73160,1
73161,1
73162,1
73163,1
73164,1
73165,1
73166,1
73167,1
73168,1
73169,1
73170,1
73171,1
73172,1
73173,1
73174,1
73175,1
73176,1
73177,1
73178,1
73179,1
73180,1
73181,1
73182,1
73183,1
73184,1
73185,1
73186,1
73187,2
73188,1
73189,1
73190,4
73191,1
73192,1
73193,1
73194,1
73195,1
73196,1
73197,1
73198,1
73199,1
73200,1
73201,2
73202,1
73203,4
73204,2
73205,1
73206,4
73207,1
73208,2
73209,1
73210,1
73211,2
73212,1
73213,1
73214,1
73215,1
73216,1
73217,1
73218,1
73219,4
73220,1
73221,1
73222,1
73223,1
73224,1
73225,1
73226,1
73227,1
73228,4
73229,1
73230,1
73231,1
73232,1
73233,1
73234,1
73235,1
73236,4
73237,1
73238,1
73239,1
73240,1
73241,1
73242,1
73243,1
73244,1
73245,1
73246,1
73247,4
73248,1
73249,1
73250,1
73251,1
73252,2
73253,1
73254,1
73255,1
73256,4
73257,1
73258,1
73259,1
73260,1
73261,1
73262,1
73263,1
73264,1
73265,1
73266,1
73267,1
73268,1
73269,1
73270,1
73271,1
73272,1
73273,1
73274,1
73275,4
73276,1
73277,1
73278,1
73279,1
73280,1
73281,1
73282,1
73283,1
73284,1
73285,1
73286,1
73287,1
73288,1
73289,1
73290,1
73291,1
73292,1
73293,1
73294,2
73295,1
73296,1
73297,1
73298,1
73299,1
73300,1
73301,1
73302,1
73303,1
73304,1
73305,1
73306,1
73307,1
73308,1
73309,1
73310,2
73311,1
73312,4
73313,4
73314,1
73315,1
73316,4
73317,1
73318,1
73319,1
73320,4
73321,1
73322,1
73323,1
73324,1
73325,1
73326,1
73327,2
73328,2
73329,1
73330,1
73331,2
73332,2
73333,1
73334,1
73335,1
73336,1
73337,1
73338,1
73339,2
73340,1
73341,1
73342,1
73343,1
73344,1
73345,1
73346,1
73347,1
73348,1
73349,1
73350,1
73351,1
73352,1
73353,2
73354,1
73355,1
73356,1
73357,1
73358,1
73359,1
73360,1
73361,1
73362,1
73363,1
73364,1
73365,1
73366,1
73367,1
73368,1
73369,1
73370,1
73371,1
73372,1
73373,1
73374,2
73375,1
73376,1
73377,1
73378,1
73379,1
73380,1
73381,1
73382,1
73383,1
73384,1
73385,1
73386,1
73387,1
73388,1
73389,1
73390,1
73391,1
73392,2
73393,1
73394,1
73395,1
73396,1
73397,1
73398,1
73399,4
73400,1
73401,1
73402,1
73403,1
73404,1
73405,1
73406,1
73407,1
73408,2
73409,2
73410,1
73411,2
73412,1
73413,1
73414,1
73415,1
73416,1
73417,1
73418,1
73419,1
73420,1
73421,1
73422,1
73423,1
73424,1
73425,1
73426,1
73427,1
73428,1
73429,1
73430,1
73431,1
73432,1
73433,1
73434,1
73435,1
73436,1
73437,1
73438,1
73439,1
73440,1
73441,1
73442,1
73443,1
73444,1
73445,1
73446,1
73447,2
73448,1
73449,4
73450,1
73451,1
73452,1
73453,1
73454,1
73455,2
73456,1
73457,1
73458,1
73459,1
73460,1
73461,1
73462,1
73463,1
73464,1
73465,1
73466,1
73467,1
73468,1
73469,1
73470,1
73471,1
73472,1
73473,2
73474,1
73475,1
73476,1
73477,1
73478,1
73479,1
73480,2
73481,1
73482,1
73483,1
73484,2
73485,1
73486,1
73487,2
73488,1
73489,1
73490,1
73491,1
73492,1
73493,1
73494,1
73495,1
73496,1
73497,4
73498,1
73499,1
73500,1
73501,1
73502,1
73503,1
73504,1
73505,1
73506,1
73507,1
73508,1
73509,1
73510,1
73511,1
73512,1
73513,1
73514,1
73515,1
73516,4
73517,1
73518,1
73519,1
73520,1
73521,1
73522,1
73523,1
73524,1
73525,1
73526,1
73527,1
73528,1
73529,1
73530,1
73531,1
73532,1
73533,1
73534,1
73535,1
73536,1
73537,1
73538,1
73539,1
73540,1
73541,2
73542,1
73543,1
73544,1
73545,1
73546,4
73547,1
73548,1
73549,1
73550,1
73551,1
73552,1
73553,1
73554,4
73555,1
73556,1
73557,1
73558,1
73559,1
73560,1
73561,1
73562,1
73563,1
73564,1
73565,1
73566,1
73567,1
73568,1
73569,1
73570,1
73571,1
73572,1
73573,1
73574,1
73575,1
73576,1
73577,1
73578,1
73579,1
73580,1
73581,1
73582,1
73583,1
73584,1
73585,1
73586,1
73587,1
73588,1
73589,1
73590,1
73591,1
73592,1
73593,1
73594,1
73595,1
73596,1
73597,1
73598,1
73599,4
73600,1
73601,1
73602,1
73603,1
73604,1
73605,1
73606,1
73607,1
73608,1
73609,1
73610,1
73611,1
73612,1
73613,1
73614,2
73615,2
73616,1
73617,1
73618,1
73619,1
73620,1
73621,1
73622,1
73623,1
73624,1
73625,1
73626,1
73627,1
73628,1
73629,1
73630,1
73631,1
73632,1
73633,1
73634,1
73635,1
73636,1
73637,1
73638,1
73639,1
73640,1
73641,1
73642,1
73643,1
73644,1
73645,1
73646,1
73647,1
73648,1
73649,1
73650,2
73651,1
73652,1
73653,1
73654,1
73655,1
73656,1
73657,1
73658,1
73659,1
73660,1
73661,1
73662,1
73663,1
73664,1
73665,1
73666,1
73667,1
73668,1
73669,1
73670,1
73671,1
73672,1
73673,1
73674,1
73675,1
73676,1
73677,1
73678,1
73679,1
73680,1
73681,1
73682,1
73683,1
73684,1
73685,1
73686,1
73687,1
73688,1
73689,1
73690,1
73691,1
73692,1
73693,1
73694,1
73695,1
73696,1
73697,1
73698,1
73699,1
73700,1
73701,1
73702,1
73703,1
73704,4
73705,1
73706,1
73707,1
73708,1
73709,1
73710,1
73711,4
73712,2
73713,2
73714,1
73715,4
73716,1
73717,1
73718,1
73719,1
73720,1
73721,1
73722,1
73723,1
73724,1
73725,1
73726,1
73727,1
73728,1
73729,1
73730,2
73731,1
73732,1
73733,2
73734,1
73735,1
73736,4
73737,1
73738,1
73739,1
73740,1
73741,1
73742,1
73743,1
73744,1
73745,1
73746,1
73747,1
73748,1
73749,2
73750,1
73751,1
73752,1
73753,4
73754,1
73755,1
73756,4
73757,1
73758,1
73759,1
73760,1
73761,1
73762,1
73763,1
73764,1
73765,1
73766,1
73767,1
73768,2
73769,1
73770,1
73771,1
73772,1
73773,1
73774,1
73775,1
73776,1
73777,1
73778,1
73779,1
73780,1
73781,1
73782,1
73783,1
73784,1
73785,1
73786,1
73787,1
73788,1
73789,1
73790,1
73791,4
73792,1
73793,1
73794,1
73795,1
73796,1
73797,1
73798,1
73799,1
73800,1
73801,1
73802,1
73803,1
73804,1
73805,1
73806,1
73807,1
73808,2
73809,1
73810,1
73811,1
73812,1
73813,1
73814,1
73815,1
73816,1
73817,1
73818,4
73819,1
73820,1
73821,1
73822,1
73823,1
73824,1
73825,1
73826,1
73827,1
73828,4
73829,1
73830,1
73831,1
73832,1
73833,1
73834,1
73835,1
73836,1
73837,1
73838,1
73839,1
73840,1
73841,1
73842,1
73843,1
73844,1
73845,1
73846,1
73847,1
73848,1
73849,1
73850,1
73851,1
73852,1
73853,1
73854,1
73855,1
73856,1
73857,1
73858,1
73859,1
73860,1
73861,1
73862,1
73863,1
73864,1
73865,1
73866,1
73867,1
73868,1
73869,1
73870,1
73871,1
73872,1
73873,1
73874,1
73875,1
73876,1
73877,1
73878,4
73879,1
73880,1
73881,1
73882,1
73883,1
73884,1
73885,1
73886,1
73887,1
73888,1
73889,1
73890,1
73891,1
73892,1
73893,1
73894,4
73895,1
73896,1
73897,1
73898,1
73899,1
73900,1
73901,1
73902,1
73903,1
73904,1
73905,1
73906,1
73907,1
73908,1
73909,1
73910,1
73911,1
73912,1
73913,1
73914,1
73915,1
73916,1
73917,1
73918,1
73919,1
73920,1
73921,1
73922,1
73923,1
73924,1
73925,1
73926,1
73927,1
73928,1
73929,1
73930,1
73931,1
73932,1
73933,1
73934,1
73935,1
73936,1
73937,1
73938,1
73939,1
73940,1
73941,2
73942,1
73943,4
73944,2
73945,4
73946,1
73947,1
73948,1
73949,1
73950,1
73951,1
73952,1
73953,1
73954,1
73955,1
73956,1
73957,1
73958,4
73959,1
73960,1
73961,1
73962,1
73963,1
73964,1
73965,1
73966,1
73967,1
73968,1
73969,1
73970,1
73971,1
73972,1
73973,1
73974,1
73975,1
73976,1
73977,1
73978,1
73979,1
73980,1
73981,1
73982,1
73983,1
73984,1
73985,1
73986,1
73987,1
73988,1
73989,1
73990,1
73991,1
73992,1
73993,1
73994,1
73995,1
73996,2
73997,1
73998,1
73999,1
74000,1
74001,1
74002,1
74003,1
74004,1
74005,1
74006,1
74007,1
74008,1
74009,2
74010,4
74011,1
74012,1
74013,1
74014,1
74015,1
74016,1
74017,1
74018,1
74019,1
74020,1
74021,2
74022,1
74023,2
74024,1
74025,1
74026,1
74027,1
74028,1
74029,1
74030,1
74031,1
74032,1
74033,1
74034,1
74035,1
74036,2
74037,1
74038,1
74039,1
74040,1
74041,1
74042,1
74043,1
74044,2
74045,1
74046,1
74047,1
74048,1
74049,1
74050,4
74051,1
74052,1
74053,1
74054,1
74055,1
74056,1
74057,1
74058,1
74059,1
74060,1
74061,1
74062,2
74063,1
74064,1
74065,1
74066,1
74067,1
74068,1
74069,1
74070,1
74071,1
74072,1
74073,4
74074,1
74075,1
74076,1
74077,1
74078,1
74079,1
74080,1
74081,1
74082,1
74083,1
74084,1
74085,1
74086,1
74087,1
74088,1
74089,1
74090,1
74091,1
74092,1
74093,4
74094,1
74095,1
74096,1
74097,1
74098,1
74099,1
74100,1
74101,1
74102,1
74103,1
74104,1
74105,1
74106,1
74107,1
74108,1
74109,1
74110,1
74111,1
74112,1
74113,1
74114,1
74115,1
74116,1
74117,2
74118,1
74119,1
74120,1
74121,1
74122,1
74123,1
74124,1
74125,1
74126,1
74127,1
74128,1
74129,1
74130,1
74131,1
74132,1
74133,1
74134,1
74135,1
74136,2
74137,1
74138,1
74139,1
74140,1
74141,1
74142,1
74143,1
74144,1
74145,1
74146,1
74147,1
74148,1
74149,1
74150,1
74151,1
74152,1
74153,1
74154,4
74155,1
74156,1
74157,1
74158,1
74159,1
74160,1
74161,1
74162,1
74163,1
74164,1
74165,1
74166,1
74167,1
74168,1
74169,1
74170,1
74171,1
74172,2
74173,1
74174,1
74175,1
74176,1
74177,1
74178,1
74179,1
74180,1
74181,1
74182,1
74183,1
74184,1
74185,1
74186,1
74187,1
74188,2
74189,1
74190,1
74191,4
74192,1
74193,1
74194,1
74195,1
74196,1
74197,4
74198,1
74199,1
74200,1
74201,1
74202,1
74203,1
74204,1
74205,1
74206,1
74207,1
74208,1
74209,1
74210,1
74211,1
74212,1
74213,1
74214,1
74215,1
74216,1
74217,1
74218,1
74219,1
74220,1
74221,1
74222,1
74223,1
74224,4
74225,1
74226,2
74227,1
74228,1
74229,1
74230,1
74231,1
74232,1
74233,1
74234,1
74235,1
74236,1
74237,1
74238,1
74239,1
74240,1
74241,1
74242,1
74243,4
74244,1
74245,1
74246,1
74247,1
74248,1
74249,2
74250,1
74251,1
74252,1
74253,1
74254,1
74255,1
74256,1
74257,1
74258,1
74259,1
74260,1
74261,1
74262,1
74263,1
74264,1
74265,1
74266,1
74267,1
74268,1
74269,2
74270,1
74271,1
74272,1
74273,1
74274,1
74275,1
74276,1
74277,1
74278,1
74279,1
74280,1
74281,1
74282,1
74283,1
74284,1
74285,1
74286,1
74287,1
74288,2
74289,1
74290,2
74291,1
74292,1
74293,1
74294,1
74295,1
74296,1
74297,4
74298,1
74299,1
74300,1
74301,1
74302,1
74303,1
74304,1
74305,1
74306,1
74307,1
74308,1
74309,1
74310,1
74311,1
74312,1
74313,1
74314,1
74315,1
74316,1
74317,1
74318,1
74319,1
74320,1
74321,1
74322,1
74323,1
74324,1
74325,1
74326,1
74327,1
74328,1
74329,1
74330,1
74331,1
74332,1
74333,1
74334,1
74335,1
74336,1
74337,1
74338,1
74339,1
74340,1
74341,1
74342,1
74343,1
74344,1
74345,1
74346,1
74347,1
74348,1
74349,1
74350,1
74351,4
74352,1
74353,1
74354,1
74355,1
74356,1
74357,1
74358,1
74359,1
74360,2
74361,1
74362,1
74363,1
74364,1
74365,1
74366,1
74367,1
74368,1
74369,1
74370,1
74371,1
74372,1
74373,1
74374,1
74375,1
74376,1
74377,1
74378,1
74379,2
74380,1
74381,1
74382,1
74383,1
74384,1
74385,1
74386,1
74387,1
74388,1
74389,1
74390,1
74391,1
74392,2
74393,1
74394,1
74395,1
74396,1
74397,1
74398,1
74399,1
74400,1
74401,1
74402,1
74403,1
74404,1
74405,4
74406,1
74407,1
74408,1
74409,1
74410,1
74411,1
74412,1
74413,1
74414,1
74415,1
74416,1
74417,1
74418,1
74419,1
74420,1
74421,1
74422,1
74423,1
74424,1
74425,2
74426,2
74427,1
74428,1
74429,1
74430,1
74431,1
74432,1
74433,1
74434,1
74435,1
74436,1
74437,1
74438,1
74439,1
74440,1
74441,1
74442,1
74443,1
74444,1
74445,1
74446,1
74447,1
74448,1
74449,1
74450,2
74451,1
74452,1
74453,1
74454,1
74455,1
74456,1
74457,1
74458,1
74459,1
74460,1
74461,1
74462,1
74463,1
74464,1
74465,1
74466,1
74467,1
74468,1
74469,1
74470,1
74471,1
74472,1
74473,1
74474,1
74475,1
74476,1
74477,1
74478,1
74479,1
74480,1
74481,1
74482,1
74483,1
74484,1
74485,1
74486,1
74487,1
74488,1
74489,1
74490,1
74491,1
74492,1
74493,1
74494,2
74495,1
74496,1
74497,1
74498,2
74499,2
74500,1
74501,1
74502,1
74503,1
74504,1
74505,1
74506,1
74507,1
74508,1
74509,1
74510,1
74511,1
74512,1
74513,1
74514,1
74515,1
74516,4
74517,1
74518,1
74519,1
74520,1
74521,1
74522,1
74523,1
74524,1
74525,1
74526,1
74527,1
74528,1
74529,2
74530,1
74531,1
74532,1
74533,1
74534,1
74535,1
74536,1
74537,1
74538,4
74539,1
74540,1
74541,1
74542,1
74543,1
74544,1
74545,1
74546,1
74547,1
74548,1
74549,1
74550,1
74551,1
74552,1
74553,1
74554,1
74555,1
74556,1
74557,1
74558,1
74559,1
74560,1
74561,1
74562,1
74563,1
74564,1
74565,1
74566,1
74567,1
74568,1
74569,1
74570,1
74571,1
74572,1
74573,1
74574,1
74575,4
74576,1
74577,1
74578,1
74579,1
74580,1
74581,1
74582,1
74583,1
74584,1
74585,1
74586,1
74587,1
74588,1
74589,1
74590,1
74591,2
74592,2
74593,1
74594,1
74595,1
74596,2
74597,1
74598,1
74599,1
74600,1
74601,1
74602,1
74603,1
74604,1
74605,1
74606,1
74607,1
74608,1
74609,1
74610,1
74611,1
74612,1
74613,1
74614,1
74615,2
74616,1
74617,1
74618,1
74619,1
74620,1
74621,1
74622,1
74623,1
74624,1
74625,1
74626,1
74627,1
74628,1
74629,1
74630,1
74631,1
74632,1
74633,1
74634,1
74635,1
74636,1
74637,1
74638,1
74639,1
74640,1
74641,1
74642,1
74643,1
74644,1
74645,1
74646,1
74647,1
74648,1
74649,1
74650,1
74651,1
74652,1
74653,1
74654,1
74655,1
74656,1
74657,1
74658,1
74659,1
74660,1
74661,1
74662,1
74663,1
74664,1
74665,1
74666,1
74667,1
74668,1
74669,1
74670,1
74671,1
74672,1
74673,1
74674,1
74675,1
74676,1
74677,1
74678,1
74679,1
74680,1
74681,4
74682,1
74683,1
74684,1
74685,1
74686,1
74687,1
74688,1
74689,1
74690,1
74691,2
74692,1
74693,1
74694,1
74695,1
74696,2
74697,2
74698,4
74699,1
74700,1
74701,1
74702,1
74703,1
74704,1
74705,1
74706,1
74707,1
74708,1
74709,1
74710,1
74711,1
74712,1
74713,1
74714,1
74715,1
74716,1
74717,1
74718,1
74719,4
74720,1
74721,1
74722,1
74723,1
74724,2
74725,1
74726,1
74727,1
74728,1
74729,1
74730,1
74731,1
74732,1
74733,1
74734,1
74735,1
74736,2
74737,1
74738,1
74739,1
74740,1
74741,1
74742,1
74743,1
74744,1
74745,1
74746,1
74747,1
74748,1
74749,1
74750,1
74751,1
74752,1
74753,1
74754,1
74755,1
74756,1
74757,1
74758,1
74759,2
74760,1
74761,1
74762,1
74763,1
74764,1
74765,1
74766,1
74767,1
74768,1
74769,1
74770,1
74771,1
74772,1
74773,1
74774,1
74775,4
74776,1
74777,2
74778,1
74779,1
74780,1
74781,1
74782,1
74783,4
74784,1
74785,1
74786,1
74787,1
74788,1
74789,1
74790,1
74791,1
74792,1
74793,1
74794,1
74795,1
74796,1
74797,1
74798,1
74799,1
74800,1
74801,1
74802,1
74803,1
74804,1
74805,1
74806,1
74807,1
74808,1
74809,1
74810,2
74811,1
74812,1
74813,1
74814,1
74815,2
74816,1
74817,1
74818,1
74819,1
74820,1
74821,1
74822,1
74823,1
74824,1
74825,1
74826,1
74827,1
74828,1
74829,1
74830,1
74831,1
74832,1
74833,1
74834,1
74835,1
74836,1
74837,1
74838,1
74839,1
74840,1
74841,1
74842,1
74843,1
74844,1
74845,1
74846,1
74847,1
74848,1
74849,1
74850,1
74851,4
74852,1
74853,1
74854,1
74855,1
74856,1
74857,1
74858,1
74859,1
74860,1
74861,1
74862,1
74863,1
74864,1
74865,1
74866,1
74867,1
74868,1
74869,1
74870,1
74871,1
74872,1
74873,1
74874,1
74875,1
74876,1
74877,1
74878,1
74879,1
74880,1
74881,1
74882,1
74883,1
74884,1
74885,2
74886,1
74887,1
74888,1
74889,1
74890,1
74891,1
74892,1
74893,1
74894,1
74895,1
74896,1
74897,1
74898,1
74899,1
74900,1
74901,1
74902,1
74903,2
74904,1
74905,1
74906,2
74907,1
74908,1
74909,1
74910,1
74911,1
74912,1
74913,1
74914,1
74915,1
74916,1
74917,1
74918,1
74919,1
74920,1
74921,1
74922,1
74923,1
74924,1
74925,1
74926,1
74927,1
74928,1
74929,1
74930,1
74931,1
74932,1
74933,1
74934,1
74935,1
74936,1
74937,1
74938,1
74939,1
74940,1
74941,1
74942,1
74943,1
74944,1
74945,1
74946,1
74947,1
74948,1
74949,1
74950,1
74951,1
74952,1
74953,1
74954,1
74955,1
74956,1
74957,1
74958,1
74959,1
74960,1
74961,1
74962,1
74963,4
74964,1
74965,1
74966,1
74967,1
74968,4
74969,1
74970,1
74971,1
74972,1
74973,1
74974,1
74975,1
74976,1
74977,1
74978,1
74979,1
74980,1
74981,4
74982,1
74983,1
74984,1
74985,1
74986,1
74987,2
74988,1
74989,1
74990,1
74991,1
74992,1
74993,1
74994,1
74995,1
74996,1
74997,1
74998,1
74999,1
75000,1
75001,1
75002,1
75003,1
75004,1
75005,1
75006,1
75007,1
75008,1
75009,1
75010,2
75011,1
75012,1
75013,1
75014,1
75015,1
75016,1
75017,1
75018,1
75019,1
75020,1
75021,1
75022,1
75023,1
75024,1
75025,1
75026,1
75027,1
75028,1
75029,2
75030,1
75031,1
75032,1
75033,1
75034,1
75035,1
75036,1
75037,4
75038,1
75039,1
75040,1
75041,1
75042,1
75043,1
75044,1
75045,1
75046,1
75047,1
75048,1
75049,1
75050,4
75051,1
75052,1
75053,1
75054,1
75055,1
75056,1
75057,1
75058,1
75059,1
75060,1
75061,1
75062,1
75063,1
75064,1
75065,1
75066,1
75067,1
75068,1
75069,1
75070,1
75071,1
75072,1
75073,1
75074,1
75075,1
75076,1
75077,1
75078,1
75079,2
75080,1
75081,1
75082,1
75083,1
75084,2
75085,1
75086,1
75087,1
75088,1
75089,1
75090,1
75091,1
75092,1
75093,1
75094,1
75095,1
75096,1
75097,1
75098,4
75099,1
75100,1
75101,1
75102,1
75103,1
75104,1
75105,1
75106,1
75107,1
75108,1
75109,1
75110,1
75111,1
75112,1
75113,1
75114,1
75115,1
75116,2
75117,1
75118,1
75119,1
75120,1
75121,1
75122,1
75123,1
75124,1
75125,1
75126,1
75127,1
75128,1
75129,1
75130,1
75131,1
75132,1
75133,1
75134,1
75135,1
75136,1
75137,2
75138,1
75139,1
75140,1
75141,1
75142,1
75143,1
75144,1
75145,1
75146,4
75147,1
75148,1
75149,1
75150,1
75151,1
75152,1
75153,1
75154,1
75155,1
75156,1
75157,1
75158,1
75159,1
75160,1
75161,1
75162,1
75163,1
75164,1
75165,1
75166,1
75167,1
75168,1
75169,1
75170,1
75171,1
75172,1
75173,2
75174,1
75175,1
75176,1
75177,1
75178,1
75179,1
75180,1
75181,1
75182,1
75183,1
75184,1
75185,1
75186,1
75187,1
75188,1
75189,1
75190,1
75191,1
75192,1
75193,1
75194,1
75195,1
75196,2
75197,1
75198,1
75199,1
75200,1
75201,1
75202,1
75203,1
75204,1
75205,1
75206,1
75207,1
75208,1
75209,1
75210,2
75211,1
75212,2
75213,1
75214,1
75215,1
75216,1
75217,2
75218,1
75219,1
75220,1
75221,1
75222,2
75223,1
75224,1
75225,1
75226,1
75227,1
75228,1
75229,1
75230,1
75231,1
75232,1
75233,1
75234,1
75235,1
75236,1
75237,1
75238,1
75239,1
75240,1
75241,1
75242,1
75243,1
75244,1
75245,1
75246,1
75247,1
75248,1
75249,1
75250,1
75251,1
75252,1
75253,1
75254,1
75255,1
75256,1
75257,1
75258,1
75259,1
75260,1
75261,1
75262,1
75263,2
75264,1
75265,1
75266,1
75267,1
75268,1
75269,1
75270,1
75271,1
75272,1
75273,1
75274,1
75275,1
75276,1
75277,1
75278,1
75279,1
75280,1
75281,1
75282,1
75283,1
75284,1
75285,1
75286,1
75287,1
75288,1
75289,1
75290,1
75291,1
75292,1
75293,1
75294,1
75295,2
75296,1
75297,1
75298,1
75299,1
75300,4
75301,1
75302,2
75303,1
75304,1
75305,1
75306,1
75307,1
75308,1
75309,1
75310,1
75311,1
75312,1
75313,1
75314,1
75315,2
75316,1
75317,1
75318,1
75319,1
75320,1
75321,1
75322,1
75323,1
75324,1
75325,1
75326,1
75327,1
75328,1
75329,1
75330,1
75331,1
75332,1
75333,1
75334,1
75335,1
75336,1
75337,1
75338,1
75339,2
75340,1
75341,1
75342,2
75343,1
75344,1
75345,1
75346,1
75347,1
75348,1
75349,1
75350,1
75351,1
75352,1
75353,1
75354,1
75355,1
75356,1
75357,1
75358,1
75359,1
75360,1
75361,1
75362,1
75363,1
75364,1
75365,1
75366,1
75367,1
75368,4
75369,1
75370,1
75371,2
75372,1
75373,1
75374,1
75375,1
75376,1
75377,1
75378,1
75379,1
75380,1
75381,1
75382,1
75383,2
75384,1
75385,2
75386,1
75387,1
75388,1
75389,1
75390,4
75391,1
75392,4
75393,1
75394,1
75395,1
75396,1
75397,1
75398,1
75399,1
75400,1
75401,1
75402,1
75403,1
75404,1
75405,1
75406,1
75407,1
75408,1
75409,1
75410,1
75411,1
75412,1
75413,1
75414,1
75415,1
75416,1
75417,1
75418,1
75419,1
75420,1
75421,1
75422,1
75423,1
75424,4
75425,4
75426,1
75427,1
75428,1
75429,1
75430,2
75431,1
75432,2
75433,1
75434,1
75435,1
75436,1
75437,1
75438,1
75439,1
75440,1
75441,1
75442,1
75443,1
75444,1
75445,1
75446,1
75447,1
75448,1
75449,1
75450,1
75451,1
75452,1
75453,1
75454,1
75455,1
75456,1
75457,4
75458,1
75459,1
75460,1
75461,1
75462,1
75463,1
75464,1
75465,1
75466,1
75467,1
75468,1
75469,1
75470,1
75471,1
75472,1
75473,4
75474,1
75475,1
75476,1
75477,1
75478,1
75479,1
75480,1
75481,1
75482,1
75483,1
75484,1
75485,1
75486,1
75487,1
75488,1
75489,1
75490,1
75491,1
75492,1
75493,1
75494,1
75495,1
75496,1
75497,1
75498,1
75499,1
75500,1
75501,1
75502,1
75503,1
75504,1
75505,1
75506,1
75507,1
75508,1
75509,1
75510,1
75511,1
75512,2
75513,1
75514,1
75515,1
75516,2
75517,2
75518,4
75519,1
75520,1
75521,1
75522,1
75523,1
75524,1
75525,1
75526,1
75527,1
75528,1
75529,1
75530,1
75531,1
75532,1
75533,1
75534,1
75535,1
75536,1
75537,1
75538,1
75539,1
75540,1
75541,1
75542,1
75543,1
75544,1
75545,1
75546,1
75547,1
75548,1
75549,1
75550,1
75551,1
75552,1
75553,1
75554,1
75555,1
75556,1
75557,1
75558,1
75559,1
75560,1
75561,1
75562,1
75563,1
75564,1
75565,1
75566,1
75567,1
75568,1
75569,1
75570,1
75571,1
75572,1
75573,1
75574,1
75575,1
75576,1
75577,1
75578,2
75579,1
75580,1
75581,1
75582,1
75583,1
75584,1
75585,1
75586,1
75587,1
75588,1
75589,1
75590,1
75591,1
75592,1
75593,1
75594,1
75595,1
75596,1
75597,1
75598,1
75599,1
75600,1
75601,1
75602,1
75603,1
75604,1
75605,1
75606,1
75607,1
75608,1
75609,1
75610,1
75611,1
75612,1
75613,1
75614,1
75615,1
75616,1
75617,1
75618,1
75619,1
75620,1
75621,1
75622,1
75623,1
75624,1
75625,1
75626,1
75627,1
75628,1
75629,1
75630,1
75631,1
75632,2
75633,1
75634,1
75635,1
75636,1
75637,1
75638,1
75639,1
75640,1
75641,1
75642,1
75643,1
75644,4
75645,1
75646,1
75647,1
75648,1
75649,2
75650,1
75651,1
75652,1
75653,1
75654,1
75655,4
75656,1
75657,1
75658,1
75659,1
75660,1
75661,1
75662,1
75663,1
75664,1
75665,1
75666,1
75667,1
75668,2
75669,2
75670,2
75671,2
75672,1
75673,1
75674,1
75675,1
75676,1
75677,4
75678,1
75679,1
75680,1
75681,1
75682,4
75683,1
75684,1
75685,1
75686,1
75687,1
75688,1
75689,1
75690,1
75691,1
75692,1
75693,1
75694,1
75695,1
75696,1
75697,1
75698,1
75699,1
75700,1
75701,1
75702,1
75703,1
75704,1
75705,1
75706,1
75707,1
75708,1
75709,1
75710,1
75711,1
75712,1
75713,1
75714,1
75715,1
75716,4
75717,1
75718,1
75719,1
75720,1
75721,1
75722,1
75723,1
75724,1
75725,1
75726,1
75727,1
75728,1
75729,1
75730,2
75731,1
75732,1
75733,1
75734,1
75735,1
75736,1
75737,1
75738,1
75739,1
75740,1
75741,1
75742,1
75743,1
75744,1
75745,1
75746,1
75747,1
75748,1
75749,1
75750,1
75751,1
75752,1
75753,1
75754,1
75755,1
75756,1
75757,1
75758,1
75759,1
75760,1
75761,1
75762,1
75763,2
75764,1
75765,1
75766,1
75767,1
75768,1
75769,1
75770,1
75771,1
75772,1
75773,1
75774,1
75775,1
75776,1
75777,1
75778,1
75779,1
75780,1
75781,1
75782,1
75783,1
75784,1
75785,1
75786,1
75787,1
75788,1
75789,1
75790,1
75791,1
75792,1
75793,1
75794,1
75795,1
75796,4
75797,1
75798,1
75799,1
75800,1
75801,1
75802,1
75803,1
75804,1
75805,1
75806,1
75807,1
75808,1
75809,1
75810,1
75811,1
75812,1
75813,1
75814,1
75815,1
75816,1
75817,1
75818,1
75819,1
75820,2
75821,1
75822,1
75823,1
75824,1
75825,1
75826,1
75827,1
75828,1
75829,1
75830,1
75831,1
75832,1
75833,1
75834,1
75835,4
75836,1
75837,1
75838,4
75839,4
75840,1
75841,1
75842,1
75843,1
75844,1
75845,1
75846,1
75847,1
75848,1
75849,4
75850,1
75851,1
75852,1
75853,1
75854,1
75855,1
75856,1
75857,1
75858,1
75859,1
75860,1
75861,1
75862,1
75863,1
75864,1
75865,1
75866,1
75867,1
75868,1
75869,1
75870,1
75871,1
75872,1
75873,1
75874,1
75875,1
75876,1
75877,1
75878,1
75879,1
75880,1
75881,1
75882,1
75883,1
75884,1
75885,1
75886,1
75887,1
75888,1
75889,1
75890,1
75891,1
75892,1
75893,1
75894,1
75895,1
75896,1
75897,1
75898,2
75899,1
75900,1
75901,1
75902,1
75903,1
75904,1
75905,1
75906,1
75907,1
75908,1
75909,1
75910,1
75911,1
75912,1
75913,1
75914,1
75915,1
75916,1
75917,1
75918,1
75919,1
75920,1
75921,1
75922,1
75923,1
75924,1
75925,1
75926,1
75927,1
75928,1
75929,1
75930,1
75931,1
75932,1
75933,1
75934,1
75935,4
75936,1
75937,1
75938,1
75939,1
75940,1
75941,1
75942,1
75943,1
75944,1
75945,1
75946,1
75947,1
75948,1
75949,1
75950,1
75951,1
75952,1
75953,1
75954,1
75955,1
75956,1
75957,1
75958,2
75959,1
75960,1
75961,1
75962,1
75963,4
75964,1
75965,4
75966,1
75967,1
75968,1
75969,1
75970,1
75971,1
75972,1
75973,1
75974,1
75975,1
75976,1
75977,1
75978,1
75979,1
75980,1
75981,1
75982,1
75983,1
75984,1
75985,1
75986,1
75987,1
75988,1
75989,1
75990,4
75991,1
75992,1
75993,1
75994,1
75995,1
75996,1
75997,1
75998,1
75999,2
76000,1
76001,1
76002,1
76003,1
76004,1
76005,1
76006,1
76007,1
76008,1
76009,1
76010,1
76011,1
76012,1
76013,1
76014,1
76015,4
76016,1
76017,1
76018,1
76019,1
76020,1
76021,1
76022,1
76023,1
76024,1
76025,1
76026,1
76027,1
76028,1
76029,1
76030,1
76031,1
76032,1
76033,1
76034,1
76035,1
76036,1
76037,1
76038,1
76039,1
76040,1
76041,1
76042,1
76043,1
76044,1
76045,1
76046,4
76047,1
76048,1
76049,1
76050,1
76051,1
76052,1
76053,1
76054,4
76055,1
76056,1
76057,1
76058,1
76059,1
76060,1
76061,1
76062,1
76063,1
76064,1
76065,1
76066,1
76067,1
76068,1
76069,1
76070,1
76071,1
76072,1
76073,1
76074,1
76075,1
76076,1
76077,1
76078,1
76079,1
76080,1
76081,1
76082,1
76083,1
76084,1
76085,1
76086,1
76087,1
76088,1
76089,1
76090,1
76091,1
76092,1
76093,1
76094,1
76095,1
76096,1
76097,1
76098,4
76099,1
76100,1
76101,1
76102,1
76103,1
76104,1
76105,1
76106,1
76107,1
76108,1
76109,1
76110,1
76111,1
76112,1
76113,2
76114,1
76115,1
76116,1
76117,1
76118,1
76119,4
76120,1
76121,1
76122,1
76123,1
76124,1
76125,1
76126,1
76127,1
76128,1
76129,1
76130,2
76131,1
76132,1
76133,1
76134,2
76135,1
76136,2
76137,1
76138,2
76139,1
76140,1
76141,4
76142,1
76143,1
76144,1
76145,1
76146,1
76147,1
76148,1
76149,1
76150,1
76151,1
76152,1
76153,1
76154,1
76155,1
76156,1
76157,1
76158,1
76159,2
76160,1
76161,1
76162,1
76163,1
76164,1
76165,1
76166,1
76167,1
76168,1
76169,1
76170,1
76171,1
76172,1
76173,1
76174,1
76175,1
76176,1
76177,1
76178,1
76179,1
76180,1
76181,1
76182,1
76183,1
76184,1
76185,1
76186,1
76187,1
76188,1
76189,1
76190,1
76191,1
76192,2
76193,1
76194,1
76195,1
76196,1
76197,1
76198,1
76199,1
76200,1
76201,1
76202,1
76203,1
76204,1
76205,1
76206,1
76207,1
76208,1
76209,1
76210,1
76211,1
76212,1
76213,1
76214,4
76215,4
76216,1
76217,1
76218,1
76219,1
76220,1
76221,1
76222,1
76223,1
76224,1
76225,1
76226,1
76227,1
76228,1
76229,1
76230,1
76231,1
76232,2
76233,1
76234,1
76235,1
76236,1
76237,1
76238,1
76239,1
76240,1
76241,1
76242,1
76243,1
76244,2
76245,1
76246,1
76247,1
76248,1
76249,1
76250,1
76251,1
76252,1
76253,1
76254,1
76255,1
76256,1
76257,1
76258,1
76259,1
76260,1
76261,1
76262,1
76263,1
76264,2
76265,1
76266,1
76267,1
76268,1
76269,1
76270,1
76271,1
76272,1
76273,1
76274,2
76275,1
76276,1
76277,1
76278,1
76279,1
76280,1
76281,1
76282,1
76283,1
76284,1
76285,1
76286,1
76287,1
76288,1
76289,1
76290,1
76291,1
76292,1
76293,1
76294,1
76295,1
76296,1
76297,1
76298,1
76299,1
76300,1
76301,1
76302,1
76303,1
76304,1
76305,1
76306,1
76307,1
76308,1
76309,1
76310,1
76311,1
76312,1
76313,1
76314,1
76315,1
76316,1
76317,1
76318,1
76319,1
76320,1
76321,1
76322,1
76323,1
76324,1
76325,1
76326,1
76327,1
76328,1
76329,1
76330,2
76331,1
76332,1
76333,1
76334,1
76335,1
76336,1
76337,1
76338,1
76339,1
76340,1
76341,1
76342,1
76343,1
76344,1
76345,1
76346,1
76347,1
76348,1
76349,1
76350,1
76351,1
76352,1
76353,1
76354,4
76355,1
76356,1
76357,1
76358,1
76359,1
76360,1
76361,1
76362,1
76363,1
76364,1
76365,1
76366,1
76367,1
76368,1
76369,1
76370,1
76371,1
76372,1
76373,1
76374,1
76375,1
76376,1
76377,2
76378,1
76379,1
76380,1
76381,1
76382,1
76383,1
76384,1
76385,1
76386,1
76387,1
76388,1
76389,1
76390,1
76391,1
76392,1
76393,1
76394,1
76395,1
76396,1
76397,1
76398,1
76399,2
76400,1
76401,1
76402,1
76403,1
76404,1
76405,1
76406,2
76407,1
76408,1
76409,1
76410,1
76411,1
76412,1
76413,1
76414,1
76415,1
76416,1
76417,1
76418,1
76419,1
76420,1
76421,1
76422,1
76423,1
76424,1
76425,1
76426,1
76427,1
76428,1
76429,1
76430,1
76431,1
76432,1
76433,1
76434,1
76435,1
76436,4
76437,1
76438,1
76439,1
76440,1
76441,1
76442,1
76443,1
76444,1
76445,1
76446,1
76447,1
76448,1
76449,1
76450,4
76451,1
76452,1
76453,1
76454,1
76455,1
76456,1
76457,1
76458,1
76459,1
76460,1
76461,1
76462,1
76463,1
76464,1
76465,1
76466,1
76467,1
76468,1
76469,1
76470,1
76471,1
76472,1
76473,1
76474,1
76475,1
76476,1
76477,1
76478,1
76479,1
76480,1
76481,1
76482,1
76483,2
76484,1
76485,1
76486,1
76487,1
76488,1
76489,1
76490,1
76491,1
76492,1
76493,1
76494,1
76495,1
76496,1
76497,1
76498,1
76499,1
76500,1
76501,1
76502,1
76503,1
76504,1
76505,1
76506,1
76507,1
76508,4
76509,1
76510,1
76511,1
76512,1
76513,1
76514,1
76515,1
76516,1
76517,1
76518,1
76519,1
76520,1
76521,1
76522,2
76523,1
76524,1
76525,2
76526,4
76527,1
76528,1
76529,1
76530,1
76531,1
76532,1
76533,4
76534,1
76535,1
76536,1
76537,1
76538,1
76539,1
76540,1
76541,1
76542,1
76543,1
76544,1
76545,1
76546,1
76547,1
76548,2
76549,1
76550,2
76551,1
76552,1
76553,2
76554,1
76555,1
76556,1
76557,1
76558,1
76559,1
76560,1
76561,1
76562,1
76563,1
76564,1
76565,1
76566,1
76567,1
76568,1
76569,1
76570,1
76571,1
76572,1
76573,1
76574,1
76575,1
76576,1
76577,1
76578,1
76579,1
76580,1
76581,1
76582,1
76583,1
76584,1
76585,1
76586,1
76587,1
76588,1
76589,2
76590,1
76591,1
76592,1
76593,1
76594,1
76595,1
76596,1
76597,1
76598,1
76599,1
76600,1
76601,1
76602,1
76603,1
76604,1
76605,1
76606,1
76607,1
76608,1
76609,1
76610,1
76611,1
76612,1
76613,1
76614,1
76615,1
76616,1
76617,1
76618,1
76619,1
76620,1
76621,1
76622,1
76623,4
76624,1
76625,1
76626,1
76627,1
76628,1
76629,2
76630,1
76631,1
76632,2
76633,1
76634,2
76635,1
76636,1
76637,1
76638,1
76639,1
76640,1
76641,1
76642,1
76643,1
76644,1
76645,1
76646,1
76647,1
76648,1
76649,1
76650,1
76651,2
76652,1
76653,1
76654,1
76655,1
76656,1
76657,1
76658,1
76659,1
76660,1
76661,1
76662,1
76663,1
76664,1
76665,1
76666,1
76667,1
76668,1
76669,1
76670,1
76671,1
76672,1
76673,1
76674,1
76675,1
76676,1
76677,1
76678,1
76679,1
76680,1
76681,1
76682,1
76683,1
76684,1
76685,1
76686,1
76687,1
76688,1
76689,2
76690,1
76691,1
76692,1
76693,1
76694,2
76695,1
76696,1
76697,1
76698,1
76699,1
76700,1
76701,1
76702,1
76703,1
76704,1
76705,1
76706,1
76707,1
76708,1
76709,1
76710,2
76711,2
76712,1
76713,1
76714,1
76715,2
76716,1
76717,1
76718,1
76719,1
76720,1
76721,1
76722,1
76723,1
76724,1
76725,1
76726,1
76727,1
76728,1
76729,1
76730,1
76731,1
76732,1
76733,2
76734,1
76735,1
76736,1
76737,1
76738,1
76739,1
76740,1
76741,1
76742,1
76743,1
76744,1
76745,1
76746,1
76747,1
76748,1
76749,1
76750,1
76751,1
76752,1
76753,1
76754,1
76755,1
76756,1
76757,4
76758,1
76759,1
76760,1
76761,1
76762,1
76763,1
76764,1
76765,1
76766,1
76767,1
76768,1
76769,1
76770,1
76771,1
76772,1
76773,1
76774,1
76775,1
76776,1
76777,1
76778,1
76779,1
76780,1
76781,1
76782,1
76783,1
76784,1
76785,1
76786,1
76787,1
76788,1
76789,1
76790,1
76791,1
76792,1
76793,2
76794,2
76795,1
76796,1
76797,1
76798,1
76799,1
76800,1
76801,1
76802,1
76803,1
76804,1
76805,1
76806,1
76807,1
76808,1
76809,1
76810,1
76811,1
76812,1
76813,4
76814,1
76815,1
76816,1
76817,1
76818,2
76819,1
76820,1
76821,1
76822,1
76823,1
76824,1
76825,1
76826,2
76827,1
76828,1
76829,1
76830,1
76831,1
76832,1
76833,1
76834,1
76835,1
76836,1
76837,1
76838,2
76839,2
76840,1
76841,1
76842,1
76843,1
76844,4
76845,1
76846,1
76847,1
76848,1
76849,1
76850,1
76851,1
76852,1
76853,1
76854,1
76855,1
76856,1
76857,2
76858,2
76859,1
76860,1
76861,1
76862,1
76863,1
76864,1
76865,1
76866,1
76867,1
76868,1
76869,1
76870,1
76871,1
76872,1
76873,4
76874,1
76875,1
76876,1
76877,1
76878,1
76879,1
76880,1
76881,1
76882,1
76883,1
76884,1
76885,1
76886,1
76887,1
76888,1
76889,1
76890,1
76891,1
76892,1
76893,1
76894,1
76895,1
76896,1
76897,1
76898,1
76899,1
76900,1
76901,1
76902,1
76903,1
76904,1
76905,1
76906,1
76907,2
76908,1
76909,1
76910,1
76911,1
76912,1
76913,1
76914,1
76915,1
76916,1
76917,1
76918,1
76919,1
76920,1
76921,1
76922,1
76923,1
76924,1
76925,1
76926,1
76927,1
76928,1
76929,1
76930,1
76931,1
76932,1
76933,1
76934,1
76935,1
76936,1
76937,1
76938,1
76939,1
76940,1
76941,1
76942,1
76943,1
76944,1
76945,1
76946,1
76947,1
76948,1
76949,1
76950,1
76951,1
76952,1
76953,1
76954,1
76955,1
76956,1
76957,1
76958,1
76959,1
76960,1
76961,1
76962,1
76963,1
76964,1
76965,1
76966,1
76967,1
76968,1
76969,1
76970,1
76971,1
76972,1
76973,1
76974,2
76975,1
76976,1
76977,1
76978,1
76979,1
76980,1
76981,1
76982,1
76983,1
76984,1
76985,1
76986,1
76987,1
76988,1
76989,1
76990,1
76991,1
76992,1
76993,1
76994,1
76995,1
76996,1
76997,1
76998,1
76999,1
77000,1
77001,1
77002,1
77003,1
77004,1
77005,1
77006,1
77007,1
77008,1
77009,1
77010,1
77011,1
77012,4
77013,1
77014,1
77015,1
77016,1
77017,1
77018,1
77019,1
77020,1
77021,1
77022,1
77023,1
77024,1
77025,1
77026,1
77027,1
77028,1
77029,1
77030,1
77031,1
77032,1
77033,1
77034,1
77035,1
77036,1
77037,1
77038,1
77039,1
77040,1
77041,1
77042,1
77043,1
77044,4
77045,1
77046,1
77047,1
77048,1
77049,1
77050,1
77051,1
77052,1
77053,1
77054,1
77055,1
77056,1
77057,1
77058,1
77059,1
77060,1
77061,1
77062,1
77063,4
77064,1
77065,1
77066,1
77067,1
77068,1
77069,1
77070,1
77071,1
77072,1
77073,1
77074,1
77075,1
77076,1
77077,1
77078,1
77079,1
77080,1
77081,1
77082,1
77083,1
77084,1
77085,1
77086,1
77087,1
77088,1
77089,1
77090,1
77091,1
77092,1
77093,1
77094,2
77095,1
77096,1
77097,2
77098,1
77099,1
77100,1
77101,1
77102,1
77103,1
77104,1
77105,1
77106,1
77107,1
77108,1
77109,1
77110,1
77111,1
77112,1
77113,1
77114,1
77115,1
77116,1
77117,1
77118,1
77119,1
77120,1
77121,1
77122,1
77123,1
77124,1
77125,1
77126,1
77127,1
77128,1
77129,1
77130,1
77131,1
77132,1
77133,1
77134,1
77135,1
77136,1
77137,1
77138,1
77139,1
77140,2
77141,1
77142,1
77143,1
77144,4
77145,1
77146,1
77147,1
77148,1
77149,1
77150,1
77151,1
77152,1
77153,1
77154,1
77155,1
77156,1
77157,1
77158,1
77159,1
77160,1
77161,1
77162,1
77163,1
77164,1
77165,1
77166,1
77167,1
77168,1
77169,1
77170,1
77171,1
77172,1
77173,1
77174,1
77175,1
77176,1
77177,1
77178,1
77179,2
77180,2
77181,1
77182,1
77183,1
77184,1
77185,1
77186,1
77187,1
77188,1
77189,1
77190,1
77191,1
77192,1
77193,1
77194,1
77195,1
77196,1
77197,1
77198,1
77199,1
77200,1
77201,1
77202,1
77203,2
77204,1
77205,1
77206,1
77207,1
77208,1
77209,1
77210,1
77211,1
77212,1
77213,1
77214,1
77215,1
77216,1
77217,1
77218,1
77219,1
77220,4
77221,1
77222,1
77223,1
77224,1
77225,1
77226,1
77227,1
77228,1
77229,1
77230,1
77231,1
77232,1
77233,1
77234,1
77235,1
77236,1
77237,1
77238,1
77239,1
77240,1
77241,2
77242,1
77243,1
77244,1
77245,1
77246,1
77247,1
77248,1
77249,1
77250,1
77251,1
77252,1
77253,1
77254,1
77255,1
77256,1
77257,1
77258,1
77259,1
77260,1
77261,1
77262,1
77263,1
77264,1
77265,1
77266,1
77267,1
77268,1
77269,1
77270,1
77271,1
77272,1
77273,1
77274,1
77275,1
77276,1
77277,1
77278,2
77279,1
77280,1
77281,2
77282,1
77283,1
77284,1
77285,1
77286,1
77287,1
77288,1
77289,1
77290,1
77291,1
77292,1
77293,1
77294,1
77295,1
77296,1
77297,1
77298,1
77299,1
77300,1
77301,1
77302,1
77303,1
77304,1
77305,1
77306,1
77307,1
77308,1
77309,1
77310,1
77311,1
77312,1
77313,1
77314,2
77315,1
77316,1
77317,1
77318,2
77319,1
77320,1
77321,1
77322,1
77323,1
77324,1
77325,1
77326,1
77327,1
77328,1
77329,1
77330,1
77331,1
77332,1
77333,1
77334,1
77335,1
77336,1
77337,1
77338,1
77339,1
77340,1
77341,1
77342,1
77343,1
77344,1
77345,1
77346,1
77347,1
77348,1
77349,1
77350,4
77351,1
77352,1
77353,1
77354,2
77355,1
77356,1
77357,1
77358,1
77359,1
77360,1
77361,1
77362,1
77363,1
77364,1
77365,1
77366,1
77367,2
77368,1
77369,1
77370,1
77371,1
77372,1
77373,1
77374,1
77375,1
77376,1
77377,4
77378,2
77379,1
77380,1
77381,1
77382,1
77383,1
77384,1
77385,1
77386,1
77387,1
77388,1
77389,1
77390,1
77391,2
77392,1
77393,1
77394,1
77395,1
77396,1
77397,1
77398,4
77399,1
77400,1
77401,1
77402,1
77403,1
77404,1
77405,2
77406,1
77407,2
77408,1
77409,1
77410,1
77411,1
77412,1
77413,1
77414,1
77415,1
77416,1
77417,1
77418,1
77419,1
77420,1
77421,1
77422,1
77423,1
77424,1
77425,1
77426,1
77427,1
77428,1
77429,1
77430,1
77431,1
77432,1
77433,1
77434,1
77435,1
77436,1
77437,1
77438,1
77439,1
77440,1
77441,2
77442,1
77443,1
77444,1
77445,1
77446,1
77447,1
77448,1
77449,1
77450,1
77451,1
77452,1
77453,1
77454,1
77455,1
77456,1
77457,1
77458,1
77459,1
77460,1
77461,1
77462,1
77463,2
77464,2
77465,1
77466,1
77467,1
77468,1
77469,1
77470,1
77471,1
77472,1
77473,1
77474,1
77475,1
77476,1
77477,1
77478,1
77479,1
77480,1
77481,1
77482,4
77483,1
77484,2
77485,2
77486,1
77487,1
77488,1
77489,1
77490,1
77491,1
77492,1
77493,1
77494,1
77495,1
77496,1
77497,1
77498,1
77499,1
77500,1
77501,1
77502,1
77503,1
77504,1
77505,1
77506,1
77507,1
77508,1
77509,1
77510,1
77511,1
77512,1
77513,1
77514,1
77515,1
77516,1
77517,1
77518,1
77519,1
77520,1
77521,1
77522,1
77523,1
77524,1
77525,1
77526,1
77527,1
77528,1
77529,1
77530,1
77531,1
77532,1
77533,1
77534,1
77535,1
77536,1
77537,1
77538,1
77539,1
77540,1
77541,1
77542,1
77543,1
77544,1
77545,1
77546,1
77547,2
77548,1
77549,1
77550,1
77551,1
77552,1
77553,1
77554,1
77555,1
77556,1
77557,1
77558,1
77559,1
77560,2
77561,1
77562,1
77563,1
77564,1
77565,1
77566,1
77567,1
77568,1
77569,1
77570,1
77571,1
77572,1
77573,1
77574,1
77575,1
77576,1
77577,1
77578,1
77579,1
77580,1
77581,1
77582,1
77583,1
77584,1
77585,1
77586,1
77587,1
77588,1
77589,1
77590,1
77591,1
77592,2
77593,1
77594,1
77595,1
77596,1
77597,1
77598,1
77599,1
77600,1
77601,1
77602,1
77603,1
77604,1
77605,1
77606,1
77607,4
77608,4
77609,1
77610,4
77611,4
77612,4
77613,1
77614,1
77615,1
77616,1
77617,1
77618,1
77619,4
77620,1
77621,1
77622,1
77623,1
77624,4
77625,1
77626,2
77627,1
77628,1
77629,1
77630,1
77631,1
77632,1
77633,4
77634,1
77635,1
77636,1
77637,1
77638,1
77639,1
77640,1
77641,1
77642,1
77643,1
77644,1
77645,1
77646,1
77647,4
77648,1
77649,1
77650,1
77651,1
77652,1
77653,1
77654,1
77655,1
77656,1
77657,1
77658,1
77659,1
77660,1
77661,1
77662,1
77663,1
77664,1
77665,1
77666,1
77667,1
77668,1
77669,1
77670,2
77671,1
77672,1
77673,1
77674,1
77675,1
77676,1
77677,1
77678,1
77679,1
77680,3
77681,1
77682,1
77683,1
77684,1
77685,3
77686,1
77687,4
77688,1
77689,4
77690,4
77691,2
77692,4
77693,4
77694,1
77695,1
77696,4
77697,2
77698,1
77699,1
77700,1
77701,1
77702,1
77703,1
77704,1
77705,1
77706,1
77707,1
77708,1
77709,1
77710,1
77711,1
77712,1
77713,1
77714,1
77715,1
77716,1
77717,1
77718,2
77719,1
77720,4
77721,1
77722,4
77723,1
77724,1
77725,1
77726,1
77727,4
77728,1
77729,2
77730,4
77731,1
77732,4
77733,1
77734,1
77735,4
77736,1
77737,1
77738,4
77739,1
77740,1
77741,1
77742,1
77743,1
77744,1
77745,1
77746,1
77747,1
77748,1
77749,1
77750,1
77751,1
77752,2
77753,1
77754,1
77755,1
77756,3
77757,1
77758,1
77759,1
77760,1
77761,1
77762,3
77763,1
77764,1
77765,1
77766,1
77767,1
77768,1
77769,1
77770,1
77771,1
77772,1
77773,1
77774,4
77775,4
77776,4
77777,1
77778,4
77779,1
77780,1
77781,1
77782,1
77783,1
77784,4
77785,1
77786,1
77787,1
77788,1
77789,1
77790,1
77791,3
77792,1
77793,1
77794,1
77795,4
77796,4
77797,1
77798,4
77799,4
77800,1
77801,1
77802,4
77803,4
77804,2
77805,1
77806,1
77807,4
77808,1
77809,1
77810,1
77811,1
77812,1
77813,1
77814,1
77815,1
77816,3
77817,1
77818,1
77819,1
77820,1
77821,4
77822,1
77823,1
77824,4
77825,4
77826,4
77827,1
77828,1
77829,1
77830,1
77831,1
77832,1
77833,4
77834,4
77835,1
77836,1
77837,1
77838,1
77839,1
77840,1
77841,3
77842,1
77843,1
77844,1
77845,3
77846,1
77847,4
77848,1
77849,1
77850,4
77851,1
77852,1
77853,1
77854,1
77855,1
77856,1
77857,1
77858,3
77859,1
77860,4
77861,2
77862,1
77863,1
77864,4
77865,1
77866,1
77867,1
77868,1
77869,1
77870,4
77871,1
77872,1
77873,1
77874,1
77875,3
77876,1
77877,3
77878,1
77879,1
77880,1
77881,1
77882,1
77883,1
77884,1
77885,1
77886,1
77887,1
77888,1
77889,1
77890,1
77891,1
77892,1
77893,4
77894,1
77895,4
77896,1
77897,1
77898,1
77899,1
77900,1
77901,1
77902,1
77903,1
77904,2
77905,1
77906,1
77907,1
77908,4
77909,4
77910,4
77911,1
77912,4
77913,1
77914,1
77915,1
77916,1
77917,1
77918,1
77919,1
77920,1
77921,1
77922,1
77923,4
77924,1
77925,4
77926,1
77927,1
77928,1
77929,4
77930,4
77931,1
77932,1
77933,1
77934,1
77935,1
77936,1
77937,1
77938,1
77939,1
77940,1
77941,3
77942,1
77943,1
77944,2
77945,1
77946,4
77947,4
77948,1
77949,1
77950,4
77951,1
77952,1
77953,4
77954,1
77955,1
77956,1
77957,1
77958,4
77959,1
77960,1
77961,1
77962,1
77963,1
77964,1
77965,1
77966,1
77967,1
77968,1
77969,1
77970,1
77971,1
77972,1
77973,1
77974,1
77975,1
77976,1
77977,1
77978,4
77979,1
77980,4
77981,1
77982,1
77983,4
77984,1
77985,1
77986,4
77987,1
77988,1
77989,1
77990,4
77991,4
77992,1
77993,2
77994,1
77995,1
77996,1
77997,1
77998,1
77999,1
78000,1
78001,1
78002,1
78003,1
78004,1
78005,1
78006,3
78007,4
78008,1
78009,4
78010,4
78011,1
78012,1
78013,1
78014,1
78015,1
78016,1
78017,1
78018,1
78019,1
78020,1
78021,1
78022,1
78023,1
78024,2
78025,1
78026,1
78027,1
78028,1
78029,1
78030,1
78031,1
78032,4
78033,4
78034,4
78035,1
78036,4
78037,1
78038,1
78039,4
78040,4
78041,1
78042,4
78043,4
78044,1
78045,1
78046,1
78047,1
78048,1
78049,1
78050,1
78051,1
78052,1
78053,1
78054,1
78055,1
78056,1
78057,1
78058,1
78059,1
78060,3
78061,1
78062,1
78063,4
78064,4
78065,1
78066,1
78067,4
78068,4
78069,1
78070,1
78071,4
78072,1
78073,1
78074,1
78075,1
78076,1
78077,1
78078,1
78079,1
78080,1
78081,1
78082,1
78083,1
78084,1
78085,1
78086,1
78087,1
78088,4
78089,4
78090,4
78091,1
78092,1
78093,4
78094,4
78095,4
78096,4
78097,1
78098,1
78099,1
78100,1
78101,1
78102,1
78103,1
78104,1
78105,1
78106,1
78107,1
78108,1
78109,1
78110,1
78111,1
78112,1
78113,1
78114,4
78115,4
78116,4
78117,4
78118,1
78119,4
78120,1
78121,1
78122,1
78123,1
78124,1
78125,1
78126,1
78127,1
78128,1
78129,1
78130,1
78131,1
78132,4
78133,1
78134,4
78135,1
78136,2
78137,1
78138,1
78139,1
78140,1
78141,1
78142,1
78143,1
78144,3
78145,1
78146,4
78147,4
78148,4
78149,1
78150,1
78151,1
78152,4
78153,1
78154,2
78155,1
78156,4
78157,1
78158,1
78159,1
78160,1
78161,4
78162,1
78163,4
78164,1
78165,1
78166,1
78167,1
78168,1
78169,1
78170,1
78171,1
78172,3
78173,1
78174,4
78175,2
78176,1
78177,1
78178,2
78179,1
78180,1
78181,1
78182,1
78183,1
78184,1
78185,1
78186,1
78187,1
78188,1
78189,1
78190,1
78191,1
78192,1
78193,1
78194,3
78195,1
78196,1
78197,1
78198,1
78199,1
78200,1
78201,1
78202,4
78203,2
78204,1
78205,1
78206,4
78207,4
78208,1
78209,1
78210,4
78211,1
78212,1
78213,1
78214,1
78215,1
78216,1
78217,1
78218,1
78219,1
78220,1
78221,1
78222,1
78223,1
78224,1
78225,1
78226,4
78227,4
78228,4
78229,1
78230,1
78231,1
78232,1
78233,4
78234,1
78235,2
78236,1
78237,2
78238,2
78239,4
78240,1
78241,1
78242,1
78243,1
78244,1
78245,1
78246,1
78247,1
78248,4
78249,1
78250,1
78251,1
78252,1
78253,4
78254,1
78255,1
78256,1
78257,1
78258,1
78259,1
78260,1
78261,1
78262,1
78263,1
78264,1
78265,1
78266,1
78267,1
78268,1
78269,1
78270,1
78271,1
78272,1
78273,1
78274,4
78275,1
78276,1
78277,4
78278,4
78279,4
78280,1
78281,1
78282,1
78283,1
78284,1
78285,1
78286,1
78287,1
78288,1
78289,1
78290,1
78291,4
78292,2
78293,2
78294,4
78295,1
78296,1
78297,1
78298,1
78299,1
78300,4
78301,4
78302,1
78303,2
78304,1
78305,1
78306,1
78307,1
78308,1
78309,1
78310,1
78311,1
78312,1
78313,2
78314,1
78315,1
78316,1
78317,1
78318,1
78319,1
78320,1
78321,2
78322,1
78323,1
78324,1
78325,4
78326,1
78327,1
78328,1
78329,1
78330,1
78331,1
78332,1
78333,3
78334,1
78335,1
78336,1
78337,1
78338,1
78339,4
78340,1
78341,4
78342,4
78343,1
78344,1
78345,1
78346,1
78347,1
78348,1
78349,1
78350,1
78351,1
78352,1
78353,1
78354,1
78355,1
78356,4
78357,1
78358,4
78359,4
78360,1
78361,1
78362,4
78363,1
78364,4
78365,4
78366,1
78367,1
78368,4
78369,1
78370,1
78371,1
78372,1
78373,1
78374,1
78375,1
78376,1
78377,3
78378,1
78379,1
78380,4
78381,4
78382,4
78383,1
78384,1
78385,1
78386,1
78387,1
78388,1
78389,1
78390,1
78391,1
78392,1
78393,1
78394,1
78395,1
78396,4
78397,1
78398,1
78399,1
78400,1
78401,1
78402,4
78403,1
78404,1
78405,1
78406,1
78407,1
78408,1
78409,1
78410,1
78411,1
78412,4
78413,4
78414,1
78415,4
78416,2
78417,4
78418,1
78419,1
78420,1
78421,1
78422,1
78423,2
78424,1
78425,1
78426,1
78427,1
78428,1
78429,1
78430,1
78431,1
78432,1
78433,1
78434,3
78435,4
78436,4
78437,4
78438,4
78439,1
78440,1
78441,1
78442,1
78443,4
78444,1
78445,1
78446,1
78447,1
78448,1
78449,1
78450,1
78451,1
78452,1
78453,1
78454,1
78455,1
78456,2
78457,1
78458,1
78459,1
78460,4
78461,1
78462,1
78463,1
78464,2
78465,1
78466,1
78467,1
78468,1
78469,1
78470,1
78471,1
78472,1
78473,1
78474,1
78475,1
78476,4
78477,4
78478,4
78479,1
78480,1
78481,1
78482,1
78483,2
78484,1
78485,1
78486,1
78487,1
78488,1
78489,1
78490,1
78491,1
78492,1
78493,1
78494,1
78495,1
78496,1
78497,1
78498,1
78499,1
78500,4
78501,1
78502,2
78503,4
78504,1
78505,1
78506,1
78507,1
78508,1
78509,3
78510,1
78511,4
78512,1
78513,1
78514,4
78515,1
78516,1
78517,1
78518,1
78519,4
78520,4
78521,4
78522,1
78523,1
78524,1
78525,4
78526,1
78527,1
78528,1
78529,2
78530,1
78531,4
78532,1
78533,1
78534,1
78535,1
78536,1
78537,1
78538,1
78539,1
78540,1
78541,1
78542,1
78543,4
78544,1
78545,4
78546,1
78547,4
78548,1
78549,4
78550,1
78551,1
78552,1
78553,1
78554,1
78555,1
78556,3
78557,1
78558,1
78559,1
78560,4
78561,1
78562,1
78563,1
78564,1
78565,1
78566,1
78567,4
78568,1
78569,1
78570,4
78571,1
78572,1
78573,1
78574,4
78575,1
78576,1
78577,2
78578,1
78579,1
78580,1
78581,1
78582,1
78583,1
78584,1
78585,1
78586,1
78587,2
78588,4
78589,4
78590,1
78591,4
78592,4
78593,2
78594,1
78595,1
78596,4
78597,1
78598,1
78599,1
78600,1
78601,1
78602,1
78603,1
78604,1
78605,1
78606,1
78607,1
78608,1
78609,1
78610,4
78611,4
78612,4
78613,4
78614,1
78615,1
78616,4
78617,4
78618,4
78619,2
78620,1
78621,1
78622,1
78623,1
78624,1
78625,1
78626,1
78627,1
78628,1
78629,1
78630,1
78631,3
78632,1
78633,3
78634,1
78635,1
78636,1
78637,1
78638,1
78639,4
78640,4
78641,1
78642,4
78643,4
78644,1
78645,1
78646,4
78647,1
78648,1
78649,1
78650,1
78651,1
78652,1
78653,2
78654,1
78655,1
78656,1
78657,1
78658,3
78659,1
78660,4
78661,1
78662,1
78663,4
78664,1
78665,1
78666,1
78667,1
78668,1
78669,1
78670,1
78671,1
78672,1
78673,1
78674,1
78675,1
78676,1
78677,4
78678,4
78679,1
78680,2
78681,4
78682,2
78683,1
78684,1
78685,4
78686,2
78687,4
78688,1
78689,1
78690,1
78691,1
78692,1
78693,1
78694,1
78695,1
78696,1
78697,1
78698,1
78699,1
78700,1
78701,3
78702,1
78703,1
78704,1
78705,1
78706,2
78707,1
78708,1
78709,1
78710,1
78711,4
78712,1
78713,1
78714,1
78715,1
78716,1
78717,1
78718,1
78719,2
78720,4
78721,4
78722,1
78723,1
78724,2
78725,1
78726,4
78727,4
78728,1
78729,1
78730,1
78731,1
78732,1
78733,1
78734,1
78735,1
78736,1
78737,1
78738,1
78739,4
78740,4
78741,4
78742,1
78743,4
78744,4
78745,1
78746,1
78747,4
78748,1
78749,1
78750,1
78751,1
78752,1
78753,1
78754,1
78755,1
78756,1
78757,1
78758,4
78759,4
78760,1
78761,4
78762,1
78763,2
78764,4
78765,2
78766,1
78767,1
78768,1
78769,1
78770,1
78771,1
78772,1
78773,1
78774,1
78775,1
78776,1
78777,4
78778,1
78779,2
78780,4
78781,4
78782,1
78783,1
78784,1
78785,1
78786,1
78787,1
78788,1
78789,1
78790,1
78791,1
78792,1
78793,1
78794,1
78795,1
78796,1
78797,4
78798,1
78799,2
78800,1
78801,4
78802,1
78803,4
78804,4
78805,1
78806,1
78807,1
78808,4
78809,1
78810,1
78811,1
78812,1
78813,1
78814,1
78815,1
78816,1
78817,4
78818,4
78819,2
78820,1
78821,1
78822,4
78823,1
78824,1
78825,1
78826,1
78827,1
78828,1
78829,1
78830,1
78831,1
78832,1
78833,1
78834,1
78835,1
78836,3
78837,4
78838,1
78839,4
78840,1
78841,4
78842,4
78843,4
78844,4
78845,1
78846,1
78847,1
78848,1
78849,1
78850,2
78851,1
78852,1
78853,3
78854,1
78855,1
78856,1
78857,4
78858,1
78859,1
78860,1
78861,1
78862,4
78863,1
78864,1
78865,1
78866,1
78867,1
78868,1
78869,1
78870,1
78871,4
78872,1
78873,4
78874,1
78875,1
78876,4
78877,2
78878,1
78879,1
78880,1
78881,1
78882,1
78883,1
78884,1
78885,1
78886,1
78887,1
78888,1
78889,1
78890,4
78891,1
78892,1
78893,1
78894,1
78895,1
78896,1
78897,1
78898,4
78899,4
78900,4
78901,4
78902,4
78903,1
78904,1
78905,1
78906,1
78907,1
78908,1
78909,1
78910,1
78911,1
78912,1
78913,1
78914,1
78915,1
78916,3
78917,1
78918,1
78919,1
78920,1
78921,1
78922,1
78923,4
78924,1
78925,1
78926,1
78927,1
78928,1
78929,1
78930,1
78931,1
78932,1
78933,1
78934,4
78935,4
78936,4
78937,1
78938,1
78939,1
78940,1
78941,1
78942,1
78943,1
78944,1
78945,1
78946,1
78947,4
78948,1
78949,4
78950,4
78951,4
78952,1
78953,2
78954,4
78955,1
78956,4
78957,1
78958,1
78959,1
78960,1
78961,1
78962,1
78963,1
78964,1
78965,1
78966,2
78967,2
78968,2
78969,1
78970,4
78971,4
78972,1
78973,1
78974,1
78975,1
78976,1
78977,1
78978,1
78979,1
78980,3
78981,1
78982,3
78983,1
78984,4
78985,1
78986,1
78987,1
78988,1
78989,1
78990,1
78991,1
78992,1
78993,1
78994,1
78995,1
78996,1
78997,1
78998,1
78999,1
79000,1
79001,1
79002,4
79003,4
79004,4
79005,1
79006,1
79007,1
79008,1
79009,1
79010,1
79011,1
79012,1
79013,1
79014,1
79015,1
79016,1
79017,1
79018,1
79019,2
79020,2
79021,4
79022,4
79023,1
79024,1
79025,1
79026,2
79027,1
79028,4
79029,1
79030,4
79031,1
79032,1
79033,4
79034,1
79035,1
79036,4
79037,1
79038,1
79039,1
79040,1
79041,1
79042,1
79043,1
79044,1
79045,1
79046,1
79047,1
79048,3
79049,4
79050,1
79051,1
79052,1
79053,4
79054,1
79055,1
79056,4
79057,1
79058,1
79059,4
79060,1
79061,1
79062,1
79063,1
79064,1
79065,1
79066,1
79067,1
79068,4
79069,1
79070,4
79071,1
79072,4
79073,1
79074,1
79075,1
79076,1
79077,1
79078,1
79079,1
79080,1
79081,1
79082,1
79083,1
79084,3
79085,1
79086,1
79087,4
79088,4
79089,4
79090,4
79091,1
79092,4
79093,1
79094,4
79095,4
79096,1
79097,1
79098,1
79099,1
79100,1
79101,1
79102,1
79103,4
79104,1
79105,1
79106,4
79107,4
79108,4
79109,4
79110,1
79111,1
79112,1
79113,1
79114,1
79115,1
79116,1
79117,1
79118,1
79119,1
79120,1
79121,1
79122,1
79123,1
79124,1
79125,4
79126,4
79127,4
79128,4
79129,4
79130,2
79131,2
79132,1
79133,4
79134,1
79135,1
79136,1
79137,1
79138,1
79139,1
79140,1
79141,3
79142,1
79143,1
79144,1
79145,4
79146,1
79147,4
79148,1
79149,2
79150,1
79151,1
79152,4
79153,1
79154,1
79155,4
79156,1
79157,1
79158,1
79159,1
79160,1
79161,2
79162,1
79163,1
79164,1
79165,1
79166,1
79167,4
79168,4
79169,4
79170,2
79171,1
79172,1
79173,1
79174,1
79175,1
79176,1
79177,1
79178,4
79179,4
79180,4
79181,1
79182,1
79183,1
79184,1
79185,1
79186,1
79187,1
79188,1
79189,1
79190,1
79191,1
79192,1
79193,1
79194,1
79195,1
79196,1
79197,3
79198,1
79199,1
79200,1
79201,3
79202,3
79203,3
79204,1
79205,4
79206,4
79207,4
79208,1
79209,1
79210,1
79211,1
79212,1
79213,1
79214,1
79215,1
79216,1
79217,1
79218,1
79219,1
79220,1
79221,1
79222,1
79223,3
79224,2
79225,2
79226,1
79227,1
79228,4
79229,1
79230,4
79231,1
79232,4
79233,1
79234,4
79235,1
79236,4
79237,1
79238,4
79239,1
79240,2
79241,1
79242,1
79243,1
79244,1
79245,1
79246,1
79247,3
79248,1
79249,3
79250,2
79251,4
79252,1
79253,1
79254,1
79255,1
79256,4
79257,1
79258,1
79259,1
79260,1
79261,1
79262,1
79263,4
79264,1
79265,4
79266,2
79267,1
79268,1
79269,1
79270,1
79271,1
79272,1
79273,1
79274,4
79275,1
79276,1
79277,1
79278,1
79279,1
79280,1
79281,1
79282,1
79283,4
79284,1
79285,4
79286,1
79287,1
79288,4
79289,4
79290,1
79291,1
79292,4
79293,1
79294,1
79295,1
79296,1
79297,1
79298,1
79299,1
79300,1
79301,4
79302,1
79303,4
79304,1
79305,1
79306,4
79307,1
79308,2
79309,4
79310,4
79311,1
79312,1
79313,1
79314,1
79315,1
79316,1
79317,1
79318,1
79319,1
79320,1
79321,1
79322,1
79323,1
79324,4
79325,1
79326,1
79327,4
79328,4
79329,1
79330,1
79331,2
79332,1
79333,1
79334,1
79335,4
79336,1
79337,1
79338,1
79339,1
79340,1
79341,1
79342,1
79343,3
79344,1
79345,1
79346,1
79347,4
79348,1
79349,4
79350,1
79351,1
79352,1
79353,1
79354,1
79355,1
79356,1
79357,1
79358,1
79359,1
79360,1
79361,1
79362,3
79363,1
79364,4
79365,4
79366,1
79367,1
79368,4
79369,2
79370,4
79371,1
79372,1
79373,1
79374,1
79375,1
79376,1
79377,1
79378,1
79379,1
79380,1
79381,1
79382,3
79383,1
79384,1
79385,3
79386,3
79387,3
79388,1
79389,1
79390,1
79391,1
79392,4
79393,1
79394,4
79395,2
79396,1
79397,4
79398,1
79399,1
79400,1
79401,1
79402,1
79403,1
79404,3
79405,3
79406,1
79407,4
79408,4
79409,4
79410,4
79411,1
79412,1
79413,2
79414,1
79415,1
79416,1
79417,1
79418,4
79419,1
79420,1
79421,1
79422,1
79423,1
79424,1
79425,4
79426,4
79427,1
79428,4
79429,1
79430,1
79431,4
79432,1
79433,1
79434,1
79435,1
79436,1
79437,1
79438,1
79439,1
79440,1
79441,1
79442,1
79443,1
79444,1
79445,1
79446,4
79447,4
79448,4
79449,1
79450,1
79451,1
79452,1
79453,1
79454,1
79455,1
79456,4
79457,1
79458,1
79459,1
79460,1
79461,1
79462,1
79463,1
79464,1
79465,4
79466,4
79467,1
79468,4
79469,1
79470,2
79471,4
79472,4
79473,4
79474,1
79475,1
79476,1
79477,1
79478,1
79479,1
79480,1
79481,1
79482,1
79483,2
79484,1
79485,1
79486,1
79487,3
79488,1
79489,4
79490,1
79491,4
79492,4
79493,4
79494,1
79495,4
79496,1
79497,1
79498,4
79499,1
79500,4
79501,1
79502,1
79503,2
79504,1
79505,4
79506,1
79507,1
79508,1
79509,1
79510,1
79511,1
79512,1
79513,1
79514,1
79515,1
79516,1
79517,3
79518,3
79519,1
79520,1
79521,3
79522,4
79523,4
79524,4
79525,4
79526,4
79527,4
79528,1
79529,4
79530,1
79531,4
79532,4
79533,1
79534,1
79535,1
79536,2
79537,1
79538,1
79539,1
79540,1
79541,1
79542,1
79543,1
79544,1
79545,3
79546,1
79547,1
79548,1
79549,1
79550,4
79551,1
79552,1
79553,1
79554,1
79555,1
79556,1
79557,1
79558,1
79559,1
79560,1
79561,1
79562,3
79563,1
79564,2
79565,4
79566,4
79567,4
79568,2
79569,1
79570,4
79571,1
79572,1
79573,4
79574,1
79575,1
79576,4
79577,4
79578,1
79579,1
79580,1
79581,1
79582,1
79583,1
79584,1
79585,1
79586,1
79587,1
79588,3
79589,1
79590,1
79591,1
79592,4
79593,1
79594,1
79595,1
79596,2
79597,1
79598,1
79599,1
79600,1
79601,1
79602,1
79603,1
79604,1
79605,1
79606,1
79607,3
79608,1
79609,1
79610,4
79611,4
79612,1
79613,4
79614,1
79615,1
79616,1
79617,1
79618,4
79619,1
79620,1
79621,1
79622,1
79623,1
79624,1
79625,1
79626,4
79627,4
79628,1
79629,4
79630,1
79631,4
79632,4
79633,1
79634,1
79635,1
79636,1
79637,1
79638,1
79639,1
79640,1
79641,1
79642,1
79643,1
79644,1
79645,1
79646,1
79647,4
79648,2
79649,4
79650,2
79651,1
79652,1
79653,4
79654,1
79655,1
79656,1
79657,1
79658,1
79659,1
79660,1
79661,1
79662,1
79663,3
79664,1
79665,4
79666,4
79667,1
79668,4
79669,1
79670,1
79671,4
79672,4
79673,1
79674,4
79675,1
79676,1
79677,1
79678,1
79679,1
79680,1
79681,1
79682,1
79683,1
79684,1
79685,3
79686,1
79687,1
79688,1
79689,1
79690,1
79691,4
79692,4
79693,4
79694,1
79695,2
79696,1
79697,1
79698,1
79699,1
79700,1
79701,1
79702,1
79703,1
79704,1
79705,1
79706,1
79707,1
79708,1
79709,1
79710,1
79711,1
79712,3
79713,3
79714,2
79715,4
79716,4
79717,1
79718,1
79719,4
79720,1
79721,1
79722,1
79723,1
79724,1
79725,1
79726,3
79727,1
79728,3
79729,1
79730,4
79731,1
79732,4
79733,4
79734,4
79735,4
79736,1
79737,4
79738,1
79739,1
79740,2
79741,1
79742,1
79743,1
79744,1
79745,1
79746,1
79747,1
79748,1
79749,1
79750,1
79751,4
79752,2
79753,4
79754,1
79755,4
79756,1
79757,1
79758,1
79759,1
79760,1
79761,1
79762,1
79763,1
79764,1
79765,4
79766,4
79767,1
79768,2
79769,1
79770,1
79771,4
79772,1
79773,1
79774,1
79775,1
79776,1
79777,1
79778,1
79779,1
79780,1
79781,1
79782,1
79783,1
79784,4
79785,4
79786,1
79787,4
79788,4
79789,2
79790,1
79791,4
79792,1
79793,1
79794,4
79795,1
79796,1
79797,1
79798,1
79799,1
79800,1
79801,1
79802,1
79803,3
79804,3
79805,3
79806,4
79807,2
79808,1
79809,4
79810,4
79811,4
79812,4
79813,1
79814,4
79815,1
79816,1
79817,1
79818,1
79819,1
79820,1
79821,1
79822,4
79823,1
79824,1
79825,3
79826,3
79827,4
79828,1
79829,1
79830,1
79831,1
79832,1
79833,2
79834,1
79835,1
79836,4
79837,1
79838,1
79839,1
79840,1
79841,1
79842,1
79843,1
79844,1
79845,1
79846,1
79847,1
79848,1
79849,4
79850,1
79851,1
79852,1
79853,1
79854,1
79855,1
79856,2
79857,1
79858,4
79859,1
79860,1
79861,1
79862,1
79863,1
79864,1
79865,1
79866,1
79867,1
79868,1
79869,3
79870,4
79871,1
79872,4
79873,1
79874,1
79875,1
79876,1
79877,1
79878,1
79879,4
79880,4
79881,1
79882,1
79883,4
79884,1
79885,1
79886,1
79887,1
79888,1
79889,1
79890,1
79891,4
79892,1
79893,2
79894,1
79895,2
79896,1
79897,1
79898,1
79899,1
79900,1
79901,1
79902,4
79903,1
79904,1
79905,2
79906,1
79907,1
79908,1
79909,1
79910,2
79911,1
79912,1
79913,1
79914,4
79915,4
79916,4
79917,4
79918,1
79919,1
79920,4
79921,1
79922,1
79923,4
79924,4
79925,1
79926,1
79927,1
79928,1
79929,1
79930,1
79931,2
79932,4
79933,1
79934,1
79935,1
79936,1
79937,1
79938,1
79939,1
79940,1
79941,1
79942,1
79943,1
79944,1
79945,1
79946,1
79947,1
79948,4
79949,4
79950,4
79951,4
79952,1
79953,1
79954,1
79955,4
79956,1
79957,4
79958,1
79959,4
79960,1
79961,1
79962,1
79963,1
79964,1
79965,1
79966,2
79967,1
79968,1
79969,1
79970,1
79971,1
79972,3
79973,1
79974,1
79975,1
79976,1
79977,1
79978,4
79979,4
79980,1
79981,1
79982,1
79983,2
79984,1
79985,1
79986,1
79987,1
79988,1
79989,2
79990,1
79991,1
79992,1
79993,1
79994,1
79995,1
79996,1
79997,1
79998,1
79999,4
80000,1
80001,1
80002,4
80003,1
80004,1
80005,4
80006,1
80007,4
80008,4
80009,4
80010,1
80011,1
80012,1
80013,1
80014,1
80015,1
80016,1
80017,1
80018,3
80019,4
80020,1
80021,1
80022,1
80023,1
80024,1
80025,1
80026,1
80027,1
80028,3
80029,1
80030,1
80031,1
80032,1
80033,1
80034,1
80035,1
80036,3
80037,3
80038,1
80039,4
80040,4
80041,1
80042,1
80043,1
80044,4
80045,1
80046,1
80047,4
80048,1
80049,1
80050,1
80051,1
80052,1
80053,3
80054,2
80055,1
80056,3
80057,2
80058,1
80059,4
80060,1
80061,1
80062,4
80063,1
80064,4
80065,4
80066,1
80067,1
80068,1
80069,1
80070,1
80071,1
80072,1
80073,1
80074,1
80075,1
80076,1
80077,1
80078,1
80079,2
80080,4
80081,1
80082,4
80083,1
80084,1
80085,1
80086,1
80087,1
80088,1
80089,1
80090,1
80091,2
80092,1
80093,1
80094,4
80095,2
80096,4
80097,1
80098,4
80099,1
80100,1
80101,4
80102,1
80103,1
80104,1
80105,1
80106,1
80107,1
80108,1
80109,1
80110,1
80111,1
80112,3
80113,1
80114,1
80115,1
80116,4
80117,4
80118,1
80119,4
80120,2
80121,1
80122,1
80123,1
80124,1
80125,1
80126,1
80127,1
80128,1
80129,1
80130,1
80131,4
80132,4
80133,4
80134,4
80135,1
80136,1
80137,4
80138,1
80139,1
80140,4
80141,1
80142,1
80143,1
80144,1
80145,1
80146,1
80147,1
80148,1
80149,1
80150,1
80151,1
80152,1
80153,4
80154,1
80155,4
80156,4
80157,4
80158,4
80159,1
80160,1
80161,1
80162,1
80163,1
80164,1
80165,1
80166,1
80167,1
80168,1
80169,1
80170,1
80171,4
80172,1
80173,4
80174,1
80175,4
80176,4
80177,4
80178,4
80179,1
80180,2
80181,1
80182,1
80183,1
80184,1
80185,1
80186,1
80187,1
80188,1
80189,3
80190,1
80191,1
80192,1
80193,4
80194,1
80195,1
80196,4
80197,4
80198,1
80199,4
80200,4
80201,4
80202,1
80203,1
80204,1
80205,1
80206,1
80207,1
80208,1
80209,1
80210,1
80211,1
80212,3
80213,3
80214,4
80215,1
80216,1
80217,4
80218,4
80219,4
80220,1
80221,4
80222,2
80223,1
80224,1
80225,1
80226,1
80227,1
80228,1
80229,1
80230,1
80231,1
80232,1
80233,1
80234,1
80235,1
80236,1
80237,1
80238,1
80239,4
80240,1
80241,1
80242,2
80243,1
80244,1
80245,1
80246,1
80247,1
80248,1
80249,1
80250,1
80251,3
80252,1
80253,3
80254,1
80255,1
80256,1
80257,3
80258,4
80259,1
80260,4
80261,4
80262,4
80263,1
80264,1
80265,1
80266,1
80267,1
80268,1
80269,1
80270,1
80271,1
80272,3
80273,3
80274,1
80275,3
80276,3
80277,1
80278,1
80279,1
80280,4
80281,4
80282,4
80283,4
80284,1
80285,1
80286,1
80287,1
80288,2
80289,4
80290,1
80291,1
80292,1
80293,2
80294,1
80295,1
80296,1
80297,1
80298,2
80299,1
80300,1
80301,1
80302,1
80303,1
80304,1
80305,1
80306,1
80307,1
80308,1
80309,1
80310,1
80311,1
80312,1
80313,1
80314,4
80315,4
80316,1
80317,4
80318,1
80319,2
80320,2
80321,2
80322,1
80323,1
80324,1
80325,1
80326,1
80327,1
80328,1
80329,1
80330,1
80331,1
80332,1
80333,1
80334,1
80335,1
80336,1
80337,1
80338,1
80339,3
80340,1
80341,4
80342,1
80343,1
80344,4
80345,1
80346,1
80347,1
80348,1
80349,1
80350,1
80351,1
80352,1
80353,1
80354,1
80355,1
80356,1
80357,4
80358,4
80359,4
80360,4
80361,1
80362,4
80363,4
80364,1
80365,1
80366,1
80367,1
80368,1
80369,1
80370,1
80371,1
80372,1
80373,1
80374,1
80375,1
80376,2
80377,1
80378,1
80379,1
80380,1
80381,1
80382,1
80383,4
80384,4
80385,1
80386,1
80387,1
80388,1
80389,1
80390,2
80391,4
80392,1
80393,1
80394,1
80395,1
80396,1
80397,2
80398,1
80399,1
80400,1
80401,1
80402,1
80403,1
80404,2
80405,1
80406,3
80407,1
80408,2
80409,1
80410,4
80411,1
80412,2
80413,1
80414,4
80415,1
80416,1
80417,1
80418,1
80419,1
80420,1
80421,1
80422,1
80423,1
80424,4
80425,4
80426,4
80427,2
80428,1
80429,1
80430,1
80431,4
80432,4
80433,4
80434,1
80435,1
80436,1
80437,4
80438,4
80439,1
80440,2
80441,2
80442,1
80443,1
80444,1
80445,1
80446,1
80447,3
80448,1
80449,1
80450,1
80451,4
80452,4
80453,1
80454,4
80455,1
80456,1
80457,1
80458,1
80459,1
80460,1
80461,1
80462,1
80463,1
80464,1
80465,1
80466,1
80467,1
80468,2
80469,4
80470,1
80471,1
80472,2
80473,1
80474,2
80475,2
80476,1
80477,1
80478,1
80479,1
80480,1
80481,1
80482,1
80483,2
80484,1
80485,1
80486,1
80487,1
80488,1
80489,1
80490,1
80491,2
80492,1
80493,1
80494,1
80495,1
80496,1
80497,1
80498,4
80499,4
80500,4
80501,4
80502,4
80503,1
80504,1
80505,1
80506,1
80507,1
80508,1
80509,1
80510,1
80511,1
80512,1
80513,1
80514,1
80515,1
80516,1
80517,3
80518,1
80519,1
80520,4
80521,1
80522,1
80523,1
80524,4
80525,1
80526,1
80527,1
80528,1
80529,1
80530,1
80531,1
80532,1
80533,1
80534,1
80535,1
80536,4
80537,4
80538,1
80539,4
80540,4
80541,4
80542,4
80543,4
80544,4
80545,1
80546,1
80547,1
80548,4
80549,1
80550,4
80551,1
80552,1
80553,1
80554,4
80555,1
80556,1
80557,1
80558,1
80559,1
80560,1
80561,1
80562,1
80563,2
80564,1
80565,1
80566,1
80567,4
80568,4
80569,1
80570,4
80571,1
80572,4
80573,1
80574,1
80575,1
80576,1
80577,1
80578,1
80579,2
80580,1
80581,1
80582,1
80583,1
80584,1
80585,2
80586,4
80587,1
80588,1
80589,1
80590,1
80591,1
80592,1
80593,1
80594,1
80595,1
80596,1
80597,1
80598,1
80599,3
80600,1
80601,1
80602,2
80603,1
80604,1
80605,1
80606,1
80607,3
80608,4
80609,4
80610,1
80611,4
80612,4
80613,4
80614,1
80615,1
80616,4
80617,1
80618,1
80619,1
80620,1
80621,1
80622,1
80623,1
80624,1
80625,1
80626,1
80627,1
80628,4
80629,4
80630,2
80631,1
80632,4
80633,4
80634,1
80635,4
80636,1
80637,4
80638,4
80639,1
80640,1
80641,1
80642,1
80643,1
80644,1
80645,1
80646,3
80647,1
80648,1
80649,1
80650,1
80651,1
80652,4
80653,2
80654,1
80655,1
80656,1
80657,1
80658,1
80659,1
80660,1
80661,1
80662,1
80663,1
80664,1
80665,1
80666,3
80667,1
80668,1
80669,1
80670,1
80671,1
80672,1
80673,1
80674,1
80675,1
80676,1
80677,1
80678,1
80679,1
80680,1
80681,1
80682,1
80683,1
80684,4
80685,4
80686,4
80687,1
80688,4
80689,2
80690,1
80691,4
80692,1
80693,2
80694,1
80695,1
80696,1
80697,1
80698,1
80699,3
80700,1
80701,1
80702,1
80703,1
80704,1
80705,4
80706,1
80707,4
80708,1
80709,1
80710,1
80711,1
80712,1
80713,1
80714,1
80715,1
80716,1
80717,1
80718,1
80719,3
80720,1
80721,1
80722,4
80723,4
80724,4
80725,4
80726,1
80727,1
80728,1
80729,4
80730,1
80731,1
80732,1
80733,1
80734,1
80735,1
80736,1
80737,2
80738,1
80739,1
80740,1
80741,1
80742,1
80743,1
80744,1
80745,1
80746,1
80747,1
80748,4
80749,1
80750,4
80751,1
80752,1
80753,4
80754,4
80755,4
80756,4
80757,1
80758,2
80759,4
80760,1
80761,1
80762,1
80763,1
80764,1
80765,1
80766,1
80767,1
80768,1
80769,1
80770,4
80771,1
80772,1
80773,4
80774,4
80775,1
80776,1
80777,4
80778,1
80779,1
80780,1
80781,1
80782,1
80783,1
80784,1
80785,1
80786,1
80787,1
80788,3
80789,1
80790,1
80791,1
80792,1
80793,1
80794,1
80795,4
80796,4
80797,2
80798,1
80799,4
80800,4
80801,1
80802,2
80803,1
80804,1
80805,1
80806,1
80807,1
80808,1
80809,1
80810,1
80811,1
80812,1
80813,1
80814,3
80815,1
80816,1
80817,4
80818,1
80819,4
80820,1
80821,1
80822,1
80823,1
80824,4
80825,4
80826,1
80827,1
80828,1
80829,1
80830,1
80831,1
80832,1
80833,1
80834,1
80835,1
80836,1
80837,1
80838,1
80839,4
80840,4
80841,1
80842,1
80843,1
80844,1
80845,1
80846,1
80847,1
80848,1
80849,1
80850,2
80851,1
80852,1
80853,1
80854,1
80855,1
80856,4
80857,4
80858,1
80859,2
80860,1
80861,1
80862,1
80863,1
80864,1
80865,1
80866,2
80867,1
80868,1
80869,1
80870,1
80871,1
80872,1
80873,1
80874,1
80875,3
80876,1
80877,1
80878,4
80879,1
80880,4
80881,4
80882,1
80883,4
80884,4
80885,1
80886,1
80887,4
80888,1
80889,1
80890,2
80891,4
80892,1
80893,1
80894,1
80895,1
80896,1
80897,1
80898,1
80899,1
80900,1
80901,1
80902,1
80903,1
80904,1
80905,1
80906,1
80907,1
80908,1
80909,2
80910,1
80911,4
80912,1
80913,4
80914,1
80915,1
80916,1
80917,1
80918,4
80919,2
80920,2
80921,1
80922,1
80923,1
80924,1
80925,1
80926,1
80927,1
80928,1
80929,1
80930,1
80931,1
80932,4
80933,4
80934,4
80935,2
80936,4
80937,4
80938,1
80939,1
80940,1
80941,1
80942,1
80943,1
80944,1
80945,1
80946,1
80947,1
80948,1
80949,1
80950,1
80951,2
80952,3
80953,1
80954,1
80955,1
80956,1
80957,2
80958,1
80959,1
80960,2
80961,1
80962,4
80963,4
80964,1
80965,1
80966,1
80967,1
80968,1
80969,1
80970,2
80971,1
80972,1
80973,1
80974,1
80975,1
80976,1
80977,1
80978,1
80979,1
80980,1
80981,1
80982,3
80983,1
80984,1
80985,4
80986,4
80987,4
80988,1
80989,1
80990,2
80991,1
80992,1
80993,1
80994,1
80995,1
80996,1
80997,1
80998,1
80999,1
81000,3
81001,1
81002,1
81003,1
81004,4
81005,4
81006,1
81007,1
81008,1
81009,1
81010,2
81011,1
81012,1
81013,1
81014,1
81015,1
81016,1
81017,1
81018,1
81019,1
81020,1
81021,3
81022,1
81023,1
81024,4
81025,1
81026,1
81027,1
81028,3
81029,1
81030,1
81031,1
81032,1
81033,4
81034,4
81035,4
81036,1
81037,4
81038,4
81039,1
81040,1
81041,1
81042,4
81043,1
81044,1
81045,1
81046,1
81047,1
81048,1
81049,2
81050,1
81051,1
81052,1
81053,1
81054,1
81055,1
81056,1
81057,1
81058,1
81059,3
81060,4
81061,1
81062,1
81063,1
81064,1
81065,1
81066,1
81067,1
81068,1
81069,3
81070,1
81071,1
81072,1
81073,1
81074,1
81075,4
81076,2
81077,1
81078,1
81079,1
81080,4
81081,2
81082,1
81083,1
81084,2
81085,1
81086,1
81087,3
81088,1
81089,1
81090,1
81091,1
81092,1
81093,3
81094,1
81095,1
81096,2
81097,2
81098,4
81099,1
81100,1
81101,1
81102,1
81103,1
81104,1
81105,1
81106,1
81107,1
81108,1
81109,1
81110,1
81111,1
81112,1
81113,4
81114,1
81115,1
81116,1
81117,4
81118,2
81119,1
81120,4
81121,1
81122,1
81123,1
81124,1
81125,1
81126,1
81127,1
81128,1
81129,1
81130,1
81131,1
81132,3
81133,1
81134,1
81135,1
81136,3
81137,1
81138,4
81139,4
81140,4
81141,1
81142,2
81143,1
81144,4
81145,2
81146,1
81147,1
81148,1
81149,1
81150,1
81151,1
81152,2
81153,3
81154,1
81155,1
81156,1
81157,3
81158,1
81159,1
81160,1
81161,4
81162,4
81163,1
81164,1
81165,1
81166,1
81167,1
81168,1
81169,1
81170,1
81171,1
81172,3
81173,1
81174,1
81175,4
81176,4
81177,1
81178,1
81179,1
81180,1
81181,1
81182,1
81183,1
81184,1
81185,1
81186,1
81187,1
81188,1
81189,1
81190,1
81191,1
81192,1
81193,1
81194,4
81195,4
81196,1
81197,1
81198,1
81199,1
81200,1
81201,4
81202,1
81203,1
81204,1
81205,1
81206,1
81207,1
81208,1
81209,1
81210,1
81211,1
81212,1
81213,2
81214,4
81215,1
81216,4
81217,4
81218,1
81219,4
81220,1
81221,1
81222,1
81223,1
81224,1
81225,1
81226,1
81227,1
81228,1
81229,1
81230,1
81231,1
81232,4
81233,2
81234,4
81235,1
81236,1
81237,1
81238,4
81239,2
81240,2
81241,1
81242,1
81243,1
81244,1
81245,1
81246,1
81247,1
81248,1
81249,1
81250,1
81251,1
81252,4
81253,4
81254,2
81255,1
81256,1
81257,1
81258,1
81259,1
81260,1
81261,1
81262,1
81263,1
81264,1
81265,1
81266,4
81267,4
81268,4
81269,1
81270,4
81271,4
81272,2
81273,1
81274,1
81275,1
81276,1
81277,2
81278,1
81279,1
81280,1
81281,1
81282,1
81283,1
81284,4
81285,1
81286,4
81287,4
81288,4
81289,1
81290,1
81291,1
81292,1
81293,1
81294,1
81295,1
81296,1
81297,1
81298,1
81299,1
81300,1
81301,1
81302,1
81303,4
81304,1
81305,1
81306,1
81307,4
81308,4
81309,1
81310,1
81311,1
81312,1
81313,1
81314,1
81315,1
81316,2
81317,1
81318,1
81319,1
81320,1
81321,1
81322,1
81323,1
81324,1
81325,2
81326,1
81327,1
81328,4
81329,4
81330,4
81331,1
81332,1
81333,1
81334,1
81335,1
81336,1
81337,1
81338,1
81339,3
81340,4
81341,4
81342,4
81343,1
81344,1
81345,1
81346,1
81347,1
81348,1
81349,1
81350,1
81351,1
81352,1
81353,1
81354,1
81355,1
81356,1
81357,1
81358,1
81359,1
81360,1
81361,3
81362,4
81363,4
81364,1
81365,1
81366,1
81367,4
81368,1
81369,4
81370,1
81371,1
81372,1
81373,1
81374,1
81375,1
81376,1
81377,1
81378,1
81379,1
81380,1
81381,1
81382,1
81383,2
81384,1
81385,4
81386,1
81387,1
81388,1
81389,1
81390,1
81391,1
81392,1
81393,1
81394,1
81395,1
81396,1
81397,1
81398,4
81399,1
81400,4
81401,1
81402,1
81403,1
81404,1
81405,1
81406,2
81407,1
81408,1
81409,1
81410,3
81411,1
81412,1
81413,4
81414,4
81415,4
81416,1
81417,1
81418,1
81419,1
81420,1
81421,1
81422,1
81423,1
81424,1
81425,1
81426,3
81427,1
81428,4
81429,4
81430,4
81431,4
81432,1
81433,4
81434,1
81435,1
81436,1
81437,4
81438,1
81439,4
81440,4
81441,1
81442,1
81443,4
81444,1
81445,1
81446,1
81447,1
81448,1
81449,1
81450,4
81451,1
81452,1
81453,1
81454,4
81455,4
81456,1
81457,4
81458,1
81459,1
81460,1
81461,1
81462,1
81463,1
81464,1
81465,1
81466,1
81467,3
81468,1
81469,1
81470,4
81471,1
81472,1
81473,1
81474,4
81475,4
81476,1
81477,1
81478,1
81479,1
81480,1
81481,1
81482,1
81483,1
81484,2
81485,1
81486,1
81487,4
81488,4
81489,4
81490,1
81491,1
81492,4
81493,4
81494,1
81495,1
81496,2
81497,1
81498,1
81499,1
81500,1
81501,1
81502,1
81503,1
81504,1
81505,1
81506,1
81507,1
81508,3
81509,1
81510,1
81511,3
81512,4
81513,1
81514,4
81515,4
81516,1
81517,1
81518,1
81519,1
81520,1
81521,1
81522,1
81523,1
81524,1
81525,1
81526,1
81527,1
81528,1
81529,1
81530,4
81531,4
81532,4
81533,1
81534,1
81535,1
81536,4
81537,1
81538,1
81539,1
81540,1
81541,1
81542,1
81543,1
81544,2
81545,4
81546,4
81547,4
81548,2
81549,1
81550,4
81551,4
81552,1
81553,2
81554,1
81555,1
81556,1
81557,1
81558,1
81559,1
81560,1
81561,1
81562,1
81563,1
81564,1
81565,1
81566,1
81567,3
81568,1
81569,1
81570,3
81571,1
81572,4
81573,4
81574,1
81575,4
81576,1
81577,1
81578,4
81579,2
81580,1
81581,1
81582,1
81583,1
81584,1
81585,1
81586,1
81587,1
81588,1
81589,1
81590,1
81591,4
81592,4
81593,1
81594,1
81595,1
81596,1
81597,1
81598,1
81599,1
81600,1
81601,1
81602,1
81603,3
81604,4
81605,1
81606,4
81607,1
81608,2
81609,1
81610,4
81611,1
81612,1
81613,2
81614,1
81615,1
81616,1
81617,1
81618,1
81619,1
81620,4
81621,4
81622,1
81623,4
81624,2
81625,1
81626,1
81627,1
81628,1
81629,1
81630,1
81631,1
81632,1
81633,1
81634,1
81635,1
81636,1
81637,1
81638,1
81639,1
81640,4
81641,4
81642,4
81643,1
81644,4
81645,1
81646,1
81647,1
81648,1
81649,1
81650,1
81651,1
81652,1
81653,1
81654,1
81655,1
81656,4
81657,1
81658,1
81659,1
81660,1
81661,4
81662,2
81663,1
81664,1
81665,1
81666,1
81667,1
81668,1
81669,1
81670,1
81671,1
81672,1
81673,1
81674,4
81675,1
81676,4
81677,1
81678,1
81679,1
81680,1
81681,2
81682,1
81683,2
81684,1
81685,1
81686,1
81687,1
81688,1
81689,1
81690,1
81691,1
81692,4
81693,4
81694,1
81695,1
81696,4
81697,1
81698,1
81699,1
81700,1
81701,1
81702,1
81703,1
81704,1
81705,1
81706,1
81707,1
81708,1
81709,1
81710,1
81711,3
81712,1
81713,1
81714,4
81715,4
81716,1
81717,4
81718,4
81719,1
81720,1
81721,2
81722,4
81723,1
81724,1
81725,1
81726,1
81727,1
81728,1
81729,3
81730,2
81731,4
81732,4
81733,2
81734,1
81735,1
81736,4
81737,1
81738,1
81739,4
81740,1
81741,1
81742,1
81743,1
81744,1
81745,1
81746,1
81747,1
81748,1
81749,1
81750,1
81751,4
81752,4
81753,4
81754,1
81755,2
81756,1
81757,1
81758,1
81759,1
81760,4
81761,1
81762,1
81763,4
81764,1
81765,1
81766,1
81767,1
81768,1
81769,1
81770,1
81771,1
81772,1
81773,4
81774,4
81775,1
81776,4
81777,4
81778,1
81779,1
81780,1
81781,1
81782,1
81783,1
81784,1
81785,1
81786,1
81787,4
81788,1
81789,4
81790,1
81791,1
81792,1
81793,1
81794,1
81795,1
81796,1
81797,1
81798,1
81799,1
81800,1
81801,1
81802,1
81803,1
81804,1
81805,1
81806,1
81807,1
81808,1
81809,3
81810,1
81811,1
81812,1
81813,1
81814,1
81815,4
81816,1
81817,1
81818,1
81819,1
81820,1
81821,1
81822,1
81823,1
81824,1
81825,1
81826,1
81827,1
81828,1
81829,1
81830,1
81831,1
81832,3
81833,1
81834,1
81835,1
81836,4
81837,1
81838,1
81839,4
81840,4
81841,1
81842,1
81843,1
81844,1
81845,1
81846,1
81847,1
81848,1
81849,1
81850,1
81851,1
81852,1
81853,1
81854,1
81855,1
81856,1
81857,1
81858,1
81859,1
81860,4
81861,4
81862,1
81863,4
81864,2
81865,1
81866,1
81867,1
81868,1
81869,1
81870,1
81871,1
81872,3
81873,1
81874,2
81875,4
81876,4
81877,2
81878,1
81879,4
81880,1
81881,1
81882,1
81883,1
81884,1
81885,1
81886,1
81887,1
81888,1
81889,1
81890,1
81891,1
81892,1
81893,4
81894,1
81895,4
81896,2
81897,1
81898,1
81899,1
81900,3
81901,1
81902,1
81903,1
81904,1
81905,3
81906,4
81907,2
81908,4
81909,2
81910,1
81911,2
81912,1
81913,1
81914,1
81915,1
81916,1
81917,1
81918,4
81919,1
81920,1
81921,4
81922,1
81923,2
81924,4
81925,1
81926,2
81927,1
81928,1
81929,1
81930,1
81931,3
81932,1
81933,1
81934,1
81935,1
81936,1
81937,3
81938,1
81939,4
81940,4
81941,4
81942,1
81943,4
81944,1
81945,1
81946,1
81947,1
81948,1
81949,1
81950,1
81951,1
81952,1
81953,1
81954,1
81955,1
81956,3
81957,4
81958,4
81959,1
81960,2
81961,1
81962,4
81963,1
81964,1
81965,1
81966,2
81967,1
81968,1
81969,4
81970,1
81971,1
81972,1
81973,1
81974,1
81975,1
81976,1
81977,1
81978,1
81979,1
81980,4
81981,1
81982,4
81983,4
81984,1
81985,1
81986,2
81987,1
81988,4
81989,4
81990,4
81991,1
81992,1
81993,1
81994,1
81995,1
81996,1
81997,1
81998,1
81999,1
82000,1
82001,1
82002,3
82003,1
82004,4
82005,4
82006,4
82007,1
82008,1
82009,2
82010,1
82011,1
82012,1
82013,1
82014,1
82015,1
82016,1
82017,1
82018,1
82019,1
82020,4
82021,4
82022,1
82023,1
82024,1
82025,1
82026,1
82027,1
82028,1
82029,1
82030,1
82031,3
82032,1
82033,1
82034,1
82035,4
82036,1
82037,2
82038,1
82039,1
82040,1
82041,1
82042,1
82043,1
82044,1
82045,1
82046,1
82047,1
82048,4
82049,4
82050,2
82051,1
82052,1
82053,1
82054,1
82055,1
82056,1
82057,1
82058,1
82059,1
82060,1
82061,1
82062,1
82063,1
82064,2
82065,1
82066,1
82067,1
82068,3
82069,1
82070,1
82071,1
82072,4
82073,4
82074,4
82075,1
82076,1
82077,4
82078,1
82079,2
82080,1
82081,2
82082,1
82083,4
82084,1
82085,1
82086,1
82087,1
82088,1
82089,1
82090,1
82091,1
82092,1
82093,1
82094,4
82095,4
82096,4
82097,4
82098,4
82099,4
82100,1
82101,4
82102,2
82103,1
82104,1
82105,1
82106,1
82107,1
82108,1
82109,1
82110,3
82111,1
82112,1
82113,3
82114,4
82115,4
82116,1
82117,1
82118,1
82119,4
82120,1
82121,1
82122,1
82123,1
82124,1
82125,1
82126,1
82127,1
82128,1
82129,1
82130,1
82131,1
82132,1
82133,1
82134,1
82135,1
82136,2
82137,1
82138,4
82139,4
82140,2
82141,4
82142,1
82143,2
82144,4
82145,1
82146,4
82147,1
82148,1
82149,1
82150,1
82151,1
82152,1
82153,1
82154,4
82155,1
82156,1
82157,1
82158,2
82159,1
82160,1
82161,1
82162,1
82163,1
82164,1
82165,1
82166,1
82167,1
82168,1
82169,1
82170,4
82171,4
82172,4
82173,1
82174,4
82175,4
82176,1
82177,1
82178,1
82179,1
82180,1
82181,1
82182,1
82183,1
82184,4
82185,1
82186,2
82187,1
82188,1
82189,1
82190,2
82191,1
82192,1
82193,4
82194,1
82195,1
82196,1
82197,1
82198,1
82199,1
82200,1
82201,1
82202,4
82203,4
82204,4
82205,2
82206,4
82207,4
82208,4
82209,4
82210,4
82211,1
82212,1
82213,1
82214,1
82215,1
82216,1
82217,1
82218,1
82219,1
82220,1
82221,2
82222,1
82223,1
82224,1
82225,1
82226,1
82227,1
82228,1
82229,1
82230,1
82231,1
82232,1
82233,1
82234,1
82235,4
82236,4
82237,4
82238,4
82239,1
82240,1
82241,2
82242,1
82243,4
82244,1
82245,1
82246,1
82247,1
82248,1
82249,1
82250,1
82251,4
82252,1
82253,4
82254,1
82255,2
82256,1
82257,1
82258,4
82259,4
82260,4
82261,4
82262,1
82263,4
82264,1
82265,4
82266,4
82267,1
82268,4
82269,1
82270,1
82271,1
82272,1
82273,1
82274,1
82275,1
82276,1
82277,1
82278,1
82279,1
82280,1
82281,1
82282,1
82283,1
82284,1
82285,1
82286,1
82287,1
82288,1
82289,1
82290,1
82291,1
82292,1
82293,4
82294,1
82295,1
82296,3
82297,1
82298,1
82299,4
82300,1
82301,4
82302,1
82303,1
82304,1
82305,1
82306,1
82307,1
82308,2
82309,1
82310,1
82311,4
82312,1
82313,1
82314,1
82315,1
82316,1
82317,1
82318,1
82319,1
82320,1
82321,1
82322,4
82323,1
82324,1
82325,1
82326,4
82327,4
82328,1
82329,4
82330,1
82331,4
82332,1
82333,1
82334,1
82335,1
82336,1
82337,1
82338,1
82339,1
82340,1
82341,1
82342,1
82343,1
82344,4
82345,1
82346,1
82347,2
82348,1
82349,1
82350,1
82351,1
82352,1
82353,1
82354,1
82355,1
82356,1
82357,1
82358,1
82359,1
82360,1
82361,1
82362,4
82363,4
82364,4
82365,4
82366,4
82367,1
82368,1
82369,1
82370,1
82371,1
82372,1
82373,4
82374,1
82375,1
82376,1
82377,4
82378,4
82379,4
82380,1
82381,1
82382,1
82383,1
82384,1
82385,1
82386,1
82387,3
82388,3
82389,1
82390,1
82391,1
82392,1
82393,4
82394,1
82395,4
82396,4
82397,1
82398,1
82399,1
82400,1
82401,1
82402,1
82403,1
82404,1
82405,1
82406,3
82407,1
82408,1
82409,4
82410,1
82411,2
82412,1
82413,1
82414,4
82415,1
82416,1
82417,4
82418,4
82419,1
82420,4
82421,1
82422,1
82423,1
82424,1
82425,1
82426,1
82427,1
82428,1
82429,1
82430,1
82431,1
82432,1
82433,4
82434,4
82435,1
82436,1
82437,1
82438,4
82439,4
82440,1
82441,1
82442,1
82443,1
82444,1
82445,2
82446,1
82447,4
82448,1
82449,1
82450,1
82451,1
82452,3
82453,1
82454,1
82455,1
82456,4
82457,4
82458,4
82459,4
82460,1
82461,1
82462,1
82463,1
82464,1
82465,1
82466,1
82467,1
82468,4
82469,4
82470,1
82471,1
82472,2
82473,1
82474,1
82475,1
82476,1
82477,1
82478,1
82479,1
82480,1
82481,1
82482,4
82483,2
82484,1
82485,1
82486,2
82487,1
82488,1
82489,1
82490,1
82491,1
82492,3
82493,1
82494,1
82495,1
82496,1
82497,1
82498,1
82499,1
82500,1
82501,1
82502,1
82503,1
82504,1
82505,1
82506,1
82507,1
82508,4
82509,2
82510,1
82511,1
82512,1
82513,1
82514,1
82515,1
82516,1
82517,1
82518,1
82519,1
82520,4
82521,1
82522,1
82523,1
82524,1
82525,1
82526,1
82527,1
82528,1
82529,1
82530,4
82531,4
82532,1
82533,4
82534,1
82535,4
82536,4
82537,4
82538,1
82539,4
82540,1
82541,1
82542,1
82543,1
82544,2
82545,1
82546,1
82547,1
82548,4
82549,4
82550,4
82551,1
82552,4
82553,1
82554,1
82555,1
82556,2
82557,1
82558,4
82559,1
82560,2
82561,1
82562,1
82563,1
82564,1
82565,1
82566,1
82567,1
82568,1
82569,1
82570,1
82571,1
82572,4
82573,4
82574,4
82575,1
82576,1
82577,4
82578,1
82579,1
82580,4
82581,1
82582,4
82583,4
82584,1
82585,1
82586,1
82587,2
82588,1
82589,1
82590,2
82591,1
82592,1
82593,1
82594,3
82595,1
82596,1
82597,4
82598,1
82599,1
82600,1
82601,1
82602,1
82603,1
82604,1
82605,4
82606,2
82607,2
82608,1
82609,4
82610,1
82611,2
82612,1
82613,1
82614,1
82615,3
82616,1
82617,1
82618,1
82619,3
82620,1
82621,4
82622,1
82623,1
82624,1
82625,1
82626,1
82627,1
82628,1
82629,1
82630,1
82631,1
82632,4
82633,4
82634,4
82635,4
82636,4
82637,1
82638,1
82639,1
82640,4
82641,1
82642,1
82643,4
82644,1
82645,1
82646,1
82647,1
82648,1
82649,1
82650,2
82651,1
82652,1
82653,1
82654,1
82655,1
82656,1
82657,1
82658,4
82659,4
82660,1
82661,4
82662,4
82663,1
82664,4
82665,1
82666,2
82667,1
82668,1
82669,1
82670,1
82671,1
82672,1
82673,1
82674,1
82675,1
82676,1
82677,4
82678,1
82679,2
82680,1
82681,4
82682,1
82683,2
82684,1
82685,1
82686,3
82687,1
82688,1
82689,1
82690,1
82691,1
82692,4
82693,1
82694,1
82695,4
82696,1
82697,1
82698,4
82699,1
82700,1
82701,1
82702,1
82703,1
82704,1
82705,1
82706,1
82707,1
82708,1
82709,1
82710,1
82711,1
82712,3
82713,1
82714,4
82715,4
82716,1
82717,1
82718,1
82719,1
82720,1
82721,1
82722,1
82723,1
82724,1
82725,1
82726,1
82727,1
82728,1
82729,1
82730,4
82731,1
82732,4
82733,4
82734,1
82735,1
82736,1
82737,1
82738,1
82739,1
82740,1
82741,1
82742,1
82743,1
82744,1
82745,1
82746,1
82747,3
82748,1
82749,1
82750,1
82751,1
82752,1
82753,1
82754,3
82755,1
82756,3
82757,1
82758,1
82759,4
82760,4
82761,1
82762,1
82763,1
82764,4
82765,1
82766,1
82767,4
82768,4
82769,1
82770,1
82771,1
82772,1
82773,1
82774,1
82775,1
82776,1
82777,1
82778,4
82779,1
82780,2
82781,4
82782,4
82783,1
82784,1
82785,1
82786,1
82787,1
82788,1
82789,2
82790,1
82791,1
82792,1
82793,1
82794,1
82795,1
82796,1
82797,1
82798,1
82799,1
82800,3
82801,1
82802,1
82803,1
82804,4
82805,4
82806,4
82807,1
82808,1
82809,1
82810,1
82811,1
82812,1
82813,4
82814,4
82815,4
82816,1
82817,1
82818,4
82819,4
82820,4
82821,1
82822,1
82823,1
82824,1
82825,1
82826,1
82827,4
82828,2
82829,1
82830,1
82831,1
82832,4
82833,1
82834,4
82835,4
82836,1
82837,4
82838,1
82839,4
82840,1
82841,2
82842,1
82843,2
82844,1
82845,1
82846,1
82847,1
82848,4
82849,2
82850,2
82851,1
82852,1
82853,1
82854,1
82855,1
82856,1
82857,1
82858,2
82859,1
82860,1
82861,4
82862,1
82863,4
82864,1
82865,1
82866,1
82867,1
82868,1
82869,1
82870,1
82871,1
82872,1
82873,1
82874,1
82875,1
82876,2
82877,4
82878,1
82879,1
82880,1
82881,1
82882,1
82883,1
82884,1
82885,1
82886,1
82887,1
82888,4
82889,1
82890,1
82891,1
82892,1
82893,4
82894,1
82895,1
82896,1
82897,1
82898,2
82899,3
82900,1
82901,1
82902,1
82903,1
82904,1
82905,1
82906,4
82907,4
82908,4
82909,4
82910,4
82911,4
82912,4
82913,1
82914,4
82915,1
82916,4
82917,1
82918,1
82919,1
82920,1
82921,1
82922,1
82923,1
82924,1
82925,1
82926,1
82927,3
82928,1
82929,4
82930,4
82931,4
82932,2
82933,4
82934,1
82935,4
82936,1
82937,1
82938,4
82939,1
82940,1
82941,1
82942,1
82943,1
82944,1
82945,3
82946,3
82947,1
82948,4
82949,4
82950,4
82951,4
82952,2
82953,1
82954,1
82955,1
82956,1
82957,3
82958,1
82959,1
82960,1
82961,4
82962,1
82963,1
82964,1
82965,1
82966,1
82967,1
82968,1
82969,1
82970,1
82971,2
82972,1
82973,1
82974,1
82975,1
82976,1
82977,1
82978,1
82979,1
82980,1
82981,1
82982,1
82983,1
82984,1
82985,1
82986,4
82987,1
82988,1
82989,1
82990,1
82991,1
82992,1
82993,1
82994,1
82995,1
82996,4
82997,2
82998,1
82999,2
83000,1
83001,1
83002,2
83003,1
83004,1
83005,1
83006,1
83007,4
83008,4
83009,1
83010,1
83011,1
83012,1
83013,1
83014,1
83015,1
83016,1
83017,1
83018,3
83019,1
83020,1
83021,4
83022,1
83023,4
83024,2
83025,1
83026,4
83027,4
83028,1
83029,1
83030,1
83031,1
83032,1
83033,1
83034,1
83035,1
83036,1
83037,1
83038,1
83039,1
83040,1
83041,1
83042,1
83043,1
83044,4
83045,4
83046,1
83047,4
83048,1
83049,4
83050,4
83051,4
83052,1
83053,1
83054,1
83055,1
83056,1
83057,1
83058,1
83059,1
83060,1
83061,1
83062,3
83063,4
83064,4
83065,1
83066,1
83067,4
83068,1
83069,1
83070,1
83071,1
83072,3
83073,1
83074,1
83075,4
83076,4
83077,4
83078,4
83079,1
83080,4
83081,4
83082,1
83083,2
83084,1
83085,1
83086,1
83087,1
83088,1
83089,4
83090,1
83091,1
83092,1
83093,1
83094,1
83095,1
83096,1
83097,1
83098,1
83099,1
83100,1
83101,1
83102,1
83103,1
83104,1
83105,1
83106,1
83107,4
83108,4
83109,1
83110,4
83111,4
83112,1
83113,1
83114,1
83115,1
83116,1
83117,1
83118,1
83119,1
83120,1
83121,4
83122,4
83123,4
83124,1
83125,1
83126,1
83127,1
83128,1
83129,1
83130,1
83131,1
83132,3
83133,1
83134,1
83135,1
83136,1
83137,4
83138,1
83139,1
83140,1
83141,1
83142,1
83143,1
83144,1
83145,1
83146,1
83147,1
83148,1
83149,1
83150,1
83151,1
83152,1
83153,4
83154,4
83155,1
83156,4
83157,1
83158,1
83159,2
83160,1
83161,4
83162,1
83163,1
83164,1
83165,1
83166,1
83167,1
83168,3
83169,1
83170,1
83171,1
83172,3
83173,4
83174,2
83175,4
83176,1
83177,4
83178,1
83179,1
83180,1
83181,1
83182,1
83183,1
83184,1
83185,1
83186,4
83187,4
83188,4
83189,1
83190,4
83191,1
83192,1
83193,1
83194,1
83195,1
83196,1
83197,1
83198,1
83199,2
83200,1
83201,1
83202,1
83203,1
83204,1
83205,1
83206,1
83207,1
83208,3
83209,1
83210,1
83211,1
83212,1
83213,4
83214,4
83215,4
83216,1
83217,1
83218,4
83219,4
83220,1
83221,4
83222,1
83223,1
83224,1
83225,1
83226,4
83227,1
83228,4
83229,1
83230,4
83231,2
83232,2
83233,1
83234,1
83235,1
83236,1
83237,1
83238,1
83239,1
83240,1
83241,3
83242,1
83243,1
83244,1
83245,1
83246,4
83247,1
83248,4
83249,1
83250,1
83251,1
83252,1
83253,1
83254,1
83255,1
83256,1
83257,1
83258,1
83259,1
83260,1
83261,1
83262,1
83263,4
83264,4
83265,1
83266,1
83267,1
83268,1
83269,1
83270,1
83271,1
83272,1
83273,2
83274,4
83275,1
83276,4
83277,1
83278,1
83279,2
83280,1
83281,2
83282,1
83283,4
83284,1
83285,1
83286,1
83287,1
83288,1
83289,1
83290,1
83291,1
83292,4
83293,1
83294,2
83295,1
83296,1
83297,1
83298,1
83299,1
83300,3
83301,1
83302,4
83303,4
83304,1
83305,1
83306,4
83307,4
83308,4
83309,1
83310,1
83311,1
83312,1
83313,4
83314,4
83315,1
83316,1
83317,1
83318,1
83319,1
83320,1
83321,1
83322,1
83323,1
83324,1
83325,4
83326,4
83327,4
83328,4
83329,1
83330,1
83331,1
83332,1
83333,1
83334,1
83335,1
83336,1
83337,1
83338,1
83339,1
83340,4
83341,1
83342,4
83343,1
83344,1
83345,1
83346,1
83347,1
83348,1
83349,4
83350,4
83351,1
83352,1
83353,1
83354,1
83355,1
83356,1
83357,1
83358,1
83359,1
83360,1
83361,3
83362,3
83363,1
83364,1
83365,4
83366,1
83367,1
83368,1
83369,4
83370,1
83371,1
83372,1
83373,4
83374,4
83375,1
83376,4
83377,1
83378,1
83379,1
83380,1
83381,4
83382,4
83383,1
83384,4
83385,1
83386,4
83387,4
83388,4
83389,1
83390,2
83391,1
83392,1
83393,4
83394,4
83395,1
83396,4
83397,1
83398,4
83399,1
83400,1
83401,1
83402,1
83403,1
83404,1
83405,1
83406,1
83407,1
83408,1
83409,1
83410,1
83411,1
83412,1
83413,1
83414,1
83415,1
83416,1
83417,1
83418,1
83419,4
83420,1
83421,4
83422,1
83423,4
83424,2
83425,4
83426,1
83427,4
83428,1
83429,1
83430,2
83431,4
83432,4
83433,4
83434,1
83435,1
83436,1
83437,1
83438,1
83439,1
83440,1
83441,1
83442,3
83443,2
83444,1
83445,1
83446,1
83447,1
83448,4
83449,2
83450,4
83451,4
83452,4
83453,1
83454,1
83455,1
83456,1
83457,1
83458,1
83459,1
83460,1
83461,1
83462,1
83463,1
83464,1
83465,1
83466,1
83467,1
83468,4
83469,4
83470,1
83471,4
83472,1
83473,1
83474,1
83475,1
83476,1
83477,1
83478,1
83479,1
83480,1
83481,1
83482,1
83483,1
83484,1
83485,4
83486,4
83487,2
83488,4
83489,1
83490,4
83491,4
83492,4
83493,1
83494,1
83495,4
83496,1
83497,4
83498,1
83499,1
83500,1
83501,1
83502,1
83503,1
83504,1
83505,1
83506,4
83507,4
83508,1
83509,1
83510,1
83511,1
83512,4
83513,1
83514,1
83515,4
83516,1
83517,1
83518,1
83519,1
83520,1
83521,1
83522,1
83523,1
83524,4
83525,4
83526,4
83527,1
83528,1
83529,1
83530,1
83531,4
83532,1
83533,4
83534,1
83535,1
83536,1
83537,1
83538,1
83539,1
83540,3
83541,1
83542,1
83543,1
83544,4
83545,2
83546,1
83547,1
83548,1
83549,4
83550,4
83551,1
83552,1
83553,1
83554,1
83555,1
83556,1
83557,1
83558,1
83559,4
83560,1
83561,1
83562,1
83563,1
83564,1
83565,1
83566,1
83567,1
83568,1
83569,1
83570,1
83571,1
83572,1
83573,1
83574,1
83575,1
83576,4
83577,2
83578,4
83579,1
83580,2
83581,1
83582,1
83583,1
83584,1
83585,1
83586,1
83587,1
83588,1
83589,4
83590,1
83591,4
83592,4
83593,1
83594,1
83595,2
83596,1
83597,1
83598,1
83599,1
83600,1
83601,4
83602,4
83603,4
83604,1
83605,1
83606,2
83607,4
83608,1
83609,1
83610,1
83611,1
83612,1
83613,1
83614,1
83615,1
83616,1
83617,3
83618,1
83619,1
83620,2
83621,2
83622,1
83623,1
83624,1
83625,4
83626,1
83627,1
83628,1
83629,1
83630,1
83631,1
83632,1
83633,1
83634,3
83635,1
83636,1
83637,1
83638,1
83639,1
83640,4
83641,4
83642,1
83643,4
83644,4
83645,1
83646,4
83647,1
83648,1
83649,1
83650,1
83651,1
83652,1
83653,1
83654,1
83655,3
83656,1
83657,1
83658,4
83659,4
83660,1
83661,1
83662,1
83663,1
83664,1
83665,1
83666,1
83667,1
83668,1
83669,1
83670,1
83671,4
83672,2
83673,2
83674,2
83675,1
83676,4
83677,2
83678,4
83679,1
83680,4
83681,4
83682,2
83683,4
83684,1
83685,1
83686,1
83687,1
83688,1
83689,1
83690,1
83691,1
83692,1
83693,1
83694,1
83695,1
83696,1
83697,3
83698,1
83699,1
83700,4
83701,1
83702,4
83703,1
83704,4
83705,1
83706,1
83707,1
83708,1
83709,1
83710,4
83711,4
83712,4
83713,1
83714,1
83715,1
83716,2
83717,2
83718,1
83719,1
83720,1
83721,1
83722,1
83723,1
83724,1
83725,4
83726,2
83727,1
83728,1
83729,4
83730,4
83731,1
83732,4
83733,1
83734,1
83735,1
83736,1
83737,1
83738,1
83739,1
83740,1
83741,1
83742,1
83743,1
83744,4
83745,4
83746,1
83747,1
83748,1
83749,1
83750,1
83751,1
83752,1
83753,1
83754,2
83755,2
83756,1
83757,2
83758,1
83759,1
83760,4
83761,1
83762,1
83763,1
83764,1
83765,1
83766,4
83767,1
83768,1
83769,1
83770,1
83771,1
83772,1
83773,1
83774,1
83775,1
83776,4
83777,1
83778,4
83779,1
83780,1
83781,1
83782,4
83783,1
83784,1
83785,1
83786,1
83787,1
83788,1
83789,1
83790,1
83791,1
83792,1
83793,1
83794,1
83795,1
83796,1
83797,2
83798,1
83799,1
83800,1
83801,1
83802,1
83803,1
83804,1
83805,1
83806,2
83807,4
83808,4
83809,4
83810,1
83811,4
83812,1
83813,1
83814,1
83815,1
83816,3
83817,1
83818,1
83819,1
83820,1
83821,1
83822,1
83823,1
83824,4
83825,1
83826,1
83827,1
83828,1
83829,1
83830,1
83831,1
83832,1
83833,1
83834,1
83835,1
83836,4
83837,1
83838,4
83839,2
83840,4
83841,4
83842,1
83843,4
83844,4
83845,1
83846,4
83847,4
83848,4
83849,1
83850,1
83851,1
83852,1
83853,1
83854,1
83855,1
83856,3
83857,1
83858,1
83859,1
83860,4
83861,1
83862,1
83863,1
83864,1
83865,1
83866,1
83867,1
83868,1
83869,1
83870,1
83871,3
83872,3
83873,4
83874,1
83875,4
83876,1
83877,4
83878,1
83879,4
83880,4
83881,4
83882,1
83883,1
83884,1
83885,1
83886,1
83887,1
83888,1
83889,1
83890,1
83891,1
83892,1
83893,1
83894,1
83895,1
83896,1
83897,2
83898,4
83899,4
83900,1
83901,2
83902,1
83903,1
83904,1
83905,1
83906,1
83907,1
83908,1
83909,2
83910,1
83911,1
83912,1
83913,1
83914,1
83915,1
83916,1
83917,1
83918,1
83919,1
83920,1
83921,2
83922,1
83923,1
83924,1
83925,1
83926,1
83927,1
83928,1
83929,1
83930,3
83931,1
83932,2
83933,2
83934,1
83935,4
83936,1
83937,1
83938,1
83939,1
83940,1
83941,1
83942,1
83943,1
83944,1
83945,1
83946,2
83947,1
83948,1
83949,1
83950,1
83951,1
83952,1
83953,1
83954,1
83955,2
83956,1
83957,1
83958,1
83959,3
83960,1
83961,3
83962,1
83963,4
83964,4
83965,4
83966,1
83967,1
83968,1
83969,1
83970,4
83971,1
83972,1
83973,1
83974,1
83975,1
83976,1
83977,1
83978,1
83979,1
83980,1
83981,1
83982,4
83983,4
83984,1
83985,4
83986,1
83987,2
83988,4
83989,4
83990,1
83991,1
83992,1
83993,1
83994,1
83995,1
83996,1
83997,1
83998,1
83999,3
84000,1
84001,1
84002,3
84003,1
84004,1
84005,1
84006,3
84007,3
84008,1
84009,4
84010,1
84011,4
84012,1
84013,1
84014,1
84015,1
84016,1
84017,1
84018,1
84019,1
84020,1
84021,1
84022,1
84023,1
84024,4
84025,4
84026,4
84027,1
84028,1
84029,2
84030,1
84031,1
84032,1
84033,1
84034,1
84035,1
84036,1
84037,1
84038,1
84039,1
84040,1
84041,1
84042,1
84043,4
84044,4
84045,1
84046,2
84047,4
84048,4
84049,4
84050,4
84051,1
84052,1
84053,1
84054,1
84055,1
84056,1
84057,1
84058,1
84059,1
84060,1
84061,4
84062,4
84063,1
84064,1
84065,4
84066,1
84067,1
84068,2
84069,4
84070,1
84071,1
84072,1
84073,1
84074,1
84075,1
84076,1
84077,4
84078,4
84079,1
84080,1
84081,1
84082,4
84083,1
84084,1
84085,1
84086,4
84087,1
84088,1
84089,1
84090,1
84091,1
84092,1
84093,1
84094,1
84095,4
84096,4
84097,1
84098,4
84099,4
84100,1
84101,1
84102,1
84103,1
84104,1
84105,1
84106,1
84107,1
84108,1
84109,1
84110,1
84111,1
84112,4
84113,4
84114,1
84115,1
84116,1
84117,1
84118,1
84119,1
84120,1
84121,1
84122,1
84123,1
84124,1
84125,1
84126,1
84127,1
84128,1
84129,1
84130,3
84131,4
84132,4
84133,4
84134,4
84135,4
84136,1
84137,1
84138,1
84139,1
84140,1
84141,1
84142,1
84143,2
84144,4
84145,2
84146,2
84147,4
84148,4
84149,1
84150,4
84151,1
84152,1
84153,4
84154,1
84155,1
84156,2
84157,1
84158,1
84159,1
84160,1
84161,4
84162,4
84163,4
84164,4
84165,1
84166,1
84167,1
84168,1
84169,1
84170,1
84171,3
84172,1
84173,1
84174,3
84175,1
84176,4
84177,1
84178,1
84179,1
84180,4
84181,4
84182,1
84183,1
84184,1
84185,4
84186,2
84187,1
84188,1
84189,1
84190,1
84191,1
84192,1
84193,1
84194,1
84195,1
84196,4
84197,1
84198,1
84199,1
84200,1
84201,1
84202,1
84203,4
84204,2
84205,4
84206,4
84207,1
84208,1
84209,1
84210,1
84211,1
84212,1
84213,1
84214,1
84215,1
84216,1
84217,1
84218,4
84219,4
84220,4
84221,1
84222,1
84223,1
84224,1
84225,1
84226,1
84227,1
84228,1
84229,1
84230,1
84231,1
84232,3
84233,1
84234,4
84235,4
84236,1
84237,1
84238,4
84239,4
84240,4
84241,1
84242,1
84243,4
84244,1
84245,1
84246,1
84247,3
84248,1
84249,1
84250,4
84251,1
84252,1
84253,1
84254,1
84255,1
84256,4
84257,4
84258,4
84259,1
84260,1
84261,1
84262,1
84263,3
84264,1
84265,1
84266,1
84267,1
84268,1
84269,4
84270,4
84271,4
84272,1
84273,4
84274,1
84275,1
84276,1
84277,4
84278,1
84279,1
84280,1
84281,1
84282,1
84283,1
84284,1
84285,1
84286,1
84287,1
84288,1
84289,3
84290,1
84291,1
84292,1
84293,1
84294,1
84295,1
84296,4
84297,1
84298,1
84299,1
84300,4
84301,1
84302,2
84303,1
84304,1
84305,1
84306,1
84307,1
84308,1
84309,1
84310,1
84311,1
84312,1
84313,4
84314,4
84315,2
84316,4
84317,4
84318,4
84319,4
84320,2
84321,1
84322,1
84323,1
84324,1
84325,3
84326,1
84327,1
84328,1
84329,1
84330,1
84331,4
84332,4
84333,4
84334,1
84335,1
84336,1
84337,1
84338,1
84339,1
84340,1
84341,1
84342,1
84343,1
84344,1
84345,1
84346,1
84347,4
84348,4
84349,4
84350,1
84351,4
84352,2
84353,4
84354,1
84355,1
84356,1
84357,1
84358,1
84359,1
84360,1
84361,1
84362,4
84363,4
84364,1
84365,1
84366,4
84367,1
84368,1
84369,1
84370,1
84371,1
84372,1
84373,1
84374,1
84375,1
84376,1
84377,4
84378,4
84379,1
84380,4
84381,1
84382,1
84383,1
84384,1
84385,1
84386,4
84387,4
84388,4
84389,2
84390,4
84391,4
84392,4
84393,1
84394,1
84395,1
84396,1
84397,1
84398,1
84399,1
84400,1
84401,1
84402,1
84403,4
84404,2
84405,4
84406,1
84407,4
84408,1
84409,1
84410,4
84411,2
84412,1
84413,4
84414,1
84415,1
84416,1
84417,1
84418,1
84419,1
84420,1
84421,1
84422,1
84423,1
84424,4
84425,1
84426,4
84427,4
84428,4
84429,4
84430,1
84431,1
84432,1
84433,1
84434,1
84435,1
84436,1
84437,1
84438,1
84439,1
84440,1
84441,1
84442,2
84443,2
84444,4
84445,4
84446,2
84447,1
84448,1
84449,1
84450,1
84451,1
84452,1
84453,1
84454,3
84455,1
84456,1
84457,1
84458,1
84459,1
84460,1
84461,1
84462,1
84463,4
84464,2
84465,1
84466,4
84467,1
84468,1
84469,1
84470,1
84471,1
84472,1
84473,1
84474,1
84475,1
84476,1
84477,4
84478,4
84479,4
84480,4
84481,4
84482,1
84483,4
84484,4
84485,1
84486,1
84487,1
84488,4
84489,1
84490,1
84491,1
84492,1
84493,1
84494,1
84495,1
84496,4
84497,1
84498,1
84499,1
84500,1
84501,1
84502,1
84503,1
84504,1
84505,1
84506,1
84507,1
84508,1
84509,1
84510,1
84511,1
84512,1
84513,1
84514,1
84515,1
84516,1
84517,4
84518,4
84519,1
84520,1
84521,1
84522,1
84523,1
84524,1
84525,1
84526,1
84527,2
84528,1
84529,4
84530,1
84531,1
84532,4
84533,4
84534,1
84535,1
84536,2
84537,2
84538,1
84539,1
84540,1
84541,1
84542,3
84543,1
84544,1
84545,1
84546,1
84547,4
84548,4
84549,1
84550,1
84551,1
84552,1
84553,1
84554,1
84555,1
84556,4
84557,1
84558,1
84559,4
84560,4
84561,4
84562,1
84563,4
84564,1
84565,1
84566,1
84567,1
84568,1
84569,2
84570,1
84571,1
84572,1
84573,1
84574,4
84575,1
84576,1
84577,1
84578,1
84579,1
84580,1
84581,1
84582,4
84583,4
84584,1
84585,1
84586,1
84587,1
84588,1
84589,1
84590,1
84591,1
84592,1
84593,1
84594,1
84595,1
84596,1
84597,1
84598,1
84599,1
84600,1
84601,4
84602,1
84603,1
84604,4
84605,4
84606,1
84607,2
84608,1
84609,1
84610,3
84611,1
84612,1
84613,4
84614,1
84615,4
84616,1
84617,1
84618,4
84619,2
84620,1
84621,4
84622,1
84623,4
84624,1
84625,1
84626,1
84627,1
84628,1
84629,1
84630,4
84631,4
84632,1
84633,4
84634,4
84635,4
84636,1
84637,1
84638,1
84639,1
84640,1
84641,1
84642,1
84643,4
84644,1
84645,4
84646,4
84647,1
84648,1
84649,1
84650,1
84651,1
84652,1
84653,1
84654,1
84655,1
84656,4
84657,1
84658,4
84659,1
84660,4
84661,2
84662,1
84663,1
84664,1
84665,2
84666,1
84667,1
84668,1
84669,4
84670,1
84671,1
84672,1
84673,2
84674,1
84675,1
84676,1
84677,1
84678,1
84679,1
84680,1
84681,1
84682,1
84683,1
84684,4
84685,1
84686,4
84687,1
84688,1
84689,1
84690,1
84691,1
84692,1
84693,1
84694,1
84695,1
84696,2
84697,1
84698,1
84699,3
84700,4
84701,4
84702,4
84703,4
84704,2
84705,4
84706,4
84707,1
84708,1
84709,4
84710,1
84711,1
84712,1
84713,1
84714,1
84715,1
84716,1
84717,4
84718,1
84719,4
84720,4
84721,4
84722,1
84723,1
84724,4
84725,2
84726,1
84727,1
84728,1
84729,1
84730,1
84731,4
84732,1
84733,1
84734,1
84735,1
84736,1
84737,1
84738,1
84739,1
84740,1
84741,3
84742,1
84743,1
84744,4
84745,4
84746,1
84747,4
84748,1
84749,1
84750,1
84751,1
84752,1
84753,1
84754,1
84755,1
84756,1
84757,1
84758,1
84759,4
84760,4
84761,2
84762,1
84763,4
84764,4
84765,1
84766,2
84767,1
84768,1
84769,1
84770,1
84771,1
84772,1
84773,1
84774,1
84775,1
84776,4
84777,4
84778,4
84779,1
84780,1
84781,1
84782,1
84783,1
84784,1
84785,1
84786,1
84787,1
84788,4
84789,1
84790,1
84791,1
84792,1
84793,1
84794,1
84795,1
84796,1
84797,1
84798,1
84799,4
84800,1
84801,1
84802,1
84803,1
84804,1
84805,1
84806,1
84807,1
84808,1
84809,4
84810,4
84811,4
84812,4
84813,1
84814,4
84815,2
84816,1
84817,1
84818,1
84819,1
84820,1
84821,1
84822,1
84823,1
84824,1
84825,4
84826,4
84827,4
84828,4
84829,4
84830,1
84831,1
84832,1
84833,4
84834,1
84835,1
84836,1
84837,1
84838,1
84839,1
84840,4
84841,4
84842,4
84843,1
84844,4
84845,1
84846,1
84847,1
84848,2
84849,1
84850,1
84851,1
84852,4
84853,4
84854,1
84855,1
84856,1
84857,1
84858,1
84859,1
84860,1
84861,1
84862,3
84863,1
84864,3
84865,4
84866,4
84867,1
84868,1
84869,1
84870,1
84871,1
84872,1
84873,1
84874,1
84875,4
84876,4
84877,4
84878,1
84879,1
84880,1
84881,1
84882,1
84883,1
84884,1
84885,1
84886,1
84887,1
84888,1
84889,3
84890,1
84891,1
84892,1
84893,3
84894,4
84895,1
84896,2
84897,1
84898,1
84899,1
84900,1
84901,1
84902,1
84903,2
84904,4
84905,4
84906,4
84907,4
84908,4
84909,4
84910,2
84911,1
84912,1
84913,1
84914,1
84915,1
84916,1
84917,1
84918,4
84919,4
84920,4
84921,4
84922,1
84923,1
84924,1
84925,2
84926,1
84927,2
84928,1
84929,1
84930,1
84931,4
84932,1
84933,1
84934,1
84935,1
84936,1
84937,1
84938,4
84939,4
84940,4
84941,4
84942,4
84943,4
84944,1
84945,1
84946,1
84947,1
84948,1
84949,1
84950,1
84951,4
84952,4
84953,4
84954,1
84955,1
84956,1
84957,1
84958,1
84959,1
84960,1
84961,3
84962,1
84963,4
84964,4
84965,4
84966,1
84967,4
84968,4
84969,1
84970,1
84971,1
84972,1
84973,1
84974,1
84975,1
84976,1
84977,1
84978,1
84979,4
84980,4
84981,4
84982,4
84983,1
84984,4
84985,1
84986,1
84987,1
84988,1
84989,1
84990,1
84991,1
84992,4
84993,4
84994,4
84995,1
84996,1
84997,1
84998,1
84999,1
85000,1
85001,1
85002,1
85003,1
85004,1
85005,1
85006,1
85007,1
85008,4
85009,4
85010,1
85011,1
85012,1
85013,1
85014,1
85015,1
85016,1
85017,4
85018,1
85019,1
85020,4
85021,1
85022,1
85023,1
85024,1
85025,4
85026,1
85027,4
85028,4
85029,4
85030,1
85031,1
85032,1
85033,1
85034,1
85035,1
85036,1
85037,1
85038,1
85039,1
85040,3
85041,1
85042,4
85043,4
85044,2
85045,4
85046,1
85047,1
85048,1
85049,1
85050,1
85051,1
85052,1
85053,1
85054,1
85055,1
85056,1
85057,1
85058,1
85059,4
85060,4
85061,4
85062,2
85063,1
85064,1
85065,1
85066,1
85067,1
85068,1
85069,1
85070,1
85071,1
85072,1
85073,1
85074,1
85075,1
85076,1
85077,4
85078,4
85079,4
85080,4
85081,4
85082,4
85083,1
85084,4
85085,1
85086,1
85087,1
85088,1
85089,1
85090,4
85091,4
85092,1
85093,1
85094,1
85095,1
85096,1
85097,1
85098,1
85099,1
85100,1
85101,1
85102,1
85103,4
85104,1
85105,1
85106,4
85107,1
85108,1
85109,1
85110,1
85111,4
85112,4
85113,1
85114,4
85115,4
85116,1
85117,1
85118,1
85119,1
85120,1
85121,1
85122,1
85123,1
85124,1
85125,4
85126,1
85127,1
85128,1
85129,1
85130,3
85131,1
85132,1
85133,4
85134,2
85135,4
85136,1
85137,4
85138,1
85139,1
85140,1
85141,1
85142,1
85143,3
85144,1
85145,4
85146,4
85147,1
85148,1
85149,4
85150,4
85151,1
85152,2
85153,4
85154,1
85155,1
85156,1
85157,4
85158,4
85159,1
85160,4
85161,1
85162,1
85163,1
85164,1
85165,1
85166,1
85167,1
85168,4
85169,4
85170,1
85171,1
85172,1
85173,1
85174,1
85175,3
85176,1
85177,1
85178,1
85179,1
85180,1
85181,1
85182,1
85183,1
85184,1
85185,4
85186,1
85187,1
85188,4
85189,4
85190,1
85191,1
85192,1
85193,1
85194,1
85195,1
85196,1
85197,4
85198,1
85199,1
85200,1
85201,1
85202,1
85203,1
85204,1
85205,4
85206,4
85207,1
85208,1
85209,1
85210,1
85211,1
85212,1
85213,1
85214,1
85215,1
85216,1
85217,2
85218,1
85219,4
85220,4
85221,4
85222,1
85223,1
85224,1
85225,1
85226,1
85227,1
85228,1
85229,4
85230,4
85231,4
85232,1
85233,4
85234,1
85235,4
85236,1
85237,1
85238,1
85239,1
85240,1
85241,1
85242,1
85243,1
85244,4
85245,4
85246,4
85247,1
85248,1
85249,4
85250,1
85251,1
85252,1
85253,1
85254,1
85255,1
85256,1
85257,1
85258,1
85259,1
85260,1
85261,1
85262,1
85263,1
85264,1
85265,1
85266,4
85267,4
85268,4
85269,1
85270,1
85271,1
85272,1
85273,1
85274,1
85275,1
85276,4
85277,4
85278,1
85279,4
85280,1
85281,1
85282,1
85283,1
85284,1
85285,1
85286,1
85287,1
85288,3
85289,1
85290,4
85291,4
85292,4
85293,1
85294,1
85295,1
85296,1
85297,3
85298,1
85299,1
85300,4
85301,1
85302,2
85303,4
85304,4
85305,1
85306,1
85307,1
85308,1
85309,1
85310,1
85311,1
85312,4
85313,4
85314,4
85315,4
85316,1
85317,1
85318,2
85319,1
85320,1
85321,1
85322,1
85323,1
85324,4
85325,4
85326,1
85327,1
85328,3
85329,4
85330,4
85331,1
85332,4
85333,1
85334,1
85335,2
85336,1
85337,1
85338,4
85339,1
85340,1
85341,4
85342,1
85343,1
85344,3
85345,4
85346,4
85347,1
85348,1
85349,1
85350,1
85351,1
85352,1
85353,1
85354,1
85355,1
85356,1
85357,1
85358,1
85359,4
85360,1
85361,1
85362,4
85363,1
85364,4
85365,1
85366,1
85367,4
85368,2
85369,4
85370,1
85371,4
85372,4
85373,4
85374,4
85375,1
85376,1
85377,1
85378,1
85379,1
85380,1
85381,1
85382,4
85383,1
85384,1
85385,4
85386,4
85387,4
85388,4
85389,4
85390,4
85391,1
85392,1
85393,1
85394,1
85395,1
85396,1
85397,1
85398,1
85399,1
85400,1
85401,4
85402,4
85403,4
85404,1
85405,4
85406,1
85407,1
85408,1
85409,1
85410,1
85411,1
85412,4
85413,1
85414,4
85415,1
85416,1
85417,4
85418,1
85419,1
85420,1
85421,4
85422,1
85423,1
85424,4
85425,1
85426,1
85427,1
85428,1
85429,1
85430,1
85431,4
85432,4
85433,1
85434,1
85435,1
85436,1
85437,1
85438,3
85439,1
85440,4
85441,1
85442,2
85443,2
85444,1
85445,1
85446,1
85447,4
85448,1
85449,1
85450,1
85451,1
85452,2
85453,4
85454,4
85455,2
85456,1
85457,1
85458,2
85459,1
85460,1
85461,1
85462,1
85463,1
85464,1
85465,4
85466,4
85467,4
85468,4
85469,4
85470,1
85471,1
85472,4
85473,4
85474,4
85475,1
85476,1
85477,1
85478,1
85479,4
85480,4
85481,1
85482,1
85483,1
85484,1
85485,1
85486,1
85487,1
85488,1
85489,1
85490,1
85491,4
85492,1
85493,1
85494,1
85495,1
85496,1
85497,1
85498,1
85499,1
85500,1
85501,1
85502,1
85503,1
85504,1
85505,4
85506,1
85507,1
85508,1
85509,1
85510,1
85511,4
85512,1
85513,2
85514,1
85515,1
85516,1
85517,4
85518,1
85519,1
85520,1
85521,1
85522,1
85523,1
85524,1
85525,1
85526,1
85527,1
85528,1
85529,1
85530,1
85531,1
85532,1
85533,4
85534,1
85535,1
85536,4
85537,4
85538,4
85539,4
85540,4
85541,4
85542,1
85543,4
85544,1
85545,4
85546,1
85547,4
85548,4
85549,1
85550,2
85551,4
85552,1
85553,4
85554,1
85555,1
85556,4
85557,4
85558,4
85559,4
85560,1
85561,1
85562,1
85563,1
85564,1
85565,1
85566,1
85567,4
85568,1
85569,1
85570,1
85571,4
85572,1
85573,1
85574,1
85575,1
85576,1
85577,1
85578,1
85579,1
85580,1
85581,1
85582,1
85583,1
85584,1
85585,1
85586,1
85587,1
85588,1
85589,1
85590,1
85591,1
85592,1
85593,1
85594,1
85595,1
85596,1
85597,1
85598,1
85599,1
85600,1
85601,1
85602,1
85603,1
85604,1
85605,1
85606,1
85607,1
85608,1
85609,1
85610,1
85611,1
85612,1
85613,1
85614,1
85615,1
85616,1
85617,1
85618,1
85619,1
85620,1
85621,1
85622,1
85623,1
85624,1
85625,1
85626,1
85627,1
85628,1
85629,1
85630,1
85631,1
85632,1
85633,1
85634,1
85635,1
85636,2
85637,1
85638,1
85639,1
85640,1
85641,1
85642,1
85643,1
85644,1
85645,1
85646,1
85647,1
85648,1
85649,1
85650,1
85651,1
85652,1
85653,1
85654,1
85655,1
85656,1
85657,1
85658,1
85659,1
85660,1
85661,1
85662,1
85663,1
85664,1
85665,4
85666,4
85667,1
85668,1
85669,1
85670,1
85671,1
85672,1
85673,4
85674,1
85675,4
85676,1
85677,1
85678,1
85679,1
85680,1
85681,1
85682,1
85683,1
85684,1
85685,1
85686,1
85687,1
85688,1
85689,1
85690,1
85691,1
85692,1
85693,4
85694,1
85695,2
85696,1
85697,1
85698,1
85699,1
85700,1
85701,1
85702,1
85703,1
85704,1
85705,1
85706,1
85707,1
85708,1
85709,1
85710,1
85711,4
85712,1
85713,1
85714,1
85715,1
85716,1
85717,1
85718,1
85719,1
85720,1
85721,1
85722,4
85723,4
85724,4
85725,4
85726,4
85727,1
85728,1
85729,1
85730,1
85731,1
85732,1
85733,1
85734,1
85735,1
85736,1
85737,1
85738,1
85739,1
85740,1
85741,1
85742,1
85743,1
85744,1
85745,1
85746,1
85747,4
85748,4
85749,4
85750,1
85751,1
85752,1
85753,4
85754,1
85755,1
85756,1
85757,1
85758,1
85759,4
85760,4
85761,4
85762,1
85763,1
85764,1
85765,1
85766,1
85767,1
85768,1
85769,4
85770,4
85771,4
85772,1
85773,1
85774,2
85775,1
85776,1
85777,1
85778,1
85779,1
85780,1
85781,1
85782,1
85783,1
85784,1
85785,1
85786,1
85787,1
85788,1
85789,4
85790,4
85791,4
85792,4
85793,1
85794,1
85795,1
85796,1
85797,1
85798,1
85799,1
85800,1
85801,1
85802,1
85803,1
85804,1
85805,1
85806,1
85807,1
85808,1
85809,1
85810,1
85811,1
85812,1
85813,1
85814,1
85815,1
85816,1
85817,1
85818,1
85819,1
85820,4
85821,4
85822,4
85823,1
85824,4
85825,1
85826,1
85827,1
85828,1
85829,1
85830,1
85831,1
85832,1
85833,1
85834,1
85835,1
85836,4
85837,4
85838,4
85839,1
85840,1
85841,1
85842,1
85843,1
85844,1
85845,1
85846,4
85847,4
85848,1
85849,1
85850,1
85851,1
85852,1
85853,1
85854,1
85855,1
85856,1
85857,1
85858,4
85859,1
85860,1
85861,1
85862,1
85863,1
85864,1
85865,1
85866,1
85867,1
85868,1
85869,1
85870,1
85871,1
85872,1
85873,1
85874,1
85875,1
85876,1
85877,1
85878,4
85879,2
85880,1
85881,4
85882,1
85883,1
85884,1
85885,1
85886,1
85887,1
85888,1
85889,1
85890,1
85891,1
85892,1
85893,1
85894,1
85895,1
85896,1
85897,1
85898,2
85899,1
85900,1
85901,1
85902,1
85903,1
85904,4
85905,1
85906,1
85907,1
85908,1
85909,1
85910,1
85911,1
85912,1
85913,1
85914,1
85915,1
85916,1
85917,1
85918,1
85919,4
85920,1
85921,4
85922,1
85923,1
85924,1
85925,1
85926,1
85927,1
85928,1
85929,1
85930,4
85931,1
85932,4
85933,4
85934,2
85935,1
85936,1
85937,1
85938,1
85939,1
85940,1
85941,1
85942,1
85943,1
85944,1
85945,1
85946,1
85947,1
85948,1
85949,1
85950,4
85951,4
85952,4
85953,4
85954,1
85955,1
85956,1
85957,1
85958,1
85959,1
85960,1
85961,1
85962,1
85963,1
85964,1
85965,1
85966,1
85967,1
85968,1
85969,1
85970,1
85971,1
85972,1
85973,1
85974,1
85975,1
85976,1
85977,1
85978,1
85979,1
85980,1
85981,4
85982,1
85983,4
85984,1
85985,1
85986,2
85987,4
85988,2
85989,1
85990,1
85991,1
85992,1
85993,1
85994,1
85995,1
85996,1
85997,1
85998,1
85999,1
86000,1
86001,4
86002,4
86003,1
86004,1
86005,1
86006,1
86007,1
86008,1
86009,4
86010,1
86011,2
86012,4
86013,1
86014,1
86015,1
86016,1
86017,1
86018,1
86019,1
86020,1
86021,1
86022,1
86023,1
86024,4
86025,2
86026,1
86027,1
86028,1
86029,1
86030,1
86031,1
86032,1
86033,1
86034,1
86035,1
86036,1
86037,1
86038,1
86039,1
86040,1
86041,1
86042,1
86043,1
86044,4
86045,4
86046,4
86047,4
86048,2
86049,4
86050,1
86051,4
86052,1
86053,1
86054,1
86055,1
86056,1
86057,1
86058,1
86059,1
86060,1
86061,1
86062,1
86063,1
86064,1
86065,4
86066,4
86067,1
86068,1
86069,1
86070,1
86071,1
86072,1
86073,1
86074,4
86075,1
86076,4
86077,4
86078,1
86079,1
86080,1
86081,1
86082,1
86083,1
86084,1
86085,1
86086,4
86087,4
86088,1
86089,1
86090,1
86091,1
86092,1
86093,1
86094,1
86095,1
86096,4
86097,4
86098,1
86099,1
86100,1
86101,1
86102,1
86103,1
86104,1
86105,1
86106,1
86107,1
86108,1
86109,1
86110,1
86111,1
86112,1
86113,3
86114,4
86115,2
86116,1
86117,1
86118,1
86119,1
86120,1
86121,1
86122,1
86123,1
86124,1
86125,2
86126,2
86127,1
86128,1
86129,2
86130,1
86131,1
86132,1
86133,1
86134,1
86135,1
86136,1
86137,1
86138,4
86139,1
86140,4
86141,1
86142,4
86143,1
86144,1
86145,1
86146,1
86147,1
86148,1
86149,4
86150,4
86151,4
86152,1
86153,1
86154,1
86155,1
86156,1
86157,1
86158,1
86159,1
86160,1
86161,1
86162,1
86163,1
86164,1
86165,4
86166,4
86167,1
86168,1
86169,4
86170,4
86171,1
86172,1
86173,1
86174,1
86175,1
86176,1
86177,1
86178,1
86179,1
86180,1
86181,1
86182,1
86183,1
86184,1
86185,1
86186,4
86187,1
86188,1
86189,1
86190,1
86191,1
86192,1
86193,1
86194,1
86195,1
86196,1
86197,4
86198,1
86199,4
86200,1
86201,1
86202,1
86203,1
86204,1
86205,1
86206,1
86207,1
86208,1
86209,1
86210,1
86211,4
86212,4
86213,1
86214,1
86215,4
86216,1
86217,4
86218,1
86219,1
86220,1
86221,1
86222,1
86223,1
86224,1
86225,1
86226,1
86227,4
86228,4
86229,4
86230,1
86231,1
86232,1
86233,1
86234,1
86235,1
86236,1
86237,1
86238,4
86239,4
86240,1
86241,4
86242,1
86243,1
86244,1
86245,1
86246,1
86247,1
86248,1
86249,1
86250,1
86251,1
86252,1
86253,1
86254,1
86255,1
86256,1
86257,4
86258,2
86259,1
86260,1
86261,1
86262,1
86263,1
86264,1
86265,1
86266,1
86267,1
86268,1
86269,1
86270,4
86271,1
86272,1
86273,1
86274,1
86275,1
86276,1
86277,1
86278,1
86279,1
86280,1
86281,4
86282,4
86283,1
86284,2
86285,1
86286,1
86287,1
86288,1
86289,1
86290,1
86291,1
86292,1
86293,1
86294,1
86295,1
86296,1
86297,1
86298,4
86299,1
86300,1
86301,1
86302,1
86303,1
86304,1
86305,1
86306,1
86307,1
86308,1
86309,1
86310,4
86311,1
86312,4
86313,1
86314,1
86315,1
86316,1
86317,1
86318,1
86319,1
86320,1
86321,1
86322,1
86323,1
86324,1
86325,1
86326,1
86327,1
86328,1
86329,1
86330,4
86331,4
86332,1
86333,1
86334,1
86335,1
86336,1
86337,1
86338,1
86339,1
86340,1
86341,4
86342,4
86343,1
86344,1
86345,1
86346,1
86347,1
86348,1
86349,1
86350,1
86351,1
86352,1
86353,1
86354,1
86355,1
86356,1
86357,1
86358,1
86359,1
86360,1
86361,1
86362,1
86363,4
86364,2
86365,1
86366,4
86367,4
86368,1
86369,1
86370,1
86371,1
86372,1
86373,1
86374,1
86375,4
86376,1
86377,1
86378,1
86379,1
86380,1
86381,4
86382,4
86383,1
86384,1
86385,1
86386,1
86387,1
86388,1
86389,1
86390,1
86391,4
86392,4
86393,1
86394,1
86395,1
86396,1
86397,1
86398,1
86399,1
86400,1
86401,1
86402,4
86403,2
86404,1
86405,1
86406,4
86407,1
86408,1
86409,1
86410,1
86411,1
86412,1
86413,1
86414,1
86415,1
86416,1
86417,1
86418,1
86419,1
86420,4
86421,2
86422,1
86423,1
86424,1
86425,4
86426,1
86427,1
86428,1
86429,1
86430,1
86431,1
86432,1
86433,1
86434,1
86435,1
86436,1
86437,1
86438,1
86439,1
86440,1
86441,1
86442,1
86443,1
86444,1
86445,4
86446,4
86447,1
86448,1
86449,2
86450,1
86451,1
86452,1
86453,1
86454,1
86455,1
86456,1
86457,1
86458,4
86459,1
86460,4
86461,4
86462,1
86463,1
86464,1
86465,1
86466,1
86467,1
86468,4
86469,1
86470,4
86471,1
86472,1
86473,1
86474,1
86475,1
86476,1
86477,1
86478,1
86479,1
86480,1
86481,1
86482,1
86483,4
86484,4
86485,4
86486,1
86487,1
86488,1
86489,4
86490,1
86491,1
86492,1
86493,1
86494,1
86495,1
86496,1
86497,1
86498,1
86499,1
86500,1
86501,1
86502,1
86503,1
86504,4
86505,1
86506,1
86507,1
86508,1
86509,1
86510,1
86511,1
86512,1
86513,1
86514,1
86515,1
86516,1
86517,1
86518,1
86519,1
86520,1
86521,1
86522,1
86523,1
86524,1
86525,1
86526,4
86527,1
86528,1
86529,1
86530,1
86531,1
86532,1
86533,1
86534,1
86535,1
86536,1
86537,1
86538,1
86539,1
86540,1
86541,1
86542,1
86543,1
86544,1
86545,4
86546,1
86547,1
86548,1
86549,1
86550,1
86551,1
86552,1
86553,1
86554,1
86555,1
86556,1
86557,1
86558,1
86559,1
86560,1
86561,1
86562,1
86563,1
86564,1
86565,1
86566,1
86567,1
86568,4
86569,1
86570,4
86571,4
86572,1
86573,1
86574,1
86575,1
86576,1
86577,1
86578,1
86579,1
86580,1
86581,1
86582,1
86583,1
86584,4
86585,4
86586,4
86587,1
86588,1
86589,1
86590,1
86591,1
86592,1
86593,1
86594,1
86595,1
86596,1
86597,1
86598,1
86599,1
86600,4
86601,4
86602,4
86603,1
86604,4
86605,1
86606,1
86607,1
86608,1
86609,1
86610,1
86611,4
86612,1
86613,1
86614,1
86615,1
86616,1
86617,1
86618,1
86619,1
86620,1
86621,4
86622,4
86623,1
86624,1
86625,1
86626,1
86627,1
86628,1
86629,1
86630,1
86631,1
86632,4
86633,1
86634,1
86635,1
86636,1
86637,1
86638,1
86639,1
86640,1
86641,1
86642,1
86643,1
86644,1
86645,2
86646,4
86647,4
86648,4
86649,1
86650,1
86651,1
86652,1
86653,1
86654,1
86655,1
86656,4
86657,4
86658,1
86659,1
86660,1
86661,1
86662,1
86663,1
86664,1
86665,1
86666,1
86667,1
86668,1
86669,1
86670,4
86671,1
86672,1
86673,1
86674,1
86675,1
86676,1
86677,1
86678,1
86679,1
86680,1
86681,1
86682,1
86683,4
86684,1
86685,1
86686,1
86687,4
86688,1
86689,1
86690,1
86691,1
86692,1
86693,1
86694,1
86695,1
86696,4
86697,4
86698,1
86699,1
86700,1
86701,1
86702,4
86703,1
86704,1
86705,1
86706,1
86707,1
86708,1
86709,1
86710,1
86711,1
86712,1
86713,1
86714,1
86715,1
86716,1
86717,1
86718,1
86719,1
86720,1
86721,1
86722,1
86723,1
86724,1
86725,1
86726,1
86727,1
86728,1
86729,1
86730,1
86731,1
86732,1
86733,1
86734,1
86735,1
86736,1
86737,1
86738,1
86739,1
86740,1
86741,1
86742,1
86743,1
86744,1
86745,1
86746,1
86747,1
86748,1
86749,1
86750,1
86751,1
86752,1
86753,1
86754,1
86755,1
86756,1
86757,1
86758,1
86759,1
86760,1
86761,4
86762,4
86763,1
86764,1
86765,2
86766,1
86767,2
86768,1
86769,1
86770,1
86771,1
86772,1
86773,1
86774,1
86775,1
86776,1
86777,1
86778,1
86779,1
86780,1
86781,1
86782,1
86783,1
86784,1
86785,1
86786,1
86787,1
86788,1
86789,1
86790,1
86791,1
86792,1
86793,1
86794,1
86795,1
86796,1
86797,1
86798,1
86799,1
86800,1
86801,1
86802,1
86803,1
86804,1
86805,1
86806,1
86807,1
86808,4
86809,4
86810,1
86811,1
86812,2
86813,1
86814,1
86815,1
86816,1
86817,1
86818,1
86819,1
86820,1
86821,1
86822,1
86823,1
86824,4
86825,4
86826,2
86827,1
86828,1
86829,1
86830,1
86831,1
86832,1
86833,1
86834,4
86835,4
86836,1
86837,1
86838,1
86839,1
86840,1
86841,1
86842,1
86843,1
86844,1
86845,1
86846,1
86847,1
86848,4
86849,1
86850,4
86851,1
86852,1
86853,1
86854,1
86855,1
86856,1
86857,1
86858,4
86859,1
86860,1
86861,1
86862,4
86863,4
86864,1
86865,4
86866,1
86867,1
86868,1
86869,1
86870,1
86871,1
86872,1
86873,1
86874,1
86875,4
86876,4
86877,1
86878,1
86879,1
86880,1
86881,1
86882,1
86883,1
86884,1
86885,1
86886,1
86887,1
86888,4
86889,1
86890,1
86891,1
86892,1
86893,1
86894,1
86895,1
86896,1
86897,1
86898,1
86899,1
86900,1
86901,1
86902,1
86903,1
86904,1
86905,1
86906,1
86907,1
86908,1
86909,1
86910,1
86911,1
86912,1
86913,1
86914,1
86915,1
86916,1
86917,1
86918,1
86919,1
86920,1
86921,1
86922,1
86923,4
86924,4
86925,4
86926,2
86927,1
86928,1
86929,1
86930,1
86931,1
86932,1
86933,1
86934,1
86935,1
86936,1
86937,1
86938,1
86939,1
86940,1
86941,1
86942,1
86943,1
86944,1
86945,4
86946,2
86947,1
86948,1
86949,1
86950,1
86951,1
86952,1
86953,1
86954,1
86955,1
86956,1
86957,1
86958,1
86959,4
86960,4
86961,4
86962,1
86963,1
86964,1
86965,1
86966,1
86967,1
86968,4
86969,4
86970,4
86971,4
86972,1
86973,1
86974,1
86975,1
86976,1
86977,1
86978,1
86979,1
86980,1
86981,1
86982,1
86983,1
86984,1
86985,1
86986,1
86987,4
86988,1
86989,1
86990,1
86991,4
86992,1
86993,1
86994,1
86995,1
86996,1
86997,1
86998,1
86999,1
87000,1
87001,4
87002,1
87003,1
87004,1
87005,1
87006,1
87007,1
87008,4
87009,4
87010,2
87011,1
87012,1
87013,1
87014,1
87015,1
87016,1
87017,1
87018,1
87019,1
87020,1
87021,1
87022,1
87023,4
87024,4
87025,4
87026,2
87027,4
87028,1
87029,1
87030,1
87031,1
87032,1
87033,1
87034,1
87035,1
87036,1
87037,1
87038,1
87039,1
87040,1
87041,1
87042,1
87043,1
87044,1
87045,1
87046,1
87047,1
87048,1
87049,1
87050,1
87051,1
87052,1
87053,4
87054,1
87055,1
87056,1
87057,1
87058,1
87059,1
87060,1
87061,4
87062,4
87063,2
87064,1
87065,1
87066,1
87067,1
87068,1
87069,1
87070,1
87071,1
87072,1
87073,1
87074,1
87075,2
87076,4
87077,1
87078,1
87079,1
87080,1
87081,1
87082,1
87083,1
87084,1
87085,1
87086,1
87087,1
87088,1
87089,1
87090,4
87091,4
87092,2
87093,4
87094,4
87095,1
87096,1
87097,1
87098,1
87099,4
87100,4
87101,4
87102,1
87103,1
87104,4
87105,4
87106,1
87107,1
87108,1
87109,1
87110,1
87111,1
87112,1
87113,1
87114,1
87115,4
87116,4
87117,1
87118,1
87119,1
87120,1
87121,1
87122,1
87123,1
87124,1
87125,1
87126,1
87127,1
87128,1
87129,1
87130,1
87131,1
87132,1
87133,1
87134,1
87135,1
87136,4
87137,4
87138,4
87139,1
87140,1
87141,1
87142,1
87143,1
87144,1
87145,1
87146,1
87147,1
87148,1
87149,1
87150,1
87151,1
87152,1
87153,1
87154,1
87155,1
87156,1
87157,1
87158,1
87159,1
87160,1
87161,1
87162,4
87163,1
87164,1
87165,1
87166,1
87167,1
87168,1
87169,1
87170,1
87171,1
87172,1
87173,1
87174,1
87175,1
87176,4
87177,1
87178,4
87179,1
87180,1
87181,1
87182,1
87183,1
87184,1
87185,1
87186,1
87187,1
87188,1
87189,1
87190,1
87191,1
87192,1
87193,4
87194,2
87195,1
87196,1
87197,1
87198,1
87199,1
87200,1
87201,1
87202,1
87203,1
87204,1
87205,1
87206,1
87207,1
87208,1
87209,1
87210,1
87211,1
87212,1
87213,1
87214,1
87215,1
87216,1
87217,4
87218,1
87219,4
87220,4
87221,1
87222,1
87223,1
87224,1
87225,1
87226,1
87227,1
87228,1
87229,1
87230,1
87231,4
87232,4
87233,1
87234,1
87235,1
87236,1
87237,1
87238,1
87239,1
87240,1
87241,1
87242,1
87243,1
87244,1
87245,1
87246,4
87247,1
87248,1
87249,1
87250,1
87251,1
87252,1
87253,1
87254,1
87255,1
87256,1
87257,2
87258,4
87259,1
87260,1
87261,1
87262,1
87263,1
87264,4
87265,1
87266,4
87267,1
87268,1
87269,1
87270,1
87271,1
87272,1
87273,1
87274,1
87275,1
87276,1
87277,1
87278,4
87279,1
87280,1
87281,1
87282,1
87283,4
87284,1
87285,4
87286,1
87287,1
87288,1
87289,1
87290,1
87291,1
87292,1
87293,1
87294,1
87295,1
87296,1
87297,1
87298,1
87299,4
87300,1
87301,1
87302,1
87303,1
87304,1
87305,1
87306,1
87307,1
87308,1
87309,1
87310,1
87311,1
87312,1
87313,1
87314,1
87315,1
87316,1
87317,4
87318,4
87319,4
87320,4
87321,2
87322,1
87323,2
87324,1
87325,1
87326,1
87327,1
87328,1
87329,1
87330,1
87331,1
87332,1
87333,4
87334,1
87335,1
87336,1
87337,1
87338,1
87339,1
87340,1
87341,1
87342,4
87343,1
87344,1
87345,1
87346,1
87347,1
87348,1
87349,1
87350,1
87351,1
87352,1
87353,1
87354,1
87355,1
87356,1
87357,1
87358,4
87359,1
87360,1
87361,2
87362,1
87363,1
87364,1
87365,1
87366,1
87367,1
87368,1
87369,1
87370,1
87371,1
87372,1
87373,1
87374,1
87375,1
87376,4
87377,4
87378,1
87379,1
87380,1
87381,1
87382,1
87383,1
87384,1
87385,1
87386,1
87387,4
87388,1
87389,1
87390,1
87391,1
87392,1
87393,1
87394,1
87395,1
87396,1
87397,1
87398,1
87399,1
87400,1
87401,1
87402,1
87403,1
87404,1
87405,1
87406,1
87407,1
87408,1
87409,1
87410,1
87411,1
87412,1
87413,2
87414,1
87415,1
87416,1
87417,1
87418,1
87419,1
87420,1
87421,1
87422,4
87423,4
87424,1
87425,1
87426,1
87427,1
87428,1
87429,1
87430,1
87431,1
87432,1
87433,1
87434,1
87435,1
87436,1
87437,1
87438,1
87439,1
87440,1
87441,1
87442,1
87443,1
87444,1
87445,1
87446,1
87447,1
87448,1
87449,1
87450,1
87451,1
87452,4
87453,1
87454,1
87455,1
87456,1
87457,1
87458,1
87459,1
87460,1
87461,1
87462,4
87463,1
87464,4
87465,1
87466,1
87467,1
87468,1
87469,1
87470,1
87471,1
87472,1
87473,1
87474,1
87475,1
87476,1
87477,1
87478,1
87479,1
87480,4
87481,1
87482,4
87483,1
87484,1
87485,1
87486,1
87487,1
87488,1
87489,1
87490,1
87491,4
87492,1
87493,1
87494,1
87495,1
87496,1
87497,1
87498,1
87499,1
87500,1
87501,1
87502,1
87503,1
87504,1
87505,1
87506,1
87507,1
87508,1
87509,1
87510,1
87511,1
87512,1
87513,1
87514,4
87515,1
87516,1
87517,1
87518,1
87519,1
87520,1
87521,1
87522,1
87523,1
87524,1
87525,1
87526,1
87527,1
87528,1
87529,1
87530,4
87531,1
87532,1
87533,1
87534,1
87535,1
87536,1
87537,4
87538,2
87539,1
87540,1
87541,1
87542,1
87543,1
87544,1
87545,1
87546,4
87547,4
87548,1
87549,1
87550,1
87551,1
87552,1
87553,1
87554,1
87555,1
87556,1
87557,1
87558,1
87559,1
87560,1
87561,1
87562,1
87563,1
87564,1
87565,1
87566,1
87567,1
87568,1
87569,1
87570,1
87571,1
87572,1
87573,1
87574,4
87575,1
87576,1
87577,1
87578,1
87579,1
87580,1
87581,1
87582,1
87583,1
87584,1
87585,4
87586,1
87587,1
87588,1
87589,1
87590,1
87591,1
87592,1
87593,1
87594,1
87595,1
87596,1
87597,1
87598,1
87599,1
87600,1
87601,1
87602,2
87603,1
87604,1
87605,1
87606,2
87607,1
87608,1
87609,1
87610,1
87611,1
87612,1
87613,1
87614,4
87615,2
87616,1
87617,1
87618,4
87619,4
87620,4
87621,1
87622,1
87623,1
87624,1
87625,1
87626,1
87627,1
87628,1
87629,1
87630,2
87631,2
87632,1
87633,1
87634,1
87635,1
87636,1
87637,1
87638,1
87639,1
87640,1
87641,1
87642,2
87643,1
87644,1
87645,4
87646,1
87647,1
87648,1
87649,2
87650,1
87651,1
87652,1
87653,1
87654,1
87655,1
87656,1
87657,1
87658,1
87659,1
87660,1
87661,1
87662,4
87663,4
87664,1
87665,4
87666,4
87667,1
87668,1
87669,1
87670,1
87671,1
87672,1
87673,1
87674,1
87675,1
87676,1
87677,1
87678,1
87679,1
87680,1
87681,1
87682,1
87683,1
87684,1
87685,1
87686,1
87687,1
87688,1
87689,1
87690,1
87691,1
87692,1
87693,1
87694,1
87695,1
87696,1
87697,4
87698,4
87699,4
87700,1
87701,4
87702,1
87703,4
87704,2
87705,1
87706,1
87707,1
87708,1
87709,1
87710,1
87711,1
87712,1
87713,1
87714,1
87715,1
87716,1
87717,1
87718,1
87719,1
87720,1
87721,1
87722,1
87723,1
87724,1
87725,1
87726,1
87727,4
87728,1
87729,1
87730,2
87731,1
87732,1
87733,1
87734,1
87735,1
87736,1
87737,1
87738,1
87739,1
87740,4
87741,1
87742,4
87743,4
87744,2
87745,1
87746,1
87747,1
87748,1
87749,1
87750,1
87751,1
87752,1
87753,1
87754,1
87755,4
87756,1
87757,4
87758,4
87759,1
87760,1
87761,1
87762,1
87763,1
87764,1
87765,1
87766,1
87767,1
87768,1
87769,1
87770,1
87771,1
87772,1
87773,4
87774,4
87775,4
87776,4
87777,1
87778,1
87779,1
87780,1
87781,1
87782,1
87783,4
87784,4
87785,1
87786,1
87787,1
87788,1
87789,1
87790,1
87791,1
87792,1
87793,1
87794,1
87795,4
87796,1
87797,4
87798,4
87799,4
87800,4
87801,1
87802,1
87803,1
87804,1
87805,1
87806,1
87807,1
87808,1
87809,1
87810,1
87811,4
87812,4
87813,4
87814,1
87815,1
87816,1
87817,1
87818,1
87819,1
87820,1
87821,1
87822,1
87823,1
87824,1
87825,1
87826,4
87827,1
87828,1
87829,1
87830,1
87831,1
87832,1
87833,4
87834,4
87835,1
87836,1
87837,1
87838,1
87839,1
87840,1
87841,1
87842,1
87843,1
87844,1
87845,1
87846,2
87847,4
87848,1
87849,1
87850,1
87851,1
87852,1
87853,1
87854,1
87855,1
87856,1
87857,1
87858,1
87859,1
87860,1
87861,1
87862,1
87863,4
87864,1
87865,1
87866,1
87867,1
87868,1
87869,1
87870,1
87871,1
87872,1
87873,1
87874,4
87875,4
87876,1
87877,4
87878,1
87879,1
87880,1
87881,1
87882,1
87883,1
87884,1
87885,1
87886,1
87887,1
87888,1
87889,1
87890,1
87891,1
87892,4
87893,1
87894,1
87895,1
87896,1
87897,1
87898,1
87899,2
87900,4
87901,1
87902,1
87903,1
87904,1
87905,1
87906,1
87907,1
87908,1
87909,4
87910,4
87911,1
87912,1
87913,1
87914,1
87915,1
87916,1
87917,1
87918,1
87919,3
87920,1
87921,1
87922,4
87923,4
87924,1
87925,1
87926,1
87927,1
87928,1
87929,1
87930,1
87931,1
87932,1
87933,1
87934,1
87935,4
87936,4
87937,1
87938,1
87939,4
87940,1
87941,1
87942,1
87943,1
87944,1
87945,1
87946,1
87947,1
87948,1
87949,1
87950,1
87951,4
87952,1
87953,4
87954,1
87955,1
87956,1
87957,1
87958,1
87959,1
87960,1
87961,1
87962,1
87963,1
87964,1
87965,1
87966,1
87967,1
87968,1
87969,1
87970,1
87971,1
87972,1
87973,1
87974,1
87975,1
87976,1
87977,4
87978,1
87979,1
87980,1
87981,1
87982,1
87983,1
87984,1
87985,1
87986,1
87987,1
87988,1
87989,1
87990,1
87991,1
87992,1
87993,1
87994,4
87995,4
87996,4
87997,4
87998,2
87999,1
88000,1
88001,1
88002,1
88003,1
88004,1
88005,1
88006,1
88007,1
88008,4
88009,1
88010,4
88011,1
88012,4
88013,1
88014,1
88015,1
88016,1
88017,1
88018,1
88019,1
88020,1
88021,1
88022,1
88023,1
88024,1
88025,1
88026,4
88027,1
88028,1
88029,1
88030,1
88031,1
88032,1
88033,1
88034,1
88035,1
88036,1
88037,1
88038,1
88039,1
88040,1
88041,1
88042,1
88043,1
88044,1
88045,1
88046,1
88047,1
88048,1
88049,1
88050,1
88051,1
88052,1
88053,1
88054,1
88055,1
88056,1
88057,1
88058,1
88059,1
88060,1
88061,1
88062,1
88063,4
88064,1
88065,4
88066,4
88067,1
88068,4
88069,1
88070,2
88071,1
88072,1
88073,1
88074,1
88075,1
88076,1
88077,1
88078,1
88079,4
88080,4
88081,2
88082,1
88083,1
88084,1
88085,1
88086,1
88087,1
88088,1
88089,1
88090,1
88091,1
88092,1
88093,1
88094,1
88095,1
88096,1
88097,1
88098,4
88099,4
88100,1
88101,1
88102,1
88103,1
88104,1
88105,1
88106,1
88107,1
88108,1
88109,1
88110,1
88111,1
88112,1
88113,1
88114,4
88115,1
88116,1
88117,1
88118,1
88119,1
88120,1
88121,1
88122,1
88123,1
88124,1
88125,1
88126,1
88127,1
88128,1
88129,1
88130,1
88131,1
88132,1
88133,1
88134,1
88135,1
88136,1
88137,1
88138,1
88139,1
88140,1
88141,1
88142,1
88143,1
88144,1
88145,1
88146,2
88147,1
88148,1
88149,1
88150,1
88151,1
88152,1
88153,1
88154,1
88155,1
88156,1
88157,1
88158,4
88159,4
88160,4
88161,4
88162,4
88163,2
88164,1
88165,1
88166,1
88167,1
88168,1
88169,1
88170,1
88171,1
88172,1
88173,1
88174,1
88175,1
88176,1
88177,1
88178,1
88179,1
88180,1
88181,1
88182,1
88183,1
88184,1
88185,1
88186,1
88187,1
88188,1
88189,1
88190,1
88191,4
88192,4
88193,1
88194,1
88195,1
88196,1
88197,1
88198,1
88199,1
88200,1
88201,1
88202,1
88203,1
88204,1
88205,1
88206,1
88207,1
88208,1
88209,1
88210,1
88211,1
88212,1
88213,1
88214,4
88215,1
88216,1
88217,1
88218,1
88219,1
88220,1
88221,1
88222,1
88223,1
88224,1
88225,4
88226,2
88227,4
88228,4
88229,1
88230,1
88231,1
88232,1
88233,1
88234,1
88235,1
88236,1
88237,1
88238,1
88239,4
88240,2
88241,1
88242,1
88243,1
88244,1
88245,1
88246,1
88247,1
88248,1
88249,1
88250,1
88251,4
88252,4
88253,1
88254,1
88255,1
88256,4
88257,1
88258,1
88259,1
88260,1
88261,1
88262,1
88263,1
88264,1
88265,1
88266,1
88267,4
88268,1
88269,1
88270,1
88271,1
88272,1
88273,1
88274,1
88275,1
88276,1
88277,1
88278,4
88279,4
88280,1
88281,1
88282,1
88283,1
88284,1
88285,1
88286,1
88287,1
88288,1
88289,1
88290,1
88291,1
88292,1
88293,1
88294,1
88295,1
88296,1
88297,1
88298,1
88299,1
88300,1
88301,1
88302,1
88303,1
88304,1
88305,1
88306,1
88307,1
88308,1
88309,1
88310,1
88311,1
88312,1
88313,1
88314,1
88315,4
88316,1
88317,1
88318,1
88319,1
88320,1
88321,1
88322,1
88323,1
88324,1
88325,1
88326,1
88327,1
88328,1
88329,1
88330,2
88331,1
88332,1
88333,4
88334,1
88335,1
88336,1
88337,1
88338,1
88339,1
88340,1
88341,1
88342,1
88343,1
88344,1
88345,1
88346,1
88347,1
88348,1
88349,1
88350,4
88351,1
88352,1
88353,1
88354,1
88355,1
88356,1
88357,1
88358,1
88359,1
88360,1
88361,1
88362,1
88363,1
88364,1
88365,1
88366,4
88367,1
88368,1
88369,1
88370,1
88371,1
88372,1
88373,1
88374,1
88375,1
88376,1
88377,1
88378,4
88379,4
88380,1
88381,1
88382,1
88383,1
88384,1
88385,1
88386,1
88387,1
88388,1
88389,1
88390,1
88391,1
88392,1
88393,1
88394,1
88395,1
88396,1
88397,1
88398,1
88399,1
88400,1
88401,4
88402,1
88403,1
88404,1
88405,1
88406,1
88407,1
88408,1
88409,1
88410,1
88411,1
88412,1
88413,1
88414,4
88415,1
88416,1
88417,1
88418,1
88419,1
88420,1
88421,1
88422,1
88423,1
88424,1
88425,1
88426,1
88427,1
88428,4
88429,4
88430,2
88431,4
88432,2
88433,1
88434,1
88435,1
88436,1
88437,1
88438,1
88439,1
88440,1
88441,1
88442,1
88443,4
88444,4
88445,1
88446,1
88447,1
88448,1
88449,1
88450,1
88451,4
88452,4
88453,1
88454,1
88455,1
88456,1
88457,1
88458,1
88459,1
88460,1
88461,2
88462,1
88463,1
88464,1
88465,1
88466,1
88467,1
88468,1
88469,1
88470,1
88471,1
88472,4
88473,1
88474,4
88475,1
88476,1
88477,1
88478,1
88479,1
88480,1
88481,1
88482,1
88483,1
88484,1
88485,1
88486,4
88487,4
88488,4
88489,1
88490,1
88491,1
88492,1
88493,1
88494,1
88495,1
88496,1
88497,1
88498,1
88499,1
88500,1
88501,1
88502,1
88503,1
88504,4
88505,1
88506,1
88507,1
88508,1
88509,1
88510,1
88511,1
88512,1
88513,1
88514,1
88515,1
88516,4
88517,1
88518,1
88519,1
88520,1
88521,1
88522,1
88523,1
88524,1
88525,1
88526,1
88527,1
88528,1
88529,1
88530,1
88531,1
88532,1
88533,1
88534,1
88535,1
88536,1
88537,4
88538,1
88539,1
88540,1
88541,1
88542,1
88543,1
88544,1
88545,1
88546,1
88547,1
88548,1
88549,1
88550,1
88551,1
88552,1
88553,1
88554,1
88555,4
88556,2
88557,1
88558,1
88559,1
88560,1
88561,1
88562,1
88563,1
88564,1
88565,4
88566,4
88567,4
88568,1
88569,1
88570,1
88571,1
88572,1
88573,1
88574,1
88575,1
88576,1
88577,1
88578,4
88579,1
88580,1
88581,1
88582,1
88583,1
88584,2
88585,4
88586,4
88587,1
88588,4
88589,1
88590,1
88591,1
88592,1
88593,1
88594,1
88595,1
88596,4
88597,1
88598,1
88599,1
88600,1
88601,1
88602,1
88603,1
88604,1
88605,1
88606,1
88607,1
88608,1
88609,4
88610,1
88611,1
88612,1
88613,1
88614,1
88615,1
88616,1
88617,1
88618,1
88619,1
88620,1
88621,1
88622,1
88623,1
88624,1
88625,1
88626,1
88627,1
88628,1
88629,1
88630,1
88631,1
88632,1
88633,1
88634,1
88635,1
88636,1
88637,1
88638,1
88639,1
88640,1
88641,1
88642,1
88643,1
88644,1
88645,1
88646,1
88647,1
88648,1
88649,1
88650,1
88651,1
88652,1
88653,1
88654,1
88655,1
88656,1
88657,1
88658,1
88659,1
88660,1
88661,1
88662,4
88663,4
88664,2
88665,4
88666,1
88667,1
88668,1
88669,1
88670,1
88671,1
88672,1
88673,1
88674,1
88675,1
88676,1
88677,1
88678,1
88679,1
88680,1
88681,1
88682,1
88683,1
88684,1
88685,1
88686,1
88687,1
88688,1
88689,1
88690,1
88691,1
88692,1
88693,1
88694,4
88695,1
88696,1
88697,1
88698,1
88699,1
88700,1
88701,1
88702,1
88703,1
88704,1
88705,1
88706,1
88707,1
88708,4
88709,1
88710,1
88711,2
88712,1
88713,1
88714,1
88715,1
88716,1
88717,1
88718,1
88719,1
88720,1
88721,1
88722,1
88723,1
88724,1
88725,1
88726,1
88727,1
88728,1
88729,4
88730,1
88731,1
88732,1
88733,1
88734,1
88735,1
88736,1
88737,1
88738,1
88739,1
88740,2
88741,4
88742,2
88743,4
88744,1
88745,1
88746,1
88747,1
88748,1
88749,1
88750,1
88751,1
88752,1
88753,1
88754,1
88755,1
88756,1
88757,1
88758,1
88759,1
88760,1
88761,1
88762,1
88763,1
88764,1
88765,1
88766,1
88767,1
88768,1
88769,1
88770,1
88771,1
88772,1
88773,3
88774,2
88775,1
88776,4
88777,1
88778,4
88779,4
88780,1
88781,1
88782,1
88783,1
88784,1
88785,1
88786,1
88787,1
88788,1
88789,1
88790,1
88791,4
88792,1
88793,1
88794,1
88795,1
88796,1
88797,1
88798,1
88799,1
88800,1
88801,1
88802,1
88803,1
88804,1
88805,1
88806,4
88807,4
88808,1
88809,1
88810,4
88811,1
88812,1
88813,1
88814,1
88815,1
88816,1
88817,1
88818,1
88819,1
88820,1
88821,1
88822,1
88823,1
88824,1
88825,1
88826,1
88827,1
88828,4
88829,4
88830,2
88831,1
88832,1
88833,1
88834,1
88835,1
88836,1
88837,1
88838,1
88839,1
88840,1
88841,1
88842,4
88843,4
88844,1
88845,1
88846,4
88847,4
88848,1
88849,1
88850,1
88851,1
88852,1
88853,1
88854,1
88855,1
88856,1
88857,1
88858,1
88859,1
88860,1
88861,1
88862,1
88863,1
88864,1
88865,4
88866,4
88867,1
88868,1
88869,1
88870,1
88871,1
88872,1
88873,1
88874,1
88875,1
88876,1
88877,1
88878,1
88879,4
88880,1
88881,4
88882,1
88883,4
88884,1
88885,1
88886,1
88887,1
88888,1
88889,1
88890,1
88891,1
88892,1
88893,1
88894,1
88895,1
88896,1
88897,1
88898,1
88899,4
88900,4
88901,1
88902,1
88903,4
88904,4
88905,4
88906,1
88907,2
88908,2
88909,1
88910,2
88911,1
88912,1
88913,1
88914,1
88915,1
88916,1
88917,1
88918,1
88919,1
88920,1
88921,1
88922,1
88923,4
88924,2
88925,4
88926,1
88927,1
88928,4
88929,1
88930,1
88931,1
88932,1
88933,1
88934,1
88935,1
88936,4
88937,4
88938,4
88939,1
88940,1
88941,1
88942,1
88943,1
88944,1
88945,1
88946,1
88947,1
88948,1
88949,1
88950,1
88951,1
88952,1
88953,1
88954,1
88955,1
88956,1
88957,1
88958,1
88959,1
88960,1
88961,1
88962,1
88963,1
88964,1
88965,1
88966,1
88967,1
88968,1
88969,4
88970,4
88971,4
88972,1
88973,1
88974,1
88975,1
88976,1
88977,1
88978,1
88979,1
88980,1
88981,1
88982,1
88983,1
88984,1
88985,1
88986,1
88987,1
88988,1
88989,1
88990,1
88991,4
88992,4
88993,4
88994,4
88995,1
88996,1
88997,1
88998,1
88999,1
89000,1
89001,1
89002,1
89003,1
89004,4
89005,1
89006,4
89007,1
89008,1
89009,1
89010,1
89011,1
89012,1
89013,1
89014,1
89015,1
89016,1
89017,1
89018,1
89019,1
89020,1
89021,1
89022,1
89023,1
89024,1
89025,4
89026,1
89027,1
89028,2
89029,1
89030,1
89031,1
89032,1
89033,1
89034,1
89035,1
89036,1
89037,4
89038,1
89039,1
89040,1
89041,1
89042,1
89043,1
89044,1
89045,1
89046,1
89047,1
89048,1
89049,1
89050,1
89051,1
89052,1
89053,1
89054,1
89055,1
89056,1
89057,1
89058,4
89059,4
89060,1
89061,4
89062,1
89063,1
89064,1
89065,1
89066,1
89067,1
89068,1
89069,1
89070,1
89071,1
89072,1
89073,4
89074,1
89075,4
89076,1
89077,1
89078,1
89079,1
89080,1
89081,1
89082,1
89083,1
89084,1
89085,1
89086,1
89087,1
89088,4
89089,1
89090,1
89091,1
89092,1
89093,1
89094,1
89095,1
89096,1
89097,4
89098,4
89099,1
89100,4
89101,1
89102,1
89103,1
89104,1
89105,1
89106,1
89107,1
89108,1
89109,1
89110,1
89111,1
89112,1
89113,1
89114,1
89115,1
89116,1
89117,1
89118,1
89119,1
89120,1
89121,1
89122,1
89123,1
89124,1
89125,4
89126,1
89127,1
89128,1
89129,1
89130,1
89131,1
89132,1
89133,1
89134,2
89135,1
89136,4
89137,1
89138,1
89139,1
89140,1
89141,1
89142,4
89143,4
89144,1
89145,1
89146,1
89147,1
89148,1
89149,1
89150,1
89151,1
89152,1
89153,1
89154,1
89155,1
89156,1
89157,1
89158,1
89159,1
89160,1
89161,1
89162,1
89163,1
89164,1
89165,1
89166,1
89167,1
89168,1
89169,1
89170,1
89171,1
89172,1
89173,1
89174,1
89175,1
89176,1
89177,1
89178,4
89179,1
89180,4
89181,4
89182,1
89183,1
89184,1
89185,1
89186,1
89187,1
89188,1
89189,1
89190,1
89191,4
89192,1
89193,4
89194,1
89195,4
89196,1
89197,1
89198,1
89199,1
89200,1
89201,1
89202,1
89203,1
89204,1
89205,1
89206,1
89207,1
89208,1
89209,4
89210,4
89211,4
89212,1
89213,1
89214,2
89215,1
89216,1
89217,1
89218,1
89219,1
89220,1
89221,1
89222,1
89223,1
89224,1
89225,1
89226,1
89227,1
89228,1
89229,1
89230,1
89231,1
89232,4
89233,1
89234,1
89235,1
89236,1
89237,1
89238,1
89239,1
89240,1
89241,1
89242,1
89243,1
89244,1
89245,1
89246,1
89247,1
89248,1
89249,1
89250,1
89251,1
89252,1
89253,1
89254,1
89255,1
89256,1
89257,1
89258,1
89259,4
89260,1
89261,1
89262,4
89263,1
89264,1
89265,1
89266,1
89267,1
89268,1
89269,4
89270,4
89271,4
89272,4
89273,1
89274,1
89275,1
89276,1
89277,1
89278,1
89279,1
89280,1
89281,1
89282,1
89283,1
89284,1
89285,1
89286,1
89287,1
89288,1
89289,1
89290,1
89291,1
89292,1
89293,1
89294,1
89295,1
89296,1
89297,1
89298,1
89299,1
89300,1
89301,1
89302,3
89303,1
89304,1
89305,4
89306,4
89307,4
89308,4
89309,4
89310,1
89311,1
89312,1
89313,1
89314,2
89315,1
89316,1
89317,1
89318,1
89319,1
89320,1
89321,1
89322,4
89323,4
89324,4
89325,1
89326,1
89327,1
89328,1
89329,1
89330,1
89331,1
89332,1
89333,1
89334,4
89335,1
89336,1
89337,1
89338,1
89339,1
89340,1
89341,1
89342,1
89343,1
89344,1
89345,1
89346,1
89347,1
89348,1
89349,1
89350,1
89351,1
89352,1
89353,1
89354,1
89355,1
89356,1
89357,1
89358,1
89359,1
89360,4
89361,4
89362,4
89363,1
89364,1
89365,1
89366,1
89367,1
89368,1
89369,1
89370,1
89371,1
89372,1
89373,1
89374,1
89375,1
89376,1
89377,1
89378,1
89379,1
89380,1
89381,1
89382,1
89383,1
89384,1
89385,1
89386,1
89387,1
89388,1
89389,1
89390,1
89391,1
89392,1
89393,1
89394,1
89395,4
89396,1
89397,4
89398,1
89399,1
89400,1
89401,1
89402,1
89403,1
89404,1
89405,1
89406,1
89407,1
89408,1
89409,1
89410,1
89411,1
89412,1
89413,1
89414,1
89415,1
89416,1
89417,1
89418,1
89419,1
89420,1
89421,1
89422,1
89423,1
89424,1
89425,1
89426,1
89427,1
89428,1
89429,4
89430,1
89431,1
89432,1
89433,4
89434,1
89435,1
89436,1
89437,1
89438,1
89439,1
89440,1
89441,1
89442,1
89443,1
89444,1
89445,1
89446,1
89447,1
89448,4
89449,1
89450,4
89451,1
89452,1
89453,1
89454,1
89455,1
89456,1
89457,1
89458,1
89459,1
89460,1
89461,1
89462,1
89463,1
89464,1
89465,1
89466,1
89467,1
89468,1
89469,1
89470,1
89471,1
89472,1
89473,1
89474,1
89475,1
89476,1
89477,1
89478,1
89479,1
89480,1
89481,1
89482,1
89483,4
89484,4
89485,1
89486,4
89487,1
89488,1
89489,1
89490,1
89491,1
89492,1
89493,1
89494,1
89495,1
89496,1
89497,1
89498,4
89499,4
89500,1
89501,4
89502,4
89503,1
89504,1
89505,1
89506,1
89507,1
89508,1
89509,1
89510,1
89511,1
89512,1
89513,1
89514,1
89515,1
89516,1
89517,1
89518,1
89519,1
89520,1
89521,1
89522,1
89523,1
89524,4
89525,1
89526,4
89527,1
89528,4
89529,1
89530,1
89531,1
89532,1
89533,1
89534,1
89535,1
89536,1
89537,1
89538,1
89539,1
89540,1
89541,1
89542,1
89543,1
89544,1
89545,1
89546,4
89547,4
89548,1
89549,1
89550,1
89551,1
89552,1
89553,1
89554,1
89555,1
89556,4
89557,1
89558,1
89559,1
89560,1
89561,1
89562,1
89563,1
89564,1
89565,1
89566,1
89567,1
89568,1
89569,1
89570,1
89571,4
89572,1
89573,1
89574,4
89575,4
89576,1
89577,1
89578,1
89579,1
89580,1
89581,1
89582,1
89583,1
89584,1
89585,1
89586,1
89587,1
89588,1
89589,1
89590,4
89591,1
89592,1
89593,1
89594,1
89595,1
89596,1
89597,1
89598,1
89599,1
89600,1
89601,1
89602,1
89603,1
89604,1
89605,1
89606,1
89607,1
89608,1
89609,1
89610,1
89611,1
89612,1
89613,1
89614,1
89615,1
89616,4
89617,1
89618,1
89619,1
89620,1
89621,1
89622,1
89623,1
89624,1
89625,1
89626,1
89627,1
89628,1
89629,1
89630,1
89631,1
89632,1
89633,1
89634,1
89635,4
89636,4
89637,1
89638,1
89639,1
89640,1
89641,1
89642,1
89643,1
89644,1
89645,4
89646,4
89647,1
89648,1
89649,1
89650,1
89651,1
89652,1
89653,1
89654,4
89655,1
89656,1
89657,1
89658,1
89659,1
89660,1
89661,1
89662,1
89663,1
89664,1
89665,1
89666,1
89667,1
89668,1
89669,1
89670,1
89671,4
89672,1
89673,1
89674,1
89675,1
89676,1
89677,1
89678,1
89679,1
89680,1
89681,1
89682,1
89683,1
89684,1
89685,1
89686,1
89687,1
89688,1
89689,1
89690,1
89691,4
89692,4
89693,4
89694,4
89695,1
89696,1
89697,1
89698,1
89699,1
89700,1
89701,1
89702,1
89703,4
89704,1
89705,1
89706,1
89707,1
89708,1
89709,1
89710,1
89711,1
89712,1
89713,1
89714,1
89715,1
89716,1
89717,1
89718,4
89719,1
89720,1
89721,1
89722,1
89723,1
89724,1
89725,1
89726,1
89727,1
89728,1
89729,1
89730,1
89731,4
89732,1
89733,1
89734,1
89735,1
89736,1
89737,1
89738,1
89739,1
89740,1
89741,1
89742,1
89743,1
89744,1
89745,1
89746,1
89747,1
89748,1
89749,1
89750,1
89751,1
89752,1
89753,1
89754,1
89755,1
89756,1
89757,1
89758,1
89759,1
89760,1
89761,1
89762,1
89763,1
89764,1
89765,1
89766,1
89767,1
89768,1
89769,1
89770,1
89771,1
89772,1
89773,1
89774,1
89775,4
89776,1
89777,1
89778,1
89779,1
89780,1
89781,1
89782,1
89783,1
89784,1
89785,1
89786,1
89787,4
89788,4
89789,4
89790,1
89791,4
89792,1
89793,1
89794,1
89795,1
89796,1
89797,1
89798,1
89799,1
89800,1
89801,1
89802,1
89803,4
89804,1
89805,1
89806,1
89807,1
89808,1
89809,1
89810,1
89811,1
89812,1
89813,1
89814,1
89815,1
89816,1
89817,1
89818,1
89819,1
89820,1
89821,1
89822,1
89823,1
89824,1
89825,1
89826,1
89827,1
89828,1
89829,1
89830,1
89831,1
89832,1
89833,4
89834,4
89835,1
89836,4
89837,2
89838,1
89839,1
89840,1
89841,1
89842,1
89843,1
89844,1
89845,1
89846,1
89847,1
89848,4
89849,1
89850,4
89851,4
89852,1
89853,1
89854,1
89855,1
89856,1
89857,1
89858,1
89859,1
89860,1
89861,1
89862,1
89863,1
89864,1
89865,1
89866,1
89867,1
89868,1
89869,1
89870,4
89871,1
89872,1
89873,1
89874,1
89875,1
89876,1
89877,1
89878,1
89879,1
89880,1
89881,1
89882,1
89883,1
89884,1
89885,1
89886,1
89887,4
89888,4
89889,2
89890,1
89891,1
89892,1
89893,1
89894,1
89895,1
89896,1
89897,1
89898,1
89899,1
89900,1
89901,4
89902,4
89903,1
89904,1
89905,1
89906,1
89907,1
89908,1
89909,1
89910,1
89911,1
89912,1
89913,1
89914,1
89915,1
89916,4
89917,4
89918,1
89919,4
89920,2
89921,1
89922,1
89923,1
89924,1
89925,1
89926,1
89927,1
89928,1
89929,1
89930,1
89931,1
89932,1
89933,1
89934,3
89935,4
89936,4
89937,4
89938,1
89939,1
89940,1
89941,4
89942,4
89943,1
89944,1
89945,1
89946,1
89947,1
89948,1
89949,1
89950,1
89951,1
89952,1
89953,1
89954,1
89955,4
89956,4
89957,4
89958,1
89959,4
89960,1
89961,1
89962,1
89963,1
89964,1
89965,1
89966,1
89967,1
89968,1
89969,1
89970,1
89971,1
89972,1
89973,1
89974,4
89975,4
89976,1
89977,1
89978,1
89979,1
89980,1
89981,1
89982,1
89983,1
89984,1
89985,1
89986,1
89987,1
89988,1
89989,1
89990,1
89991,1
89992,4
89993,1
89994,4
89995,1
89996,1
89997,1
89998,1
89999,1
90000,1
90001,1
90002,1
90003,1
90004,1
90005,1
90006,1
90007,1
90008,1
90009,1
90010,4
90011,1
90012,1
90013,1
90014,1
90015,1
90016,1
90017,1
90018,1
90019,1
90020,1
90021,4
90022,4
90023,1
90024,1
90025,1
90026,1
90027,1
90028,1
90029,1
90030,1
90031,1
90032,1
90033,1
90034,1
90035,4
90036,4
90037,4
90038,1
90039,1
90040,1
90041,1
90042,1
90043,1
90044,1
90045,1
90046,4
90047,1
90048,4
90049,1
90050,1
90051,1
90052,1
90053,1
90054,1
90055,1
90056,1
90057,1
90058,1
90059,4
90060,4
90061,4
90062,4
90063,4
90064,1
90065,2
90066,1
90067,1
90068,1
90069,1
90070,1
90071,1
90072,1
90073,1
90074,1
90075,1
90076,1
90077,1
90078,1
90079,1
90080,1
90081,1
90082,1
90083,1
90084,1
90085,1
90086,1
90087,1
90088,1
90089,1
90090,1
90091,1
90092,4
90093,1
90094,1
90095,1
90096,1
90097,4
90098,1
90099,1
90100,1
90101,1
90102,1
90103,1
90104,1
90105,1
90106,1
90107,1
90108,1
90109,1
90110,1
90111,1
90112,1
90113,1
90114,1
90115,1
90116,1
90117,1
90118,4
90119,1
90120,4
90121,1
90122,1
90123,1
90124,1
90125,1
90126,1
90127,1
90128,1
90129,1
90130,1
90131,1
90132,1
90133,1
90134,1
90135,4
90136,1
90137,1
90138,1
90139,1
90140,1
90141,1
90142,1
90143,1
90144,1
90145,1
90146,1
90147,1
90148,1
90149,1
90150,4
90151,1
90152,2
90153,2
90154,1
90155,1
90156,1
90157,1
90158,1
90159,1
90160,1
90161,1
90162,1
90163,1
90164,1
90165,1
90166,1
90167,1
90168,1
90169,1
90170,1
90171,1
90172,1
90173,1
90174,1
90175,1
90176,1
90177,1
90178,1
90179,1
90180,1
90181,1
90182,4
90183,1
90184,1
90185,1
90186,1
90187,1
90188,1
90189,1
90190,1
90191,1
90192,4
90193,1
90194,4
90195,1
90196,1
90197,1
90198,1
90199,1
90200,1
90201,1
90202,1
90203,1
90204,1
90205,1
90206,1
90207,1
90208,1
90209,4
90210,2
90211,1
90212,1
90213,1
90214,1
90215,1
90216,1
90217,1
90218,1
90219,1
90220,1
90221,1
90222,1
90223,1
90224,4
90225,1
90226,1
90227,4
90228,4
90229,4
90230,2
90231,1
90232,1
90233,1
90234,1
90235,1
90236,1
90237,1
90238,1
90239,1
90240,1
90241,1
90242,1
90243,1
90244,1
90245,1
90246,1
90247,1
90248,1
90249,1
90250,1
90251,1
90252,1
90253,1
90254,1
90255,1
90256,1
90257,1
90258,1
90259,4
90260,4
90261,4
90262,4
90263,4
90264,1
90265,1
90266,1
90267,1
90268,1
90269,1
90270,1
90271,1
90272,1
90273,1
90274,1
90275,4
90276,1
90277,1
90278,1
90279,1
90280,1
90281,1
90282,1
90283,1
90284,1
90285,1
90286,1
90287,1
90288,1
90289,1
90290,1
90291,1
90292,1
90293,1
90294,1
90295,1
90296,1
90297,1
90298,1
90299,1
90300,1
90301,1
90302,1
90303,1
90304,1
90305,4
90306,1
90307,2
90308,1
90309,1
90310,1
90311,1
90312,1
90313,1
90314,1
90315,1
90316,4
90317,1
90318,1
90319,1
90320,1
90321,1
90322,1
90323,1
90324,1
90325,1
90326,1
90327,1
90328,1
90329,1
90330,1
90331,1
90332,1
90333,1
90334,4
90335,4
90336,4
90337,4
90338,4
90339,1
90340,1
90341,1
90342,1
90343,1
90344,1
90345,1
90346,1
90347,1
90348,1
90349,1
90350,1
90351,1
90352,1
90353,1
90354,4
90355,4
90356,4
90357,1
90358,2
90359,1
90360,1
90361,1
90362,1
90363,1
90364,1
90365,1
90366,1
90367,1
90368,1
90369,1
90370,1
90371,1
90372,1
90373,1
90374,1
90375,1
90376,1
90377,1
90378,1
90379,1
90380,4
90381,1
90382,1
90383,1
90384,1
90385,1
90386,1
90387,1
90388,1
90389,1
90390,1
90391,1
90392,1
90393,1
90394,1
90395,1
90396,1
90397,1
90398,1
90399,1
90400,1
90401,1
90402,3
90403,4
90404,1
90405,1
90406,1
90407,1
90408,1
90409,1
90410,1
90411,1
90412,1
90413,1
90414,4
90415,4
90416,4
90417,1
90418,4
90419,1
90420,1
90421,1
90422,1
90423,1
90424,1
90425,1
90426,1
90427,1
90428,1
90429,1
90430,1
90431,1
90432,1
90433,1
90434,1
90435,1
90436,1
90437,1
90438,1
90439,1
90440,1
90441,1
90442,1
90443,1
90444,1
90445,1
90446,1
90447,1
90448,1
90449,1
90450,1
90451,1
90452,1
90453,1
90454,1
90455,1
90456,1
90457,4
90458,4
90459,1
90460,1
90461,1
90462,1
90463,1
90464,1
90465,1
90466,1
90467,1
90468,1
90469,1
90470,1
90471,1
90472,1
90473,1
90474,1
90475,1
90476,4
90477,2
90478,1
90479,1
90480,1
90481,1
90482,1
90483,1
90484,1
90485,1
90486,1
90487,1
90488,1
90489,4
90490,4
90491,4
90492,4
90493,1
90494,1
90495,1
90496,1
90497,1
90498,1
90499,1
90500,1
90501,1
90502,1
90503,4
90504,4
90505,4
90506,4
90507,1
90508,1
90509,1
90510,1
90511,1
90512,1
90513,4
90514,1
90515,1
90516,1
90517,1
90518,1
90519,1
90520,1
90521,1
90522,1
90523,1
90524,4
90525,4
90526,2
90527,4
90528,4
90529,1
90530,1
90531,1
90532,1
90533,1
90534,1
90535,1
90536,1
90537,1
90538,1
90539,1
90540,1
90541,1
90542,4
90543,1
90544,1
90545,1
90546,1
90547,1
90548,1
90549,1
90550,1
90551,4
90552,1
90553,1
90554,4
90555,1
90556,1
90557,1
90558,1
90559,1
90560,1
90561,1
90562,1
90563,1
90564,1
90565,1
90566,1
90567,1
90568,1
90569,1
90570,1
90571,4
90572,1
90573,1
90574,1
90575,1
90576,1
90577,1
90578,1
90579,1
90580,1
90581,4
90582,1
90583,1
90584,1
90585,1
90586,1
90587,1
90588,1
90589,1
90590,1
90591,1
90592,1
90593,1
90594,1
90595,1
90596,1
90597,1
90598,1
90599,1
90600,1
90601,1
90602,1
90603,1
90604,1
90605,4
90606,4
90607,1
90608,1
90609,1
90610,1
90611,1
90612,1
90613,1
90614,1
90615,1
90616,1
90617,1
90618,1
90619,1
90620,1
90621,1
90622,1
90623,1
90624,1
90625,1
90626,1
90627,1
90628,1
90629,1
90630,1
90631,1
90632,1
90633,1
90634,1
90635,1
90636,1
90637,1
90638,1
90639,1
90640,1
90641,1
90642,4
90643,4
90644,1
90645,1
90646,1
90647,1
90648,1
90649,1
90650,1
90651,1
90652,1
90653,1
90654,1
90655,1
90656,1
90657,1
90658,1
90659,1
90660,1
90661,1
90662,1
90663,1
90664,1
90665,1
90666,1
90667,4
90668,1
90669,1
90670,1
90671,1
90672,1
90673,1
90674,1
90675,1
90676,1
90677,1
90678,1
90679,1
90680,1
90681,1
90682,1
90683,1
90684,1
90685,1
90686,1
90687,4
90688,1
90689,4
90690,1
90691,1
90692,1
90693,1
90694,1
90695,1
90696,1
90697,1
90698,1
90699,1
90700,1
90701,1
90702,1
90703,1
90704,1
90705,1
90706,1
90707,1
90708,1
90709,1
90710,1
90711,1
90712,1
90713,1
90714,1
90715,1
90716,4
90717,1
90718,1
90719,1
90720,1
90721,1
90722,1
90723,1
90724,1
90725,1
90726,4
90727,1
90728,1
90729,1
90730,1
90731,1
90732,1
90733,1
90734,1
90735,1
90736,1
90737,1
90738,1
90739,1
90740,1
90741,1
90742,1
90743,1
90744,1
90745,1
90746,1
90747,1
90748,1
90749,1
90750,1
90751,1
90752,1
90753,1
90754,1
90755,1
90756,1
90757,4
90758,4
90759,4
90760,4
90761,1
90762,1
90763,1
90764,1
90765,1
90766,1
90767,1
90768,1
90769,1
90770,1
90771,1
90772,1
90773,1
90774,1
90775,4
90776,1
90777,1
90778,1
90779,1
90780,1
90781,1
90782,1
90783,1
90784,1
90785,1
90786,1
90787,1
90788,1
90789,1
90790,1
90791,1
90792,1
90793,1
90794,1
90795,1
90796,1
90797,1
90798,1
90799,1
90800,1
90801,1
90802,4
90803,1
90804,1
90805,1
90806,1
90807,1
90808,1
90809,1
90810,1
90811,1
90812,1
90813,1
90814,4
90815,4
90816,1
90817,1
90818,1
90819,1
90820,1
90821,1
90822,1
90823,1
90824,1
90825,1
90826,1
90827,1
90828,4
90829,1
90830,1
90831,1
90832,1
90833,1
90834,1
90835,1
90836,1
90837,1
90838,1
90839,1
90840,1
90841,1
90842,1
90843,1
90844,1
90845,1
90846,1
90847,1
90848,1
90849,1
90850,1
90851,1
90852,1
90853,1
90854,4
90855,4
90856,1
90857,1
90858,1
90859,1
90860,1
90861,1
90862,1
90863,1
90864,1
90865,1
90866,1
90867,1
90868,1
90869,1
90870,4
90871,4
90872,4
90873,1
90874,1
90875,1
90876,1
90877,1
90878,1
90879,1
90880,1
90881,1
90882,1
90883,1
90884,1
90885,1
90886,1
90887,1
90888,1
90889,1
90890,1
90891,1
90892,1
90893,1
90894,1
90895,1
90896,1
90897,1
90898,1
90899,1
90900,1
90901,1
90902,1
90903,1
90904,1
90905,1
90906,1
90907,1
90908,1
90909,1
90910,1
90911,1
90912,4
90913,1
90914,1
90915,1
90916,1
90917,1
90918,1
90919,1
90920,1
90921,4
90922,4
90923,4
90924,1
90925,1
90926,1
90927,1
90928,1
90929,1
90930,1
90931,1
90932,1
90933,1
90934,1
90935,1
90936,1
90937,1
90938,1
90939,1
90940,1
90941,1
90942,1
90943,1
90944,1
90945,1
90946,1
90947,1
90948,1
90949,1
90950,1
90951,1
90952,1
90953,1
90954,1
90955,1
90956,1
90957,1
90958,1
90959,1
90960,1
90961,1
90962,1
90963,1
90964,1
90965,4
90966,1
90967,1
90968,1
90969,1
90970,1
90971,1
90972,1
90973,1
90974,1
90975,1
90976,1
90977,1
90978,4
90979,1
90980,1
90981,1
90982,1
90983,1
90984,1
90985,1
90986,1
90987,4
90988,1
90989,4
90990,1
90991,1
90992,1
90993,1
90994,1
90995,1
90996,1
90997,1
90998,1
90999,1
91000,1
91001,1
91002,1
91003,1
91004,1
91005,1
91006,1
91007,1
91008,1
91009,1
91010,1
91011,1
91012,1
91013,1
91014,1
91015,1
91016,1
91017,1
91018,1
91019,1
91020,1
91021,1
91022,2
91023,1
91024,1
91025,1
91026,1
91027,1
91028,1
91029,1
91030,1
91031,1
91032,1
91033,1
91034,1
91035,1
91036,1
91037,1
91038,1
91039,1
91040,1
91041,1
91042,1
91043,1
91044,1
91045,1
91046,1
91047,1
91048,1
91049,1
91050,1
91051,1
91052,1
91053,4
91054,4
91055,1
91056,1
91057,1
91058,1
91059,1
91060,1
91061,1
91062,1
91063,1
91064,1
91065,1
91066,1
91067,1
91068,1
91069,1
91070,1
91071,1
91072,1
91073,1
91074,1
91075,1
91076,1
91077,1
91078,1
91079,4
91080,1
91081,1
91082,1
91083,1
91084,1
91085,1
91086,1
91087,1
91088,1
91089,1
91090,1
91091,1
91092,4
91093,1
91094,1
91095,1
91096,1
91097,1
91098,1
91099,1
91100,1
91101,1
91102,1
91103,1
91104,1
91105,1
91106,1
91107,1
91108,1
91109,1
91110,1
91111,1
91112,1
91113,1
91114,1
91115,4
91116,1
91117,4
91118,1
91119,1
91120,1
91121,1
91122,1
91123,1
91124,1
91125,1
91126,1
91127,1
91128,1
91129,1
91130,1
91131,1
91132,1
91133,1
91134,3
91135,4
91136,1
91137,1
91138,1
91139,1
91140,1
91141,1
91142,1
91143,1
91144,1
91145,1
91146,1
91147,1
91148,4
91149,4
91150,4
91151,1
91152,1
91153,1
91154,1
91155,1
91156,1
91157,1
91158,1
91159,1
91160,1
91161,1
91162,1
91163,1
91164,4
91165,1
91166,1
91167,1
91168,1
91169,1
91170,1
91171,1
91172,1
91173,1
91174,1
91175,4
91176,4
91177,1
91178,4
91179,4
91180,1
91181,1
91182,1
91183,1
91184,1
91185,1
91186,1
91187,1
91188,1
91189,1
91190,1
91191,1
91192,1
91193,4
91194,4
91195,1
91196,1
91197,1
91198,1
91199,1
91200,1
91201,1
91202,1
91203,1
91204,1
91205,1
91206,1
91207,1
91208,1
91209,1
91210,4
91211,4
91212,1
91213,1
91214,1
91215,1
91216,1
91217,1
91218,4
91219,4
91220,2
91221,1
91222,1
91223,1
91224,1
91225,1
91226,1
91227,1
91228,1
91229,1
91230,4
91231,2
91232,1
91233,1
91234,1
91235,1
91236,1
91237,1
91238,1
91239,1
91240,1
91241,1
91242,1
91243,4
91244,1
91245,1
91246,1
91247,1
91248,1
91249,1
91250,1
91251,1
91252,1
91253,1
91254,4
91255,1
91256,4
91257,4
91258,1
91259,1
91260,1
91261,1
91262,1
91263,1
91264,1
91265,1
91266,1
91267,1
91268,4
91269,1
91270,1
91271,1
91272,1
91273,1
91274,1
91275,1
91276,1
91277,1
91278,1
91279,1
91280,1
91281,1
91282,1
91283,4
91284,1
91285,1
91286,1
91287,1
91288,1
91289,1
91290,2
91291,4
91292,1
91293,1
91294,2
91295,1
91296,1
91297,1
91298,1
91299,1
91300,1
91301,1
91302,1
91303,1
91304,4
91305,4
91306,4
91307,1
91308,1
91309,1
91310,1
91311,1
91312,1
91313,1
91314,1
91315,1
91316,1
91317,1
91318,1
91319,1
91320,1
91321,1
91322,1
91323,1
91324,1
91325,4
91326,1
91327,4
91328,1
91329,1
91330,1
91331,1
91332,1
91333,1
91334,1
91335,1
91336,1
91337,1
91338,1
91339,1
91340,1
91341,1
91342,1
91343,1
91344,1
91345,1
91346,1
91347,1
91348,4
91349,4
91350,1
91351,1
91352,1
91353,1
91354,1
91355,1
91356,1
91357,1
91358,1
91359,1
91360,1
91361,1
91362,1
91363,1
91364,1
91365,1
91366,1
91367,1
91368,1
91369,4
91370,1
91371,1
91372,1
91373,1
91374,1
91375,1
91376,1
91377,1
91378,1
91379,1
91380,1
91381,1
91382,1
91383,4
91384,4
91385,1
91386,1
91387,2
91388,1
91389,1
91390,1
91391,1
91392,1
91393,4
91394,1
91395,1
91396,1
91397,1
91398,1
91399,1
91400,1
91401,1
91402,1
91403,1
91404,1
91405,1
91406,1
91407,1
91408,1
91409,1
91410,4
91411,1
91412,4
91413,1
91414,1
91415,1
91416,1
91417,1
91418,1
91419,1
91420,1
91421,1
91422,1
91423,1
91424,1
91425,1
91426,1
91427,4
91428,4
91429,1
91430,4
91431,4
91432,1
91433,1
91434,1
91435,1
91436,1
91437,1
91438,1
91439,1
91440,2
91441,2
91442,1
91443,1
91444,1
91445,1
91446,1
91447,1
91448,1
91449,1
91450,1
91451,4
91452,1
91453,4
91454,2
91455,1
91456,1
91457,1
91458,1
91459,1
91460,1
91461,1
91462,2
91463,4
91464,1
91465,4
91466,1
91467,1
91468,1
91469,1
91470,1
91471,1
91472,1
91473,1
91474,1
91475,4
91476,1
91477,1
91478,1
91479,1
91480,1
91481,1
91482,1
91483,1
91484,1
91485,2
91486,1
91487,1
91488,1
91489,1
91490,1
91491,1
91492,1
91493,1
91494,4
91495,1
91496,1
91497,1
91498,1
91499,1
91500,1
91501,1
91502,1
91503,1
91504,1
91505,1
91506,1
91507,1
91508,1
91509,4
91510,1
91511,1
91512,1
91513,1
91514,3
91515,1
91516,1
91517,4
91518,4
91519,1
91520,1
91521,2
91522,1
91523,1
91524,1
91525,1
91526,1
91527,1
91528,1
91529,1
91530,1
91531,1
91532,4
91533,4
91534,1
91535,1
91536,1
91537,1
91538,1
91539,1
91540,1
91541,1
91542,1
91543,4
91544,1
91545,1
91546,1
91547,1
91548,1
91549,4
91550,1
91551,1
91552,4
91553,1
91554,1
91555,1
91556,1
91557,1
91558,1
91559,1
91560,1
91561,1
91562,2
91563,1
91564,1
91565,1
91566,4
91567,4
91568,4
91569,4
91570,4
91571,1
91572,4
91573,1
91574,4
91575,4
91576,1
91577,4
91578,1
91579,1
91580,1
91581,1
91582,1
91583,1
91584,1
91585,1
91586,1
91587,1
91588,1
91589,1
91590,1
91591,1
91592,1
91593,1
91594,1
91595,1
91596,1
91597,1
91598,1
91599,1
91600,1
91601,1
91602,1
91603,1
91604,1
91605,1
91606,1
91607,1
91608,1
91609,1
91610,1
91611,1
91612,1
91613,1
91614,1
91615,1
91616,1
91617,1
91618,1
91619,1
91620,1
91621,1
91622,1
91623,1
91624,1
91625,1
91626,1
91627,1
91628,1
91629,1
91630,1
91631,1
91632,1
91633,1
91634,1
91635,1
91636,1
91637,1
91638,1
91639,1
91640,1
91641,1
91642,1
91643,1
91644,1
91645,1
91646,1
91647,1
91648,1
91649,1
91650,1
91651,1
91652,1
91653,1
91654,1
91655,1
91656,1
91657,1
91658,1
91659,1
91660,1
91661,1
91662,1
91663,1
91664,1
91665,1
91666,1
91667,1
91668,1
91669,1
91670,1
91671,1
91672,1
91673,1
91674,1
91675,1
91676,1
91677,1
91678,1
91679,1
91680,1
91681,1
91682,1
91683,1
91684,1
91685,1
91686,1
91687,1
91688,1
91689,1
91690,1
91691,1
91692,1
91693,1
91694,1
91695,1
91696,1
91697,1
91698,1
91699,1
91700,1
91701,1
91702,1
91703,1
91704,1
91705,1
91706,1
91707,1
91708,1
91709,1
91710,1
91711,1
91712,1
91713,1
91714,1
91715,1
91716,1
91717,1
91718,1
91719,1
91720,1
91721,1
91722,1
91723,1
91724,1
91725,1
91726,1
91727,1
91728,1
91729,1
91730,1
91731,1
91732,1
91733,1
91734,1
91735,1
91736,1
91737,1
91738,1
91739,1
91740,1
91741,1
91742,1
91743,1
91744,1
91745,1
91746,1
91747,1
91748,1
91749,1
91750,1
91751,1
91752,1
91753,1
91754,1
91755,1
91756,1
91757,1
91758,1
91759,1
91760,1
91761,1
91762,1
91763,1
91764,1
91765,1
91766,1
91767,1
91768,1
91769,1
91770,1
91771,1
91772,1
91773,1
91774,1
91775,1
91776,1
91777,4
91778,1
91779,1
91780,1
91781,1
91782,1
91783,1
91784,1
91785,1
91786,1
91787,1
91788,1
91789,1
91790,1
91791,1
91792,1
91793,1
91794,1
91795,1
91796,1
91797,4
91798,1
91799,1
91800,1
91801,1
91802,1
91803,1
91804,1
91805,1
91806,1
91807,1
91808,1
91809,1
91810,1
91811,1
91812,1
91813,1
91814,1
91815,1
91816,1
91817,1
91818,1
91819,1
91820,1
91821,1
91822,1
91823,1
91824,1
91825,1
91826,1
91827,1
91828,1
91829,1
91830,1
91831,1
91832,1
91833,1
91834,1
91835,1
91836,1
91837,1
91838,1
91839,1
91840,1
91841,1
91842,1
91843,1
91844,1
91845,1
91846,1
91847,1
91848,1
91849,1
91850,1
91851,1
91852,1
91853,1
91854,1
91855,1
91856,1
91857,1
91858,1
91859,1
91860,1
91861,1
91862,1
91863,1
91864,1
91865,1
91866,1
91867,1
91868,1
91869,1
91870,1
91871,1
91872,1
91873,1
91874,1
91875,1
91876,1
91877,1
91878,1
91879,1
91880,1
91881,1
91882,1
91883,1
91884,1
91885,1
91886,1
91887,1
91888,1
91889,1
91890,1
91891,1
91892,1
91893,1
91894,1
91895,1
91896,1
91897,1
91898,1
91899,1
91900,1
91901,1
91902,1
91903,1
91904,1
91905,1
91906,1
91907,1
91908,1
91909,1
91910,1
91911,1
91912,1
91913,1
91914,1
91915,1
91916,1
91917,1
91918,1
91919,1
91920,1
91921,1
91922,1
91923,1
91924,1
91925,1
91926,1
91927,1
91928,4
91929,1
91930,1
91931,1
91932,1
91933,1
91934,1
91935,1
91936,1
91937,1
91938,1
91939,1
91940,1
91941,1
91942,1
91943,1
91944,1
91945,1
91946,1
91947,1
91948,1
91949,1
91950,1
91951,1
91952,1
91953,1
91954,1
91955,1
91956,1
91957,1
91958,1
91959,1
91960,1
91961,1
91962,1
91963,1
91964,1
91965,1
91966,2
91967,1
91968,1
91969,1
91970,1
91971,1
91972,1
91973,1
91974,1
91975,1
91976,1
91977,1
91978,1
91979,1
91980,1
91981,1
91982,1
91983,1
91984,1
91985,1
91986,1
91987,1
91988,1
91989,1
91990,1
91991,1
91992,1
91993,1
91994,1
91995,1
91996,1
91997,1
91998,1
91999,1
92000,1
92001,1
92002,1
92003,1
92004,1
92005,1
92006,1
92007,1
92008,1
92009,1
92010,1
92011,1
92012,1
92013,1
92014,1
92015,1
92016,1
92017,1
92018,1
92019,1
92020,1
92021,1
92022,1
92023,1
92024,1
92025,1
92026,1
92027,1
92028,1
92029,1
92030,1
92031,1
92032,1
92033,1
92034,1
92035,1
92036,1
92037,1
92038,1
92039,1
92040,1
92041,1
92042,1
92043,1
92044,1
92045,1
92046,1
92047,1
92048,1
92049,1
92050,1
92051,1
92052,1
92053,4
92054,1
92055,1
92056,1
92057,1
92058,1
92059,1
92060,1
92061,1
92062,1
92063,1
92064,1
92065,1
92066,1
92067,1
92068,1
92069,1
92070,1
92071,1
92072,1
92073,1
92074,1
92075,1
92076,1
92077,2
92078,1
92079,1
92080,1
92081,1
92082,1
92083,1
92084,1
92085,1
92086,1
92087,1
92088,1
92089,1
92090,1
92091,1
92092,1
92093,1
92094,1
92095,1
92096,1
92097,4
92098,1
92099,1
92100,1
92101,1
92102,1
92103,4
92104,4
92105,1
92106,1
92107,1
92108,1
92109,1
92110,1
92111,1
92112,1
92113,1
92114,1
92115,1
92116,1
92117,1
92118,1
92119,1
92120,1
92121,1
92122,1
92123,1
92124,1
92125,1
92126,1
92127,1
92128,1
92129,1
92130,1
92131,1
92132,1
92133,1
92134,1
92135,1
92136,1
92137,1
92138,1
92139,1
92140,1
92141,1
92142,1
92143,1
92144,1
92145,1
92146,1
92147,1
92148,1
92149,1
92150,1
92151,1
92152,1
92153,1
92154,1
92155,1
92156,1
92157,1
92158,1
92159,1
92160,1
92161,1
92162,1
92163,1
92164,1
92165,1
92166,1
92167,1
92168,1
92169,1
92170,4
92171,1
92172,1
92173,1
92174,1
92175,1
92176,1
92177,1
92178,1
92179,1
92180,1
92181,1
92182,1
92183,1
92184,1
92185,1
92186,1
92187,1
92188,1
92189,1
92190,1
92191,1
92192,1
92193,1
92194,1
92195,1
92196,1
92197,1
92198,1
92199,1
92200,1
92201,1
92202,1
92203,1
92204,1
92205,1
92206,1
92207,1
92208,1
92209,1
92210,1
92211,1
92212,1
92213,1
92214,1
92215,1
92216,4
92217,1
92218,1
92219,1
92220,1
92221,1
92222,1
92223,1
92224,1
92225,1
92226,1
92227,1
92228,1
92229,1
92230,1
92231,1
92232,1
92233,1
92234,1
92235,1
92236,1
92237,1
92238,1
92239,1
92240,1
92241,1
92242,1
92243,1
92244,1
92245,1
92246,1
92247,1
92248,1
92249,1
92250,1
92251,1
92252,1
92253,1
92254,1
92255,1
92256,1
92257,1
92258,1
92259,1
92260,1
92261,1
92262,1
92263,1
92264,1
92265,1
92266,1
92267,1
92268,1
92269,1
92270,1
92271,1
92272,1
92273,1
92274,1
92275,1
92276,1
92277,1
92278,1
92279,1
92280,4
92281,1
92282,1
92283,1
92284,1
92285,1
92286,1
92287,1
92288,1
92289,1
92290,1
92291,1
92292,1
92293,1
92294,1
92295,1
92296,1
92297,1
92298,1
92299,1
92300,1
92301,1
92302,1
92303,1
92304,1
92305,1
92306,1
92307,1
92308,1
92309,1
92310,1
92311,1
92312,1
92313,1
92314,1
92315,1
92316,1
92317,1
92318,1
92319,1
92320,1
92321,1
92322,4
92323,1
92324,1
92325,1
92326,1
92327,1
92328,1
92329,1
92330,1
92331,1
92332,1
92333,1
92334,1
92335,1
92336,1
92337,1
92338,1
92339,1
92340,1
92341,1
92342,1
92343,1
92344,1
92345,1
92346,1
92347,1
92348,1
92349,1
92350,1
92351,1
92352,1
92353,1
92354,1
92355,1
92356,1
92357,1
92358,1
92359,1
92360,1
92361,1
92362,1
92363,1
92364,1
92365,1
92366,1
92367,1
92368,1
92369,1
92370,1
92371,1
92372,1
92373,1
92374,1
92375,1
92376,1
92377,1
92378,1
92379,1
92380,1
92381,1
92382,1
92383,1
92384,1
92385,1
92386,1
92387,1
92388,1
92389,1
92390,1
92391,1
92392,1
92393,1
92394,1
92395,1
92396,1
92397,1
92398,1
92399,1
92400,1
92401,1
92402,1
92403,1
92404,1
92405,1
92406,1
92407,1
92408,1
92409,1
92410,1
92411,1
92412,1
92413,1
92414,1
92415,1
92416,1
92417,1
92418,1
92419,1
92420,1
92421,4
92422,1
92423,1
92424,1
92425,1
92426,1
92427,1
92428,1
92429,1
92430,1
92431,1
92432,1
92433,1
92434,1
92435,4
92436,1
92437,1
92438,1
92439,1
92440,1
92441,1
92442,1
92443,1
92444,1
92445,1
92446,1
92447,1
92448,1
92449,1
92450,1
92451,1
92452,1
92453,1
92454,1
92455,1
92456,1
92457,1
92458,1
92459,1
92460,1
92461,1
92462,1
92463,1
92464,1
92465,1
92466,1
92467,1
92468,1
92469,1
92470,1
92471,1
92472,1
92473,1
92474,1
92475,1
92476,1
92477,1
92478,1
92479,1
92480,1
92481,1
92482,1
92483,1
92484,1
92485,1
92486,1
92487,1
92488,1
92489,1
92490,1
92491,1
92492,1
92493,1
92494,1
92495,1
92496,1
92497,1
92498,1
92499,1
92500,1
92501,1
92502,1
92503,1
92504,1
92505,1
92506,1
92507,1
92508,1
92509,1
92510,1
92511,1
92512,1
92513,1
92514,1
92515,1
92516,1
92517,1
92518,1
92519,1
92520,1
92521,1
92522,1
92523,1
92524,1
92525,1
92526,1
92527,1
92528,1
92529,1
92530,1
92531,1
92532,1
92533,1
92534,1
92535,4
92536,1
92537,1
92538,1
92539,1
92540,1
92541,1
92542,1
92543,1
92544,1
92545,1
92546,1
92547,1
92548,1
92549,1
92550,1
92551,1
92552,1
92553,1
92554,1
92555,1
92556,1
92557,1
92558,1
92559,1
92560,1
92561,1
92562,1
92563,1
92564,1
92565,1
92566,1
92567,1
92568,1
92569,1
92570,1
92571,1
92572,1
92573,1
92574,1
92575,1
92576,1
92577,1
92578,1
92579,1
92580,1
92581,1
92582,1
92583,1
92584,1
92585,1
92586,1
92587,1
92588,1
92589,1
92590,1
92591,1
92592,1
92593,1
92594,4
92595,1
92596,1
92597,1
92598,1
92599,1
92600,1
92601,4
92602,1
92603,1
92604,1
92605,1
92606,1
92607,1
92608,1
92609,1
92610,1
92611,1
92612,1
92613,1
92614,1
92615,1
92616,1
92617,1
92618,1
92619,1
92620,1
92621,1
92622,1
92623,1
92624,1
92625,1
92626,1
92627,1
92628,1
92629,1
92630,1
92631,1
92632,1
92633,1
92634,1
92635,1
92636,1
92637,1
92638,1
92639,1
92640,1
92641,1
92642,1
92643,1
92644,1
92645,1
92646,1
92647,1
92648,1
92649,1
92650,1
92651,1
92652,1
92653,1
92654,1
92655,1
92656,1
92657,1
92658,1
92659,1
92660,1
92661,1
92662,1
92663,1
92664,1
92665,4
92666,1
92667,2
92668,1
92669,1
92670,1
92671,1
92672,1
92673,1
92674,1
92675,1
92676,1
92677,1
92678,1
92679,1
92680,1
92681,1
92682,1
92683,1
92684,1
92685,1
92686,1
92687,1
92688,1
92689,1
92690,1
92691,1
92692,1
92693,1
92694,1
92695,1
92696,1
92697,1
92698,1
92699,1
92700,1
92701,1
92702,1
92703,1
92704,1
92705,1
92706,1
92707,1
92708,1
92709,1
92710,1
92711,4
92712,1
92713,1
92714,1
92715,1
92716,2
92717,1
92718,1
92719,1
92720,1
92721,1
92722,1
92723,1
92724,1
92725,1
92726,1
92727,1
92728,1
92729,4
92730,1
92731,1
92732,1
92733,1
92734,1
92735,1
92736,1
92737,1
92738,1
92739,1
92740,1
92741,1
92742,1
92743,1
92744,1
92745,1
92746,1
92747,2
92748,1
92749,1
92750,1
92751,1
92752,1
92753,1
92754,1
92755,1
92756,1
92757,1
92758,1
92759,1
92760,1
92761,1
92762,1
92763,1
92764,1
92765,1
92766,1
92767,1
92768,1
92769,1
92770,1
92771,1
92772,1
92773,1
92774,1
92775,1
92776,1
92777,1
92778,1
92779,1
92780,1
92781,1
92782,1
92783,1
92784,1
92785,1
92786,1
92787,1
92788,1
92789,1
92790,1
92791,1
92792,1
92793,1
92794,1
92795,1
92796,1
92797,1
92798,1
92799,1
92800,1
92801,1
92802,1
92803,1
92804,1
92805,1
92806,1
92807,1
92808,1
92809,1
92810,1
92811,1
92812,1
92813,1
92814,1
92815,1
92816,1
92817,1
92818,1
92819,1
92820,1
92821,1
92822,4
92823,1
92824,1
92825,1
92826,1
92827,1
92828,1
92829,1
92830,1
92831,1
92832,1
92833,1
92834,1
92835,1
92836,1
92837,1
92838,1
92839,1
92840,1
92841,1
92842,1
92843,1
92844,4
92845,1
92846,1
92847,1
92848,1
92849,1
92850,1
92851,1
92852,1
92853,1
92854,1
92855,1
92856,1
92857,1
92858,1
92859,1
92860,4
92861,1
92862,1
92863,1
92864,1
92865,1
92866,1
92867,1
92868,1
92869,1
92870,1
92871,1
92872,1
92873,1
92874,1
92875,1
92876,1
92877,1
92878,1
92879,1
92880,1
92881,1
92882,1
92883,1
92884,1
92885,1
92886,1
92887,1
92888,1
92889,1
92890,1
92891,1
92892,1
92893,1
92894,1
92895,1
92896,1
92897,1
92898,1
92899,1
92900,1
92901,1
92902,1
92903,1
92904,1
92905,1
92906,1
92907,1
92908,1
92909,1
92910,1
92911,1
92912,1
92913,1
92914,1
92915,1
92916,1
92917,1
92918,1
92919,1
92920,1
92921,1
92922,1
92923,1
92924,1
92925,1
92926,1
92927,1
92928,1
92929,1
92930,1
92931,1
92932,1
92933,1
92934,1
92935,1
92936,1
92937,1
92938,1
92939,1
92940,1
92941,1
92942,1
92943,1
92944,1
92945,1
92946,1
92947,1
92948,1
92949,1
92950,1
92951,1
92952,1
92953,1
92954,1
92955,1
92956,1
92957,1
92958,1
92959,1
92960,1
92961,1
92962,1
92963,1
92964,1
92965,1
92966,4
92967,1
92968,1
92969,1
92970,1
92971,1
92972,1
92973,1
92974,1
92975,1
92976,1
92977,1
92978,1
92979,1
92980,1
92981,1
92982,1
92983,1
92984,1
92985,4
92986,1
92987,1
92988,1
92989,1
92990,1
92991,1
92992,1
92993,1
92994,1
92995,1
92996,1
92997,4
92998,1
92999,1
93000,1
93001,1
93002,1
93003,1
93004,1
93005,1
93006,1
93007,1
93008,1
93009,1
93010,1
93011,1
93012,1
93013,1
93014,1
93015,1
93016,1
93017,1
93018,1
93019,1
93020,1
93021,1
93022,1
93023,1
93024,1
93025,1
93026,1
93027,1
93028,1
93029,1
93030,1
93031,1
93032,1
93033,1
93034,1
93035,1
93036,1
93037,1
93038,1
93039,1
93040,1
93041,1
93042,1
93043,1
93044,1
93045,4
93046,1
93047,1
93048,1
93049,1
93050,1
93051,1
93052,1
93053,1
93054,1
93055,1
93056,1
93057,1
93058,1
93059,2
93060,1
93061,1
93062,1
93063,1
93064,1
93065,1
93066,1
93067,1
93068,1
93069,4
93070,4
93071,1
93072,4
93073,1
93074,1
93075,1
93076,1
93077,1
93078,1
93079,1
93080,1
93081,1
93082,1
93083,1
93084,1
93085,1
93086,1
93087,1
93088,1
93089,1
93090,1
93091,1
93092,1
93093,1
93094,1
93095,1
93096,1
93097,1
93098,1
93099,1
93100,1
93101,1
93102,1
93103,1
93104,1
93105,1
93106,1
93107,1
93108,1
93109,1
93110,1
93111,1
93112,1
93113,4
93114,1
93115,1
93116,1
93117,1
93118,1
93119,1
93120,1
93121,1
93122,1
93123,1
93124,1
93125,4
93126,4
93127,1
93128,1
93129,1
93130,1
93131,1
93132,1
93133,1
93134,1
93135,1
93136,1
93137,1
93138,1
93139,1
93140,1
93141,1
93142,1
93143,1
93144,1
93145,1
93146,1
93147,1
93148,1
93149,1
93150,1
93151,1
93152,1
93153,1
93154,1
93155,1
93156,1
93157,1
93158,1
93159,1
93160,1
93161,1
93162,1
93163,1
93164,1
93165,1
93166,1
93167,1
93168,1
93169,1
93170,1
93171,1
93172,1
93173,1
93174,1
93175,1
93176,1
93177,1
93178,1
93179,1
93180,1
93181,1
93182,1
93183,1
93184,1
93185,1
93186,1
93187,1
93188,1
93189,1
93190,1
93191,1
93192,1
93193,1
93194,1
93195,1
93196,1
93197,1
93198,1
93199,4
93200,1
93201,1
93202,1
93203,1
93204,1
93205,1
93206,1
93207,1
93208,1
93209,1
93210,1
93211,1
93212,1
93213,1
93214,1
93215,1
93216,1
93217,1
93218,1
93219,1
93220,1
93221,1
93222,1
93223,1
93224,1
93225,1
93226,1
93227,1
93228,1
93229,1
93230,1
93231,1
93232,1
93233,4
93234,1
93235,1
93236,1
93237,1
93238,1
93239,1
93240,1
93241,1
93242,1
93243,1
93244,1
93245,1
93246,1
93247,1
93248,1
93249,1
93250,1
93251,1
93252,1
93253,1
93254,1
93255,1
93256,1
93257,1
93258,1
93259,1
93260,1
93261,1
93262,1
93263,1
93264,1
93265,1
93266,1
93267,1
93268,1
93269,1
93270,1
93271,1
93272,1
93273,1
93274,1
93275,1
93276,1
93277,1
93278,1
93279,1
93280,1
93281,1
93282,1
93283,1
93284,1
93285,1
93286,1
93287,1
93288,1
93289,1
93290,1
93291,1
93292,1
93293,1
93294,1
93295,1
93296,1
93297,1
93298,1
93299,1
93300,1
93301,1
93302,1
93303,1
93304,1
93305,1
93306,1
93307,1
93308,1
93309,1
93310,1
93311,1
93312,1
93313,1
93314,1
93315,1
93316,1
93317,1
93318,1
93319,1
93320,1
93321,1
93322,1
93323,4
93324,1
93325,1
93326,1
93327,1
93328,1
93329,1
93330,1
93331,1
93332,1
93333,1
93334,1
93335,1
93336,1
93337,1
93338,1
93339,1
93340,1
93341,1
93342,1
93343,1
93344,1
93345,1
93346,1
93347,1
93348,1
93349,1
93350,1
93351,1
93352,1
93353,1
93354,1
93355,1
93356,1
93357,1
93358,1
93359,1
93360,1
93361,1
93362,1
93363,1
93364,1
93365,1
93366,1
93367,1
93368,1
93369,1
93370,1
93371,1
93372,1
93373,1
93374,1
93375,1
93376,1
93377,1
93378,1
93379,1
93380,1
93381,1
93382,1
93383,1
93384,1
93385,1
93386,1
93387,1
93388,1
93389,1
93390,1
93391,1
93392,1
93393,1
93394,1
93395,1
93396,1
93397,1
93398,1
93399,1
93400,1
93401,1
93402,1
93403,1
93404,1
93405,1
93406,1
93407,1
93408,1
93409,1
93410,1
93411,1
93412,1
93413,1
93414,1
93415,1
93416,1
93417,1
93418,1
93419,1
93420,1
93421,1
93422,1
93423,1
93424,1
93425,1
93426,1
93427,1
93428,1
93429,1
93430,1
93431,1
93432,1
93433,1
93434,1
93435,1
93436,4
93437,1
93438,1
93439,1
93440,1
93441,1
93442,1
93443,1
93444,1
93445,1
93446,1
93447,1
93448,1
93449,1
93450,1
93451,1
93452,1
93453,1
93454,1
93455,1
93456,1
93457,1
93458,1
93459,1
93460,1
93461,1
93462,1
93463,1
93464,1
93465,1
93466,1
93467,1
93468,1
93469,1
93470,1
93471,1
93472,1
93473,1
93474,1
93475,1
93476,4
93477,1
93478,1
93479,1
93480,1
93481,1
93482,1
93483,1
93484,1
93485,1
93486,1
93487,1
93488,1
93489,1
93490,1
93491,1
93492,1
93493,1
93494,1
93495,1
93496,1
93497,1
93498,1
93499,1
93500,1
93501,1
93502,1
93503,1
93504,1
93505,1
93506,1
93507,1
93508,1
93509,1
93510,1
93511,1
93512,1
93513,1
93514,1
93515,1
93516,1
93517,1
93518,1
93519,1
93520,1
93521,4
93522,1
93523,1
93524,1
93525,1
93526,1
93527,1
93528,1
93529,1
93530,1
93531,1
93532,4
93533,1
93534,1
93535,1
93536,1
93537,1
93538,1
93539,1
93540,1
93541,1
93542,1
93543,1
93544,1
93545,1
93546,1
93547,1
93548,1
93549,1
93550,1
93551,1
93552,1
93553,1
93554,1
93555,1
93556,1
93557,1
93558,1
93559,1
93560,1
93561,1
93562,1
93563,1
93564,1
93565,1
93566,1
93567,1
93568,1
93569,2
93570,1
93571,1
93572,1
93573,1
93574,1
93575,1
93576,4
93577,1
93578,1
93579,1
93580,1
93581,1
93582,1
93583,1
93584,1
93585,1
93586,1
93587,1
93588,1
93589,1
93590,1
93591,1
93592,1
93593,1
93594,1
93595,1
93596,1
93597,1
93598,1
93599,1
93600,1
93601,1
93602,1
93603,1
93604,1
93605,1
93606,1
93607,1
93608,1
93609,1
93610,1
93611,1
93612,1
93613,1
93614,1
93615,1
93616,1
93617,1
93618,1
93619,1
93620,1
93621,1
93622,1
93623,1
93624,1
93625,1
93626,1
93627,1
93628,1
93629,1
93630,1
93631,1
93632,1
93633,1
93634,1
93635,1
93636,1
93637,1
93638,4
93639,1
93640,1
93641,1
93642,1
93643,1
93644,1
93645,1
93646,1
93647,1
93648,1
93649,1
93650,1
93651,2
93652,1
93653,1
93654,1
93655,1
93656,1
93657,1
93658,1
93659,1
93660,1
93661,1
93662,1
93663,1
93664,1
93665,1
93666,1
93667,1
93668,1
93669,1
93670,1
93671,1
93672,1
93673,1
93674,1
93675,1
93676,1
93677,1
93678,1
93679,1
93680,1
93681,1
93682,1
93683,4
93684,1
93685,1
93686,1
93687,1
93688,1
93689,1
93690,1
93691,1
93692,1
93693,1
93694,1
93695,1
93696,1
93697,1
93698,1
93699,1
93700,1
93701,1
93702,1
93703,1
93704,1
93705,1
93706,1
93707,1
93708,1
93709,1
93710,1
93711,1
93712,1
93713,1
93714,1
93715,1
93716,1
93717,4
93718,1
93719,1
93720,1
93721,1
93722,1
93723,1
93724,1
93725,1
93726,1
93727,1
93728,1
93729,1
93730,1
93731,1
93732,1
93733,1
93734,4
93735,4
93736,1
93737,1
93738,1
93739,1
93740,1
93741,1
93742,1
93743,1
93744,1
93745,1
93746,1
93747,1
93748,1
93749,1
93750,1
93751,1
93752,1
93753,1
93754,1
93755,1
93756,1
93757,1
93758,1
93759,1
93760,1
93761,1
93762,1
93763,1
93764,1
93765,1
93766,1
93767,1
93768,1
93769,1
93770,1
93771,1
93772,1
93773,1
93774,1
93775,1
93776,1
93777,1
93778,1
93779,1
93780,1
93781,1
93782,1
93783,1
93784,1
93785,1
93786,1
93787,1
93788,1
93789,1
93790,1
93791,1
93792,1
93793,1
93794,1
93795,1
93796,1
93797,1
93798,1
93799,1
93800,1
93801,1
93802,1
93803,1
93804,1
93805,1
93806,1
93807,1
93808,1
93809,1
93810,1
93811,1
93812,4
93813,1
93814,1
93815,1
93816,1
93817,1
93818,1
93819,1
93820,1
93821,1
93822,1
93823,1
93824,1
93825,1
93826,1
93827,1
93828,1
93829,1
93830,1
93831,1
93832,1
93833,1
93834,1
93835,1
93836,1
93837,1
93838,1
93839,1
93840,1
93841,1
93842,1
93843,1
93844,1
93845,1
93846,1
93847,1
93848,1
93849,1
93850,1
93851,1
93852,1
93853,1
93854,1
93855,1
93856,1
93857,1
93858,1
93859,1
93860,1
93861,1
93862,1
93863,1
93864,1
93865,1
93866,1
93867,1
93868,1
93869,1
93870,1
93871,1
93872,1
93873,1
93874,1
93875,1
93876,1
93877,1
93878,1
93879,1
93880,1
93881,1
93882,1
93883,1
93884,1
93885,1
93886,1
93887,1
93888,1
93889,1
93890,1
93891,1
93892,1
93893,1
93894,1
93895,1
93896,1
93897,1
93898,1
93899,1
93900,1
93901,1
93902,1
93903,1
93904,1
93905,1
93906,1
93907,1
93908,1
93909,1
93910,1
93911,1
93912,1
93913,1
93914,1
93915,1
93916,1
93917,1
93918,1
93919,1
93920,1
93921,1
93922,1
93923,1
93924,1
93925,4
93926,1
93927,1
93928,1
93929,1
93930,1
93931,1
93932,1
93933,1
93934,1
93935,1
93936,1
93937,1
93938,1
93939,1
93940,1
93941,1
93942,1
93943,1
93944,1
93945,1
93946,1
93947,1
93948,1
93949,1
93950,1
93951,1
93952,1
93953,1
93954,1
93955,1
93956,1
93957,1
93958,1
93959,1
93960,1
93961,1
93962,1
93963,1
93964,4
93965,1
93966,1
93967,1
93968,1
93969,1
93970,1
93971,1
93972,1
93973,1
93974,1
93975,1
93976,1
93977,1
93978,1
93979,1
93980,1
93981,1
93982,1
93983,1
93984,1
93985,1
93986,1
93987,1
93988,4
93989,1
93990,1
93991,1
93992,1
93993,1
93994,1
93995,1
93996,1
93997,1
93998,1
93999,1
94000,1
94001,1
94002,1
94003,1
94004,1
94005,1
94006,1
94007,1
94008,4
94009,1
94010,1
94011,1
94012,1
94013,1
94014,1
94015,1
94016,1
94017,1
94018,1
94019,1
94020,1
94021,1
94022,1
94023,1
94024,1
94025,1
94026,1
94027,1
94028,1
94029,1
94030,1
94031,1
94032,1
94033,1
94034,1
94035,1
94036,1
94037,1
94038,1
94039,1
94040,1
94041,1
94042,1
94043,1
94044,1
94045,1
94046,1
94047,1
94048,1
94049,1
94050,1
94051,1
94052,1
94053,1
94054,1
94055,1
94056,1
94057,1
94058,1
94059,1
94060,1
94061,1
94062,1
94063,1
94064,1
94065,1
94066,1
94067,4
94068,1
94069,1
94070,1
94071,4
94072,1
94073,1
94074,1
94075,1
94076,1
94077,1
94078,1
94079,1
94080,1
94081,1
94082,1
94083,1
94084,1
94085,1
94086,1
94087,1
94088,1
94089,1
94090,1
94091,1
94092,1
94093,1
94094,1
94095,1
94096,1
94097,1
94098,1
94099,1
94100,1
94101,1
94102,1
94103,1
94104,1
94105,1
94106,1
94107,1
94108,1
94109,1
94110,1
94111,1
94112,1
94113,1
94114,1
94115,1
94116,1
94117,1
94118,1
94119,1
94120,1
94121,1
94122,1
94123,1
94124,1
94125,1
94126,1
94127,1
94128,1
94129,1
94130,1
94131,1
94132,1
94133,1
94134,1
94135,1
94136,1
94137,1
94138,1
94139,1
94140,1
94141,1
94142,1
94143,1
94144,1
94145,1
94146,1
94147,1
94148,1
94149,1
94150,1
94151,1
94152,1
94153,1
94154,1
94155,4
94156,1
94157,1
94158,1
94159,1
94160,1
94161,1
94162,1
94163,1
94164,1
94165,1
94166,1
94167,1
94168,1
94169,1
94170,1
94171,1
94172,1
94173,1
94174,1
94175,1
94176,1
94177,1
94178,1
94179,1
94180,1
94181,1
94182,1
94183,1
94184,1
94185,1
94186,1
94187,1
94188,1
94189,1
94190,1
94191,1
94192,1
94193,1
94194,1
94195,1
94196,1
94197,1
94198,1
94199,1
94200,1
94201,1
94202,1
94203,1
94204,1
94205,1
94206,1
94207,1
94208,1
94209,1
94210,1
94211,1
94212,1
94213,1
94214,1
94215,4
94216,4
94217,1
94218,1
94219,1
94220,1
94221,1
94222,1
94223,1
94224,1
94225,1
94226,1
94227,1
94228,1
94229,1
94230,1
94231,1
94232,1
94233,1
94234,1
94235,1
94236,1
94237,1
94238,1
94239,1
94240,1
94241,1
94242,1
94243,1
94244,1
94245,1
94246,1
94247,1
94248,1
94249,1
94250,1
94251,1
94252,1
94253,1
94254,1
94255,1
94256,1
94257,1
94258,1
94259,1
94260,1
94261,1
94262,1
94263,1
94264,1
94265,1
94266,1
94267,1
94268,1
94269,1
94270,4
94271,1
94272,1
94273,1
94274,1
94275,1
94276,1
94277,1
94278,1
94279,1
94280,1
94281,1
94282,1
94283,1
94284,1
94285,1
94286,1
94287,1
94288,1
94289,1
94290,1
94291,1
94292,1
94293,1
94294,1
94295,1
94296,1
94297,1
94298,1
94299,1
94300,1
94301,1
94302,1
94303,1
94304,1
94305,1
94306,1
94307,1
94308,1
94309,1
94310,1
94311,1
94312,1
94313,1
94314,1
94315,1
94316,1
94317,1
94318,1
94319,1
94320,1
94321,1
94322,1
94323,1
94324,1
94325,1
94326,1
94327,1
94328,1
94329,1
94330,1
94331,1
94332,1
94333,1
94334,1
94335,1
94336,1
94337,1
94338,1
94339,1
94340,1
94341,1
94342,1
94343,1
94344,1
94345,1
94346,1
94347,1
94348,1
94349,1
94350,1
94351,1
94352,1
94353,1
94354,1
94355,1
94356,1
94357,1
94358,1
94359,1
94360,1
94361,1
94362,1
94363,1
94364,1
94365,1
94366,1
94367,1
94368,1
94369,1
94370,1
94371,1
94372,1
94373,1
94374,1
94375,1
94376,1
94377,1
94378,1
94379,1
94380,1
94381,1
94382,1
94383,1
94384,1
94385,1
94386,1
94387,1
94388,1
94389,1
94390,1
94391,1
94392,1
94393,1
94394,1
94395,1
94396,1
94397,1
94398,1
94399,1
94400,1
94401,1
94402,1
94403,1
94404,1
94405,1
94406,1
94407,1
94408,1
94409,1
94410,1
94411,1
94412,1
94413,1
94414,4
94415,1
94416,1
94417,1
94418,1
94419,1
94420,1
94421,1
94422,1
94423,1
94424,1
94425,1
94426,1
94427,1
94428,1
94429,1
94430,4
94431,4
94432,1
94433,1
94434,1
94435,1
94436,1
94437,1
94438,1
94439,1
94440,1
94441,1
94442,1
94443,1
94444,1
94445,1
94446,2
94447,1
94448,1
94449,1
94450,1
94451,1
94452,1
94453,1
94454,1
94455,1
94456,1
94457,1
94458,1
94459,1
94460,1
94461,1
94462,1
94463,1
94464,1
94465,1
94466,1
94467,1
94468,1
94469,1
94470,1
94471,4
94472,1
94473,1
94474,1
94475,1
94476,1
94477,1
94478,1
94479,1
94480,1
94481,1
94482,1
94483,1
94484,1
94485,1
94486,1
94487,1
94488,1
94489,1
94490,1
94491,1
94492,4
94493,1
94494,1
94495,1
94496,1
94497,1
94498,1
94499,1
94500,1
94501,1
94502,1
94503,1
94504,1
94505,1
94506,1
94507,1
94508,1
94509,1
94510,1
94511,1
94512,1
94513,1
94514,1
94515,1
94516,1
94517,1
94518,1
94519,1
94520,1
94521,1
94522,1
94523,1
94524,1
94525,1
94526,1
94527,1
94528,1
94529,1
94530,1
94531,4
94532,1
94533,1
94534,1
94535,1
94536,1
94537,1
94538,1
94539,1
94540,1
94541,1
94542,1
94543,1
94544,1
94545,1
94546,1
94547,1
94548,1
94549,1
94550,1
94551,1
94552,1
94553,1
94554,1
94555,1
94556,1
94557,1
94558,1
94559,1
94560,1
94561,1
94562,1
94563,1
94564,1
94565,4
94566,1
94567,1
94568,1
94569,1
94570,1
94571,1
94572,1
94573,1
94574,1
94575,1
94576,1
94577,1
94578,1
94579,1
94580,1
94581,1
94582,1
94583,1
94584,1
94585,1
94586,1
94587,1
94588,1
94589,1
94590,1
94591,1
94592,1
94593,1
94594,1
94595,1
94596,1
94597,1
94598,1
94599,1
94600,1
94601,1
94602,1
94603,1
94604,1
94605,1
94606,1
94607,1
94608,1
94609,1
94610,1
94611,1
94612,1
94613,1
94614,1
94615,1
94616,1
94617,1
94618,1
94619,1
94620,1
94621,1
94622,1
94623,1
94624,1
94625,1
94626,1
94627,1
94628,1
94629,1
94630,1
94631,1
94632,1
94633,1
94634,1
94635,1
94636,1
94637,1
94638,1
94639,1
94640,1
94641,1
94642,1
94643,1
94644,1
94645,1
94646,1
94647,1
94648,1
94649,1
94650,1
94651,1
94652,1
94653,1
94654,1
94655,1
94656,1
94657,1
94658,1
94659,1
94660,1
94661,1
94662,1
94663,1
94664,1
94665,1
94666,1
94667,1
94668,1
94669,1
94670,1
94671,1
94672,1
94673,1
94674,1
94675,1
94676,1
94677,1
94678,1
94679,1
94680,1
94681,1
94682,1
94683,1
94684,1
94685,1
94686,1
94687,1
94688,1
94689,1
94690,1
94691,1
94692,1
94693,1
94694,1
94695,1
94696,1
94697,1
94698,1
94699,1
94700,1
94701,1
94702,1
94703,1
94704,1
94705,1
94706,1
94707,1
94708,1
94709,4
94710,1
94711,1
94712,1
94713,1
94714,1
94715,1
94716,1
94717,1
94718,1
94719,1
94720,1
94721,1
94722,4
94723,1
94724,1
94725,1
94726,1
94727,1
94728,1
94729,1
94730,1
94731,1
94732,1
94733,1
94734,1
94735,1
94736,1
94737,1
94738,4
94739,1
94740,1
94741,1
94742,1
94743,1
94744,1
94745,1
94746,1
94747,1
94748,1
94749,1
94750,1
94751,1
94752,1
94753,1
94754,1
94755,1
94756,1
94757,1
94758,1
94759,1
94760,1
94761,1
94762,1
94763,1
94764,1
94765,1
94766,1
94767,1
94768,1
94769,1
94770,1
94771,1
94772,1
94773,1
94774,1
94775,1
94776,1
94777,1
94778,1
94779,1
94780,1
94781,1
94782,1
94783,1
94784,1
94785,1
94786,1
94787,1
94788,1
94789,1
94790,1
94791,1
94792,1
94793,1
94794,1
94795,1
94796,1
94797,1
94798,1
94799,1
94800,1
94801,1
94802,1
94803,1
94804,1
94805,1
94806,1
94807,1
94808,1
94809,1
94810,1
94811,1
94812,1
94813,1
94814,1
94815,1
94816,1
94817,1
94818,1
94819,1
94820,1
94821,1
94822,1
94823,1
94824,1
94825,1
94826,1
94827,1
94828,1
94829,4
94830,1
94831,1
94832,1
94833,1
94834,1
94835,1
94836,1
94837,1
94838,1
94839,1
94840,1
94841,1
94842,1
94843,1
94844,1
94845,1
94846,1
94847,1
94848,1
94849,1
94850,1
94851,1
94852,1
94853,1
94854,1
94855,1
94856,1
94857,1
94858,1
94859,1
94860,1
94861,1
94862,1
94863,1
94864,1
94865,1
94866,1
94867,1
94868,1
94869,1
94870,1
94871,1
94872,1
94873,1
94874,1
94875,1
94876,1
94877,1
94878,1
94879,1
94880,1
94881,1
94882,1
94883,1
94884,1
94885,1
94886,1
94887,1
94888,1
94889,1
94890,1
94891,1
94892,1
94893,1
94894,1
94895,1
94896,1
94897,1
94898,1
94899,1
94900,4
94901,1
94902,1
94903,1
94904,1
94905,1
94906,1
94907,1
94908,1
94909,1
94910,1
94911,1
94912,1
94913,1
94914,1
94915,1
94916,1
94917,1
94918,1
94919,1
94920,1
94921,1
94922,1
94923,1
94924,1
94925,1
94926,1
94927,1
94928,1
94929,1
94930,1
94931,1
94932,1
94933,1
94934,1
94935,1
94936,1
94937,1
94938,1
94939,1
94940,1
94941,1
94942,1
94943,1
94944,1
94945,1
94946,1
94947,1
94948,1
94949,1
94950,1
94951,1
94952,1
94953,1
94954,1
94955,1
94956,1
94957,1
94958,1
94959,1
94960,4
94961,1
94962,4
94963,1
94964,1
94965,1
94966,1
94967,1
94968,1
94969,1
94970,1
94971,1
94972,1
94973,1
94974,1
94975,1
94976,1
94977,1
94978,1
94979,1
94980,1
94981,1
94982,1
94983,1
94984,1
94985,1
94986,1
94987,1
94988,1
94989,1
94990,1
94991,1
94992,1
94993,1
94994,1
94995,1
94996,1
94997,1
94998,1
94999,1
95000,1
95001,1
95002,1
95003,1
95004,1
95005,1
95006,1
95007,1
95008,1
95009,1
95010,1
95011,1
95012,1
95013,1
95014,1
95015,1
95016,1
95017,1
95018,1
95019,1
95020,4
95021,1
95022,1
95023,1
95024,1
95025,1
95026,1
95027,1
95028,1
95029,1
95030,1
95031,1
95032,1
95033,1
95034,1
95035,1
95036,1
95037,1
95038,1
95039,1
95040,1
95041,1
95042,1
95043,1
95044,1
95045,1
95046,1
95047,1
95048,1
95049,1
95050,1
95051,1
95052,1
95053,1
95054,1
95055,1
95056,1
95057,1
95058,1
95059,1
95060,1
95061,1
95062,1
95063,4
95064,1
95065,1
95066,1
95067,1
95068,1
95069,1
95070,1
95071,1
95072,1
95073,1
95074,1
95075,1
95076,1
95077,1
95078,1
95079,1
95080,1
95081,4
95082,1
95083,1
95084,1
95085,1
95086,1
95087,1
95088,1
95089,1
95090,1
95091,1
95092,1
95093,1
95094,1
95095,4
95096,1
95097,1
95098,1
95099,1
95100,1
95101,1
95102,1
95103,1
95104,1
95105,1
95106,1
95107,4
95108,4
95109,1
95110,1
95111,1
95112,1
95113,1
95114,1
95115,1
95116,1
95117,1
95118,1
95119,1
95120,1
95121,1
95122,1
95123,1
95124,1
95125,1
95126,1
95127,1
95128,1
95129,1
95130,1
95131,1
95132,1
95133,1
95134,1
95135,1
95136,1
95137,1
95138,1
95139,1
95140,1
95141,1
95142,1
95143,1
95144,1
95145,1
95146,1
95147,1
95148,1
95149,1
95150,1
95151,1
95152,1
95153,1
95154,1
95155,1
95156,1
95157,1
95158,1
95159,1
95160,1
95161,1
95162,1
95163,1
95164,1
95165,1
95166,1
95167,1
95168,1
95169,1
95170,1
95171,1
95172,1
95173,1
95174,1
95175,1
95176,1
95177,1
95178,1
95179,1
95180,1
95181,1
95182,1
95183,1
95184,1
95185,1
95186,1
95187,1
95188,1
95189,1
95190,1
95191,1
95192,1
95193,1
95194,1
95195,1
95196,1
95197,1
95198,1
95199,1
95200,1
95201,1
95202,1
95203,1
95204,1
95205,1
95206,1
95207,1
95208,1
95209,1
95210,1
95211,1
95212,4
95213,1
95214,1
95215,1
95216,1
95217,1
95218,1
95219,1
95220,1
95221,1
95222,1
95223,1
95224,1
95225,1
95226,1
95227,1
95228,1
95229,1
95230,1
95231,1
95232,1
95233,1
95234,1
95235,1
95236,1
95237,1
95238,4
95239,1
95240,1
95241,1
95242,1
95243,1
95244,1
95245,1
95246,1
95247,1
95248,1
95249,1
95250,1
95251,1
95252,1
95253,1
95254,1
95255,1
95256,1
95257,1
95258,1
95259,1
95260,4
95261,1
95262,1
95263,1
95264,1
95265,1
95266,1
95267,1
95268,1
95269,1
95270,1
95271,1
95272,4
95273,1
95274,1
95275,1
95276,1
95277,1
95278,1
95279,1
95280,1
95281,1
95282,1
95283,1
95284,1
95285,1
95286,1
95287,1
95288,1
95289,1
95290,1
95291,1
95292,1
95293,1
95294,1
95295,1
95296,1
95297,1
95298,1
95299,1
95300,1
95301,1
95302,1
95303,1
95304,1
95305,1
95306,1
95307,1
95308,1
95309,1
95310,1
95311,1
95312,1
95313,1
95314,1
95315,1
95316,1
95317,1
95318,1
95319,1
95320,1
95321,1
95322,1
95323,1
95324,1
95325,1
95326,1
95327,1
95328,1
95329,1
95330,1
95331,1
95332,1
95333,1
95334,1
95335,1
95336,1
95337,1
95338,1
95339,1
95340,1
95341,1
95342,1
95343,1
95344,1
95345,4
95346,1
95347,1
95348,1
95349,1
95350,1
95351,1
95352,1
95353,1
95354,1
95355,1
95356,1
95357,1
95358,1
95359,1
95360,1
95361,1
95362,1
95363,1
95364,1
95365,1
95366,1
95367,1
95368,1
95369,1
95370,1
95371,1
95372,1
95373,1
95374,1
95375,1
95376,1
95377,1
95378,1
95379,1
95380,1
95381,1
95382,1
95383,1
95384,1
95385,1
95386,1
95387,1
95388,1
95389,1
95390,1
95391,1
95392,1
95393,1
95394,1
95395,1
95396,4
95397,1
95398,1
95399,4
95400,1
95401,1
95402,1
95403,1
95404,1
95405,1
95406,1
95407,1
95408,1
95409,1
95410,1
95411,1
95412,1
95413,1
95414,1
95415,1
95416,1
95417,1
95418,1
95419,1
95420,1
95421,1
95422,1
95423,1
95424,1
95425,1
95426,1
95427,1
95428,1
95429,1
95430,1
95431,1
95432,1
95433,1
95434,1
95435,1
95436,1
95437,1
95438,1
95439,1
95440,1
95441,1
95442,1
95443,1
95444,1
95445,1
95446,1
95447,4
95448,1
95449,1
95450,1
95451,1
95452,1
95453,1
95454,1
95455,1
95456,1
95457,1
95458,1
95459,1
95460,1
95461,1
95462,1
95463,1
95464,1
95465,1
95466,1
95467,1
95468,1
95469,1
95470,1
95471,1
95472,1
95473,1
95474,1
95475,1
95476,1
95477,1
95478,1
95479,1
95480,1
95481,1
95482,1
95483,1
95484,1
95485,1
95486,1
95487,1
95488,1
95489,1
95490,1
95491,1
95492,1
95493,1
95494,1
95495,1
95496,1
95497,1
95498,1
95499,1
95500,1
95501,1
95502,1
95503,1
95504,1
95505,1
95506,1
95507,1
95508,1
95509,1
95510,1
95511,1
95512,1
95513,1
95514,1
95515,1
95516,1
95517,1
95518,1
95519,1
95520,1
95521,1
95522,1
95523,1
95524,4
95525,1
95526,4
95527,1
95528,1
95529,1
95530,1
95531,1
95532,1
95533,1
95534,1
95535,1
95536,1
95537,1
95538,1
95539,4
95540,4
95541,1
95542,1
95543,1
95544,1
95545,1
95546,1
95547,1
95548,1
95549,1
95550,1
95551,1
95552,1
95553,1
95554,1
95555,1
95556,1
95557,4
95558,1
95559,4
95560,1
95561,1
95562,1
95563,1
95564,1
95565,1
95566,1
95567,1
95568,1
95569,1
95570,1
95571,1
95572,1
95573,1
95574,1
95575,1
95576,1
95577,1
95578,1
95579,1
95580,1
95581,1
95582,1
95583,1
95584,1
95585,1
95586,1
95587,1
95588,1
95589,1
95590,1
95591,1
95592,1
95593,1
95594,1
95595,1
95596,1
95597,1
95598,1
95599,1
95600,1
95601,1
95602,1
95603,1
95604,1
95605,1
95606,1
95607,1
95608,1
95609,1
95610,1
95611,1
95612,1
95613,1
95614,1
95615,1
95616,1
95617,1
95618,1
95619,1
95620,1
95621,1
95622,1
95623,1
95624,1
95625,1
95626,1
95627,1
95628,1
95629,1
95630,1
95631,1
95632,1
95633,1
95634,1
95635,1
95636,1
95637,1
95638,1
95639,1
95640,1
95641,1
95642,1
95643,1
95644,1
95645,1
95646,1
95647,1
95648,1
95649,1
95650,1
95651,1
95652,1
95653,1
95654,1
95655,1
95656,1
95657,1
95658,1
95659,1
95660,1
95661,1
95662,1
95663,1
95664,1
95665,1
95666,1
95667,1
95668,1
95669,1
95670,1
95671,1
95672,1
95673,1
95674,1
95675,1
95676,1
95677,1
95678,1
95679,1
95680,1
95681,1
95682,1
95683,1
95684,1
95685,1
95686,1
95687,1
95688,1
95689,1
95690,1
95691,1
95692,1
95693,1
95694,1
95695,1
95696,1
95697,1
95698,1
95699,1
95700,1
95701,1
95702,1
95703,1
95704,1
95705,1
95706,1
95707,1
95708,1
95709,1
95710,1
95711,1
95712,1
95713,1
95714,1
95715,1
95716,1
95717,1
95718,1
95719,1
95720,1
95721,1
95722,1
95723,4
95724,1
95725,1
95726,1
95727,1
95728,1
95729,1
95730,1
95731,1
95732,1
95733,1
95734,1
95735,1
95736,1
95737,1
95738,1
95739,1
95740,1
95741,1
95742,1
95743,1
95744,1
95745,1
95746,1
95747,1
95748,1
95749,1
95750,1
95751,1
95752,1
95753,1
95754,1
95755,1
95756,1
95757,1
95758,1
95759,1
95760,1
95761,1
95762,1
95763,1
95764,1
95765,1
95766,1
95767,1
95768,1
95769,1
95770,1
95771,4
95772,1
95773,1
95774,1
95775,1
95776,1
95777,1
95778,1
95779,1
95780,1
95781,1
95782,1
95783,1
95784,1
95785,1
95786,1
95787,1
95788,1
95789,1
95790,1
95791,1
95792,1
95793,1
95794,1
95795,1
95796,1
95797,1
95798,1
95799,1
95800,1
95801,1
95802,1
95803,1
95804,1
95805,1
95806,1
95807,1
95808,1
95809,1
95810,1
95811,1
95812,1
95813,1
95814,1
95815,1
95816,1
95817,1
95818,1
95819,1
95820,1
95821,1
95822,1
95823,1
95824,1
95825,1
95826,1
95827,1
95828,1
95829,1
95830,1
95831,1
95832,1
95833,1
95834,1
95835,1
95836,1
95837,1
95838,1
95839,1
95840,1
95841,1
95842,1
95843,1
95844,1
95845,1
95846,1
95847,1
95848,1
95849,1
95850,1
95851,1
95852,1
95853,1
95854,1
95855,1
95856,1
95857,1
95858,1
95859,1
95860,1
95861,1
95862,1
95863,1
95864,1
95865,1
95866,1
95867,1
95868,1
95869,1
95870,1
95871,1
95872,1
95873,1
95874,1
95875,1
95876,1
95877,1
95878,1
95879,1
95880,1
95881,1
95882,1
95883,1
95884,1
95885,4
95886,1
95887,1
95888,1
95889,1
95890,1
95891,1
95892,1
95893,1
95894,1
95895,1
95896,1
95897,1
95898,1
95899,1
95900,1
95901,1
95902,4
95903,1
95904,1
95905,1
95906,1
95907,1
95908,1
95909,1
95910,1
95911,1
95912,1
95913,1
95914,1
95915,1
95916,1
95917,1
95918,1
95919,1
95920,1
95921,1
95922,1
95923,1
95924,4
95925,4
95926,4
95927,1
95928,1
95929,1
95930,1
95931,1
95932,1
95933,1
95934,1
95935,1
95936,1
95937,1
95938,1
95939,1
95940,1
95941,1
95942,1
95943,1
95944,1
95945,1
95946,1
95947,1
95948,1
95949,1
95950,1
95951,1
95952,1
95953,1
95954,1
95955,1
95956,1
95957,1
95958,1
95959,1
95960,1
95961,1
95962,1
95963,1
95964,1
95965,1
95966,1
95967,1
95968,1
95969,1
95970,1
95971,1
95972,1
95973,1
95974,1
95975,1
95976,1
95977,1
95978,1
95979,1
95980,1
95981,1
95982,1
95983,1
95984,1
95985,1
95986,1
95987,1
95988,1
95989,1
95990,1
95991,1
95992,1
95993,1
95994,4
95995,4
95996,1
95997,1
95998,1
95999,1
96000,1
96001,1
96002,1
96003,1
96004,1
96005,1
96006,1
96007,1
96008,1
96009,1
96010,1
96011,1
96012,1
96013,1
96014,1
96015,1
96016,1
96017,1
96018,1
96019,1
96020,1
96021,1
96022,1
96023,1
96024,1
96025,1
96026,1
96027,1
96028,1
96029,1
96030,1
96031,1
96032,1
96033,1
96034,2
96035,1
96036,1
96037,1
96038,1
96039,1
96040,1
96041,1
96042,1
96043,1
96044,1
96045,1
96046,1
96047,1
96048,1
96049,1
96050,1
96051,1
96052,1
96053,4
96054,1
96055,4
96056,1
96057,1
96058,1
96059,1
96060,1
96061,1
96062,1
96063,1
96064,1
96065,1
96066,1
96067,1
96068,1
96069,1
96070,1
96071,1
96072,1
96073,1
96074,1
96075,1
96076,1
96077,1
96078,1
96079,1
96080,1
96081,1
96082,1
96083,1
96084,1
96085,1
96086,1
96087,1
96088,1
96089,1
96090,1
96091,1
96092,1
96093,1
96094,1
96095,1
96096,1
96097,1
96098,1
96099,1
96100,1
96101,1
96102,1
96103,1
96104,1
96105,1
96106,1
96107,4
96108,1
96109,1
96110,4
96111,1
96112,1
96113,1
96114,1
96115,1
96116,1
96117,1
96118,1
96119,1
96120,1
96121,1
96122,1
96123,1
96124,1
96125,1
96126,1
96127,1
96128,1
96129,1
96130,4
96131,4
96132,4
96133,4
96134,1
96135,4
96136,1
96137,1
96138,1
96139,4
96140,1
96141,1
96142,1
96143,1
96144,1
96145,1
96146,1
96147,1
96148,1
96149,1
96150,1
96151,1
96152,1
96153,1
96154,1
96155,1
96156,1
96157,1
96158,1
96159,1
96160,1
96161,1
96162,1
96163,1
96164,1
96165,1
96166,1
96167,1
96168,1
96169,1
96170,1
96171,1
96172,1
96173,1
96174,1
96175,1
96176,1
96177,1
96178,1
96179,1
96180,1
96181,1
96182,1
96183,1
96184,1
96185,1
96186,1
96187,1
96188,1
96189,1
96190,1
96191,1
96192,1
96193,1
96194,1
96195,1
96196,1
96197,1
96198,1
96199,1
96200,1
96201,1
96202,1
96203,1
96204,1
96205,1
96206,1
96207,1
96208,1
96209,1
96210,1
96211,1
96212,1
96213,1
96214,1
96215,1
96216,1
96217,4
96218,1
96219,1
96220,1
96221,1
96222,1
96223,1
96224,1
96225,1
96226,1
96227,1
96228,1
96229,1
96230,1
96231,1
96232,1
96233,1
96234,1
96235,1
96236,1
96237,1
96238,4
96239,1
96240,1
96241,1
96242,1
96243,1
96244,1
96245,1
96246,1
96247,1
96248,1
96249,1
96250,1
96251,1
96252,1
96253,1
96254,1
96255,1
96256,1
96257,1
96258,1
96259,1
96260,1
96261,1
96262,1
96263,1
96264,1
96265,1
96266,1
96267,1
96268,1
96269,1
96270,1
96271,1
96272,1
96273,1
96274,1
96275,1
96276,1
96277,1
96278,1
96279,1
96280,1
96281,1
96282,1
96283,1
96284,1
96285,1
96286,1
96287,1
96288,1
96289,1
96290,1
96291,1
96292,1
96293,1
96294,1
96295,1
96296,1
96297,1
96298,1
96299,1
96300,1
96301,1
96302,1
96303,1
96304,1
96305,1
96306,1
96307,1
96308,1
96309,1
96310,1
96311,1
96312,1
96313,1
96314,1
96315,1
96316,1
96317,1
96318,1
96319,1
96320,1
96321,1
96322,1
96323,1
96324,1
96325,1
96326,1
96327,1
96328,1
96329,1
96330,1
96331,1
96332,1
96333,1
96334,1
96335,1
96336,1
96337,1
96338,1
96339,1
96340,1
96341,1
96342,1
96343,1
96344,1
96345,1
96346,1
96347,1
96348,1
96349,1
96350,1
96351,1
96352,1
96353,1
96354,1
96355,1
96356,1
96357,1
96358,1
96359,1
96360,1
96361,1
96362,4
96363,1
96364,1
96365,1
96366,1
96367,1
96368,1
96369,1
96370,1
96371,1
96372,1
96373,1
96374,1
96375,4
96376,1
96377,1
96378,1
96379,1
96380,1
96381,1
96382,1
96383,1
96384,1
96385,4
96386,1
96387,1
96388,1
96389,1
96390,1
96391,1
96392,1
96393,1
96394,1
96395,1
96396,1
96397,1
96398,1
96399,1
96400,1
96401,1
96402,1
96403,1
96404,1
96405,1
96406,1
96407,1
96408,1
96409,1
96410,1
96411,1
96412,1
96413,1
96414,1
96415,1
96416,1
96417,1
96418,1
96419,1
96420,1
96421,1
96422,1
96423,4
96424,1
96425,1
96426,1
96427,1
96428,1
96429,1
96430,1
96431,1
96432,1
96433,1
96434,1
96435,1
96436,1
96437,1
96438,1
96439,1
96440,1
96441,1
96442,1
96443,1
96444,1
96445,1
96446,1
96447,1
96448,1
96449,1
96450,1
96451,1
96452,1
96453,1
96454,1
96455,1
96456,1
96457,1
96458,1
96459,1
96460,1
96461,1
96462,1
96463,1
96464,1
96465,1
96466,1
96467,1
96468,1
96469,1
96470,1
96471,1
96472,1
96473,1
96474,1
96475,1
96476,4
96477,1
96478,1
96479,1
96480,1
96481,1
96482,1
96483,1
96484,1
96485,1
96486,1
96487,1
96488,1
96489,1
96490,1
96491,1
96492,1
96493,1
96494,4
96495,1
96496,1
96497,1
96498,1
96499,1
96500,1
96501,1
96502,1
96503,1
96504,1
96505,1
96506,1
96507,4
96508,1
96509,1
96510,1
96511,1
96512,1
96513,1
96514,1
96515,1
96516,1
96517,1
96518,1
96519,1
96520,1
96521,1
96522,1
96523,1
96524,1
96525,1
96526,1
96527,1
96528,1
96529,1
96530,1
96531,1
96532,1
96533,1
96534,1
96535,1
96536,1
96537,1
96538,1
96539,1
96540,1
96541,1
96542,1
96543,1
96544,1
96545,1
96546,1
96547,1
96548,1
96549,1
96550,1
96551,1
96552,1
96553,1
96554,1
96555,1
96556,1
96557,1
96558,4
96559,4
96560,1
96561,1
96562,1
96563,1
96564,1
96565,1
96566,1
96567,1
96568,1
96569,1
96570,1
96571,1
96572,1
96573,1
96574,1
96575,1
96576,1
96577,1
96578,1
96579,1
96580,1
96581,1
96582,1
96583,1
96584,1
96585,1
96586,1
96587,1
96588,1
96589,1
96590,1
96591,1
96592,1
96593,1
96594,1
96595,1
96596,1
96597,1
96598,1
96599,1
96600,1
96601,1
96602,1
96603,1
96604,1
96605,1
96606,1
96607,1
96608,1
96609,1
96610,1
96611,1
96612,1
96613,1
96614,1
96615,1
96616,1
96617,1
96618,1
96619,1
96620,1
96621,1
96622,1
96623,1
96624,1
96625,1
96626,1
96627,1
96628,1
96629,1
96630,1
96631,1
96632,1
96633,1
96634,1
96635,1
96636,4
96637,4
96638,1
96639,1
96640,1
96641,1
96642,1
96643,1
96644,1
96645,1
96646,1
96647,1
96648,1
96649,1
96650,1
96651,1
96652,1
96653,1
96654,1
96655,1
96656,1
96657,4
96658,1
96659,1
96660,1
96661,1
96662,1
96663,1
96664,1
96665,1
96666,1
96667,1
96668,1
96669,1
96670,1
96671,1
96672,1
96673,1
96674,1
96675,1
96676,1
96677,1
96678,1
96679,1
96680,1
96681,1
96682,1
96683,1
96684,1
96685,1
96686,1
96687,1
96688,1
96689,1
96690,1
96691,1
96692,4
96693,1
96694,1
96695,1
96696,1
96697,1
96698,1
96699,1
96700,1
96701,1
96702,1
96703,1
96704,1
96705,1
96706,1
96707,1
96708,1
96709,4
96710,1
96711,1
96712,1
96713,1
96714,1
96715,1
96716,1
96717,1
96718,1
96719,1
96720,1
96721,1
96722,1
96723,1
96724,1
96725,1
96726,1
96727,1
96728,1
96729,1
96730,1
96731,1
96732,1
96733,1
96734,1
96735,1
96736,1
96737,1
96738,1
96739,1
96740,1
96741,1
96742,1
96743,1
96744,1
96745,1
96746,1
96747,1
96748,1
96749,1
96750,1
96751,1
96752,1
96753,1
96754,1
96755,1
96756,1
96757,1
96758,1
96759,1
96760,1
96761,1
96762,1
96763,1
96764,1
96765,1
96766,1
96767,1
96768,4
96769,1
96770,1
96771,1
96772,1
96773,1
96774,1
96775,1
96776,1
96777,1
96778,1
96779,1
96780,1
96781,1
96782,1
96783,1
96784,1
96785,1
96786,1
96787,1
96788,1
96789,1
96790,1
96791,1
96792,1
96793,1
96794,1
96795,1
96796,1
96797,1
96798,1
96799,1
96800,1
96801,1
96802,1
96803,1
96804,1
96805,1
96806,1
96807,1
96808,1
96809,1
96810,1
96811,1
96812,1
96813,1
96814,1
96815,1
96816,1
96817,1
96818,1
96819,1
96820,1
96821,1
96822,1
96823,1
96824,1
96825,4
96826,1
96827,1
96828,1
96829,4
96830,1
96831,1
96832,1
96833,1
96834,1
96835,1
96836,1
96837,1
96838,1
96839,1
96840,1
96841,1
96842,1
96843,1
96844,4
96845,1
96846,4
96847,1
96848,1
96849,1
96850,1
96851,1
96852,1
96853,1
96854,1
96855,1
96856,1
96857,1
96858,1
96859,1
96860,1
96861,1
96862,1
96863,1
96864,1
96865,1
96866,1
96867,1
96868,1
96869,1
96870,1
96871,1
96872,1
96873,1
96874,1
96875,1
96876,1
96877,1
96878,1
96879,1
96880,1
96881,4
96882,1
96883,1
96884,1
96885,1
96886,1
96887,1
96888,1
96889,1
96890,1
96891,1
96892,1
96893,1
96894,1
96895,1
96896,1
96897,4
96898,4
96899,1
96900,1
96901,1
96902,1
96903,1
96904,1
96905,1
96906,1
96907,1
96908,1
96909,1
96910,1
96911,1
96912,1
96913,1
96914,1
96915,1
96916,1
96917,1
96918,1
96919,1
96920,1
96921,1
96922,1
96923,1
96924,1
96925,1
96926,1
96927,1
96928,1
96929,4
96930,1
96931,1
96932,1
96933,1
96934,1
96935,1
96936,1
96937,1
96938,1
96939,1
96940,1
96941,1
96942,1
96943,1
96944,1
96945,1
96946,1
96947,1
96948,1
96949,1
96950,1
96951,1
96952,1
96953,1
96954,1
96955,1
96956,1
96957,1
96958,1
96959,1
96960,1
96961,1
96962,1
96963,1
96964,1
96965,1
96966,1
96967,1
96968,1
96969,1
96970,1
96971,1
96972,1
96973,1
96974,1
96975,1
96976,1
96977,1
96978,1
96979,4
96980,1
96981,1
96982,1
96983,1
96984,1
96985,1
96986,1
96987,1
96988,1
96989,1
96990,1
96991,1
96992,1
96993,1
96994,1
96995,1
96996,1
96997,1
96998,1
96999,1
97000,1
97001,1
97002,1
97003,1
97004,1
97005,1
97006,1
97007,1
97008,1
97009,1
97010,1
97011,1
97012,1
97013,1
97014,1
97015,1
97016,1
97017,1
97018,1
97019,1
97020,1
97021,1
97022,1
97023,1
97024,1
97025,1
97026,1
97027,1
97028,1
97029,1
97030,1
97031,1
97032,1
97033,1
97034,1
97035,1
97036,4
97037,1
97038,1
97039,1
97040,1
97041,1
97042,1
97043,1
97044,1
97045,1
97046,1
97047,1
97048,1
97049,1
97050,1
97051,1
97052,1
97053,1
97054,1
97055,1
97056,1
97057,1
97058,1
97059,1
97060,1
97061,1
97062,1
97063,4
97064,1
97065,1
97066,1
97067,1
97068,1
97069,1
97070,1
97071,1
97072,1
97073,1
97074,1
97075,1
97076,1
97077,1
97078,1
97079,1
97080,1
97081,1
97082,1
97083,1
97084,1
97085,1
97086,1
97087,1
97088,1
97089,1
97090,1
97091,1
97092,1
97093,1
97094,1
97095,1
97096,1
97097,1
97098,1
97099,1
97100,1
97101,1
97102,1
97103,1
97104,1
97105,1
97106,1
97107,1
97108,1
97109,1
97110,1
97111,1
97112,1
97113,1
97114,1
97115,1
97116,1
97117,1
97118,1
97119,1
97120,1
97121,1
97122,1
97123,1
97124,1
97125,1
97126,1
97127,1
97128,1
97129,1
97130,1
97131,1
97132,1
97133,1
97134,1
97135,1
97136,1
97137,1
97138,1
97139,1
97140,1
97141,1
97142,1
97143,1
97144,1
97145,1
97146,1
97147,1
97148,1
97149,1
97150,1
97151,1
97152,1
97153,1
97154,1
97155,1
97156,1
97157,1
97158,1
97159,1
97160,1
97161,1
97162,1
97163,1
97164,1
97165,1
97166,1
97167,1
97168,1
97169,1
97170,1
97171,1
97172,1
97173,1
97174,1
97175,1
97176,1
97177,1
97178,1
97179,1
97180,1
97181,1
97182,1
97183,1
97184,1
97185,1
97186,1
97187,1
97188,1
97189,1
97190,1
97191,1
97192,1
97193,1
97194,1
97195,1
97196,1
97197,1
97198,1
97199,1
97200,1
97201,1
97202,1
97203,1
97204,1
97205,1
97206,1
97207,1
97208,1
97209,1
97210,1
97211,1
97212,1
97213,1
97214,1
97215,1
97216,1
97217,1
97218,1
97219,1
97220,1
97221,1
97222,1
97223,1
97224,1
97225,1
97226,1
97227,1
97228,1
97229,1
97230,1
97231,1
97232,1
97233,1
97234,1
97235,1
97236,1
97237,1
97238,1
97239,1
97240,1
97241,1
97242,1
97243,1
97244,1
97245,1
97246,1
97247,1
97248,1
97249,1
97250,1
97251,1
97252,1
97253,1
97254,1
97255,1
97256,1
97257,1
97258,1
97259,1
97260,1
97261,1
97262,1
97263,1
97264,1
97265,1
97266,1
97267,1
97268,1
97269,1
97270,1
97271,1
97272,1
97273,1
97274,1
97275,1
97276,1
97277,1
97278,1
97279,1
97280,1
97281,1
97282,1
97283,1
97284,1
97285,1
97286,1
97287,1
97288,1
97289,1
97290,1
97291,1
97292,1
97293,1
97294,1
97295,1
97296,1
97297,1
97298,1
97299,1
97300,1
97301,1
97302,1
97303,4
97304,4
97305,1
97306,1
97307,1
97308,1
97309,1
97310,1
97311,1
97312,1
97313,1
97314,1
97315,1
97316,1
97317,1
97318,1
97319,1
97320,1
97321,1
97322,1
97323,4
97324,1
97325,1
97326,1
97327,1
97328,1
97329,1
97330,1
97331,1
97332,1
97333,1
97334,1
97335,1
97336,1
97337,1
97338,1
97339,1
97340,1
97341,1
97342,1
97343,1
97344,1
97345,1
97346,1
97347,1
97348,1
97349,1
97350,1
97351,1
97352,4
97353,1
97354,1
97355,1
97356,1
97357,1
97358,1
97359,1
97360,1
97361,1
97362,1
97363,1
97364,1
97365,1
97366,1
97367,1
97368,1
97369,1
97370,4
97371,1
97372,1
97373,1
97374,1
97375,1
97376,1
97377,1
97378,1
97379,1
97380,1
97381,1
97382,1
97383,1
97384,1
97385,1
97386,1
97387,1
97388,1
97389,1
97390,1
97391,1
97392,1
97393,1
97394,1
97395,1
97396,1
97397,1
97398,1
97399,1
97400,1
97401,4
97402,1
97403,1
97404,1
97405,1
97406,1
97407,1
97408,1
97409,1
97410,1
97411,1
97412,1
97413,4
97414,4
97415,1
97416,1
97417,1
97418,1
97419,1
97420,1
97421,1
97422,1
97423,1
97424,1
97425,1
97426,1
97427,1
97428,1
97429,1
97430,1
97431,1
97432,1
97433,1
97434,4
97435,1
97436,1
97437,1
97438,1
97439,1
97440,1
97441,1
97442,1
97443,1
97444,1
97445,1
97446,1
97447,1
97448,1
97449,1
97450,1
97451,1
97452,1
97453,1
97454,1
97455,1
97456,1
97457,2
97458,1
97459,1
97460,1
97461,1
97462,1
97463,1
97464,1
97465,1
97466,1
97467,1
97468,1
97469,1
97470,1
97471,1
97472,1
97473,1
97474,1
97475,1
97476,1
97477,1
97478,1
97479,1
97480,1
97481,1
97482,1
97483,1
97484,1
97485,1
97486,1
97487,1
97488,1
97489,1
97490,1
97491,1
97492,1
97493,1
97494,1
97495,4
97496,4
97497,1
97498,1
97499,1
97500,1
97501,1
97502,1
97503,1
97504,1
97505,1
97506,1
97507,1
97508,1
97509,1
97510,1
97511,1
97512,1
97513,1
97514,4
97515,1
97516,1
97517,1
97518,1
97519,1
97520,1
97521,1
97522,1
97523,1
97524,1
97525,1
97526,1
97527,1
97528,1
97529,1
97530,1
97531,4
97532,1
97533,1
97534,1
97535,1
97536,1
97537,1
97538,1
97539,1
97540,1
97541,1
97542,1
97543,1
97544,1
97545,1
97546,1
97547,1
97548,1
97549,1
97550,1
97551,1
97552,1
97553,1
97554,1
97555,1
97556,1
97557,1
97558,1
97559,1
97560,1
97561,1
97562,2
97563,1
97564,1
97565,1
97566,1
97567,1
97568,1
97569,1
97570,1
97571,1
97572,1
97573,1
97574,1
97575,1
97576,1
97577,1
97578,1
97579,1
97580,1
97581,1
97582,1
97583,1
97584,1
97585,1
97586,1
97587,1
97588,1
97589,1
97590,1
97591,1
97592,1
97593,1
97594,1
97595,1
97596,1
97597,1
97598,1
97599,1
97600,1
97601,1
97602,1
97603,1
97604,1
97605,1
97606,1
97607,1
97608,1
97609,1
97610,1
97611,1
97612,1
97613,1
97614,1
97615,4
97616,1
97617,1
97618,1
97619,1
97620,1
97621,1
97622,1
97623,1
97624,1
97625,1
97626,1
97627,1
97628,1
97629,1
97630,1
97631,1
97632,1
97633,1
97634,1
97635,1
97636,1
97637,1
97638,1
97639,1
97640,1
97641,4
97642,1
97643,1
97644,1
97645,1
97646,1
97647,1
97648,1
97649,1
97650,1
97651,1
97652,1
97653,1
97654,1
97655,1
97656,1
97657,1
97658,1
97659,1
97660,1
97661,1
97662,1
97663,1
97664,1
97665,1
97666,1
97667,4
97668,1
97669,4
97670,1
97671,1
97672,1
97673,1
97674,1
97675,1
97676,1
97677,1
97678,1
97679,1
97680,1
97681,1
97682,1
97683,1
97684,4
97685,1
97686,1
97687,1
97688,1
97689,1
97690,1
97691,1
97692,1
97693,1
97694,1
97695,1
97696,1
97697,1
97698,1
97699,1
97700,1
97701,1
97702,1
97703,1
97704,1
97705,1
97706,1
97707,1
97708,1
97709,1
97710,1
97711,1
97712,1
97713,1
97714,1
97715,1
97716,1
97717,1
97718,1
97719,1
97720,1
97721,1
97722,1
97723,1
97724,1
97725,1
97726,1
97727,1
97728,1
97729,1
97730,1
97731,1
97732,1
97733,1
97734,1
97735,1
97736,1
97737,1
97738,1
97739,1
97740,1
97741,1
97742,1
97743,1
97744,1
97745,1
97746,1
97747,1
97748,1
97749,1
97750,1
97751,1
97752,1
97753,1
97754,1
97755,1
97756,1
97757,1
97758,1
97759,1
97760,1
97761,1
97762,1
97763,1
97764,1
97765,1
97766,1
97767,1
97768,1
97769,1
97770,1
97771,1
97772,1
97773,1
97774,1
97775,1
97776,1
97777,1
97778,1
97779,1
97780,1
97781,1
97782,1
97783,1
97784,1
97785,1
97786,1
97787,1
97788,1
97789,1
97790,1
97791,1
97792,1
97793,1
97794,1
97795,1
97796,1
97797,1
97798,1
97799,1
97800,1
97801,1
97802,1
97803,1
97804,1
97805,1
97806,1
97807,1
97808,1
97809,1
97810,1
97811,1
97812,1
97813,1
97814,1
97815,1
97816,1
97817,1
97818,1
97819,1
97820,1
97821,1
97822,1
97823,1
97824,1
97825,1
97826,1
97827,1
97828,1
97829,1
97830,1
97831,4
97832,4
97833,1
97834,1
97835,1
97836,1
97837,1
97838,1
97839,1
97840,1
97841,1
97842,1
97843,1
97844,1
97845,1
97846,1
97847,1
97848,1
97849,1
97850,1
97851,1
97852,1
97853,1
97854,1
97855,1
97856,1
97857,1
97858,1
97859,1
97860,1
97861,1
97862,1
97863,1
97864,1
97865,1
97866,1
97867,1
97868,1
97869,1
97870,1
97871,1
97872,1
97873,1
97874,1
97875,4
97876,1
97877,1
97878,1
97879,1
97880,1
97881,1
97882,1
97883,1
97884,1
97885,1
97886,1
97887,1
97888,1
97889,1
97890,1
97891,1
97892,1
97893,1
97894,1
97895,1
97896,1
97897,1
97898,1
97899,1
97900,1
97901,1
97902,1
97903,1
97904,1
97905,1
97906,1
97907,1
97908,1
97909,1
97910,1
97911,4
97912,1
97913,1
97914,1
97915,1
97916,1
97917,1
97918,1
97919,1
97920,1
97921,1
97922,1
97923,1
97924,1
97925,1
97926,1
97927,1
97928,1
97929,1
97930,1
97931,1
97932,1
97933,1
97934,1
97935,1
97936,1
97937,1
97938,1
97939,1
97940,1
97941,1
97942,1
97943,1
97944,1
97945,1
97946,1
97947,1
97948,1
97949,1
97950,1
97951,1
97952,1
97953,1
97954,1
97955,1
97956,1
97957,1
97958,1
97959,1
97960,1
97961,1
97962,1
97963,1
97964,1
97965,1
97966,1
97967,1
97968,1
97969,1
97970,1
97971,1
97972,1
97973,1
97974,1
97975,1
97976,1
97977,1
97978,1
97979,1
97980,1
97981,1
97982,1
97983,1
97984,1
97985,1
97986,1
97987,1
97988,1
97989,1
97990,1
97991,1
97992,1
97993,1
97994,1
97995,1
97996,1
97997,1
97998,1
97999,1
98000,1
98001,1
98002,1
98003,1
98004,4
98005,1
98006,1
98007,1
98008,1
98009,1
98010,1
98011,1
98012,1
98013,1
98014,1
98015,1
98016,1
98017,1
98018,1
98019,1
98020,1
98021,1
98022,1
98023,1
98024,1
98025,1
98026,1
98027,1
98028,1
98029,1
98030,1
98031,1
98032,1
98033,1
98034,1
98035,1
98036,1
98037,1
98038,1
98039,1
98040,1
98041,1
98042,1
98043,1
98044,1
98045,1
98046,1
98047,1
98048,1
98049,1
98050,1
98051,1
98052,1
98053,1
98054,1
98055,1
98056,1
98057,1
98058,1
98059,1
98060,1
98061,1
98062,1
98063,1
98064,1
98065,1
98066,1
98067,1
98068,1
98069,1
98070,4
98071,1
98072,1
98073,1
98074,1
98075,1
98076,1
98077,1
98078,1
98079,1
98080,1
98081,1
98082,1
98083,1
98084,1
98085,1
98086,1
98087,1
98088,1
98089,1
98090,1
98091,4
98092,1
98093,1
98094,1
98095,1
98096,1
98097,1
98098,1
98099,1
98100,1
98101,1
98102,1
98103,1
98104,1
98105,1
98106,1
98107,1
98108,1
98109,1
98110,1
98111,1
98112,1
98113,1
98114,1
98115,1
98116,1
98117,1
98118,1
98119,1
98120,1
98121,1
98122,1
98123,1
98124,1
98125,4
98126,1
98127,1
98128,1
98129,4
98130,1
98131,1
98132,1
98133,1
98134,1
98135,1
98136,1
98137,1
98138,1
98139,1
98140,1
98141,1
98142,1
98143,4
98144,1
98145,1
98146,1
98147,1
98148,1
98149,1
98150,1
98151,1
98152,1
98153,1
98154,1
98155,1
98156,1
98157,1
98158,1
98159,1
98160,1
98161,1
98162,1
98163,1
98164,1
98165,1
98166,1
98167,1
98168,1
98169,1
98170,1
98171,1
98172,1
98173,1
98174,1
98175,1
98176,1
98177,1
98178,1
98179,1
98180,1
98181,1
98182,1
98183,1
98184,1
98185,1
98186,1
98187,1
98188,1
98189,1
98190,1
98191,4
98192,1
98193,1
98194,1
98195,1
98196,1
98197,1
98198,1
98199,1
98200,1
98201,1
98202,1
98203,1
98204,1
98205,1
98206,1
98207,1
98208,1
98209,1
98210,1
98211,1
98212,1
98213,1
98214,4
98215,1
98216,1
98217,1
98218,1
98219,1
98220,1
98221,1
98222,1
98223,1
98224,1
98225,1
98226,1
98227,1
98228,1
98229,1
98230,1
98231,1
98232,1
98233,1
98234,1
98235,1
98236,1
98237,1
98238,1
98239,1
98240,1
98241,1
98242,1
98243,1
98244,1
98245,1
98246,1
98247,1
98248,1
98249,1
98250,1
98251,1
98252,1
98253,1
98254,1
98255,1
98256,1
98257,1
98258,1
98259,1
98260,1
98261,1
98262,1
98263,1
98264,1
98265,1
98266,1
98267,1
98268,1
98269,1
98270,1
98271,1
98272,1
98273,1
98274,1
98275,1
98276,1
98277,1
98278,1
98279,1
98280,1
98281,1
98282,1
98283,1
98284,1
98285,1
98286,1
98287,1
98288,1
98289,1
98290,1
98291,1
98292,1
98293,1
98294,1
98295,1
98296,1
98297,1
98298,1
98299,1
98300,1
98301,1
98302,1
98303,1
98304,1
98305,1
98306,1
98307,1
98308,1
98309,1
98310,1
98311,1
98312,1
98313,1
98314,1
98315,1
98316,1
98317,1
98318,1
98319,1
98320,1
98321,1
98322,1
98323,1
98324,1
98325,1
98326,1
98327,1
98328,1
98329,1
98330,4
98331,1
98332,1
98333,1
98334,1
98335,1
98336,1
98337,1
98338,1
98339,1
98340,1
98341,1
98342,1
98343,1
98344,1
98345,1
98346,1
98347,1
98348,1
98349,1
98350,1
98351,1
98352,1
98353,1
98354,1
98355,1
98356,1
98357,1
98358,1
98359,1
98360,1
98361,1
98362,1
98363,1
98364,1
98365,1
98366,1
98367,1
98368,1
98369,1
98370,1
98371,1
98372,1
98373,1
98374,1
98375,1
98376,1
98377,1
98378,1
98379,1
98380,1
98381,1
98382,1
98383,1
98384,1
98385,1
98386,1
98387,1
98388,1
98389,1
98390,1
98391,4
98392,1
98393,4
98394,4
98395,1
98396,1
98397,1
98398,1
98399,1
98400,1
98401,1
98402,1
98403,1
98404,1
98405,1
98406,1
98407,1
98408,1
98409,1
98410,1
98411,1
98412,1
98413,1
98414,4
98415,1
98416,1
98417,1
98418,1
98419,1
98420,1
98421,1
98422,1
98423,1
98424,1
98425,1
98426,1
98427,1
98428,1
98429,1
98430,1
98431,1
98432,1
98433,1
98434,1
98435,1
98436,4
98437,1
98438,1
98439,4
98440,1
98441,1
98442,1
98443,1
98444,1
98445,1
98446,1
98447,1
98448,1
98449,1
98450,1
98451,1
98452,1
98453,1
98454,1
98455,1
98456,1
98457,1
98458,1
98459,1
98460,1
98461,1
98462,1
98463,1
98464,1
98465,1
98466,1
98467,1
98468,4
98469,1
98470,1
98471,1
98472,1
98473,1
98474,1
98475,1
98476,1
98477,1
98478,1
98479,1
98480,1
98481,1
98482,1
98483,1
98484,1
98485,1
98486,1
98487,1
98488,1
98489,1
98490,1
98491,1
98492,1
98493,1
98494,1
98495,1
98496,1
98497,1
98498,1
98499,1
98500,1
98501,1
98502,1
98503,1
98504,1
98505,1
98506,1
98507,1
98508,1
98509,1
98510,1
98511,1
98512,1
98513,1
98514,1
98515,1
98516,1
98517,1
98518,1
98519,1
98520,1
98521,1
98522,1
98523,1
98524,1
98525,1
98526,1
98527,4
98528,1
98529,4
98530,1
98531,1
98532,1
98533,1
98534,1
98535,1
98536,1
98537,1
98538,1
98539,1
98540,1
98541,1
98542,1
98543,1
98544,1
98545,1
98546,1
98547,1
98548,1
98549,1
98550,1
98551,1
98552,1
98553,4
98554,1
98555,1
98556,1
98557,1
98558,1
98559,1
98560,1
98561,1
98562,1
98563,1
98564,1
98565,1
98566,1
98567,1
98568,1
98569,1
98570,1
98571,1
98572,1
98573,1
98574,1
98575,1
98576,1
98577,4
98578,1
98579,1
98580,1
98581,1
98582,1
98583,1
98584,1
98585,1
98586,1
98587,1
98588,1
98589,1
98590,1
98591,1
98592,1
98593,1
98594,1
98595,1
98596,1
98597,1
98598,1
98599,1
98600,1
98601,1
98602,1
98603,1
98604,1
98605,1
98606,1
98607,1
98608,1
98609,1
98610,1
98611,1
98612,1
98613,3
98614,3
98615,3
98616,3
98617,3
98618,3
98619,3
98620,3
98621,3
98622,3
98623,3
98624,3
98625,3
98626,3
98627,3
98628,3
98629,3
98630,3
98631,3
98632,3
98633,3
98634,3
98635,3
98636,3
98637,3
98638,3
98639,3
98640,3
98641,3
98642,3
98643,3
98644,3
98645,3
98646,3
98647,3
98648,3
98649,3
98650,3
98651,3
98652,3
98653,3
98654,3
98655,3
98656,3
98657,3
98658,3
98659,3
98660,3
98661,3
98662,3
98663,3
98664,3
98665,3
98666,3
98667,3
98668,3
98669,3
98670,3
98671,3
98672,3
98673,3
98674,3
98675,3
98676,3
98677,3
98678,3
98679,3
98680,3
98681,3
98682,3
98683,3
98684,3
98685,3
98686,3
98687,3
98688,3
98689,3
98690,3
98691,3
98692,3
98693,3
98694,3
98695,3
98696,3
98697,3
98698,3
98699,3
98700,3
98701,3
98702,3
98703,3
98704,3
98705,3
98706,3
98707,3
98708,3
98709,3
98710,3
98711,3
98712,3
98713,3
98714,3
98715,3
98716,3
98717,3
98718,3
98719,3
98720,3
98721,3
98722,3
98723,3
98724,3
98725,3
98726,3
98727,3
98728,3
98729,3
98730,3
98731,3
98732,3
98733,3
98734,3
98735,3
98736,3
98737,3
98738,3
98739,3
98740,3
98741,3
98742,3
98743,3
98744,3
98745,3
98746,3
98747,3
98748,3
98749,3
98750,3
98751,3
98752,3
98753,3
98754,3
98755,3
98756,3
98757,3
98758,3
98759,3
98760,3
98761,3
98762,3
98763,3
98764,3
98765,3
98766,3
98767,3
98768,3
98769,3
98770,3
98771,3
98772,3
98773,3
98774,3
98775,3
98776,3
98777,3
98778,3
98779,3
98780,3
98781,3
98782,3
98783,3
98784,3
98785,3
98786,3
98787,3
98788,3
98789,3
98790,3
98791,3
98792,3
98793,3
98794,3
98795,3
98796,3
98797,3
98798,3
98799,3
98800,3
98801,3
98802,3
98803,3
98804,3
98805,3
98806,3
98807,3
98808,3
98809,3
98810,3
98811,3
98812,3
98813,3
98814,3
98815,3
98816,3
98817,3
98818,3
98819,3
98820,3
98821,3
98822,3
98823,3
98824,3
98825,3
98826,3
98827,3
98828,3
98829,3
98830,3
98831,3
98832,3
98833,3
98834,3
98835,3
98836,3
98837,3
98838,3
98839,3
98840,3
98841,3
98842,3
98843,3
98844,3
98845,3
98846,3
98847,3
98848,3
98849,3
98850,3
98851,3
98852,3
98853,3
98854,3
98855,3
98856,3
98857,3
98858,3
98859,3
98860,3
98861,3
98862,3
98863,3
98864,3
98865,3
98866,3
98867,3
98868,3
98869,3
98870,3
98871,3
98872,3
98873,3
98874,3
98875,3
98876,3
98877,3
98878,3
98879,3
98880,3
98881,3
98882,3
98883,3
98884,3
98885,3
98886,3
98887,3
98888,3
98889,3
98890,3
98891,3
98892,3
98893,3
98894,3
98895,3
98896,3
98897,3
98898,3
98899,3
98900,3
98901,3
98902,3
98903,3
98904,3
98905,3
98906,3
98907,3
98908,3
98909,3
98910,3
98911,3
98912,3
98913,3
98914,3
98915,3
98916,3
98917,3
98918,3
98919,3
98920,3
98921,3
98922,3
98923,3
98924,3
98925,3
98926,3
98927,3
98928,3
98929,3
98930,3
98931,3
98932,3
98933,3
98934,3
98935,3
98936,3
98937,3
98938,3
98939,3
98940,3
98941,3
98942,3
98943,3
98944,3
98945,3
98946,3
98947,3
98948,3
98949,3
98950,3
98951,3
98952,3
98953,3
98954,3
98955,3
98956,3
98957,3
98958,3
98959,3
98960,3
98961,3
98962,3
98963,3
98964,3
98965,3
98966,3
98967,3
98968,3
98969,3
98970,3
98971,3
98972,3
98973,3
98974,3
98975,3
98976,3
98977,3
98978,3
98979,3
98980,3
98981,3
98982,3
98983,3
98984,3
98985,3
98986,3
98987,3
98988,3
98989,3
98990,3
98991,3
98992,3
98993,3
98994,3
98995,3
98996,3
98997,3
98998,3
98999,3
99000,3
99001,3
99002,3
99003,3
99004,3
99005,3
99006,3
99007,3
99008,3
99009,3
99010,3
99011,3
99012,3
99013,3
99014,3
99015,3
99016,3
99017,3
99018,3
99019,3
99020,3
99021,3
99022,3
99023,3
99024,3
99025,3
99026,3
99027,3
99028,3
99029,3
99030,3
99031,3
99032,3
99033,3
99034,3
99035,3
99036,3
99037,3
99038,3
99039,3
99040,3
99041,3
99042,3
99043,3
99044,3
99045,3
99046,3
99047,3
99048,3
99049,3
99050,3
99051,3
99052,3
99053,3
99054,3
99055,3
99056,3
99057,3
99058,3
99059,3
99060,3
99061,3
99062,3
99063,3
99064,3
99065,3
99066,3
99067,3
99068,3
99069,3
99070,3
99071,3
99072,3
99073,3
99074,3
99075,3
99076,3
99077,3
99078,3
99079,3
99080,3
99081,3
99082,3
99083,3
99084,3
99085,3
99086,3
99087,3
99088,3
99089,3
99090,3
99091,3
99092,3
99093,3
99094,3
99095,3
99096,3
99097,3
99098,3
99099,3
99100,3
99101,3
99102,3
99103,3
99104,3
99105,3
99106,3
99107,3
99108,3
99109,3
99110,3
99111,3
99112,3
99113,3
99114,3
99115,3
99116,3
99117,3
99118,3
99119,3
99120,3
99121,3
99122,3
99123,3
99124,3
99125,3
99126,3
99127,3
99128,3
99129,3
99130,3
99131,3
99132,3
99133,3
99134,3
99135,3
99136,3
99137,3
99138,3
99139,3
99140,3
99141,3
99142,3
99143,3
99144,3
99145,3
99146,3
99147,3
99148,3
99149,3
99150,3
99151,3
99152,3
99153,3
99154,3
99155,3
99156,3
99157,3
99158,3
99159,3
99160,3
99161,3
99162,3
99163,3
99164,3
99165,3
99166,3
99167,3
99168,3
99169,3
99170,3
99171,3
99172,3
99173,3
99174,3
99175,3
99176,3
99177,3
99178,3
99179,3
99180,3
99181,3
99182,3
99183,3
99184,3
99185,3
99186,3
99187,3
99188,3
99189,3
99190,3
99191,3
99192,3
99193,3
99194,3
99195,3
99196,3
99197,3
99198,3
99199,3
99200,3
99201,3
99202,3
99203,3
99204,3
99205,3
99206,3
99207,3
99208,3
99209,3
99210,3
99211,3
99212,3
99213,3
99214,3
99215,3
99216,3
99217,3
99218,3
99219,3
99220,3
99221,3
99222,3
99223,3
99224,3
99225,3
99226,3
99227,3
99228,3
99229,3
99230,3
99231,3
99232,3
99233,3
99234,3
99235,3
99236,3
99237,3
99238,3
99239,3
99240,3
99241,3
99242,3
99243,3
99244,3
99245,3
99246,3
99247,3
99248,3
99249,3
99250,3
99251,3
99252,3
99253,3
99254,3
99255,3
99256,3
99257,3
99258,3
99259,3
99260,3
99261,3
99262,3
99263,3
99264,3
99265,3
99266,3
99267,3
99268,3
99269,3
99270,3
99271,3
99272,3
99273,3
99274,3
99275,3
99276,3
99277,3
99278,3
99279,3
99280,3
99281,3
99282,3
99283,3
99284,3
99285,3
99286,3
99287,3
99288,3
99289,3
99290,3
99291,3
99292,3
99293,3
99294,3
99295,3
99296,3
99297,3
99298,3
99299,3
99300,3
99301,3
99302,3
99303,3
99304,3
99305,3
99306,3
99307,3
99308,3
99309,3
99310,3
99311,3
99312,3
99313,3
99314,3
99315,3
99316,3
99317,3
99318,3
99319,3
99320,3
99321,3
99322,3
99323,3
99324,3
99325,3
99326,3
99327,3
99328,3
99329,3
99330,3
99331,3
99332,3
99333,3
99334,3
99335,3
99336,3
99337,3
99338,3
99339,3
99340,3
99341,3
99342,3
99343,3
99344,3
99345,3
99346,3
99347,3
99348,3
99349,3
99350,3
99351,3
99352,3
99353,3
99354,3
99355,3
99356,3
99357,3
99358,3
99359,3
99360,3
99361,3
99362,3
99363,3
99364,3
99365,3
99366,3
99367,3
99368,3
99369,3
99370,3
99371,3
99372,3
99373,3
99374,3
99375,3
99376,3
99377,3
99378,3
99379,3
99380,3
99381,3
99382,3
99383,3
99384,3
99385,3
99386,3
99387,3
99388,3
99389,3
99390,3
99391,3
99392,3
99393,3
99394,3
99395,3
99396,3
99397,3
99398,3
99399,3
99400,3
99401,3
99402,3
99403,3
99404,3
99405,3
99406,3
99407,3
99408,3
99409,3
99410,3
99411,3
99412,3
99413,3
99414,3
99415,3
99416,3
99417,3
99418,3
99419,3
99420,3
99421,3
99422,3
99423,3
99424,3
99425,3
99426,3
99427,3
99428,3
99429,3
99430,3
99431,3
99432,3
99433,3
99434,3
99435,3
99436,3
99437,3
99438,3
99439,3
99440,3
99441,3
99442,3
99443,3
99444,3
99445,3
99446,3
99447,3
99448,3
99449,3
99450,3
99451,3
99452,3
99453,3
99454,3
99455,3
99456,3
99457,3
99458,3
99459,3
99460,3
99461,3
99462,3
99463,3
99464,3
99465,3
99466,3
99467,3
99468,3
99469,3
99470,3
99471,3
99472,3
99473,3
99474,3
99475,3
99476,3
99477,3
99478,3
99479,3
99480,3
99481,3
99482,3
99483,3
99484,3
99485,3
99486,3
99487,3
99488,3
99489,3
99490,3
99491,3
99492,3
99493,3
99494,3
99495,3
99496,3
99497,3
99498,3
99499,3
99500,3
99501,3
99502,3
99503,3
99504,3
99505,3
99506,3
99507,3
99508,3
99509,3
99510,3
99511,3
99512,3
99513,3
99514,3
99515,3
99516,3
99517,3
99518,3
99519,3
99520,3
99521,3
99522,3
99523,3
99524,3
99525,3
99526,3
99527,3
99528,3
99529,3
99530,3
99531,3
99532,3
99533,3
99534,3
99535,3
99536,3
99537,3
99538,3
99539,3
99540,3
99541,3
99542,3
99543,3
99544,3
99545,3
99546,3
99547,3
99548,3
99549,3
99550,3
99551,3
99552,3
99553,3
99554,3
99555,3
99556,3
99557,3
99558,3
99559,3
99560,3
99561,3
99562,3
99563,3
99564,3
99565,3
99566,3
99567,3
99568,3
99569,3
99570,3
99571,3
99572,3
99573,3
99574,3
99575,3
99576,3
99577,3
99578,3
99579,3
99580,3
99581,3
99582,3
99583,3
99584,3
99585,3
99586,3
99587,3
99588,3
99589,3
99590,3
99591,3
99592,3
99593,3
99594,3
99595,3
99596,3
99597,3
99598,3
99599,3
99600,3
99601,3
99602,3
99603,3
99604,3
99605,3
99606,3
99607,3
99608,3
99609,3
99610,3
99611,3
99612,3
99613,3
99614,3
99615,3
99616,3
99617,3
99618,3
99619,3
99620,3
99621,3
99622,3
99623,3
99624,3
99625,3
99626,3
99627,3
99628,3
99629,3
99630,3
99631,3
99632,3
99633,3
99634,3
99635,3
99636,3
99637,3
99638,3
99639,3
99640,3
99641,3
99642,3
99643,3
99644,3
99645,3
99646,3
99647,3
99648,3
99649,3
99650,3
99651,3
99652,3
99653,3
99654,3
99655,3
99656,3
99657,3
99658,3
99659,3
99660,3
99661,3
99662,3
99663,3
99664,3
99665,3
99666,3
99667,3
99668,3
99669,3
99670,3
99671,3
99672,3
99673,3
99674,3
99675,3
99676,3
99677,3
99678,3
99679,3
99680,3
99681,3
99682,3
99683,3
99684,3
99685,3
99686,3
99687,3
99688,3
99689,3
99690,3
99691,3
99692,3
99693,3
99694,3
99695,3
99696,3
99697,3
99698,3
99699,3
99700,3
99701,3
99702,3
99703,3
99704,3
99705,3
99706,3
99707,3
99708,3
99709,3
99710,3
99711,3
99712,3
99713,3
99714,3
99715,3
99716,3
99717,3
99718,3
99719,3
99720,3
99721,3
99722,3
99723,3
99724,3
99725,3
99726,3
99727,3
99728,3
99729,3
99730,3
99731,3
99732,3
99733,3
99734,3
99735,3
99736,3
99737,3
99738,3
99739,3
99740,3
99741,3
99742,3
99743,3
99744,3
99745,3
99746,3
99747,3
99748,3
99749,3
99750,3
99751,3
99752,3
99753,3
99754,3
99755,3
99756,3
99757,3
99758,3
99759,3
99760,3
99761,3
99762,3
99763,3
99764,3
99765,3
99766,3
99767,3
99768,3
99769,3
99770,3
99771,3
99772,3
99773,3
99774,3
99775,3
99776,3
99777,3
99778,3
99779,3
99780,3
99781,3
99782,3
99783,3
99784,3
99785,3
99786,3
99787,3
99788,3
99789,3
99790,3
99791,3
99792,3
99793,3
99794,3
99795,3
99796,3
99797,3
99798,3
99799,3
99800,3
99801,3
99802,3
99803,3
99804,3
99805,3
99806,3
99807,3
99808,3
99809,3
99810,3
99811,3
99812,3
99813,3
99814,3
99815,3
99816,3
99817,3
99818,3
99819,3
99820,3
99821,3
99822,3
99823,3
99824,3
99825,3
99826,3
99827,3
99828,3
99829,3
99830,3
99831,3
99832,3
99833,3
99834,3
99835,3
99836,3
99837,3
99838,3
99839,3
99840,3
99841,3
99842,3
99843,3
99844,3
99845,3
99846,3
99847,3
99848,3
99849,3
99850,3
99851,3
99852,3
99853,3
99854,3
99855,3
99856,3
99857,3
99858,3
99859,2
99860,3
99861,3
99862,3
99863,3
99864,3
99865,3
99866,3
99867,3
99868,3
99869,3
99870,3
99871,3
99872,3
99873,3
99874,3
99875,3
99876,3
99877,3
99878,3
99879,3
99880,3
99881,3
99882,3
99883,3
99884,3
99885,3
99886,3
99887,3
99888,3
99889,3
99890,3
99891,3
99892,3
99893,3
99894,3
99895,3
99896,3
99897,3
99898,3
99899,3
99900,3
99901,3
99902,3
99903,3
99904,3
99905,3
99906,3
99907,3
99908,3
99909,3
99910,3
99911,3
99912,3
99913,3
99914,3
99915,3
99916,3
99917,3
99918,3
99919,3
99920,3
99921,3
99922,3
99923,3
99924,3
99925,3
99926,3
99927,3
99928,3
99929,3
99930,3
99931,3
99932,3
99933,3
99934,3
99935,3
99936,3
99937,3
99938,3
99939,3
99940,3
99941,3
99942,3
99943,3
99944,3
99945,3
99946,3
99947,3
99948,3
99949,3
99950,3
99951,3
99952,3
99953,3
99954,3
99955,3
99956,3
99957,3
99958,3
99959,3
99960,3
99961,3
99962,3
99963,3
99964,3
99965,3
99966,3
99967,3
99968,3
99969,3
99970,3
99971,3
99972,3
99973,3
99974,3
99975,3
99976,3
99977,3
99978,3
99979,3
99980,3
99981,3
99982,3
99983,3
99984,3
99985,3
99986,3
99987,3
99988,3
99989,3
99990,3
99991,3
99992,3
99993,3
99994,3
99995,3
99996,3
99997,3
99998,3
99999,3
100000,3
100001,3
100002,3
100003,3
100004,3
100005,3
100006,3
100007,3
100008,3
100009,3
100010,3
100011,3
100012,3
100013,3
100014,3
100015,3
100016,3
100017,3
100018,3
100019,3
100020,3
100021,3
100022,3
100023,3
100024,3
100025,3
100026,3
100027,3
100028,3
100029,3
100030,3
100031,3
100032,3
100033,3
100034,3
100035,3
100036,3
100037,3
100038,3
100039,3
100040,3
100041,3
100042,3
100043,3
100044,3
100045,3
100046,3
100047,3
100048,3
100049,3
100050,3
100051,3
100052,3
100053,3
100054,3
100055,3
100056,3
100057,3
100058,3
100059,3
100060,3
100061,3
100062,3
100063,3
100064,3
100065,3
100066,3
100067,3
100068,3
100069,3
100070,3
100071,3
100072,3
100073,3
100074,3
100075,3
100076,3
100077,3
100078,3
100079,3
100080,3
100081,3
100082,3
100083,3
100084,3
100085,3
100086,3
100087,3
100088,3
100089,3
100090,3
100091,3
100092,3
100093,3
100094,3
100095,3
100096,3
100097,3
100098,3
100099,3
100100,3
100101,3
100102,3
100103,3
100104,3
100105,3
100106,3
100107,3
100108,3
100109,3
100110,3
100111,3
100112,3
100113,3
100114,3
100115,3
100116,3
100117,3
100118,3
100119,3
100120,3
100121,3
100122,3
100123,3
100124,3
100125,3
100126,3
100127,3
100128,3
100129,3
100130,3
100131,3
100132,3
100133,3
100134,3
100135,3
100136,3
100137,3
100138,3
100139,3
100140,3
100141,3
100142,3
100143,3
100144,3
100145,3
100146,3
100147,3
100148,3
100149,3
100150,3
100151,3
100152,3
100153,3
100154,3
100155,3
100156,3
100157,3
100158,3
100159,3
100160,3
100161,3
100162,3
100163,3
100164,3
100165,3
100166,3
100167,3
100168,3
100169,3
100170,3
100171,3
100172,3
100173,3
100174,3
100175,3
100176,3
100177,3
100178,3
100179,3
100180,3
100181,3
100182,3
100183,3
100184,3
100185,3
100186,3
100187,3
100188,3
100189,3
100190,3
100191,3
100192,3
100193,3
100194,3
100195,3
100196,3
100197,3
100198,3
100199,3
100200,3
100201,3
100202,3
100203,3
100204,3
100205,3
100206,3
100207,3
100208,3
100209,3
100210,3
100211,3
100212,3
100213,3
100214,3
100215,3
100216,3
100217,3
100218,3
100219,3
100220,3
100221,3
100222,3
100223,3
100224,3
100225,3
100226,3
100227,3
100228,3
100229,3
100230,3
100231,3
100232,3
100233,3
100234,3
100235,3
100236,3
100237,3
100238,3
100239,3
100240,3
100241,3
100242,3
100243,3
100244,3
100245,3
100246,3
100247,3
100248,3
100249,3
100250,3
100251,3
100252,3
100253,3
100254,3
100255,3
100256,3
100257,3
100258,3
100259,3
100260,3
100261,3
100262,3
100263,3
100264,3
100265,3
100266,3
100267,3
100268,3
100269,3
100270,3
100271,3
100272,3
100273,3
100274,3
100275,3
100276,3
100277,3
100278,3
100279,3
100280,3
100281,3
100282,3
100283,3
100284,3
100285,3
100286,3
100287,3
100288,3
100289,3
100290,3
100291,3
100292,3
100293,3
100294,3
100295,3
100296,3
100297,3
100298,3
100299,3
100300,3
100301,3
100302,3
100303,3
100304,3
100305,3
100306,3
100307,3
100308,3
100309,3
100310,3
100311,3
100312,3
100313,3
100314,3
100315,3
100316,3
100317,3
100318,3
100319,3
100320,3
100321,3
100322,3
100323,3
100324,3
100325,3
100326,3
100327,3
100328,3
100329,3
100330,3
100331,3
100332,3
100333,3
100334,3
100335,3
100336,3
100337,3
100338,3
100339,3
100340,3
100341,3
100342,3
100343,3
100344,3
100345,3
100346,3
100347,3
100348,3
100349,3
100350,3
100351,3
100352,3
100353,3
100354,3
100355,3
100356,3
100357,3
100358,3
100359,3
100360,3
100361,3
100362,3
100363,3
100364,3
100365,3
100366,3
100367,3
100368,3
100369,3
100370,3
100371,3
100372,3
100373,3
100374,3
100375,3
100376,3
100377,3
100378,3
100379,3
100380,3
100381,3
100382,3
100383,3
100384,3
100385,3
100386,3
100387,3
100388,3
100389,3
100390,3
100391,3
100392,3
100393,3
100394,3
100395,3
100396,3
100397,3
100398,3
100399,3
100400,3
100401,3
100402,3
100403,3
100404,3
100405,3
100406,3
100407,3
100408,3
100409,3
100410,3
100411,3
100412,3
100413,3
100414,3
100415,3
100416,3
100417,3
100418,3
100419,3
100420,3
100421,3
100422,3
100423,3
100424,3
100425,3
100426,3
100427,3
100428,3
100429,3
100430,3
100431,3
100432,3
100433,3
100434,3
100435,3
100436,3
100437,3
100438,3
100439,3
100440,3
100441,3
100442,3
100443,3
100444,3
100445,3
100446,3
100447,3
100448,3
100449,3
100450,3
100451,3
100452,3
100453,3
100454,3
100455,3
100456,3
100457,3
100458,3
100459,3
100460,3
100461,3
100462,3
100463,3
100464,3
100465,3
100466,3
100467,3
100468,3
100469,3
100470,3
100471,3
100472,3
100473,3
100474,3
100475,3
100476,3
100477,3
100478,3
100479,3
100480,3
100481,3
100482,3
100483,3
100484,3
100485,3
100486,3
100487,3
100488,3
100489,3
100490,3
100491,3
100492,3
100493,3
100494,3
100495,3
100496,3
100497,3
100498,3
100499,3
100500,3
100501,3
100502,3
100503,3
100504,3
100505,3
100506,3
100507,3
100508,3
100509,3
100510,3
100511,3
100512,3
100513,3
100514,3
100515,3
100516,3
100517,3
100518,3
100519,3
100520,3
100521,3
100522,3
100523,3
100524,3
100525,3
100526,3
100527,3
100528,3
100529,3
100530,3
100531,3
100532,3
100533,3
100534,3
100535,3
100536,3
100537,3
100538,3
100539,3
100540,3
100541,3
100542,3
100543,3
100544,3
100545,3
100546,3
100547,3
100548,3
100549,3
100550,3
100551,3
100552,3
100553,3
100554,3
100555,3
100556,3
100557,3
100558,3
100559,3
100560,3
100561,3
100562,3
100563,3
100564,3
100565,3
100566,3
100567,3
100568,3
100569,3
100570,3
100571,3
100572,3
100573,3
100574,3
100575,3
100576,3
100577,3
100578,3
100579,3
100580,3
100581,3
100582,3
100583,3
100584,3
100585,3
100586,3
100587,3
100588,3
100589,3
100590,3
100591,3
100592,3
100593,3
100594,3
100595,3
100596,3
100597,3
100598,3
100599,3
100600,3
100601,3
100602,3
100603,3
100604,3
100605,3
100606,3
100607,3
100608,3
100609,3
100610,3
100611,3
100612,3
100613,3
100614,3
100615,3
100616,3
100617,3
100618,3
100619,3
100620,3
100621,3
100622,3
100623,3
100624,3
100625,3
100626,3
100627,3
100628,3
100629,3
100630,3
100631,3
100632,3
100633,3
100634,3
100635,3
100636,3
100637,3
100638,3
100639,3
100640,3
100641,3
100642,3
100643,3
100644,3
100645,3
100646,3
100647,3
100648,3
100649,3
100650,3
100651,3
100652,3
100653,3
100654,3
100655,3
100656,3
100657,3
100658,3
100659,3
100660,3
100661,3
100662,3
100663,3
100664,3
100665,3
100666,3
100667,3
100668,3
100669,3
100670,3
100671,3
100672,3
100673,3
100674,3
100675,3
100676,3
100677,3
100678,3
100679,3
100680,3
100681,3
100682,3
100683,3
100684,3
100685,3
100686,3
100687,3
100688,3
100689,3
100690,3
100691,3
100692,3
100693,3
100694,3
100695,3
100696,3
100697,3
100698,3
100699,3
100700,3
100701,3
100702,3
100703,3
100704,3
100705,3
100706,3
100707,3
100708,3
100709,3
100710,3
100711,3
100712,3
100713,3
100714,3
100715,3
100716,3
100717,3
100718,3
100719,3
100720,3
100721,3
100722,3
100723,3
100724,3
100725,3
100726,3
100727,3
100728,3
100729,3
100730,3
100731,3
100732,3
100733,3
100734,3
100735,3
100736,3
100737,3
100738,3
100739,3
100740,3
100741,3
100742,3
100743,3
100744,3
100745,3
100746,3
100747,3
100748,3
100749,3
100750,3
100751,3
100752,3
100753,3
100754,3
100755,3
100756,3
100757,3
100758,3
100759,3
100760,3
100761,3
100762,3
100763,3
100764,3
100765,3
100766,3
100767,3
100768,3
100769,3
100770,3
100771,3
100772,3
100773,3
100774,3
100775,3
100776,3
100777,3
100778,3
100779,3
100780,3
100781,3
100782,3
100783,3
100784,3
100785,3
100786,3
100787,3
100788,3
100789,3
100790,3
100791,3
100792,3
100793,3
100794,3
100795,3
100796,3
100797,3
100798,3
100799,3
100800,3
100801,3
100802,3
100803,3
100804,3
100805,3
100806,3
100807,3
100808,3
100809,3
100810,3
100811,3
100812,3
100813,3
100814,3
100815,3
100816,3
100817,3
100818,3
100819,3
100820,3
100821,3
100822,3
100823,3
100824,3
100825,3
100826,3
100827,3
100828,3
100829,3
100830,3
100831,3
100832,3
100833,3
100834,3
100835,3
100836,3
100837,3
100838,3
100839,3
100840,3
100841,3
100842,3
100843,3
100844,3
100845,3
100846,3
100847,3
100848,3
100849,3
100850,3
100851,3
100852,3
100853,3
100854,3
100855,3
100856,3
100857,3
100858,3
100859,3
100860,3
100861,3
100862,3
100863,3
100864,3
100865,3
100866,3
100867,3
100868,3
100869,3
100870,3
100871,3
100872,3
100873,3
100874,3
100875,3
100876,3
100877,3
100878,3
100879,3
100880,3
100881,3
100882,3
100883,3
100884,3
100885,3
100886,3
100887,3
100888,3
100889,3
100890,3
100891,3
100892,3
100893,3
100894,3
100895,3
100896,3
100897,3
100898,3
100899,3
100900,3
100901,3
100902,3
100903,3
100904,3
100905,3
100906,3
100907,3
100908,3
100909,3
100910,3
100911,3
100912,3
100913,3
100914,3
100915,3
100916,3
100917,3
100918,3
100919,3
100920,3
100921,3
100922,3
100923,3
100924,3
100925,3
100926,3
100927,3
100928,3
100929,3
100930,3
100931,3
100932,3
100933,3
100934,3
100935,3
100936,3
100937,3
100938,3
100939,3
100940,3
100941,3
100942,3
100943,3
100944,3
100945,3
100946,3
100947,3
100948,3
100949,3
100950,3
100951,3
100952,3
100953,3
100954,3
100955,3
100956,3
100957,3
100958,3
100959,3
100960,3
100961,3
100962,3
100963,3
100964,3
100965,3
100966,3
100967,3
100968,3
100969,3
100970,3
100971,3
100972,3
100973,3
100974,3
100975,3
100976,3
100977,3
100978,3
100979,3
100980,3
100981,3
100982,3
100983,3
100984,3
100985,3
100986,3
100987,3
100988,3
100989,3
100990,3
100991,3
100992,3
100993,3
100994,3
100995,3
100996,3
100997,3
100998,3
100999,3
101000,3
101001,3
101002,3
101003,3
101004,3
101005,3
101006,3
101007,3
101008,3
101009,3
101010,3
101011,3
101012,3
101013,3
101014,3
101015,3
101016,3
101017,3
101018,3
101019,3
101020,3
101021,3
101022,3
101023,3
101024,3
101025,3
101026,3
101027,3
101028,3
101029,3
101030,3
101031,3
101032,3
101033,3
101034,3
101035,3
101036,3
101037,3
101038,3
101039,3
101040,3
101041,3
101042,3
101043,3
101044,3
101045,3
101046,3
101047,3
101048,3
101049,3
101050,3
101051,3
101052,3
101053,3
101054,3
101055,3
101056,3
101057,3
101058,3
101059,3
101060,3
101061,3
101062,3
101063,3
101064,3
101065,3
101066,3
101067,3
101068,3
101069,3
101070,3
101071,3
101072,3
101073,3
101074,3
101075,3
101076,3
101077,3
101078,3
101079,3
101080,3
101081,3
101082,3
101083,3
101084,3
101085,3
101086,3
101087,3
101088,3
101089,3
101090,3
101091,3
101092,3
101093,3
101094,3
101095,3
101096,3
101097,3
101098,3
101099,3
101100,3
101101,3
101102,3
101103,3
101104,3
101105,3
101106,3
101107,3
101108,3
101109,3
101110,3
101111,3
101112,3
101113,3
101114,3
101115,3
101116,3
101117,3
101118,3
101119,3
101120,3
101121,3
101122,3
101123,3
101124,3
101125,3
101126,3
101127,3
101128,3
101129,3
101130,3
101131,3
101132,3
101133,3
101134,3
101135,3
101136,3
101137,3
101138,3
101139,3
101140,3
101141,3
101142,3
101143,3
101144,3
101145,3
101146,3
101147,3
101148,3
101149,3
101150,3
101151,3
101152,3
101153,3
101154,3
101155,3
101156,3
101157,3
101158,3
101159,3
101160,3
101161,3
101162,3
101163,3
101164,3
101165,3
101166,3
101167,3
101168,3
101169,3
101170,3
101171,3
101172,3
101173,3
101174,3
101175,3
101176,3
101177,3
101178,3
101179,3
101180,3
101181,3
101182,3
101183,3
101184,3
101185,3
101186,3
101187,3
101188,3
101189,3
101190,3
101191,3
101192,3
101193,3
101194,3
101195,3
101196,3
101197,3
101198,3
101199,3
101200,3
101201,3
101202,3
101203,3
101204,3
101205,3
101206,3
101207,3
101208,3
101209,3
101210,3
101211,3
101212,3
101213,3
101214,3
101215,3
101216,3
101217,3
101218,3
101219,3
101220,3
101221,3
101222,3
101223,3
101224,3
101225,3
101226,3
101227,3
101228,3
101229,3
101230,3
101231,3
101232,3
101233,3
101234,3
101235,3
101236,3
101237,3
101238,3
101239,3
101240,3
101241,3
101242,3
101243,3
101244,3
101245,3
101246,3
101247,3
101248,3
101249,3
101250,3
101251,3
101252,3
101253,3
101254,3
101255,3
101256,3
101257,3
101258,3
101259,3
101260,3
101261,3
101262,3
101263,3
101264,3
101265,3
101266,3
101267,3
101268,3
101269,3
101270,3
101271,3
101272,3
101273,3
101274,3
101275,3
101276,3
101277,3
101278,3
101279,3
101280,3
101281,3
101282,3
101283,3
101284,3
101285,3
101286,3
101287,3
101288,3
101289,3
101290,3
101291,3
101292,3
101293,3
101294,3
101295,3
101296,3
101297,3
101298,3
101299,3
101300,3
101301,3
101302,3
101303,3
101304,3
101305,3
101306,3
101307,3
101308,3
101309,3
101310,3
101311,3
101312,3
101313,3
101314,3
101315,3
101316,3
101317,3
101318,3
101319,3
101320,3
101321,3
101322,3
101323,3
101324,3
101325,3
101326,3
101327,3
101328,3
101329,3
101330,3
101331,3
101332,3
101333,3
101334,3
101335,3
101336,3
101337,3
101338,3
101339,3
101340,3
101341,3
101342,3
101343,3
101344,3
101345,3
101346,3
101347,3
101348,3
101349,3
101350,3
101351,3
101352,3
101353,3
101354,3
101355,3
101356,3
101357,3
101358,3
101359,3
101360,3
101361,3
101362,3
101363,3
101364,3
101365,3
101366,3
101367,3
101368,3
101369,3
101370,3
101371,3
101372,3
101373,3
101374,3
101375,3
101376,3
101377,3
101378,3
101379,3
101380,3
101381,3
101382,3
101383,3
101384,3
101385,3
101386,3
101387,3
101388,3
101389,3
101390,3
101391,3
101392,3
101393,3
101394,3
101395,3
101396,3
101397,3
101398,3
101399,3
101400,3
101401,3
101402,3
101403,3
101404,3
101405,3
101406,3
101407,3
101408,3
101409,3
101410,3
101411,3
101412,3
101413,3
101414,3
101415,3
101416,3
101417,3
101418,3
101419,3
101420,3
101421,3
101422,3
101423,3
101424,3
101425,3
101426,3
101427,3
101428,3
101429,3
101430,3
101431,3
101432,3
101433,3
101434,3
101435,3
101436,3
101437,3
101438,3
101439,3
101440,3
101441,3
101442,3
101443,3
101444,3
101445,3
101446,3
101447,3
101448,3
101449,3
101450,3
101451,3
101452,3
101453,3
101454,3
101455,3
101456,3
101457,3
101458,3
101459,3
101460,3
101461,3
101462,3
101463,3
101464,3
101465,3
101466,3
101467,3
101468,3
101469,3
101470,3
101471,3
101472,3
101473,3
101474,3
101475,3
101476,3
101477,3
101478,3
101479,3
101480,3
101481,3
101482,3
101483,3
101484,3
101485,3
101486,3
101487,3
101488,3
101489,3
101490,3
101491,3
101492,3
101493,3
101494,3
101495,3
101496,3
101497,3
101498,3
101499,3
101500,3
101501,3
101502,3
101503,3
101504,3
101505,3
101506,3
101507,3
101508,3
101509,3
101510,3
101511,3
101512,3
101513,3
101514,3
101515,3
101516,3
101517,3
101518,3
101519,3
101520,3
101521,3
101522,3
101523,3
101524,3
101525,3
101526,3
101527,3
101528,3
101529,3
101530,3
101531,3
101532,3
101533,3
101534,3
101535,3
101536,3
101537,3
101538,3
101539,3
101540,3
101541,3
101542,3
101543,3
101544,3
101545,3
101546,3
101547,3
101548,3
101549,3
101550,3
101551,3
101552,3
101553,3
101554,3
101555,3
101556,3
101557,3
101558,3
101559,3
101560,3
101561,3
101562,3
101563,3
101564,3
101565,3
101566,3
101567,3
101568,3
101569,3
101570,3
101571,3
101572,3
101573,3
101574,3
101575,3
101576,3
101577,3
101578,3
101579,3
101580,3
101581,3
101582,3
101583,3
101584,3
101585,3
101586,3
101587,3
101588,3
101589,3
101590,3
101591,3
101592,3
101593,3
101594,3
101595,3
101596,3
101597,3
101598,3
101599,3
101600,3
101601,3
101602,3
101603,3
101604,3
101605,3
101606,3
101607,3
101608,3
101609,3
101610,3
101611,3
101612,3
101613,3
101614,3
101615,3
101616,3
101617,3
101618,3
101619,3
101620,3
101621,3
101622,3
101623,3
101624,3
101625,3
101626,3
101627,3
101628,3
101629,3
101630,3
101631,3
101632,3
101633,3
101634,3
101635,3
101636,3
101637,3
101638,3
101639,3
101640,3
101641,3
101642,3
101643,3
101644,3
101645,3
101646,3
101647,3
101648,3
101649,3
101650,3
101651,3
101652,3
101653,3
101654,3
101655,3
101656,3
101657,3
101658,3
101659,3
101660,3
101661,3
101662,3
101663,3
101664,3
101665,3
101666,3
101667,3
101668,3
101669,3
101670,3
101671,3
101672,3
101673,3
101674,3
101675,3
101676,3
101677,3
101678,3
101679,3
101680,3
101681,3
101682,3
101683,3
101684,3
101685,3
101686,3
101687,3
101688,3
101689,3
101690,3
101691,3
101692,3
101693,3
101694,3
101695,3
101696,3
101697,3
101698,3
101699,3
101700,3
101701,3
101702,3
101703,3
101704,3
101705,3
101706,3
101707,3
101708,3
101709,3
101710,3
101711,3
101712,3
101713,3
101714,3
101715,3
101716,3
101717,3
101718,3
101719,3
101720,3
101721,3
101722,3
101723,3
101724,3
101725,3
101726,3
101727,3
101728,3
101729,3
101730,3
101731,3
101732,3
101733,3
101734,3
101735,3
101736,3
101737,3
101738,3
101739,3
101740,3
101741,3
101742,3
101743,3
101744,3
101745,3
101746,3
101747,3
101748,3
101749,3
101750,3
101751,3
101752,3
101753,3
101754,3
101755,3
101756,3
101757,3
101758,3
101759,3
101760,3
101761,3
101762,3
101763,3
101764,3
101765,3
101766,3
101767,3
101768,3
101769,3
101770,3
101771,3
101772,3
101773,3
101774,3
101775,3
101776,3
101777,3
101778,3
101779,3
101780,3
101781,3
101782,3
101783,3
101784,3
101785,3
101786,3
101787,3
101788,3
101789,3
101790,3
101791,3
101792,3
101793,3
101794,3
101795,3
101796,3
101797,3
101798,3
101799,3
101800,3
101801,3
101802,3
101803,3
101804,3
101805,3
101806,3
101807,3
101808,3
101809,3
101810,3
101811,3
101812,3
101813,3
101814,3
101815,3
101816,3
101817,3
101818,3
101819,3
101820,3
101821,3
101822,3
101823,3
101824,3
101825,3
101826,3
101827,3
101828,3
101829,3
101830,3
101831,3
101832,3
101833,3
101834,3
101835,3
101836,3
101837,3
101838,3
101839,3
101840,3
101841,3
101842,3
101843,3
101844,3
101845,3
101846,3
101847,3
101848,3
101849,3
101850,3
101851,3
101852,3
101853,3
101854,3
101855,3
101856,3
101857,3
101858,3
101859,3
101860,3
101861,3
101862,3
101863,3
101864,3
101865,3
101866,3
101867,3
101868,3
101869,3
101870,3
101871,3
101872,3
101873,3
101874,3
101875,3
101876,3
101877,3
101878,3
101879,3
101880,3
101881,3
101882,3
101883,3
101884,3
101885,3
101886,3
101887,3
101888,3
101889,3
101890,3
101891,3
101892,3
101893,3
101894,3
101895,3
101896,3
101897,3
101898,3
101899,3
101900,3
101901,3
101902,3
101903,3
101904,3
101905,3
101906,3
101907,3
101908,3
101909,3
101910,3
101911,3
101912,3
101913,3
101914,3
101915,3
101916,3
101917,3
101918,3
101919,3
101920,3
101921,3
101922,3
101923,3
101924,3
101925,3
101926,3
101927,3
101928,3
101929,3
101930,3
101931,3
101932,3
101933,3
101934,3
101935,3
101936,3
101937,3
101938,3
101939,3
101940,3
101941,3
101942,3
101943,3
101944,3
101945,3
101946,3
101947,3
101948,3
101949,3
101950,3
101951,3
101952,3
101953,3
101954,3
101955,3
101956,3
101957,3
101958,3
101959,3
101960,3
101961,3
101962,3
101963,3
101964,3
101965,3
101966,3
101967,3
101968,3
101969,3
101970,3
101971,3
101972,3
101973,3
101974,3
101975,3
101976,3
101977,3
101978,3
101979,3
101980,3
101981,3
101982,3
101983,3
101984,3
101985,3
101986,3
101987,3
101988,3
101989,3
101990,3
101991,3
101992,3
101993,3
101994,3
101995,3
101996,3
101997,3
101998,3
101999,3
102000,3
102001,3
102002,3
102003,3
102004,3
102005,3
102006,3
102007,3
102008,3
102009,3
102010,3
102011,3
102012,3
102013,3
102014,3
102015,3
102016,3
102017,3
102018,3
102019,3
102020,3
102021,3
102022,3
102023,3
102024,3
102025,3
102026,3
102027,3
102028,3
102029,3
102030,3
102031,3
102032,3
102033,3
102034,3
102035,3
102036,3
102037,3
102038,3
102039,3
102040,3
102041,3
102042,3
102043,3
102044,3
102045,3
102046,3
102047,3
102048,3
102049,3
102050,3
102051,3
102052,3
102053,3
102054,3
102055,3
102056,3
102057,3
102058,3
102059,3
102060,3
102061,3
102062,3
102063,3
102064,3
102065,3
102066,3
102067,3
102068,3
102069,3
102070,3
102071,3
102072,3
102073,3
102074,3
102075,3
102076,3
102077,3
102078,3
102079,3
102080,3
102081,3
102082,3
102083,3
102084,3
102085,3
102086,3
102087,3
102088,3
102089,3
102090,3
102091,3
102092,3
102093,3
102094,3
102095,3
102096,3
102097,3
102098,3
102099,3
102100,3
102101,3
102102,3
102103,3
102104,3
102105,3
102106,3
102107,3
102108,3
102109,3
102110,3
102111,3
102112,3
102113,3
102114,3
102115,3
102116,3
102117,3
102118,3
102119,3
102120,3
102121,3
102122,3
102123,3
102124,3
102125,3
102126,3
102127,3
102128,3
102129,3
102130,3
102131,3
102132,3
102133,3
102134,3
102135,3
102136,3
102137,3
102138,3
102139,3
102140,3
102141,3
102142,3
102143,3
102144,3
102145,3
102146,3
102147,3
102148,3
102149,3
102150,3
102151,3
102152,3
102153,3
102154,3
102155,3
102156,3
102157,3
102158,3
102159,3
102160,3
102161,3
102162,3
102163,3
102164,3
102165,3
102166,3
102167,3
102168,3
102169,3
102170,3
102171,3
102172,3
102173,3
102174,3
102175,3
102176,3
102177,3
102178,3
102179,3
102180,3
102181,3
102182,3
102183,3
102184,3
102185,3
102186,3
102187,3
102188,3
102189,3
102190,3
102191,3
102192,3
102193,3
102194,3
102195,3
102196,3
102197,3
102198,3
102199,3
102200,3
102201,3
102202,3
102203,3
102204,3
102205,3
102206,3
102207,3
102208,3
102209,3
102210,3
102211,3
102212,3
102213,3
102214,3
102215,3
102216,3
102217,3
102218,3
102219,3
102220,3
102221,3
102222,3
102223,3
102224,3
102225,3
102226,3
102227,3
102228,3
102229,3
102230,3
102231,3
102232,3
102233,3
102234,3
102235,3
102236,3
102237,3
102238,3
102239,3
102240,3
102241,3
102242,3
102243,3
102244,3
102245,3
102246,3
102247,3
102248,3
102249,3
102250,3
102251,3
102252,3
102253,3
102254,3
102255,3
102256,3
102257,3
102258,3
102259,3
102260,3
102261,3
102262,3
102263,3
102264,3
102265,3
102266,3
102267,3
102268,3
102269,3
102270,3
102271,3
102272,3
102273,3
102274,3
102275,3
102276,3
102277,3
102278,3
102279,3
102280,3
102281,3
102282,3
102283,3
102284,3
102285,3
102286,3
102287,3
102288,3
102289,3
102290,3
102291,3
102292,3
102293,3
102294,3
102295,3
102296,3
102297,3
102298,3
102299,3
102300,3
102301,3
102302,3
102303,3
102304,3
102305,3
102306,3
102307,3
102308,3
102309,3
102310,3
102311,3
102312,3
102313,3
102314,3
102315,3
102316,3
102317,3
102318,3
102319,3
102320,3
102321,3
102322,3
102323,3
102324,3
102325,3
102326,3
102327,3
102328,3
102329,3
102330,3
102331,3
102332,3
102333,3
102334,3
102335,3
102336,3
102337,3
102338,3
102339,3
102340,3
102341,3
102342,3
102343,3
102344,3
102345,3
102346,3
102347,3
102348,3
102349,3
102350,3
102351,3
102352,3
102353,3
102354,3
102355,3
102356,3
102357,3
102358,3
102359,3
102360,3
102361,3
102362,3
102363,3
102364,3
102365,3
102366,3
102367,3
102368,3
102369,3
102370,3
102371,3
102372,3
102373,3
102374,3
102375,3
102376,3
102377,3
102378,3
102379,3
102380,3
102381,3
102382,3
102383,3
102384,3
102385,3
102386,3
102387,3
102388,3
102389,3
102390,3
102391,3
102392,3
102393,3
102394,3
102395,3
102396,3
102397,3
102398,3
102399,3
102400,3
102401,3
102402,3
102403,3
102404,3
102405,3
102406,3
102407,3
102408,3
102409,3
102410,3
102411,3
102412,3
102413,3
102414,3
102415,3
102416,3
102417,3
102418,3
102419,3
102420,3
102421,3
102422,3
102423,3
102424,3
102425,3
102426,3
102427,3
102428,3
102429,3
102430,3
102431,3
102432,3
102433,3
102434,3
102435,3
102436,3
102437,3
102438,3
102439,3
102440,3
102441,3
102442,3
102443,3
102444,3
102445,3
102446,3
102447,3
102448,3
102449,3
102450,3
102451,3
102452,3
102453,3
102454,3
102455,3
102456,3
102457,3
102458,3
102459,3
102460,3
102461,3
102462,3
102463,3
102464,3
102465,3
102466,3
102467,3
102468,3
102469,3
102470,3
102471,3
102472,3
102473,3
102474,3
102475,3
102476,3
102477,3
102478,3
102479,3
102480,3
102481,3
102482,3
102483,3
102484,3
102485,3
102486,3
102487,3
102488,3
102489,3
102490,3
102491,3
102492,3
102493,3
102494,3
102495,3
102496,3
102497,3
102498,3
102499,3
102500,3
102501,3
102502,3
102503,3
102504,3
102505,3
102506,3
102507,3
102508,3
102509,3
102510,3
102511,3
102512,3
102513,3
102514,3
102515,3
102516,3
102517,3
102518,3
102519,3
102520,3
102521,3
102522,3
102523,3
102524,3
102525,3
102526,3
102527,3
102528,3
102529,3
102530,3
102531,3
102532,3
102533,3
102534,3
102535,3
102536,3
102537,3
102538,3
102539,3
102540,3
102541,3
102542,3
102543,3
102544,3
102545,3
102546,3
102547,3
102548,3
102549,3
102550,3
102551,3
102552,3
102553,3
102554,3
102555,3
102556,3
102557,3
102558,3
102559,3
102560,3
102561,3
102562,3
102563,3
102564,3
102565,3
102566,3
102567,3
102568,3
102569,3
102570,3
102571,3
102572,3
102573,3
102574,3
102575,3
102576,3
102577,3
102578,3
102579,3
102580,3
102581,3
102582,3
102583,3
102584,3
102585,3
102586,3
102587,3
102588,3
102589,3
102590,3
102591,3
102592,3
102593,3
102594,3
102595,3
102596,3
102597,3
102598,3
102599,3
102600,3
102601,3
102602,3
102603,3
102604,3
102605,3
102606,3
102607,3
102608,3
102609,3
102610,3
102611,3
102612,3
102613,3
102614,3
102615,3
102616,3
102617,3
102618,3
102619,3
102620,3
102621,3
102622,3
102623,3
102624,3
102625,3
102626,3
102627,3
102628,3
102629,3
102630,3
102631,3
102632,3
102633,3
102634,3
102635,3
102636,3
102637,3
102638,3
102639,3
102640,3
102641,3
102642,3
102643,3
102644,3
102645,3
102646,3
102647,3
102648,3
102649,3
102650,3
102651,3
102652,3
102653,3
102654,3
102655,3
102656,3
102657,3
102658,3
102659,3
102660,3
102661,3
102662,3
102663,3
102664,3
102665,3
102666,3
102667,3
102668,3
102669,3
102670,3
102671,3
102672,3
102673,3
102674,3
102675,3
102676,3
102677,3
102678,3
102679,3
102680,3
102681,3
102682,3
102683,3
102684,3
102685,3
102686,3
102687,3
102688,3
102689,3
102690,3
102691,3
102692,3
102693,3
102694,3
102695,3
102696,3
102697,3
102698,3
102699,3
102700,3
102701,3
102702,3
102703,3
102704,3
102705,3
102706,3
102707,3
102708,3
102709,3
102710,3
102711,3
102712,3
102713,3
102714,3
102715,3
102716,3
102717,3
102718,3
102719,3
102720,3
102721,3
102722,3
102723,3
102724,3
102725,3
102726,3
102727,3
102728,3
102729,3
102730,3
102731,3
102732,3
102733,3
102734,3
102735,3
102736,3
102737,3
102738,3
102739,3
102740,3
102741,3
102742,3
102743,3
102744,3
102745,3
102746,3
102747,3
102748,3
102749,3
102750,3
102751,3
102752,3
102753,3
102754,3
102755,3
102756,3
102757,3
102758,3
102759,3
102760,3
102761,3
102762,3
102763,3
102764,3
102765,3
102766,3
102767,3
102768,3
102769,3
102770,3
102771,3
102772,3
102773,3
102774,3
102775,3
102776,3
102777,3
102778,3
102779,3
102780,3
102781,3
102782,3
102783,3
102784,3
102785,3
102786,3
102787,3
102788,3
102789,3
102790,3
102791,3
102792,3
102793,3
102794,3
102795,3
102796,3
102797,3
102798,3
102799,3
102800,3
102801,3
102802,3
102803,3
102804,3
102805,3
102806,3
102807,3
102808,3
102809,3
102810,3
102811,3
102812,3
102813,3
102814,3
102815,3
102816,3
102817,3
102818,3
102819,3
102820,3
102821,3
102822,3
102823,3
102824,3
102825,3
102826,3
102827,3
102828,3
102829,3
102830,3
102831,3
102832,3
102833,3
102834,3
102835,3
102836,3
102837,3
102838,3
102839,3
102840,3
102841,3
102842,3
102843,3
102844,3
102845,3
102846,3
102847,3
102848,3
102849,3
102850,3
102851,3
102852,3
102853,3
102854,3
102855,3
102856,3
102857,3
102858,3
102859,3
102860,3
102861,3
102862,3
102863,3
102864,3
102865,3
102866,3
102867,3
102868,3
102869,3
102870,3
102871,3
102872,3
102873,3
102874,3
102875,3
102876,3
102877,3
102878,3
102879,3
102880,3
102881,3
102882,3
102883,3
102884,3
102885,3
102886,3
102887,3
102888,3
102889,3
102890,3
102891,3
102892,3
102893,3
102894,3
102895,3
102896,3
102897,3
102898,3
102899,3
102900,3
102901,3
102902,3
102903,3
102904,3
102905,3
102906,3
102907,3
102908,3
102909,3
102910,3
102911,3
102912,3
102913,3
102914,3
102915,3
102916,3
102917,3
102918,3
102919,3
102920,3
102921,3
102922,3
102923,3
102924,3
102925,3
102926,3
102927,3
102928,3
102929,3
102930,3
102931,3
102932,2
102933,3
102934,3
102935,3
102936,3
102937,3
102938,3
102939,3
102940,3
102941,3
102942,3
102943,3
102944,3
102945,3
102946,3
102947,3
102948,3
102949,3
102950,3
102951,3
102952,3
102953,3
102954,3
102955,3
102956,3
102957,3
102958,3
102959,3
102960,3
102961,3
102962,3
102963,3
102964,3
102965,3
102966,3
102967,3
102968,3
102969,3
102970,3
102971,3
102972,3
102973,3
102974,3
102975,3
102976,3
102977,3
102978,3
102979,3
102980,3
102981,3
102982,3
102983,3
102984,3
102985,3
102986,3
102987,3
102988,3
102989,3
102990,3
102991,3
102992,3
102993,3
102994,3
102995,3
102996,3
102997,3
102998,3
102999,3
103000,3
103001,3
103002,3
103003,3
103004,3
103005,3
103006,3
103007,3
103008,3
103009,3
103010,3
103011,3
103012,3
103013,3
103014,3
103015,3
103016,3
103017,3
103018,3
103019,3
103020,3
103021,3
103022,3
103023,3
103024,3
103025,3
103026,3
103027,3
103028,3
103029,3
103030,3
103031,3
103032,3
103033,3
103034,3
103035,3
103036,3
103037,3
103038,3
103039,3
103040,3
103041,3
103042,3
103043,3
103044,3
103045,3
103046,3
103047,3
103048,3
103049,3
103050,3
103051,3
103052,3
103053,3
103054,3
103055,3
103056,3
103057,3
103058,3
103059,3
103060,3
103061,3
103062,3
103063,3
103064,3
103065,3
103066,3
103067,3
103068,3
103069,3
103070,3
103071,3
103072,3
103073,3
103074,3
103075,3
103076,3
103077,3
103078,3
103079,3
103080,3
103081,3
103082,3
103083,3
103084,3
103085,3
103086,3
103087,3
103088,3
103089,3
103090,3
103091,3
103092,3
103093,3
103094,3
103095,3
103096,3
103097,3
103098,3
103099,3
103100,3
103101,3
103102,3
103103,3
103104,3
103105,3
103106,3
103107,3
103108,3
103109,3
103110,3
103111,3
103112,3
103113,3
103114,3
103115,3
103116,3
103117,3
103118,3
103119,3
103120,3
103121,3
103122,3
103123,3
103124,3
103125,3
103126,3
103127,3
103128,3
103129,3
103130,3
103131,3
103132,3
103133,3
103134,3
103135,3
103136,3
103137,3
103138,3
103139,3
103140,3
103141,3
103142,3
103143,3
103144,3
103145,3
103146,3
103147,3
103148,3
103149,3
103150,3
103151,3
103152,3
103153,3
103154,3
103155,3
103156,3
103157,3
103158,3
103159,3
103160,3
103161,3
103162,3
103163,3
103164,3
103165,3
103166,3
103167,3
103168,3
103169,3
103170,3
103171,3
103172,3
103173,3
103174,3
103175,3
103176,3
103177,3
103178,3
103179,3
103180,3
103181,3
103182,3
103183,3
103184,3
103185,3
103186,3
103187,3
103188,3
103189,3
103190,3
103191,3
103192,3
103193,3
103194,3
103195,3
103196,3
103197,3
103198,3
103199,3
103200,3
103201,3
103202,3
103203,3
103204,3
103205,3
103206,3
103207,3
103208,3
103209,3
103210,3
103211,3
103212,3
103213,3
103214,3
103215,3
103216,3
103217,3
103218,3
103219,3
103220,3
103221,3
103222,3
103223,3
103224,3
103225,3
103226,3
103227,3
103228,3
103229,3
103230,3
103231,3
103232,3
103233,3
103234,3
103235,3
103236,3
103237,3
103238,3
103239,3
103240,3
103241,3
103242,3
103243,3
103244,3
103245,3
103246,3
103247,3
103248,3
103249,3
103250,3
103251,3
103252,3
103253,3
103254,3
103255,3
103256,3
103257,3
103258,3
103259,3
103260,3
103261,3
103262,3
103263,3
103264,3
103265,3
103266,3
103267,3
103268,3
103269,3
103270,3
103271,3
103272,3
103273,3
103274,3
103275,3
103276,3
103277,3
103278,3
103279,3
103280,3
103281,3
103282,3
103283,3
103284,3
103285,3
103286,3
103287,3
103288,3
103289,3
103290,3
103291,3
103292,3
103293,3
103294,3
103295,3
103296,3
103297,3
103298,3
103299,3
103300,3
103301,3
103302,3
103303,3
103304,3
103305,3
103306,3
103307,3
103308,3
103309,3
103310,3
103311,3
103312,3
103313,3
103314,3
103315,3
103316,3
103317,3
103318,3
103319,3
103320,3
103321,3
103322,3
103323,3
103324,3
103325,3
103326,3
103327,3
103328,3
103329,3
103330,3
103331,3
103332,3
103333,3
103334,2
103335,3
103336,3
103337,3
103338,3
103339,3
103340,3
103341,3
103342,3
103343,3
103344,3
103345,3
103346,3
103347,3
103348,3
103349,3
103350,3
103351,3
103352,3
103353,3
103354,3
103355,3
103356,3
103357,3
103358,3
103359,3
103360,3
103361,3
103362,3
103363,3
103364,3
103365,3
103366,3
103367,3
103368,3
103369,3
103370,3
103371,3
103372,3
103373,3
103374,3
103375,3
103376,3
103377,3
103378,3
103379,3
103380,3
103381,3
103382,3
103383,3
103384,3
103385,3
103386,3
103387,3
103388,3
103389,3
103390,3
103391,3
103392,3
103393,3
103394,3
103395,3
103396,3
103397,3
103398,3
103399,3
103400,3
103401,3
103402,3
103403,3
103404,3
103405,3
103406,3
103407,3
103408,3
103409,3
103410,3
103411,3
103412,3
103413,3
103414,3
103415,3
103416,3
103417,3
103418,3
103419,3
103420,3
103421,3
103422,3
103423,3
103424,3
103425,3
103426,3
103427,3
103428,3
103429,3
103430,3
103431,3
103432,3
103433,3
103434,3
103435,3
103436,3
103437,3
103438,3
103439,3
103440,3
103441,3
103442,3
103443,3
103444,3
103445,3
103446,3
103447,3
103448,3
103449,3
103450,3
103451,3
103452,3
103453,3
103454,3
103455,3
103456,3
103457,3
103458,3
103459,3
103460,3
103461,3
103462,3
103463,3
103464,3
103465,3
103466,3
103467,3
103468,3
103469,3
103470,3
103471,3
103472,3
103473,3
103474,3
103475,3
103476,3
103477,3
103478,3
103479,3
103480,3
103481,3
103482,3
103483,3
103484,3
103485,3
103486,3
103487,3
103488,3
103489,3
103490,3
103491,3
103492,3
103493,3
103494,3
103495,3
103496,3
103497,3
103498,3
103499,3
103500,3
103501,3
103502,3
103503,3
103504,3
103505,3
103506,3
103507,3
103508,3
103509,3
103510,3
103511,3
103512,3
103513,3
103514,3
103515,3
103516,3
103517,3
103518,3
103519,3
103520,3
103521,3
103522,3
103523,3
103524,3
103525,3
103526,3
103527,3
103528,3
103529,3
103530,3
103531,3
103532,3
103533,3
103534,3
103535,3
103536,3
103537,3
103538,3
103539,3
103540,3
103541,3
103542,3
103543,3
103544,3
103545,3
103546,3
103547,3
103548,3
103549,3
103550,3
103551,3
103552,3
103553,3
103554,3
103555,3
103556,3
103557,3
103558,3
103559,3
103560,3
103561,3
103562,3
103563,3
103564,3
103565,3
103566,3
103567,3
103568,3
103569,3
103570,3
103571,3
103572,3
103573,3
103574,3
103575,3
103576,3
103577,3
103578,3
103579,3
103580,3
103581,3
103582,3
103583,3
103584,3
103585,3
103586,3
103587,3
103588,3
103589,3
103590,3
103591,3
103592,3
103593,3
103594,3
103595,3
103596,3
103597,3
103598,3
103599,3
103600,3
103601,3
103602,3
103603,3
103604,3
103605,3
103606,3
103607,3
103608,3
103609,3
103610,3
103611,3
103612,3
103613,3
103614,3
103615,3
103616,3
103617,3
103618,3
103619,3
103620,3
103621,3
103622,3
103623,3
103624,3
103625,3
103626,3
103627,3
103628,3
103629,3
103630,3
103631,3
103632,3
103633,3
103634,3
103635,3
103636,3
103637,3
103638,3
103639,3
103640,3
103641,3
103642,3
103643,3
103644,3
103645,3
103646,3
103647,3
103648,3
103649,3
103650,3
103651,3
103652,3
103653,3
103654,3
103655,3
103656,3
103657,3
103658,3
103659,3
103660,3
103661,3
103662,3
103663,3
103664,3
103665,3
103666,3
103667,3
103668,3
103669,3
103670,3
103671,3
103672,3
103673,3
103674,3
103675,3
103676,3
103677,3
103678,3
103679,3
103680,3
103681,3
103682,3
103683,3
103684,3
103685,3
103686,3
103687,3
103688,3
103689,3
103690,3
103691,3
103692,3
103693,3
103694,3
103695,3
103696,3
103697,3
103698,3
103699,3
103700,3
103701,3
103702,3
103703,3
103704,3
103705,3
103706,3
103707,3
103708,3
103709,3
103710,3
103711,3
103712,3
103713,3
103714,3
103715,3
103716,3
103717,3
103718,3
103719,3
103720,3
103721,3
103722,3
103723,3
103724,3
103725,3
103726,3
103727,3
103728,3
103729,3
103730,3
103731,3
103732,3
103733,3
103734,3
103735,3
103736,3
103737,3
103738,3
103739,3
103740,3
103741,3
103742,3
103743,3
103744,3
103745,3
103746,3
103747,3
103748,3
103749,3
103750,3
103751,3
103752,3
103753,3
103754,3
103755,3
103756,3
103757,3
103758,3
103759,3
103760,3
103761,3
103762,3
103763,3
103764,3
103765,3
103766,3
103767,3
103768,3
103769,3
103770,3
103771,3
103772,3
103773,3
103774,3
103775,3
103776,3
103777,3
103778,3
103779,3
103780,3
103781,3
103782,3
103783,3
103784,3
103785,3
103786,3
103787,3
103788,3
103789,3
103790,3
103791,3
103792,3
103793,3
103794,3
103795,3
103796,3
103797,3
103798,3
103799,3
103800,3
103801,3
103802,3
103803,3
103804,3
103805,3
103806,3
103807,3
103808,3
103809,3
103810,3
103811,3
103812,3
103813,3
103814,3
103815,3
103816,3
103817,3
103818,3
103819,3
103820,3
103821,3
103822,3
103823,3
103824,3
103825,3
103826,3
103827,3
103828,3
103829,3
103830,3
103831,3
103832,3
103833,3
103834,3
103835,3
103836,3
103837,3
103838,3
103839,3
103840,3
103841,3
103842,3
103843,3
103844,3
103845,3
103846,3
103847,3
103848,3
103849,3
103850,3
103851,3
103852,3
103853,3
103854,3
103855,3
103856,3
103857,3
103858,3
103859,3
103860,3
103861,3
103862,3
103863,3
103864,3
103865,3
103866,3
103867,3
103868,3
103869,3
103870,3
103871,3
103872,3
103873,3
103874,3
103875,3
103876,3
103877,3
103878,3
103879,3
103880,3
103881,3
103882,3
103883,3
103884,3
103885,3
103886,3
103887,3
103888,3
103889,3
103890,3
103891,3
103892,3
103893,3
103894,3
103895,3
103896,3
103897,3
103898,3
103899,3
103900,3
103901,3
103902,3
103903,3
103904,3
103905,3
103906,3
103907,3
103908,3
103909,3
103910,3
103911,3
103912,3
103913,3
103914,3
103915,3
103916,3
103917,3
103918,3
103919,3
103920,3
103921,3
103922,3
103923,3
103924,3
103925,3
103926,3
103927,3
103928,3
103929,3
103930,3
103931,3
103932,3
103933,3
103934,3
103935,3
103936,3
103937,3
103938,3
103939,3
103940,3
103941,3
103942,3
103943,3
103944,3
103945,3
103946,3
103947,3
103948,3
103949,3
103950,3
103951,3
103952,3
103953,3
103954,3
103955,3
103956,3
103957,3
103958,3
103959,3
103960,3
103961,3
103962,3
103963,3
103964,3
103965,3
103966,3
103967,3
103968,3
103969,3
103970,3
103971,3
103972,3
103973,3
103974,3
103975,3
103976,3
103977,3
103978,3
103979,3
103980,3
103981,3
103982,3
103983,3
103984,3
103985,3
103986,3
103987,3
103988,3
103989,3
103990,3
103991,3
103992,3
103993,3
103994,3
103995,3
103996,3
103997,3
103998,3
103999,3
104000,3
104001,3
104002,3
104003,3
104004,3
104005,3
104006,3
104007,3
104008,3
104009,3
104010,3
104011,3
104012,3
104013,3
104014,3
104015,3
104016,3
104017,3
104018,3
104019,3
104020,3
104021,3
104022,3
104023,3
104024,3
104025,3
104026,3
104027,3
104028,3
104029,3
104030,3
104031,3
104032,3
104033,3
104034,3
104035,3
104036,3
104037,3
104038,3
104039,3
104040,3
104041,3
104042,3
104043,3
104044,3
104045,3
104046,3
104047,3
104048,3
104049,3
104050,3
104051,3
104052,3
104053,3
104054,3
104055,3
104056,3
104057,3
104058,3
104059,3
104060,3
104061,3
104062,3
104063,3
104064,3
104065,3
104066,3
104067,3
104068,3
104069,3
104070,3
104071,3
104072,3
104073,3
104074,3
104075,3
104076,3
104077,3
104078,3
104079,3
104080,3
104081,3
104082,3
104083,3
104084,3
104085,3
104086,3
104087,3
104088,3
104089,3
104090,3
104091,3
104092,3
104093,3
104094,3
104095,3
104096,3
104097,3
104098,3
104099,3
104100,3
104101,3
104102,3
104103,3
104104,3
104105,3
104106,3
104107,3
104108,3
104109,3
104110,3
104111,3
104112,3
104113,3
104114,3
104115,3
104116,3
104117,3
104118,3
104119,3
104120,3
104121,3
104122,3
104123,3
104124,3
104125,3
104126,3
104127,3
104128,3
104129,3
104130,3
104131,3
104132,3
104133,3
104134,3
104135,3
104136,3
104137,3
104138,3
104139,3
104140,3
104141,3
104142,3
104143,3
104144,3
104145,3
104146,3
104147,3
104148,3
104149,3
104150,3
104151,3
104152,3
104153,3
104154,3
104155,3
104156,3
104157,3
104158,3
104159,3
104160,3
104161,3
104162,3
104163,3
104164,3
104165,3
104166,3
104167,3
104168,2
104169,3
104170,3
104171,3
104172,3
104173,3
104174,3
104175,3
104176,3
104177,3
104178,3
104179,3
104180,3
104181,3
104182,3
104183,3
104184,3
104185,3
104186,3
104187,3
104188,3
104189,3
104190,3
104191,3
104192,3
104193,3
104194,3
104195,3
104196,3
104197,3
104198,3
104199,3
104200,3
104201,3
104202,3
104203,3
104204,3
104205,3
104206,3
104207,3
104208,3
104209,3
104210,3
104211,3
104212,3
104213,3
104214,3
104215,3
104216,3
104217,3
104218,3
104219,3
104220,3
104221,3
104222,3
104223,3
104224,3
104225,3
104226,3
104227,3
104228,3
104229,3
104230,3
104231,3
104232,3
104233,3
104234,3
104235,3
104236,3
104237,3
104238,3
104239,3
104240,3
104241,3
104242,3
104243,3
104244,3
104245,3
104246,3
104247,3
104248,3
104249,3
104250,3
104251,3
104252,3
104253,2
104254,3
104255,3
104256,3
104257,3
104258,3
104259,3
104260,3
104261,3
104262,3
104263,3
104264,3
104265,3
104266,3
104267,3
104268,3
104269,3
104270,3
104271,3
104272,3
104273,3
104274,3
104275,3
104276,3
104277,3
104278,3
104279,3
104280,3
104281,3
104282,3
104283,3
104284,3
104285,3
104286,3
104287,3
104288,3
104289,3
104290,3
104291,3
104292,3
104293,3
104294,3
104295,3
104296,3
104297,3
104298,3
104299,3
104300,3
104301,3
104302,3
104303,3
104304,3
104305,3
104306,3
104307,3
104308,3
104309,3
104310,3
104311,3
104312,3
104313,3
104314,3
104315,3
104316,3
104317,3
104318,3
104319,3
104320,3
104321,3
104322,3
104323,3
104324,3
104325,3
104326,3
104327,3
104328,3
104329,3
104330,3
104331,3
104332,3
104333,3
104334,3
104335,3
104336,3
104337,3
104338,3
104339,3
104340,3
104341,3
104342,3
104343,3
104344,3
104345,3
104346,3
104347,3
104348,3
104349,3
104350,3
104351,3
104352,3
104353,3
104354,3
104355,3
104356,3
104357,3
104358,3
104359,3
104360,3
104361,3
104362,3
104363,3
104364,3
104365,3
104366,3
104367,3
104368,3
104369,3
104370,3
104371,3
104372,3
104373,3
104374,3
104375,3
104376,3
104377,3
104378,3
104379,3
104380,3
104381,3
104382,3
104383,3
104384,3
104385,3
104386,3
104387,3
104388,3
104389,3
104390,3
104391,3
104392,3
104393,3
104394,3
104395,3
104396,3
104397,3
104398,3
104399,3
104400,3
104401,3
104402,3
104403,3
104404,3
104405,3
104406,3
104407,3
104408,3
104409,3
104410,3
104411,3
104412,3
104413,3
104414,3
104415,3
104416,3
104417,3
104418,3
104419,3
104420,3
104421,3
104422,3
104423,3
104424,3
104425,3
104426,3
104427,3
104428,3
104429,3
104430,3
104431,3
104432,3
104433,3
104434,3
104435,3
104436,3
104437,3
104438,3
104439,3
104440,3
104441,3
104442,3
104443,3
104444,3
104445,3
104446,3
104447,3
104448,3
104449,3
104450,3
104451,3
104452,3
104453,3
104454,3
104455,3
104456,3
104457,3
104458,3
104459,3
104460,3
104461,3
104462,3
104463,3
104464,3
104465,3
104466,3
104467,3
104468,3
104469,3
104470,3
104471,3
104472,3
104473,3
104474,3
104475,3
104476,3
104477,3
104478,3
104479,3
104480,3
104481,3
104482,3
104483,3
104484,3
104485,3
104486,3
104487,3
104488,3
104489,3
104490,3
104491,3
104492,3
104493,3
104494,3
104495,3
104496,3
104497,3
104498,3
104499,3
104500,3
104501,3
104502,3
104503,3
104504,3
104505,3
104506,3
104507,3
104508,3
104509,3
104510,3
104511,3
104512,3
104513,3
104514,3
104515,3
104516,3
104517,3
104518,3
104519,3
104520,3
104521,3
104522,3
104523,3
104524,3
104525,3
104526,3
104527,3
104528,3
104529,3
104530,3
104531,3
104532,3
104533,3
104534,3
104535,3
104536,3
104537,3
104538,3
104539,3
104540,3
104541,3
104542,3
104543,3
104544,3
104545,3
104546,3
104547,3
104548,3
104549,3
104550,3
104551,3
104552,3
104553,3
104554,3
104555,3
104556,3
104557,3
104558,3
104559,3
104560,3
104561,3
104562,3
104563,3
104564,3
104565,3
104566,3
104567,3
104568,3
104569,3
104570,3
104571,3
104572,3
104573,3
104574,3
104575,3
104576,3
104577,3
104578,3
104579,3
104580,3
104581,3
104582,3
104583,3
104584,3
104585,3
104586,3
104587,3
104588,3
104589,3
104590,3
104591,3
104592,3
104593,3
104594,3
104595,3
104596,3
104597,3
104598,3
104599,3
104600,3
104601,3
104602,3
104603,3
104604,3
104605,3
104606,3
104607,3
104608,3
104609,3
104610,3
104611,3
104612,3
104613,3
104614,3
104615,3
104616,3
104617,3
104618,3
104619,3
104620,3
104621,3
104622,3
104623,3
104624,3
104625,3
104626,3
104627,3
104628,3
104629,3
104630,3
104631,3
104632,3
104633,3
104634,3
104635,3
104636,3
104637,3
104638,3
104639,3
104640,3
104641,3
104642,3
104643,3
104644,3
104645,3
104646,3
104647,3
104648,3
104649,3
104650,3
104651,3
104652,3
104653,3
104654,3
104655,3
104656,3
104657,3
104658,3
104659,3
104660,3
104661,3
104662,3
104663,3
104664,3
104665,3
104666,3
104667,3
104668,3
104669,3
104670,3
104671,3
104672,3
104673,3
104674,3
104675,3
104676,3
104677,3
104678,3
104679,3
104680,3
104681,3
104682,3
104683,3
104684,3
104685,3
104686,3
104687,3
104688,3
104689,3
104690,3
104691,3
104692,3
104693,3
104694,3
104695,3
104696,3
104697,3
104698,3
104699,3
104700,3
104701,3
104702,3
104703,3
104704,3
104705,3
104706,3
104707,3
104708,3
104709,3
104710,3
104711,3
104712,3
104713,3
104714,3
104715,3
104716,3
104717,3
104718,3
104719,3
104720,3
104721,3
104722,3
104723,3
104724,3
104725,3
104726,3
104727,3
104728,3
104729,3
104730,3
104731,3
104732,3
104733,3
104734,3
104735,3
104736,3
104737,3
104738,3
104739,3
104740,3
104741,3
104742,3
104743,3
104744,3
104745,3
104746,3
104747,3
104748,3
104749,3
104750,3
104751,3
104752,3
104753,3
104754,3
104755,3
104756,3
104757,3
104758,3
104759,3
104760,3
104761,3
104762,3
104763,3
104764,3
104765,3
104766,3
104767,3
104768,3
104769,3
104770,3
104771,3
104772,3
104773,3
104774,3
104775,3
104776,3
104777,3
104778,3
104779,3
104780,3
104781,3
104782,3
104783,3
104784,3
104785,3
104786,3
104787,3
104788,3
104789,3
104790,3
104791,3
104792,3
104793,3
104794,3
104795,3
104796,3
104797,3
104798,3
104799,3
104800,3
104801,3
104802,3
104803,3
104804,3
104805,3
104806,3
104807,3
104808,3
104809,3
104810,3
104811,3
104812,3
104813,3
104814,3
104815,3
104816,3
104817,3
104818,3
104819,3
104820,3
104821,3
104822,2
104823,3
104824,3
104825,3
104826,3
104827,3
104828,3
104829,3
104830,3
104831,3
104832,3
104833,3
104834,3
104835,3
104836,3
104837,3
104838,3
104839,3
104840,3
104841,3
104842,3
104843,3
104844,3
104845,3
104846,3
104847,3
104848,3
104849,3
104850,3
104851,3
104852,3
104853,3
104854,3
104855,3
104856,3
104857,3
104858,3
104859,3
104860,3
104861,3
104862,3
104863,3
104864,3
104865,3
104866,3
104867,3
104868,3
104869,3
104870,3
104871,3
104872,3
104873,3
104874,3
104875,3
104876,3
104877,3
104878,3
104879,3
104880,3
104881,3
104882,3
104883,3
104884,3
104885,3
104886,3
104887,3
104888,3
104889,3
104890,3
104891,3
104892,3
104893,3
104894,3
104895,3
104896,3
104897,3
104898,3
104899,3
104900,3
104901,3
104902,3
104903,3
104904,3
104905,3
104906,2
104907,3
104908,3
104909,3
104910,3
104911,3
104912,3
104913,3
104914,3
104915,3
104916,3
104917,3
104918,3
104919,3
104920,3
104921,3
104922,3
104923,3
104924,3
104925,3
104926,3
104927,3
104928,3
104929,3
104930,3
104931,3
104932,3
104933,3
104934,3
104935,3
104936,3
104937,3
104938,3
104939,3
104940,3
104941,3
104942,3
104943,3
104944,3
104945,3
104946,3
104947,3
104948,3
104949,3
104950,3
104951,3
104952,3
104953,3
104954,3
104955,3
104956,3
104957,3
104958,3
104959,3
104960,3
104961,3
104962,3
104963,3
104964,3
104965,3
104966,3
104967,3
104968,3
104969,3
104970,3
104971,3
104972,3
104973,3
104974,3
104975,3
104976,3
104977,3
104978,3
104979,3
104980,3
104981,3
104982,3
104983,3
104984,3
104985,3
104986,3
104987,3
104988,3
104989,3
104990,3
104991,3
104992,3
104993,3
104994,3
104995,3
104996,3
104997,3
104998,3
104999,3
105000,3
105001,3
105002,3
105003,3
105004,3
105005,3
105006,3
105007,3
105008,3
105009,3
105010,2
105011,3
105012,3
105013,3
105014,3
105015,3
105016,3
105017,3
105018,3
105019,3
105020,3
105021,3
105022,3
105023,3
105024,3
105025,3
105026,3
105027,3
105028,3
105029,3
105030,3
105031,3
105032,3
105033,3
105034,3
105035,3
105036,3
105037,3
105038,3
105039,3
105040,3
105041,3
105042,3
105043,3
105044,3
105045,3
105046,3
105047,3
105048,3
105049,3
105050,3
105051,3
105052,3
105053,3
105054,3
105055,3
105056,3
105057,3
105058,3
105059,3
105060,3
105061,3
105062,3
105063,3
105064,3
105065,3
105066,3
105067,3
105068,3
105069,3
105070,3
105071,3
105072,3
105073,3
105074,3
105075,3
105076,3
105077,3
105078,3
105079,3
105080,3
105081,3
105082,3
105083,3
105084,3
105085,3
105086,3
105087,3
105088,3
105089,3
105090,3
105091,3
105092,3
105093,3
105094,3
105095,3
105096,3
105097,3
105098,3
105099,3
105100,3
105101,3
105102,3
105103,3
105104,3
105105,3
105106,3
105107,3
105108,3
105109,3
105110,3
105111,3
105112,3
105113,3
105114,3
105115,3
105116,3
105117,3
105118,3
105119,3
105120,3
105121,3
105122,3
105123,3
105124,3
105125,3
105126,3
105127,3
105128,3
105129,3
105130,3
105131,3
105132,3
105133,3
105134,3
105135,3
105136,3
105137,3
105138,3
105139,3
105140,3
105141,3
105142,3
105143,3
105144,3
105145,3
105146,3
105147,3
105148,3
105149,3
105150,3
105151,3
105152,3
105153,3
105154,3
105155,3
105156,3
105157,3
105158,3
105159,3
105160,3
105161,3
105162,3
105163,3
105164,3
105165,3
105166,3
105167,3
105168,3
105169,3
105170,3
105171,3
105172,3
105173,3
105174,3
105175,3
105176,3
105177,3
105178,3
105179,3
105180,3
105181,3
105182,3
105183,3
105184,3
105185,3
105186,3
105187,3
105188,3
105189,3
105190,3
105191,3
105192,3
105193,3
105194,3
105195,3
105196,3
105197,3
105198,3
105199,3
105200,3
105201,3
105202,3
105203,3
105204,3
105205,3
105206,3
105207,3
105208,3
105209,3
105210,3
105211,3
105212,3
105213,3
105214,3
105215,3
105216,3
105217,3
105218,3
105219,3
105220,3
105221,3
105222,3
105223,3
105224,3
105225,3
105226,3
105227,3
105228,3
105229,3
105230,3
105231,3
105232,3
105233,3
105234,3
105235,3
105236,3
105237,3
105238,3
105239,3
105240,3
105241,3
105242,3
105243,3
105244,3
105245,3
105246,3
105247,3
105248,3
105249,3
105250,3
105251,3
105252,3
105253,3
105254,3
105255,3
105256,3
105257,3
105258,3
105259,3
105260,3
105261,3
105262,3
105263,3
105264,3
105265,3
105266,3
105267,3
105268,3
105269,3
105270,3
105271,3
105272,3
105273,3
105274,3
105275,3
105276,3
105277,3
105278,3
105279,3
105280,3
105281,3
105282,3
105283,3
105284,3
105285,3
105286,3
105287,3
105288,3
105289,3
105290,3
105291,3
105292,3
105293,3
105294,3
105295,3
105296,3
105297,3
105298,3
105299,3
105300,3
105301,3
105302,3
105303,3
105304,3
105305,3
105306,3
105307,3
105308,3
105309,3
105310,3
105311,3
105312,3
105313,3
105314,3
105315,3
105316,3
105317,3
105318,3
105319,3
105320,3
105321,3
105322,3
105323,3
105324,3
105325,3
105326,3
105327,3
105328,3
105329,3
105330,3
105331,3
105332,3
105333,3
105334,3
105335,3
105336,3
105337,3
105338,3
105339,3
105340,3
105341,3
105342,3
105343,3
105344,3
105345,3
105346,3
105347,3
105348,3
105349,3
105350,3
105351,3
105352,3
105353,3
105354,3
105355,3
105356,3
105357,3
105358,3
105359,3
105360,3
105361,3
105362,3
105363,3
105364,3
105365,3
105366,3
105367,3
105368,3
105369,3
105370,3
105371,3
105372,3
105373,3
105374,3
105375,3
105376,3
105377,3
105378,3
105379,3
105380,3
105381,3
105382,3
105383,3
105384,3
105385,3
105386,3
105387,3
105388,3
105389,3
105390,3
105391,3
105392,3
105393,3
105394,3
105395,3
105396,3
105397,3
105398,3
105399,3
105400,3
105401,3
105402,3
105403,3
105404,3
105405,3
105406,3
105407,3
105408,3
105409,3
105410,3
105411,3
105412,3
105413,3
105414,3
105415,3
105416,3
105417,3
105418,3
105419,3
105420,3
105421,3
105422,3
105423,3
105424,3
105425,3
105426,3
105427,3
105428,3
105429,3
105430,3
105431,3
105432,3
105433,3
105434,3
105435,3
105436,3
105437,3
105438,3
105439,3
105440,3
105441,3
105442,3
105443,3
105444,3
105445,3
105446,3
105447,3
105448,3
105449,3
105450,3
105451,3
105452,3
105453,3
105454,3
105455,3
105456,3
105457,3
105458,3
105459,3
105460,3
105461,3
105462,3
105463,3
105464,3
105465,3
105466,3
105467,3
105468,3
105469,3
105470,3
105471,3
105472,3
105473,3
105474,3
105475,3
105476,3
105477,3
105478,3
105479,3
105480,3
105481,3
105482,3
105483,3
105484,3
105485,3
105486,3
105487,3
105488,3
105489,3
105490,3
105491,3
105492,3
105493,3
105494,3
105495,3
105496,3
105497,3
105498,3
105499,3
105500,3
105501,3
105502,3
105503,3
105504,3
105505,3
105506,3
105507,3
105508,3
105509,3
105510,3
105511,3
105512,3
105513,3
105514,3
105515,3
105516,3
105517,3
105518,3
105519,3
105520,3
105521,3
105522,3
105523,3
105524,3
105525,3
105526,3
105527,3
105528,3
105529,3
105530,3
105531,3
105532,3
105533,3
105534,3
105535,3
105536,3
105537,3
105538,3
105539,3
105540,3
105541,3
105542,3
105543,3
105544,3
105545,3
105546,3
105547,3
105548,3
105549,3
105550,3
105551,3
105552,3
105553,3
105554,3
105555,3
105556,3
105557,3
105558,3
105559,3
105560,3
105561,3
105562,3
105563,3
105564,3
105565,3
105566,3
105567,3
105568,3
105569,3
105570,3
105571,3
105572,3
105573,3
105574,3
105575,3
105576,3
105577,3
105578,3
105579,3
105580,3
105581,3
105582,3
105583,3
105584,3
105585,3
105586,3
105587,3
105588,3
105589,3
105590,3
105591,3
105592,3
105593,3
105594,3
105595,3
105596,3
105597,3
105598,3
105599,3
105600,3
105601,3
105602,3
105603,3
105604,3
105605,3
105606,3
105607,3
105608,3
105609,3
105610,3
105611,3
105612,3
105613,3
105614,3
105615,3
105616,3
105617,3
105618,3
105619,3
105620,3
105621,3
105622,3
105623,3
105624,3
105625,3
105626,3
105627,3
105628,3
105629,3
105630,3
105631,3
105632,3
105633,3
105634,3
105635,3
105636,3
105637,3
105638,3
105639,3
105640,3
105641,3
105642,3
105643,3
105644,3
105645,3
105646,3
105647,3
105648,3
105649,3
105650,3
105651,3
105652,3
105653,3
105654,3
105655,3
105656,3
105657,3
105658,3
105659,3
105660,3
105661,3
105662,3
105663,3
105664,3
105665,3
105666,3
105667,3
105668,3
105669,3
105670,3
105671,3
105672,3
105673,3
105674,3
105675,3
105676,3
105677,3
105678,3
105679,3
105680,3
105681,3
105682,3
105683,3
105684,3
105685,3
105686,3
105687,3
105688,3
105689,3
105690,3
105691,3
105692,3
105693,3
105694,3
105695,3
105696,3
105697,3
105698,3
105699,3
105700,3
105701,3
105702,3
105703,3
105704,3
105705,3
105706,3
105707,3
105708,3
105709,3
105710,3
105711,3
105712,3
105713,3
105714,3
105715,3
105716,3
105717,3
105718,3
105719,3
105720,3
105721,3
105722,3
105723,3
105724,3
105725,3
105726,3
105727,3
105728,3
105729,3
105730,3
105731,3
105732,3
105733,3
105734,3
105735,3
105736,3
105737,3
105738,3
105739,3
105740,3
105741,3
105742,3
105743,3
105744,3
105745,3
105746,3
105747,3
105748,3
105749,3
105750,3
105751,3
105752,3
105753,3
105754,3
105755,3
105756,3
105757,3
105758,3
105759,3
105760,3
105761,3
105762,3
105763,3
105764,3
105765,3
105766,3
105767,3
105768,3
105769,3
105770,3
105771,3
105772,3
105773,3
105774,3
105775,3
105776,3
105777,3
105778,3
105779,3
105780,3
105781,3
105782,3
105783,3
105784,3
105785,3
105786,3
105787,3
105788,3
105789,3
105790,3
105791,3
105792,3
105793,3
105794,3
105795,3
105796,3
105797,3
105798,3
105799,3
105800,3
105801,3
105802,3
105803,3
105804,3
105805,3
105806,3
105807,3
105808,3
105809,3
105810,3
105811,3
105812,3
105813,3
105814,3
105815,3
105816,3
105817,3
105818,3
105819,3
105820,3
105821,3
105822,3
105823,3
105824,3
105825,3
105826,3
105827,3
105828,3
105829,3
105830,3
105831,3
105832,3
105833,3
105834,3
105835,3
105836,3
105837,3
105838,3
105839,3
105840,3
105841,3
105842,3
105843,3
105844,3
105845,3
105846,3
105847,3
105848,3
105849,3
105850,3
105851,3
105852,3
105853,3
105854,3
105855,3
105856,3
105857,3
105858,3
105859,3
105860,3
105861,3
105862,3
105863,3
105864,3
105865,3
105866,3
105867,3
105868,3
105869,3
105870,3
105871,3
105872,3
105873,3
105874,3
105875,3
105876,3
105877,3
105878,3
105879,3
105880,3
105881,3
105882,3
105883,3
105884,3
105885,3
105886,3
105887,3
105888,3
105889,3
105890,3
105891,3
105892,3
105893,3
105894,3
105895,3
105896,3
105897,3
105898,3
105899,3
105900,3
105901,3
105902,3
105903,3
105904,3
105905,3
105906,3
105907,3
105908,3
105909,3
105910,3
105911,3
105912,3
105913,3
105914,3
105915,3
105916,3
105917,3
105918,3
105919,3
105920,3
105921,3
105922,3
105923,3
105924,3
105925,3
105926,3
105927,3
105928,3
105929,3
105930,3
105931,3
105932,3
105933,3
105934,3
105935,3
105936,3
105937,3
105938,3
105939,3
105940,3
105941,3
105942,3
105943,3
105944,3
105945,3
105946,3
105947,3
105948,3
105949,3
105950,3
105951,3
105952,3
105953,3
105954,3
105955,3
105956,3
105957,3
105958,3
105959,3
105960,3
105961,3
105962,3
105963,3
105964,3
105965,3
105966,3
105967,3
105968,3
105969,3
105970,3
105971,3
105972,3
105973,3
105974,3
105975,3
105976,3
105977,3
105978,3
105979,3
105980,3
105981,3
105982,3
105983,3
105984,3
105985,3
105986,3
105987,3
105988,3
105989,3
105990,3
105991,3
105992,3
105993,3
105994,3
105995,3
105996,3
105997,3
105998,3
105999,3
106000,3
106001,3
106002,3
106003,3
106004,3
106005,3
106006,3
106007,3
106008,3
106009,3
106010,3
106011,3
106012,3
106013,3
106014,3
106015,3
106016,3
106017,3
106018,3
106019,3
106020,3
106021,3
106022,3
106023,3
106024,3
106025,3
106026,3
106027,3
106028,3
106029,3
106030,3
106031,3
106032,3
106033,3
106034,3
106035,3
106036,3
106037,3
106038,3
106039,3
106040,3
106041,3
106042,3
106043,3
106044,3
106045,3
106046,3
106047,3
106048,3
106049,3
106050,3
106051,3
106052,3
106053,3
106054,3
106055,3
106056,3
106057,3
106058,3
106059,3
106060,3
106061,3
106062,3
106063,3
106064,3
106065,3
106066,3
106067,3
106068,3
106069,3
106070,3
106071,3
106072,3
106073,3
106074,3
106075,3
106076,3
106077,3
106078,3
106079,3
106080,3
106081,3
106082,3
106083,3
106084,3
106085,3
106086,3
106087,3
106088,3
106089,3
106090,3
106091,3
106092,3
106093,3
106094,3
106095,3
106096,3
106097,3
106098,3
106099,3
106100,3
106101,3
106102,3
106103,3
106104,3
106105,3
106106,3
106107,3
106108,3
106109,3
106110,3
106111,3
106112,3
106113,3
106114,3
106115,3
106116,3
106117,3
106118,3
106119,3
106120,3
106121,3
106122,3
106123,3
106124,3
106125,3
106126,3
106127,3
106128,3
106129,3
106130,3
106131,3
106132,3
106133,3
106134,3
106135,3
106136,3
106137,3
106138,3
106139,3
106140,3
106141,3
106142,3
106143,3
106144,3
106145,3
106146,3
106147,3
106148,3
106149,3
106150,3
106151,3
106152,3
106153,3
106154,3
106155,3
106156,3
106157,3
106158,3
106159,3
106160,3
106161,3
106162,3
106163,3
106164,3
106165,3
106166,3
106167,3
106168,3
106169,3
106170,3
106171,3
106172,3
106173,3
106174,3
106175,3
106176,3
106177,3
106178,3
106179,3
106180,3
106181,3
106182,3
106183,3
106184,3
106185,3
106186,3
106187,3
106188,3
106189,3
106190,3
106191,3
106192,3
106193,3
106194,3
106195,3
106196,3
106197,3
106198,3
106199,3
106200,3
106201,3
106202,3
106203,3
106204,3
106205,3
106206,3
106207,3
106208,3
106209,3
106210,3
106211,3
106212,3
106213,3
106214,3
106215,3
106216,3
106217,3
106218,3
106219,3
106220,3
106221,3
106222,3
106223,3
106224,3
106225,3
106226,3
106227,3
106228,3
106229,3
106230,3
106231,3
106232,3
106233,3
106234,3
106235,3
106236,3
106237,3
106238,3
106239,3
106240,3
106241,3
106242,3
106243,3
106244,3
106245,3
106246,3
106247,3
106248,3
106249,3
106250,3
106251,3
106252,3
106253,3
106254,3
106255,3
106256,3
106257,3
106258,3
106259,3
106260,3
106261,3
106262,3
106263,3
106264,3
106265,3
106266,3
106267,3
106268,3
106269,3
106270,3
106271,3
106272,3
106273,3
106274,3
106275,3
106276,3
106277,3
106278,3
106279,3
106280,3
106281,3
106282,3
106283,3
106284,3
106285,3
106286,3
106287,3
106288,3
106289,3
106290,3
106291,3
106292,3
106293,3
106294,3
106295,3
106296,3
106297,3
106298,3
106299,3
106300,3
106301,3
106302,3
106303,3
106304,3
106305,3
106306,3
106307,3
106308,3
106309,3
106310,3
106311,3
106312,3
106313,3
106314,3
106315,3
106316,3
106317,3
106318,3
106319,3
106320,3
106321,3
106322,3
106323,3
106324,3
106325,3
106326,3
106327,3
106328,3
106329,3
106330,3
106331,3
106332,3
106333,3
106334,3
106335,3
106336,3
106337,3
106338,3
106339,3
106340,3
106341,3
106342,3
106343,3
106344,3
106345,3
106346,3
106347,3
106348,3
106349,3
106350,3
106351,3
106352,3
106353,3
106354,3
106355,3
106356,3
106357,3
106358,3
106359,3
106360,3
106361,3
106362,3
106363,3
106364,3
106365,3
106366,3
106367,3
106368,3
106369,3
106370,3
106371,3
106372,3
106373,3
106374,3
106375,3
106376,3
106377,3
106378,3
106379,3
106380,3
106381,3
106382,3
106383,3
106384,3
106385,3
106386,3
106387,3
106388,3
106389,3
106390,3
106391,3
106392,3
106393,3
106394,3
106395,3
106396,3
106397,3
106398,3
106399,3
106400,3
106401,3
106402,3
106403,3
106404,3
106405,3
106406,3
106407,3
106408,3
106409,3
106410,3
106411,3
106412,3
106413,3
106414,3
106415,3
106416,3
106417,3
106418,3
106419,3
106420,3
106421,3
106422,3
106423,3
106424,3
106425,3
106426,3
106427,3
106428,3
106429,3
106430,3
106431,3
106432,3
106433,3
106434,3
106435,3
106436,3
106437,3
106438,3
106439,3
106440,3
106441,3
106442,3
106443,3
106444,3
106445,3
106446,3
106447,3
106448,3
106449,3
106450,3
106451,3
106452,3
106453,3
106454,3
106455,3
106456,3
106457,3
106458,3
106459,3
106460,3
106461,3
106462,3
106463,3
106464,3
106465,3
106466,3
106467,3
106468,3
106469,3
106470,3
106471,3
106472,3
106473,3
106474,3
106475,3
106476,3
106477,3
106478,3
106479,3
106480,3
106481,3
106482,3
106483,3
106484,3
106485,3
106486,3
106487,3
106488,3
106489,3
106490,3
106491,3
106492,3
106493,3
106494,3
106495,3
106496,3
106497,3
106498,3
106499,3
106500,3
106501,3
106502,3
106503,3
106504,3
106505,3
106506,3
106507,3
106508,3
106509,3
106510,3
106511,3
106512,3
106513,3
106514,3
106515,3
106516,3
106517,3
106518,3
106519,3
106520,3
106521,3
106522,3
106523,3
106524,3
106525,3
106526,3
106527,3
106528,3
106529,3
106530,3
106531,3
106532,3
106533,3
106534,3
106535,3
106536,3
106537,3
106538,3
106539,3
106540,3
106541,3
106542,3
106543,3
106544,3
106545,3
106546,3
106547,3
106548,3
106549,3
106550,3
106551,3
106552,3
106553,3
106554,3
106555,3
106556,3
106557,3
106558,3
106559,3
106560,3
106561,3
106562,3
106563,3
106564,3
106565,3
106566,3
106567,3
106568,3
106569,3
106570,3
106571,3
106572,3
106573,3
106574,3
106575,3
106576,3
106577,3
106578,3
106579,3
106580,3
106581,3
106582,3
106583,3
106584,3
106585,3
106586,3
106587,3
106588,3
106589,3
106590,3
106591,3
106592,3
106593,3
106594,3
106595,3
106596,3
106597,3
106598,3
106599,3
106600,3
106601,3
106602,3
106603,3
106604,3
106605,3
106606,3
106607,3
106608,3
106609,3
106610,3
106611,3
106612,3
106613,3
106614,3
106615,3
106616,3
106617,3
106618,3
106619,3
106620,3
106621,3
106622,3
106623,3
106624,3
106625,3
106626,3
106627,3
106628,3
106629,3
106630,3
106631,3
106632,3
106633,3
106634,3
106635,3
106636,3
106637,3
106638,3
106639,3
106640,3
106641,3
106642,3
106643,3
106644,3
106645,3
106646,3
106647,3
106648,3
106649,3
106650,3
106651,3
106652,3
106653,3
106654,3
106655,3
106656,3
106657,3
106658,3
106659,3
106660,3
106661,3
106662,3
106663,3
106664,3
106665,3
106666,3
106667,3
106668,3
106669,3
106670,3
106671,3
106672,3
106673,3
106674,3
106675,3
106676,3
106677,3
106678,3
106679,3
106680,3
106681,3
106682,3
106683,3
106684,3
106685,3
106686,3
106687,3
106688,3
106689,3
106690,3
106691,3
106692,3
106693,3
106694,3
106695,3
106696,3
106697,3
106698,3
106699,3
106700,3
106701,3
106702,3
106703,3
106704,3
106705,3
106706,3
106707,3
106708,3
106709,3
106710,3
106711,3
106712,3
106713,3
106714,3
106715,3
106716,3
106717,3
106718,3
106719,3
106720,3
106721,3
106722,3
106723,3
106724,3
106725,3
106726,3
106727,3
106728,3
106729,3
106730,3
106731,3
106732,3
106733,3
106734,3
106735,3
106736,3
106737,3
106738,3
106739,3
106740,3
106741,3
106742,3
106743,3
106744,3
106745,3
106746,3
106747,3
106748,3
106749,3
106750,3
106751,3
106752,3
106753,3
106754,3
106755,3
106756,3
106757,3
106758,3
106759,3
106760,3
106761,3
106762,3
106763,3
106764,3
106765,3
106766,3
106767,3
106768,3
106769,3
106770,3
106771,3
106772,3
106773,3
106774,3
106775,3
106776,3
106777,3
106778,3
106779,3
106780,3
106781,3
106782,3
106783,3
106784,3
106785,3
106786,3
106787,3
106788,3
106789,3
106790,3
106791,3
106792,3
106793,3
106794,3
106795,3
106796,3
106797,3
106798,3
106799,3
106800,3
106801,3
106802,3
106803,3
106804,3
106805,3
106806,3
106807,3
106808,3
106809,3
106810,3
106811,3
106812,3
106813,3
106814,3
106815,3
106816,3
106817,3
106818,3
106819,3
106820,3
106821,3
106822,3
106823,3
106824,3
106825,3
106826,3
106827,3
106828,3
106829,3
106830,3
106831,3
106832,3
106833,3
106834,3
106835,3
106836,3
106837,3
106838,3
106839,3
106840,3
106841,3
106842,3
106843,3
106844,3
106845,3
106846,3
106847,3
106848,3
106849,3
106850,3
106851,3
106852,3
106853,3
106854,3
106855,3
106856,3
106857,3
106858,3
106859,3
106860,3
106861,3
106862,3
106863,3
106864,3
106865,3
106866,3
106867,3
106868,3
106869,3
106870,3
106871,3
106872,3
106873,3
106874,3
106875,3
106876,3
106877,3
106878,3
106879,3
106880,3
106881,3
106882,3
106883,3
106884,3
106885,3
106886,3
106887,3
106888,3
106889,3
106890,3
106891,3
106892,3
106893,3
106894,3
106895,3
106896,3
106897,3
106898,3
106899,3
106900,3
106901,3
106902,3
106903,3
106904,3
106905,3
106906,3
106907,3
106908,3
106909,3
106910,3
106911,3
106912,3
106913,3
106914,3
106915,3
106916,3
106917,3
106918,3
106919,3
106920,3
106921,3
106922,3
106923,3
106924,3
106925,3
106926,3
106927,3
106928,3
106929,3
106930,3
106931,3
106932,3
106933,3
106934,3
106935,3
106936,3
106937,3
106938,3
106939,3
106940,3
106941,3
106942,3
106943,3
106944,3
106945,3
106946,3
106947,3
106948,3
106949,3
106950,3
106951,3
106952,3
106953,3
106954,3
106955,3
106956,3
106957,3
106958,3
106959,3
106960,3
106961,3
106962,3
106963,3
106964,3
106965,3
106966,3
106967,3
106968,3
106969,3
106970,3
106971,3
106972,3
106973,3
106974,3
106975,3
106976,3
106977,3
106978,3
106979,3
106980,3
106981,3
106982,3
106983,3
106984,3
106985,3
106986,3
106987,3
106988,3
106989,3
106990,3
106991,3
106992,3
106993,3
106994,3
106995,3
106996,3
106997,3
106998,3
106999,3
107000,3
107001,3
107002,3
107003,3
107004,3
107005,3
107006,3
107007,3
107008,3
107009,3
107010,3
107011,3
107012,3
107013,3
107014,3
107015,3
107016,3
107017,3
107018,3
107019,3
107020,3
107021,3
107022,3
107023,3
107024,3
107025,3
107026,3
107027,3
107028,3
107029,3
107030,3
107031,3
107032,3
107033,3
107034,3
107035,3
107036,3
107037,3
107038,3
107039,3
107040,3
107041,3
107042,3
107043,3
107044,3
107045,3
107046,3
107047,3
107048,3
107049,3
107050,3
107051,3
107052,3
107053,3
107054,3
107055,3
107056,3
107057,3
107058,3
107059,3
107060,3
107061,3
107062,3
107063,3
107064,3
107065,3
107066,3
107067,3
107068,3
107069,3
107070,3
107071,3
107072,3
107073,3
107074,3
107075,3
107076,3
107077,3
107078,3
107079,3
107080,3
107081,3
107082,3
107083,3
107084,3
107085,3
107086,3
107087,3
107088,3
107089,3
107090,3
107091,3
107092,3
107093,3
107094,3
107095,3
107096,3
107097,3
107098,3
107099,3
107100,3
107101,3
107102,3
107103,3
107104,3
107105,3
107106,3
107107,3
107108,3
107109,3
107110,3
107111,3
107112,3
107113,3
107114,3
107115,3
107116,3
107117,3
107118,3
107119,3
107120,3
107121,3
107122,3
107123,3
107124,3
107125,3
107126,3
107127,3
107128,3
107129,3
107130,3
107131,3
107132,3
107133,3
107134,3
107135,3
107136,3
107137,3
107138,3
107139,3
107140,3
107141,3
107142,3
107143,3
107144,3
107145,3
107146,3
107147,3
107148,3
107149,3
107150,3
107151,3
107152,3
107153,3
107154,3
107155,3
107156,3
107157,3
107158,3
107159,3
107160,3
107161,3
107162,3
107163,3
107164,3
107165,3
107166,3
107167,3
107168,3
107169,3
107170,3
107171,3
107172,3
107173,3
107174,3
107175,3
107176,3
107177,3
107178,3
107179,3
107180,3
107181,3
107182,3
107183,3
107184,3
107185,3
107186,3
107187,3
107188,3
107189,3
107190,3
107191,3
107192,3
107193,3
107194,3
107195,3
107196,3
107197,3
107198,3
107199,3
107200,3
107201,3
107202,3
107203,3
107204,3
107205,3
107206,3
107207,3
107208,3
107209,3
107210,3
107211,3
107212,3
107213,3
107214,3
107215,3
107216,3
107217,3
107218,3
107219,3
107220,3
107221,3
107222,3
107223,3
107224,3
107225,3
107226,3
107227,3
107228,3
107229,3
107230,3
107231,3
107232,3
107233,3
107234,3
107235,3
107236,3
107237,3
107238,3
107239,3
107240,3
107241,3
107242,3
107243,3
107244,3
107245,3
107246,3
107247,3
107248,3
107249,3
107250,3
107251,3
107252,3
107253,3
107254,3
107255,3
107256,3
107257,3
107258,3
107259,3
107260,3
107261,3
107262,3
107263,3
107264,3
107265,3
107266,3
107267,3
107268,3
107269,3
107270,3
107271,3
107272,3
107273,3
107274,3
107275,3
107276,3
107277,3
107278,3
107279,3
107280,3
107281,3
107282,3
107283,3
107284,3
107285,3
107286,3
107287,3
107288,3
107289,3
107290,3
107291,3
107292,3
107293,3
107294,3
107295,3
107296,3
107297,3
107298,3
107299,3
107300,3
107301,3
107302,3
107303,3
107304,3
107305,3
107306,3
107307,3
107308,3
107309,3
107310,3
107311,3
107312,3
107313,3
107314,3
107315,3
107316,3
107317,3
107318,3
107319,3
107320,3
107321,3
107322,3
107323,3
107324,3
107325,3
107326,3
107327,3
107328,3
107329,3
107330,3
107331,3
107332,3
107333,3
107334,3
107335,3
107336,3
107337,3
107338,3
107339,3
107340,3
107341,3
107342,3
107343,3
107344,3
107345,3
107346,3
107347,3
107348,3
107349,3
107350,3
107351,3
107352,3
107353,3
107354,3
107355,3
107356,3
107357,3
107358,3
107359,3
107360,3
107361,3
107362,3
107363,3
107364,3
107365,3
107366,3
107367,3
107368,3
107369,3
107370,3
107371,3
107372,3
107373,3
107374,3
107375,3
107376,3
107377,3
107378,3
107379,3
107380,3
107381,3
107382,3
107383,3
107384,3
107385,3
107386,3
107387,3
107388,3
107389,3
107390,3
107391,3
107392,3
107393,3
107394,3
107395,3
107396,3
107397,3
107398,3
107399,3
107400,3
107401,3
107402,3
107403,3
107404,3
107405,3
107406,3
107407,3
107408,3
107409,3
107410,3
107411,3
107412,3
107413,3
107414,3
107415,3
107416,3
107417,3
107418,3
107419,3
107420,3
107421,3
107422,3
107423,3
107424,3
107425,3
107426,3
107427,3
107428,3
107429,3
107430,3
107431,3
107432,3
107433,3
107434,3
107435,3
107436,3
107437,3
107438,3
107439,3
107440,3
107441,3
107442,3
107443,3
107444,3
107445,3
107446,3
107447,3
107448,3
107449,3
107450,3
107451,3
107452,3
107453,3
107454,3
107455,3
107456,3
107457,3
107458,3
107459,3
107460,3
107461,3
107462,3
107463,3
107464,3
107465,3
107466,3
107467,3
107468,3
107469,3
107470,3
107471,3
107472,3
107473,3
107474,3
107475,3
107476,3
107477,3
107478,3
107479,3
107480,3
107481,3
107482,3
107483,3
107484,3
107485,3
107486,3
107487,3
107488,3
107489,3
107490,3
107491,3
107492,3
107493,3
107494,3
107495,3
107496,3
107497,3
107498,3
107499,3
107500,3
107501,3
107502,3
107503,3
107504,3
107505,3
107506,3
107507,3
107508,3
107509,3
107510,3
107511,3
107512,3
107513,3
107514,3
107515,3
107516,3
107517,3
107518,3
107519,3
107520,3
107521,3
107522,3
107523,3
107524,3
107525,3
107526,3
107527,3
107528,3
107529,3
107530,3
107531,3
107532,3
107533,3
107534,3
107535,3
107536,3
107537,3
107538,3
107539,3
107540,3
107541,3
107542,3
107543,3
107544,3
107545,3
107546,3
107547,3
107548,3
107549,3
107550,3
107551,3
107552,3
107553,3
107554,3
107555,3
107556,3
107557,3
107558,3
107559,3
107560,3
107561,3
107562,3
107563,3
107564,3
107565,3
107566,3
107567,3
107568,3
107569,3
107570,3
107571,3
107572,3
107573,3
107574,3
107575,3
107576,3
107577,3
107578,3
107579,3
107580,3
107581,3
107582,3
107583,3
107584,3
107585,3
107586,3
107587,3
107588,3
107589,3
107590,3
107591,3
107592,3
107593,3
107594,3
107595,3
107596,3
107597,3
107598,3
107599,3
107600,3
107601,3
107602,3
107603,3
107604,3
107605,3
107606,3
107607,3
107608,3
107609,3
107610,3
107611,3
107612,3
107613,3
107614,3
107615,3
