point_id,region_id
1,1
2,1
3,1
4,2
5,1
6,1
7,1
8,1
9,1
10,3
11,1
12,3
13,3
14,1
15,1
16,3
17,3
18,1
19,3
20,3
21,1
22,1
23,1
24,1
25,3
26,1
27,1
28,3
29,3
30,1
31,1
32,3
33,3
34,1
35,1
36,1
37,1
38,1
39,1
40,1
41,1
42,1
43,1
44,1
45,1
46,1
47,1
48,1
49,1
50,1
51,2
52,3
53,1
54,1
55,1
56,1
57,1
58,1
59,1
60,1
61,1
62,1
63,1
64,1
65,1
66,1
67,1
68,1
69,2
70,3
71,3
72,2
73,1
74,1
75,1
76,1
77,1
78,2
79,2
80,3
81,1
82,4
83,1
84,1
85,1
86,1
87,3
88,2
89,1
90,1
91,1
92,1
93,1
94,1
95,1
96,2
97,1
98,1
99,1
100,1
101,2
102,2
103,1
104,1
105,1
106,1
107,1
108,1
109,1
110,1
111,1
112,1
113,1
114,1
115,3
116,3
117,1
118,1
119,3
120,3
121,1
122,1
123,1
124,1
125,1
126,2
127,1
128,1
129,1
130,1
131,1
132,1
133,3
134,3
135,1
136,1
137,3
138,1
139,1
140,1
141,1
142,1
143,1
144,2
145,3
146,1
147,1
148,1
149,1
150,3
151,2
152,1
153,1
154,1
155,1
156,1
157,1
158,1
159,1
160,1
161,3
162,1
163,1
164,1
165,1
166,1
167,3
168,1
169,1
170,1
171,1
172,1
173,3
174,1
175,3
176,1
177,1
178,1
179,1
180,1
181,1
182,3
183,1
184,1
185,1
186,1
187,1
188,1
189,1
190,3
191,1
192,1
193,1
194,3
195,1
196,1
197,2
198,1
199,1
200,1
201,1
202,1
203,1
204,2
205,2
206,2
207,1
208,1
209,3
210,3
211,3
212,1
213,1
214,1
215,1
216,1
217,1
218,1
219,1
220,1
221,3
222,1
223,2
224,1
225,3
226,3
227,1
228,1
229,1
230,2
231,2
232,3
233,3
234,1
235,1
236,1
237,1
238,3
239,2
240,1
241,1
242,2
243,3
244,1
245,1
246,1
247,1
248,2
249,3
250,2
251,2
252,1
253,1
254,1
255,3
256,1
257,1
258,1
259,2
260,2
261,1
262,1
263,1
264,1
265,3
266,1
267,1
268,1
269,1
270,2
271,1
272,1
273,1
274,2
275,1
276,1
277,1
278,1
279,1
280,2
281,2
282,1
283,1
284,1
285,2
286,1
287,1
288,1
289,1
290,1
291,2
292,1
293,3
294,1
295,1
296,2
297,3
298,1
299,2
300,1
301,1
302,3
303,1
304,1
305,3
306,3
307,1
308,1
309,1
310,1
311,2
312,3
313,1
314,4
315,1
316,2
317,2
318,1
319,3
320,3
321,3
322,3
323,1
324,1
325,1
326,3
327,3
328,3
329,3
330,1
331,1
332,2
333,1
334,1
335,1
336,4
337,1
338,1
339,1
340,1
341,1
342,1
343,1
344,2
345,2
346,1
347,3
348,1
349,1
350,1
351,1
352,1
353,2
354,2
355,2
356,1
357,3
358,3
359,1
360,1
361,2
362,2
363,2
364,1
365,1
366,1
367,2
368,2
369,2
370,2
371,3
372,1
373,1
374,1
375,1
376,1
377,1
378,1
379,2
380,2
381,1
382,2
383,3
384,2
385,3
386,3
387,1
388,2
389,1
390,1
391,1
392,1
393,1
394,2
395,1
396,1
397,1
398,1
399,1
400,1
401,2
402,1
403,1
404,1
405,3
406,3
407,3
408,1
409,3
410,1
411,1
412,1
413,2
414,2
415,2
416,1
417,1
418,1
419,1
420,1
421,1
422,2
423,2
424,2
425,1
426,3
427,1
428,3
429,3
430,1
431,1
432,1
433,2
434,1
435,2
436,1
437,1
438,3
439,3
440,3
441,1
442,1
443,1
444,1
445,1
446,1
447,1
448,1
449,2
450,2
451,1
452,1
453,3
454,2
455,3
456,1
457,1
458,1
459,1
460,1
461,2
462,2
463,2
464,1
465,1
466,1
467,2
468,1
469,2
470,2
471,2
472,2
473,3
474,3
475,3
476,4
477,1
478,1
479,1
480,2
481,1
482,1
483,2
484,2
485,3
486,1
487,2
488,1
489,1
490,1
491,1
492,1
493,1
494,1
495,2
496,2
497,1
498,1
499,1
500,1
501,1
502,1
503,1
504,2
505,1
506,3
507,1
508,1
509,3
510,3
511,1
512,1
513,1
514,1
515,2
516,1
517,1
518,1
519,2
520,2
521,2
522,2
523,2
524,2
525,1
526,1
527,1
528,1
529,2
530,3
531,1
532,1
533,1
534,1
535,2
536,1
537,2
538,3
539,3
540,2
541,3
542,1
543,1
544,2
545,1
546,2
547,2
548,2
549,2
550,2
551,1
552,2
553,1
554,1
555,1
556,1
557,1
558,1
559,1
560,2
561,2
562,3
563,1
564,1
565,1
566,1
567,1
568,2
569,1
570,2
571,1
572,1
573,1
574,1
575,1
576,1
577,2
578,2
579,3
580,3
581,3
582,1
583,1
584,1
585,1
586,1
587,1
588,1
589,1
590,1
591,1
592,1
593,1
594,1
595,1
596,2
597,2
598,2
599,3
600,3
601,3
602,1
603,1
604,1
605,1
606,1
607,1
608,1
609,1
610,1
611,2
612,2
613,2
614,2
615,2
616,3
617,2
618,2
619,1
620,1
621,1
622,1
623,1
624,2
625,2
626,1
627,1
628,2
629,2
630,1
631,1
632,1
633,1
634,1
635,1
636,2
637,1
638,2
639,1
640,2
641,1
642,1
643,2
644,2
645,1
646,1
647,2
648,1
649,1
650,1
651,1
652,1
653,1
654,1
655,1
656,1
657,1
658,2
659,3
660,2
661,1
662,1
663,1
664,1
665,1
666,1
667,2
668,1
669,1
670,1
671,1
672,1
673,3
674,3
675,3
676,4
677,1
678,1
679,1
680,1
681,1
682,4
683,1
684,2
685,1
686,2
687,1
688,1
689,1
690,2
691,2
692,2
693,2
694,2
695,1
696,2
697,2
698,2
699,3
700,1
701,1
702,1
703,1
704,2
705,1
706,2
707,1
708,3
709,2
710,3
711,2
712,1
713,1
714,1
715,1
716,1
717,1
718,1
719,1
720,1
721,1
722,1
723,1
724,1
725,1
726,1
727,1
728,2
729,1
730,2
731,2
732,1
733,1
734,1
735,1
736,1
737,1
738,1
739,2
740,1
741,1
742,1
743,2
744,2
745,1
746,1
747,1
748,1
749,1
750,1
751,1
752,1
753,1
754,1
755,1
756,1
757,1
758,1
759,1
760,1
761,2
762,2
763,2
764,2
765,2
766,2
767,1
768,1
769,1
770,1
771,1
772,1
773,1
774,2
775,3
776,1
777,1
778,1
779,2
780,2
781,3
782,1
783,1
784,1
785,1
786,2
787,1
788,1
789,1
790,1
791,1
792,1
793,1
794,1
795,1
796,1
797,1
798,1
799,1
800,1
801,2
802,2
803,1
804,2
805,1
806,2
807,2
808,2
809,1
810,2
811,1
812,1
813,1
814,2
815,2
816,1
817,2
818,1
819,2
820,2
821,1
822,3
823,1
824,1
825,1
826,1
827,1
828,1
829,1
830,1
831,1
832,1
833,1
834,2
835,1
836,1
837,1
838,2
839,2
840,2
841,2
842,3
843,1
844,1
845,1
846,1
847,1
848,1
849,2
850,1
851,2
852,2
853,1
854,2
855,1
856,2
857,3
858,2
859,3
860,1
861,1
862,1
863,1
864,1
865,1
866,1
867,1
868,1
869,1
870,1
871,1
872,1
873,1
874,1
875,1
876,1
877,2
878,2
879,2
880,2
881,2
882,2
883,2
884,1
885,1
886,2
887,1
888,1
889,3
890,1
891,1
892,1
893,1
894,2
895,2
896,1
897,1
898,1
899,2
900,3
901,1
902,1
903,2
904,2
905,1
906,1
907,1
908,1
909,1
910,1
911,2
912,1
913,1
914,2
915,1
916,3
917,2
918,3
919,1
920,1
921,1
922,1
923,1
924,1
925,1
926,1
927,1
928,2
929,2
930,2
931,3
932,2
933,2
934,2
935,1
936,1
937,1
938,1
939,1
940,1
941,2
942,1
943,1
944,1
945,2
946,2
947,2
948,2
949,3
950,2
951,2
952,2
953,1
954,1
955,1
956,1
957,1
958,1
959,1
960,1
961,1
962,1
963,1
964,1
965,1
966,1
967,2
968,1
969,2
970,1
971,2
972,1
973,3
974,1
975,1
976,1
977,1
978,1
979,1
980,2
981,2
982,1
983,2
984,1
985,2
986,2
987,2
988,2
989,2
990,3
991,3
992,3
993,1
994,1
995,1
996,1
997,1
998,1
999,1
1000,1
1001,1
1002,1
1003,1
1004,1
1005,1
1006,1
1007,1
1008,1
1009,1
1010,2
1011,2
1012,2
1013,2
1014,1
1015,1
1016,1
1017,1
1018,1
1019,1
1020,1
1021,1
1022,1
1023,1
1024,2
1025,2
1026,1
1027,1
1028,2
1029,2
1030,2
1031,3
1032,2
1033,2
1034,2
1035,2
1036,3
1037,2
1038,2
1039,1
1040,1
1041,1
1042,4
1043,1
1044,1
1045,1
1046,2
1047,2
1048,1
1049,1
1050,1
1051,1
1052,1
1053,2
1054,2
1055,2
1056,2
1057,2
1058,1
1059,1
1060,1
1061,4
1062,1
1063,1
1064,1
1065,2
1066,2
1067,2
1068,1
1069,1
1070,1
1071,1
1072,1
1073,3
1074,2
1075,2
1076,2
1077,1
1078,1
1079,1
1080,1
1081,1
1082,1
1083,1
1084,1
1085,1
1086,1
1087,2
1088,1
1089,1
1090,2
1091,2
1092,1
1093,2
1094,1
1095,2
1096,2
1097,1
1098,1
1099,1
1100,1
1101,1
1102,1
1103,1
1104,1
1105,1
1106,1
1107,1
1108,1
1109,1
1110,1
1111,1
1112,1
1113,2
1114,1
1115,2
1116,1
1117,1
1118,2
1119,1
1120,2
1121,1
1122,1
1123,1
1124,1
1125,1
1126,1
1127,1
1128,1
1129,1
1130,1
1131,1
1132,1
1133,1
1134,1
1135,1
1136,1
1137,1
1138,1
1139,1
1140,1
1141,3
1142,2
1143,3
1144,1
1145,1
1146,1
1147,1
1148,1
1149,1
1150,1
1151,1
1152,4
1153,1
1154,1
1155,1
1156,1
1157,1
1158,2
1159,2
1160,1
1161,2
1162,2
1163,2
1164,1
1165,1
1166,1
1167,1
1168,1
1169,1
1170,2
1171,4
1172,1
1173,1
1174,1
1175,1
1176,1
1177,1
1178,1
1179,2
1180,2
1181,2
1182,2
1183,3
1184,2
1185,2
1186,2
1187,2
1188,2
1189,3
1190,2
1191,1
1192,1
1193,3
1194,1
1195,1
1196,1
1197,1
1198,1
1199,1
1200,1
1201,1
1202,1
1203,1
1204,1
1205,1
1206,2
1207,1
1208,1
1209,2
1210,2
1211,2
1212,1
1213,1
1214,1
1215,1
1216,1
1217,1
1218,1
1219,1
1220,1
1221,1
1222,1
1223,1
1224,1
1225,4
1226,1
1227,1
1228,1
1229,2
1230,3
1231,2
1232,2
1233,1
1234,2
1235,2
1236,1
1237,2
1238,2
1239,2
1240,1
1241,1
1242,1
1243,1
1244,1
1245,1
1246,1
1247,1
1248,1
1249,1
1250,1
1251,1
1252,2
1253,2
1254,1
1255,2
1256,3
1257,2
1258,1
1259,1
1260,2
1261,1
1262,1
1263,1
1264,1
1265,1
1266,2
1267,4
1268,1
1269,1
1270,1
1271,1
1272,1
1273,1
1274,1
1275,1
1276,1
1277,2
1278,3
1279,2
1280,2
1281,1
1282,1
1283,1
1284,1
1285,1
1286,1
1287,1
1288,1
1289,1
1290,1
1291,2
1292,1
1293,2
1294,2
1295,3
1296,1
1297,2
1298,1
1299,1
1300,1
1301,1
1302,1
1303,1
1304,1
1305,1
1306,1
1307,1
1308,1
1309,1
1310,1
1311,1
1312,4
1313,1
1314,1
1315,2
1316,2
1317,2
1318,2
1319,2
1320,3
1321,3
1322,1
1323,1
1324,1
1325,1
1326,1
1327,1
1328,1
1329,1
1330,1
1331,1
1332,1
1333,1
1334,1
1335,1
1336,1
1337,2
1338,1
1339,1
1340,1
1341,1
1342,2
1343,1
1344,2
1345,2
1346,2
1347,2
1348,2
1349,1
1350,1
1351,1
1352,2
1353,1
1354,1
1355,1
1356,1
1357,1
1358,1
1359,1
1360,2
1361,2
1362,1
1363,1
1364,1
1365,1
1366,3
1367,1
1368,1
1369,1
1370,1
1371,1
1372,1
1373,1
1374,1
1375,1
1376,1
1377,1
1378,1
1379,1
1380,2
1381,2
1382,1
1383,2
1384,2
1385,2
1386,1
1387,1
1388,1
1389,1
1390,1
1391,2
1392,2
1393,3
1394,2
1395,1
1396,1
1397,1
1398,1
1399,1
1400,1
1401,1
1402,1
1403,1
1404,1
1405,1
1406,2
1407,2
1408,1
1409,1
1410,2
1411,2
1412,1
1413,1
1414,1
1415,1
1416,1
1417,2
1418,1
1419,2
1420,2
1421,2
1422,1
1423,1
1424,1
1425,1
1426,1
1427,2
1428,1
1429,1
1430,1
1431,1
1432,1
1433,2
1434,1
1435,1
1436,1
1437,1
1438,1
1439,1
1440,2
1441,2
1442,1
1443,1
1444,1
1445,1
1446,2
1447,1
1448,1
1449,1
1450,1
1451,1
1452,2
1453,1
1454,2
1455,2
1456,1
1457,1
1458,1
1459,1
1460,1
1461,1
1462,1
1463,1
1464,1
1465,1
1466,1
1467,2
1468,1
1469,1
1470,1
1471,2
1472,1
1473,1
1474,1
1475,2
1476,2
1477,1
1478,1
1479,1
1480,2
1481,2
1482,2
1483,3
1484,2
1485,2
1486,2
1487,3
1488,2
1489,2
1490,2
1491,1
1492,1
1493,1
1494,1
1495,1
1496,1
1497,1
1498,1
1499,1
1500,1
1501,1
1502,1
1503,1
1504,1
1505,1
1506,1
1507,1
1508,3
1509,2
1510,2
1511,3
1512,2
1513,1
1514,1
1515,1
1516,1
1517,1
1518,1
1519,1
1520,1
1521,1
1522,1
1523,1
1524,1
1525,1
1526,1
1527,1
1528,1
1529,1
1530,1
1531,2
1532,2
1533,2
1534,1
1535,1
1536,2
1537,2
1538,1
1539,1
1540,1
1541,1
1542,2
1543,2
1544,2
1545,1
1546,1
1547,1
1548,1
1549,1
1550,1
1551,1
1552,4
1553,1
1554,1
1555,1
1556,1
1557,1
1558,2
1559,1
1560,1
1561,1
1562,1
1563,1
1564,2
1565,1
1566,1
1567,2
1568,1
1569,1
1570,2
1571,1
1572,2
1573,2
1574,1
1575,1
1576,1
1577,1
1578,1
1579,1
1580,1
1581,1
1582,1
1583,1
1584,1
1585,1
1586,1
1587,1
1588,2
1589,1
1590,1
1591,2
1592,1
1593,3
1594,1
1595,1
1596,2
1597,2
1598,2
1599,2
1600,1
1601,1
1602,1
1603,1
1604,1
1605,1
1606,1
1607,1
1608,1
1609,1
1610,1
1611,1
1612,2
1613,2
1614,1
1615,1
1616,1
1617,1
1618,1
1619,1
1620,1
1621,1
1622,2
1623,2
1624,1
1625,3
1626,1
1627,1
1628,1
1629,1
1630,1
1631,1
1632,1
1633,1
1634,1
1635,1
1636,1
1637,1
1638,1
1639,1
1640,1
1641,1
1642,1
1643,1
1644,2
1645,1
1646,1
1647,1
1648,1
1649,2
1650,1
1651,1
1652,1
1653,2
1654,2
1655,2
1656,2
1657,2
1658,2
1659,1
1660,1
1661,1
1662,1
1663,1
1664,1
1665,1
1666,1
1667,1
1668,1
1669,1
1670,1
1671,1
1672,1
1673,1
1674,1
1675,2
1676,1
1677,1
1678,2
1679,2
1680,1
1681,2
1682,2
1683,1
1684,1
1685,2
1686,2
1687,1
1688,1
1689,1
1690,2
1691,2
1692,1
1693,1
1694,2
1695,2
1696,2
1697,2
1698,2
1699,3
1700,2
1701,2
1702,3
1703,1
1704,1
1705,1
1706,1
1707,1
1708,1
1709,1
1710,1
1711,1
1712,2
1713,1
1714,1
1715,1
1716,1
1717,1
1718,4
1719,1
1720,1
1721,1
1722,1
1723,1
1724,1
1725,1
1726,1
1727,1
1728,1
1729,2
1730,1
1731,1
1732,1
1733,2
1734,1
1735,1
1736,2
1737,2
1738,2
1739,2
1740,2
1741,1
1742,2
1743,1
1744,1
1745,1
1746,1
1747,2
1748,1
1749,1
1750,1
1751,1
1752,1
1753,1
1754,1
1755,1
1756,1
1757,1
1758,1
1759,1
1760,1
1761,2
1762,1
1763,1
1764,1
1765,1
1766,1
1767,1
1768,2
1769,1
1770,1
1771,2
1772,2
1773,2
1774,3
1775,2
1776,1
1777,1
1778,1
1779,1
1780,1
1781,1
1782,1
1783,1
1784,1
1785,1
1786,1
1787,1
1788,1
1789,1
1790,1
1791,1
1792,1
1793,1
1794,1
1795,2
1796,1
1797,1
1798,1
1799,1
1800,1
1801,2
1802,3
1803,2
1804,2
1805,3
1806,1
1807,1
1808,1
1809,1
1810,1
1811,1
1812,1
1813,2
1814,1
1815,1
1816,1
1817,1
1818,1
1819,1
1820,1
1821,1
1822,1
1823,1
1824,1
1825,1
1826,1
1827,1
1828,2
1829,1
1830,2
1831,1
1832,2
1833,1
1834,2
1835,2
1836,2
1837,2
1838,2
1839,2
1840,1
1841,1
1842,1
1843,1
1844,1
1845,1
1846,1
1847,1
1848,1
1849,1
1850,1
1851,1
1852,1
1853,1
1854,1
1855,1
1856,1
1857,1
1858,2
1859,1
1860,1
1861,2
1862,1
1863,1
1864,1
1865,2
1866,1
1867,1
1868,2
1869,1
1870,2
1871,2
1872,2
1873,1
1874,1
1875,1
1876,2
1877,1
1878,1
1879,1
1880,1
1881,1
1882,1
1883,1
1884,1
1885,1
1886,1
1887,1
1888,1
1889,1
1890,1
1891,1
1892,4
1893,1
1894,1
1895,2
1896,1
1897,1
1898,1
1899,1
1900,2
1901,1
1902,1
1903,1
1904,1
1905,1
1906,1
1907,2
1908,1
1909,1
1910,1
1911,1
1912,1
1913,1
1914,2
1915,1
1916,2
1917,1
1918,3
1919,3
1920,3
1921,2
1922,2
1923,2
1924,2
1925,2
1926,1
1927,1
1928,1
1929,1
1930,1
1931,1
1932,1
1933,1
1934,1
1935,1
1936,1
1937,1
1938,1
1939,1
1940,1
1941,1
1942,1
1943,1
1944,1
1945,1
1946,1
1947,3
1948,1
1949,1
1950,1
1951,1
1952,1
1953,1
1954,1
1955,1
1956,2
1957,1
1958,1
1959,1
1960,1
1961,1
1962,2
1963,1
1964,1
1965,1
1966,3
1967,2
1968,3
1969,1
1970,1
1971,1
1972,1
1973,1
1974,1
1975,1
1976,1
1977,1
1978,1
1979,1
1980,1
1981,1
1982,1
1983,1
1984,1
1985,1
1986,2
1987,1
1988,1
1989,1
1990,1
1991,1
1992,1
1993,1
1994,1
1995,1
1996,2
1997,2
1998,3
1999,2
2000,3
2001,3
2002,1
2003,2
2004,1
2005,1
2006,1
2007,1
2008,1
2009,1
2010,1
2011,1
2012,1
2013,1
2014,1
2015,1
2016,1
2017,1
2018,2
2019,1
2020,1
2021,1
2022,1
2023,1
2024,1
2025,1
2026,1
2027,1
2028,1
2029,1
2030,1
2031,1
2032,2
2033,3
2034,2
2035,1
2036,2
2037,2
2038,2
2039,2
2040,2
2041,1
2042,1
2043,1
2044,1
2045,1
2046,1
2047,1
2048,1
2049,1
2050,1
2051,2
2052,1
2053,1
2054,1
2055,2
2056,2
2057,1
2058,1
2059,1
2060,2
2061,1
2062,2
2063,1
2064,1
2065,2
2066,2
2067,3
2068,2
2069,2
2070,3
2071,2
2072,1
2073,1
2074,2
2075,1
2076,1
2077,1
2078,1
2079,1
2080,1
2081,2
2082,1
2083,1
2084,1
2085,1
2086,1
2087,1
2088,2
2089,1
2090,1
2091,1
2092,2
2093,2
2094,1
2095,1
2096,1
2097,1
2098,2
2099,2
2100,2
2101,3
2102,2
2103,3
2104,3
2105,3
2106,3
2107,1
2108,1
2109,1
2110,1
2111,4
2112,1
2113,1
2114,1
2115,1
2116,1
2117,4
2118,1
2119,1
2120,1
2121,1
2122,1
2123,2
2124,1
2125,1
2126,1
2127,1
2128,1
2129,1
2130,1
2131,1
2132,1
2133,2
2134,1
2135,2
2136,1
2137,2
2138,2
2139,1
2140,2
2141,3
2142,3
2143,2
2144,2
2145,3
2146,1
2147,1
2148,1
2149,1
2150,1
2151,1
2152,1
2153,1
2154,1
2155,1
2156,1
2157,1
2158,1
2159,1
2160,1
2161,1
2162,1
2163,1
2164,1
2165,1
2166,1
2167,1
2168,1
2169,1
2170,1
2171,4
2172,1
2173,1
2174,2
2175,1
2176,2
2177,1
2178,1
2179,1
2180,1
2181,1
2182,1
2183,1
2184,2
2185,1
2186,2
2187,2
2188,2
2189,3
2190,3
2191,1
2192,1
2193,1
2194,1
2195,1
2196,1
2197,1
2198,2
2199,1
2200,1
2201,1
2202,1
2203,1
2204,1
2205,1
2206,1
2207,1
2208,1
2209,1
2210,1
2211,1
2212,1
2213,2
2214,1
2215,1
2216,1
2217,1
2218,1
2219,1
2220,1
2221,1
2222,2
2223,1
2224,1
2225,2
2226,2
2227,1
2228,2
2229,2
2230,2
2231,2
2232,3
2233,2
2234,1
2235,1
2236,1
2237,1
2238,2
2239,1
2240,1
2241,1
2242,1
2243,1
2244,1
2245,1
2246,1
2247,1
2248,1
2249,1
2250,1
2251,1
2252,1
2253,1
2254,1
2255,1
2256,1
2257,1
2258,1
2259,1
2260,1
2261,1
2262,2
2263,1
2264,2
2265,1
2266,2
2267,2
2268,2
2269,1
2270,1
2271,1
2272,2
2273,1
2274,1
2275,1
2276,1
2277,1
2278,1
2279,1
2280,1
2281,1
2282,1
2283,1
2284,1
2285,1
2286,1
2287,1
2288,1
2289,1
2290,1
2291,1
2292,1
2293,1
2294,1
2295,1
2296,1
2297,1
2298,1
2299,1
2300,2
2301,2
2302,3
2303,1
2304,1
2305,3
2306,2
2307,1
2308,1
2309,1
2310,1
2311,1
2312,1
2313,1
2314,1
2315,1
2316,1
2317,1
2318,2
2319,1
2320,1
2321,1
2322,1
2323,1
2324,1
2325,1
2326,1
2327,1
2328,2
2329,1
2330,2
2331,2
2332,1
2333,1
2334,1
2335,1
2336,1
2337,2
2338,2
2339,2
2340,1
2341,1
2342,1
2343,1
2344,1
2345,1
2346,1
2347,1
2348,1
2349,1
2350,2
2351,1
2352,1
2353,1
2354,1
2355,2
2356,1
2357,1
2358,1
2359,1
2360,1
2361,1
2362,1
2363,2
2364,1
2365,1
2366,1
2367,1
2368,1
2369,1
2370,1
2371,1
2372,2
2373,2
2374,2
2375,2
2376,2
2377,2
2378,2
2379,2
2380,2
2381,3
2382,1
2383,1
2384,1
2385,1
2386,1
2387,1
2388,1
2389,3
2390,1
2391,1
2392,4
2393,1
2394,1
2395,1
2396,1
2397,1
2398,1
2399,1
2400,1
2401,1
2402,2
2403,1
2404,2
2405,1
2406,1
2407,2
2408,1
2409,1
2410,1
2411,1
2412,1
2413,1
2414,3
2415,2
2416,2
2417,2
2418,2
2419,2
2420,1
2421,2
2422,1
2423,1
2424,1
2425,1
2426,1
2427,1
2428,1
2429,1
2430,1
2431,1
2432,1
2433,1
2434,1
2435,1
2436,1
2437,1
2438,1
2439,1
2440,1
2441,1
2442,1
2443,1
2444,1
2445,2
2446,1
2447,1
2448,2
2449,2
2450,2
2451,2
2452,1
2453,1
2454,1
2455,1
2456,1
2457,1
2458,1
2459,1
2460,1
2461,1
2462,1
2463,1
2464,1
2465,1
2466,1
2467,1
2468,1
2469,1
2470,1
2471,1
2472,1
2473,1
2474,1
2475,1
2476,1
2477,4
2478,1
2479,1
2480,1
2481,1
2482,2
2483,1
2484,2
2485,1
2486,1
2487,1
2488,1
2489,1
2490,1
2491,1
2492,1
2493,1
2494,1
2495,2
2496,2
2497,2
2498,3
2499,2
2500,1
2501,1
2502,1
2503,4
2504,1
2505,1
2506,1
2507,1
2508,1
2509,1
2510,1
2511,1
2512,1
2513,1
2514,1
2515,1
2516,1
2517,1
2518,2
2519,1
2520,2
2521,1
2522,1
2523,1
2524,1
2525,2
2526,2
2527,2
2528,2
2529,1
2530,1
2531,1
2532,1
2533,1
2534,1
2535,1
2536,1
2537,1
2538,1
2539,1
2540,1
2541,1
2542,1
2543,4
2544,1
2545,1
2546,1
2547,1
2548,1
2549,1
2550,1
2551,1
2552,1
2553,1
2554,1
2555,1
2556,1
2557,2
2558,2
2559,2
2560,1
2561,2
2562,1
2563,1
2564,1
2565,1
2566,3
2567,2
2568,1
2569,1
2570,1
2571,1
2572,1
2573,1
2574,1
2575,1
2576,1
2577,1
2578,1
2579,1
2580,1
2581,4
2582,1
2583,1
2584,1
2585,1
2586,1
2587,1
2588,1
2589,1
2590,1
2591,1
2592,1
2593,1
2594,1
2595,1
2596,1
2597,1
2598,1
2599,2
2600,1
2601,1
2602,1
2603,1
2604,2
2605,1
2606,1
2607,1
2608,3
2609,1
2610,1
2611,2
2612,2
2613,2
2614,1
2615,1
2616,1
2617,1
2618,1
2619,1
2620,1
2621,1
2622,1
2623,1
2624,1
2625,1
2626,1
2627,1
2628,1
2629,1
2630,1
2631,2
2632,1
2633,1
2634,1
2635,1
2636,1
2637,1
2638,1
2639,1
2640,1
2641,2
2642,2
2643,1
2644,1
2645,1
2646,1
2647,3
2648,2
2649,1
2650,2
2651,2
2652,2
2653,2
2654,2
2655,1
2656,1
2657,1
2658,1
2659,1
2660,1
2661,1
2662,1
2663,1
2664,1
2665,1
2666,1
2667,1
2668,1
2669,1
2670,1
2671,1
2672,1
2673,1
2674,1
2675,1
2676,1
2677,1
2678,1
2679,1
2680,2
2681,1
2682,2
2683,1
2684,1
2685,1
2686,1
2687,2
2688,1
2689,1
2690,1
2691,1
2692,1
2693,2
2694,1
2695,3
2696,2
2697,1
2698,1
2699,1
2700,1
2701,1
2702,1
2703,1
2704,1
2705,1
2706,1
2707,1
2708,1
2709,1
2710,1
2711,1
2712,1
2713,1
2714,1
2715,1
2716,1
2717,1
2718,1
2719,1
2720,1
2721,1
2722,1
2723,1
2724,1
2725,2
2726,2
2727,2
2728,1
2729,1
2730,1
2731,1
2732,1
2733,1
2734,1
2735,1
2736,1
2737,1
2738,1
2739,1
2740,1
2741,1
2742,1
2743,1
2744,1
2745,1
2746,1
2747,1
2748,1
2749,1
2750,1
2751,1
2752,1
2753,1
2754,1
2755,1
2756,1
2757,1
2758,1
2759,1
2760,1
2761,1
2762,1
2763,1
2764,1
2765,2
2766,2
2767,3
2768,2
2769,2
2770,2
2771,3
2772,1
2773,1
2774,1
2775,2
2776,1
2777,1
2778,1
2779,1
2780,2
2781,1
2782,1
2783,1
2784,2
2785,1
2786,1
2787,1
2788,1
2789,1
2790,1
2791,1
2792,1
2793,1
2794,3
2795,2
2796,2
2797,1
2798,1
2799,1
2800,1
2801,1
2802,1
2803,1
2804,1
2805,1
2806,1
2807,1
2808,1
2809,1
2810,1
2811,1
2812,2
2813,1
2814,1
2815,1
2816,1
2817,1
2818,1
2819,1
2820,1
2821,1
2822,1
2823,1
2824,1
2825,1
2826,1
2827,1
2828,1
2829,1
2830,1
2831,1
2832,1
2833,1
2834,1
2835,2
2836,2
2837,2
2838,2
2839,2
2840,2
2841,2
2842,1
2843,1
2844,1
2845,1
2846,1
2847,1
2848,1
2849,1
2850,1
2851,1
2852,1
2853,1
2854,1
2855,1
2856,1
2857,1
2858,1
2859,1
2860,1
2861,1
2862,1
2863,1
2864,1
2865,2
2866,1
2867,2
2868,1
2869,2
2870,2
2871,2
2872,2
2873,1
2874,2
2875,1
2876,1
2877,1
2878,2
2879,3
2880,2
2881,2
2882,2
2883,2
2884,2
2885,2
2886,2
2887,1
2888,1
2889,1
2890,1
2891,1
2892,1
2893,1
2894,1
2895,1
2896,3
2897,1
2898,1
2899,1
2900,1
2901,1
2902,1
2903,1
2904,1
2905,1
2906,1
2907,2
2908,1
2909,1
2910,1
2911,1
2912,1
2913,2
2914,1
2915,1
2916,2
2917,1
2918,1
2919,1
2920,1
2921,1
2922,2
2923,2
2924,1
2925,1
2926,2
2927,1
2928,3
2929,1
2930,1
2931,1
2932,1
2933,1
2934,1
2935,1
2936,1
2937,1
2938,1
2939,1
2940,1
2941,1
2942,1
2943,1
2944,1
2945,1
2946,1
2947,2
2948,1
2949,1
2950,1
2951,1
2952,1
2953,1
2954,1
2955,1
2956,1
2957,1
2958,1
2959,3
2960,2
2961,2
2962,2
2963,3
2964,2
2965,2
2966,1
2967,1
2968,1
2969,1
2970,1
2971,1
2972,1
2973,1
2974,1
2975,1
2976,1
2977,1
2978,1
2979,1
2980,1
2981,1
2982,1
2983,1
2984,1
2985,1
2986,1
2987,1
2988,1
2989,1
2990,1
2991,1
2992,1
2993,1
2994,2
2995,2
2996,1
2997,1
2998,1
2999,1
3000,1
3001,1
3002,1
3003,1
3004,1
3005,1
3006,1
3007,2
3008,2
3009,2
3010,3
3011,1
3012,1
3013,1
3014,1
3015,1
3016,1
3017,1
3018,1
3019,1
3020,1
3021,1
3022,1
3023,1
3024,1
3025,1
3026,1
3027,1
3028,1
3029,1
3030,1
3031,1
3032,1
3033,1
3034,1
3035,1
3036,1
3037,1
3038,1
3039,1
3040,1
3041,1
3042,1
3043,1
3044,1
3045,2
3046,1
3047,1
3048,2
3049,1
3050,1
3051,1
3052,1
3053,1
3054,1
3055,1
3056,1
3057,1
3058,1
3059,1
3060,2
3061,3
3062,3
3063,2
3064,2
3065,2
3066,1
3067,1
3068,1
3069,1
3070,1
3071,1
3072,1
3073,1
3074,1
3075,1
3076,1
3077,1
3078,1
3079,1
3080,1
3081,1
3082,1
3083,1
3084,1
3085,1
3086,1
3087,2
3088,1
3089,1
3090,1
3091,2
3092,2
3093,1
3094,1
3095,1
3096,1
3097,1
3098,3
3099,2
3100,1
3101,1
3102,2
3103,2
3104,1
3105,1
3106,1
3107,1
3108,1
3109,1
3110,1
3111,1
3112,1
3113,1
3114,1
3115,1
3116,1
3117,1
3118,1
3119,1
3120,1
3121,1
3122,1
3123,1
3124,1
3125,1
3126,2
3127,1
3128,1
3129,1
3130,1
3131,1
3132,1
3133,2
3134,1
3135,1
3136,2
3137,1
3138,1
3139,1
3140,1
3141,2
3142,1
3143,2
3144,2
3145,2
3146,2
3147,2
3148,2
3149,1
3150,1
3151,1
3152,1
3153,1
3154,1
3155,1
3156,1
3157,1
3158,1
3159,1
3160,1
3161,1
3162,1
3163,1
3164,1
3165,1
3166,1
3167,1
3168,1
3169,1
3170,1
3171,2
3172,1
3173,1
3174,1
3175,1
3176,1
3177,1
3178,1
3179,1
3180,1
3181,2
3182,1
3183,1
3184,1
3185,1
3186,1
3187,1
3188,1
3189,1
3190,1
3191,1
3192,3
3193,1
3194,2
3195,2
3196,2
3197,2
3198,3
3199,1
3200,1
3201,2
3202,1
3203,1
3204,1
3205,1
3206,1
3207,1
3208,1
3209,1
3210,1
3211,1
3212,1
3213,1
3214,1
3215,1
3216,1
3217,1
3218,1
3219,1
3220,1
3221,1
3222,1
3223,1
3224,1
3225,1
3226,1
3227,1
3228,1
3229,2
3230,1
3231,1
3232,1
3233,1
3234,1
3235,2
3236,1
3237,2
3238,3
3239,2
3240,1
3241,1
3242,1
3243,1
3244,1
3245,1
3246,1
3247,1
3248,1
3249,1
3250,1
3251,1
3252,1
3253,1
3254,1
3255,1
3256,1
3257,1
3258,1
3259,1
3260,1
3261,1
3262,1
3263,1
3264,1
3265,2
3266,1
3267,1
3268,1
3269,1
3270,1
3271,1
3272,2
3273,2
3274,2
3275,1
3276,1
3277,2
3278,1
3279,1
3280,1
3281,1
3282,1
3283,2
3284,1
3285,2
3286,1
3287,1
3288,1
3289,1
3290,1
3291,1
3292,2
3293,1
3294,1
3295,1
3296,1
3297,1
3298,1
3299,1
3300,1
3301,1
3302,1
3303,1
3304,1
3305,1
3306,1
3307,1
3308,1
3309,1
3310,1
3311,1
3312,1
3313,1
3314,1
3315,1
3316,1
3317,1
3318,1
3319,2
3320,1
3321,1
3322,1
3323,1
3324,1
3325,1
3326,2
3327,1
3328,2
3329,1
3330,1
3331,2
3332,2
3333,2
3334,1
3335,1
3336,1
3337,1
3338,1
3339,1
3340,1
3341,1
3342,1
3343,3
3344,1
3345,1
3346,1
3347,1
3348,1
3349,1
3350,2
3351,1
3352,1
3353,1
3354,1
3355,1
3356,1
3357,1
3358,1
3359,1
3360,1
3361,1
3362,1
3363,2
3364,1
3365,1
3366,1
3367,1
3368,1
3369,1
3370,1
3371,1
3372,1
3373,1
3374,1
3375,2
3376,2
3377,3
3378,3
3379,1
3380,3
3381,2
3382,2
3383,3
3384,1
3385,1
3386,1
3387,1
3388,1
3389,1
3390,1
3391,1
3392,1
3393,1
3394,1
3395,1
3396,3
3397,1
3398,1
3399,1
3400,1
3401,1
3402,1
3403,1
3404,2
3405,2
3406,1
3407,1
3408,1
3409,1
3410,1
3411,1
3412,1
3413,2
3414,1
3415,2
3416,2
3417,1
3418,2
3419,1
3420,1
3421,1
3422,1
3423,1
3424,1
3425,1
3426,1
3427,1
3428,1
3429,1
3430,1
3431,1
3432,1
3433,1
3434,1
3435,1
3436,1
3437,1
3438,1
3439,1
3440,1
3441,1
3442,1
3443,1
3444,1
3445,1
3446,1
3447,1
3448,1
3449,2
3450,1
3451,1
3452,1
3453,1
3454,1
3455,1
3456,1
3457,1
3458,1
3459,1
3460,1
3461,1
3462,1
3463,1
3464,1
3465,1
3466,1
3467,1
3468,1
3469,1
3470,1
3471,1
3472,2
3473,1
3474,1
3475,1
3476,1
3477,2
3478,2
3479,2
3480,2
3481,2
3482,1
3483,1
3484,1
3485,1
3486,1
3487,1
3488,1
3489,1
3490,1
3491,1
3492,1
3493,1
3494,1
3495,1
3496,1
3497,1
3498,1
3499,1
3500,1
3501,1
3502,1
3503,1
3504,1
3505,1
3506,2
3507,1
3508,1
3509,1
3510,2
3511,2
3512,1
3513,1
3514,2
3515,2
3516,3
3517,1
3518,1
3519,1
3520,1
3521,1
3522,1
3523,1
3524,1
3525,1
3526,1
3527,1
3528,1
3529,1
3530,1
3531,1
3532,1
3533,1
3534,1
3535,1
3536,2
3537,1
3538,1
3539,1
3540,1
3541,1
3542,1
3543,1
3544,1
3545,1
3546,1
3547,1
3548,1
3549,2
3550,1
3551,2
3552,1
3553,1
3554,1
3555,1
3556,1
3557,1
3558,1
3559,1
3560,4
3561,1
3562,1
3563,1
3564,1
3565,1
3566,1
3567,1
3568,1
3569,1
3570,1
3571,1
3572,1
3573,1
3574,1
3575,1
3576,1
3577,1
3578,1
3579,1
3580,1
3581,1
3582,1
3583,1
3584,1
3585,2
3586,1
3587,1
3588,2
3589,1
3590,1
3591,2
3592,1
3593,2
3594,2
3595,2
3596,3
3597,1
3598,1
3599,1
3600,1
3601,1
3602,1
3603,1
3604,1
3605,1
3606,1
3607,1
3608,1
3609,1
3610,1
3611,1
3612,1
3613,1
3614,1
3615,1
3616,1
3617,1
3618,1
3619,1
3620,1
3621,1
3622,1
3623,2
3624,1
3625,2
3626,2
3627,1
3628,1
3629,1
3630,1
3631,1
3632,1
3633,2
3634,3
3635,1
3636,2
3637,1
3638,2
3639,1
3640,2
3641,3
3642,2
3643,2
3644,2
3645,2
3646,1
3647,1
3648,2
3649,1
3650,1
3651,1
3652,1
3653,1
3654,1
3655,1
3656,1
3657,1
3658,1
3659,1
3660,1
3661,1
3662,1
3663,1
3664,1
3665,1
3666,1
3667,1
3668,1
3669,1
3670,1
3671,1
3672,1
3673,1
3674,1
3675,2
3676,1
3677,1
3678,1
3679,1
3680,1
3681,1
3682,1
3683,1
3684,1
3685,1
3686,1
3687,1
3688,2
3689,1
3690,1
3691,1
3692,1
3693,2
3694,1
3695,1
3696,2
3697,1
3698,1
3699,2
3700,1
3701,1
3702,3
3703,2
3704,1
3705,1
3706,2
3707,3
3708,1
3709,1
3710,2
3711,1
3712,1
3713,1
3714,1
3715,1
3716,1
3717,1
3718,1
3719,2
3720,1
3721,1
3722,1
3723,1
3724,1
3725,1
3726,1
3727,1
3728,1
3729,1
3730,1
3731,1
3732,1
3733,1
3734,1
3735,1
3736,1
3737,1
3738,1
3739,1
3740,1
3741,3
3742,1
3743,1
3744,1
3745,1
3746,1
3747,1
3748,1
3749,1
3750,1
3751,1
3752,1
3753,1
3754,1
3755,1
3756,1
3757,1
3758,1
3759,1
3760,1
3761,1
3762,1
3763,1
3764,1
3765,1
3766,1
3767,1
3768,2
3769,1
3770,2
3771,2
3772,2
3773,1
3774,1
3775,1
3776,1
3777,1
3778,1
3779,1
3780,1
3781,1
3782,1
3783,1
3784,1
3785,1
3786,1
3787,1
3788,1
3789,1
3790,1
3791,1
3792,1
3793,1
3794,1
3795,1
3796,4
3797,1
3798,1
3799,1
3800,1
3801,1
3802,2
3803,1
3804,1
3805,1
3806,2
3807,2
3808,1
3809,1
3810,1
3811,1
3812,1
3813,1
3814,1
3815,1
3816,1
3817,1
3818,1
3819,1
3820,1
3821,1
3822,2
3823,2
3824,2
3825,2
3826,3
3827,2
3828,2
3829,1
3830,1
3831,1
3832,1
3833,1
3834,1
3835,1
3836,1
3837,1
3838,1
3839,1
3840,1
3841,1
3842,1
3843,1
3844,1
3845,1
3846,1
3847,1
3848,1
3849,1
3850,1
3851,2
3852,2
3853,2
3854,2
3855,1
3856,1
3857,1
3858,1
3859,1
3860,1
3861,1
3862,2
3863,1
3864,1
3865,3
3866,2
3867,1
3868,1
3869,2
3870,1
3871,1
3872,1
3873,1
3874,1
3875,1
3876,1
3877,1
3878,1
3879,1
3880,1
3881,1
3882,1
3883,1
3884,1
3885,1
3886,1
3887,1
3888,1
3889,1
3890,2
3891,1
3892,1
3893,1
3894,1
3895,1
3896,1
3897,1
3898,1
3899,2
3900,1
3901,2
3902,1
3903,1
3904,1
3905,1
3906,1
3907,1
3908,1
3909,1
3910,1
3911,1
3912,1
3913,1
3914,1
3915,1
3916,1
3917,1
3918,1
3919,1
3920,1
3921,1
3922,1
3923,1
3924,1
3925,1
3926,1
3927,1
3928,1
3929,1
3930,1
3931,2
3932,1
3933,1
3934,1
3935,2
3936,1
3937,1
3938,2
3939,1
3940,1
3941,1
3942,1
3943,1
3944,1
3945,1
3946,1
3947,2
3948,2
3949,2
3950,2
3951,2
3952,1
3953,1
3954,4
3955,1
3956,1
3957,1
3958,1
3959,1
3960,1
3961,1
3962,1
3963,1
3964,1
3965,1
3966,1
3967,1
3968,1
3969,1
3970,1
3971,1
3972,2
3973,1
3974,1
3975,1
3976,1
3977,2
3978,1
3979,1
3980,1
3981,1
3982,1
3983,1
3984,1
3985,1
3986,1
3987,2
3988,1
3989,1
3990,1
3991,1
3992,1
3993,2
3994,1
3995,1
3996,1
3997,2
3998,1
3999,1
4000,3
4001,1
4002,1
4003,2
4004,2
4005,2
4006,2
4007,2
4008,3
4009,1
4010,1
4011,1
4012,1
4013,1
4014,1
4015,1
4016,1
4017,1
4018,1
4019,1
4020,1
4021,1
4022,1
4023,1
4024,1
4025,4
4026,1
4027,1
4028,1
4029,2
4030,1
4031,1
4032,1
4033,1
4034,1
4035,3
4036,1
4037,1
4038,1
4039,2
4040,1
4041,1
4042,1
4043,1
4044,1
4045,1
4046,1
4047,1
4048,1
4049,1
4050,1
4051,1
4052,3
4053,1
4054,1
4055,1
4056,1
4057,3
4058,1
4059,1
4060,2
4061,1
4062,2
4063,2
4064,3
4065,1
4066,1
4067,1
4068,1
4069,1
4070,1
4071,1
4072,1
4073,1
4074,1
4075,1
4076,1
4077,1
4078,1
4079,1
4080,1
4081,1
4082,1
4083,1
4084,1
4085,4
4086,1
4087,1
4088,1
4089,1
4090,1
4091,1
4092,1
4093,1
4094,1
4095,1
4096,1
4097,1
4098,2
4099,1
4100,1
4101,2
4102,1
4103,2
4104,1
4105,2
4106,1
4107,1
4108,1
4109,1
4110,2
4111,1
4112,1
4113,1
4114,1
4115,1
4116,1
4117,1
4118,1
4119,1
4120,1
4121,1
4122,1
4123,1
4124,1
4125,1
4126,1
4127,2
4128,1
4129,1
4130,2
4131,1
4132,1
4133,1
4134,1
4135,2
4136,1
4137,1
4138,1
4139,1
4140,1
4141,1
4142,1
4143,1
4144,1
4145,2
4146,1
4147,1
4148,2
4149,1
4150,1
4151,2
4152,2
4153,1
4154,1
4155,1
4156,1
4157,1
4158,1
4159,1
4160,1
4161,1
4162,1
4163,1
4164,1
4165,1
4166,1
4167,1
4168,1
4169,1
4170,1
4171,2
4172,2
4173,1
4174,1
4175,1
4176,1
4177,1
4178,1
4179,1
4180,2
4181,1
4182,1
4183,1
4184,1
4185,1
4186,1
4187,1
4188,1
4189,2
4190,1
4191,2
4192,1
4193,1
4194,1
4195,1
4196,1
4197,1
4198,1
4199,3
4200,3
4201,3
4202,2
4203,3
4204,2
4205,1
4206,1
4207,1
4208,1
4209,1
4210,1
4211,1
4212,1
4213,1
4214,1
4215,1
4216,1
4217,1
4218,1
4219,1
4220,1
4221,4
4222,1
4223,1
4224,1
4225,1
4226,1
4227,1
4228,1
4229,1
4230,1
4231,1
4232,2
4233,1
4234,1
4235,1
4236,1
4237,1
4238,1
4239,1
4240,1
4241,1
4242,1
4243,1
4244,1
4245,1
4246,1
4247,1
4248,2
4249,1
4250,1
4251,2
4252,2
4253,2
4254,2
4255,1
4256,1
4257,1
4258,1
4259,1
4260,1
4261,1
4262,1
4263,1
4264,2
4265,1
4266,1
4267,1
4268,1
4269,1
4270,1
4271,1
4272,1
4273,1
4274,1
4275,1
4276,1
4277,1
4278,1
4279,1
4280,1
4281,2
4282,1
4283,1
4284,1
4285,1
4286,1
4287,1
4288,1
4289,1
4290,1
4291,1
4292,1
4293,1
4294,1
4295,1
4296,2
4297,1
4298,3
4299,1
4300,2
4301,2
4302,2
4303,2
4304,2
4305,1
4306,1
4307,1
4308,1
4309,1
4310,1
4311,1
4312,1
4313,1
4314,1
4315,1
4316,1
4317,1
4318,1
4319,1
4320,1
4321,1
4322,1
4323,1
4324,1
4325,1
4326,1
4327,1
4328,1
4329,1
4330,1
4331,1
4332,1
4333,1
4334,1
4335,2
4336,1
4337,1
4338,1
4339,1
4340,2
4341,1
4342,2
4343,2
4344,1
4345,2
4346,2
4347,2
4348,2
4349,1
4350,1
4351,1
4352,2
4353,4
4354,1
4355,1
4356,1
4357,1
4358,1
4359,1
4360,1
4361,1
4362,1
4363,1
4364,1
4365,1
4366,1
4367,2
4368,1
4369,1
4370,1
4371,1
4372,1
4373,1
4374,1
4375,1
4376,1
4377,1
4378,1
4379,1
4380,1
4381,1
4382,1
4383,1
4384,1
4385,1
4386,1
4387,1
4388,1
4389,1
4390,1
4391,1
4392,1
4393,1
4394,1
4395,1
4396,1
4397,1
4398,1
4399,1
4400,1
4401,1
4402,1
4403,1
4404,1
4405,1
4406,1
4407,1
4408,1
4409,1
4410,1
4411,1
4412,1
4413,3
4414,1
4415,3
4416,1
4417,1
4418,1
4419,2
4420,2
4421,2
4422,1
4423,1
4424,1
4425,1
4426,1
4427,1
4428,1
4429,1
4430,1
4431,1
4432,1
4433,1
4434,1
4435,1
4436,1
4437,1
4438,1
4439,3
4440,1
4441,1
4442,1
4443,1
4444,1
4445,1
4446,1
4447,1
4448,1
4449,1
4450,1
4451,1
4452,1
4453,1
4454,2
4455,1
4456,1
4457,1
4458,2
4459,1
4460,1
4461,1
4462,1
4463,1
4464,1
4465,2
4466,2
4467,1
4468,1
4469,1
4470,1
4471,1
4472,1
4473,1
4474,1
4475,2
4476,1
4477,3
4478,2
4479,2
4480,2
4481,1
4482,1
4483,1
4484,1
4485,1
4486,1
4487,1
4488,1
4489,1
4490,1
4491,1
4492,1
4493,1
4494,1
4495,1
4496,1
4497,1
4498,1
4499,1
4500,1
4501,1
4502,1
4503,1
4504,1
4505,1
4506,2
4507,2
4508,1
4509,1
4510,1
4511,1
4512,1
4513,1
4514,1
4515,1
4516,1
4517,1
4518,2
4519,1
4520,1
4521,1
4522,1
4523,2
4524,1
4525,1
4526,2
4527,2
4528,2
4529,1
4530,1
4531,1
4532,1
4533,1
4534,1
4535,1
4536,1
4537,1
4538,1
4539,1
4540,1
4541,1
4542,1
4543,1
4544,1
4545,2
4546,1
4547,1
4548,1
4549,1
4550,1
4551,1
4552,1
4553,1
4554,1
4555,1
4556,1
4557,2
4558,2
4559,1
4560,1
4561,1
4562,1
4563,1
4564,1
4565,1
4566,2
4567,1
4568,2
4569,1
4570,1
4571,1
4572,1
4573,1
4574,1
4575,1
4576,2
4577,1
4578,2
4579,2
4580,2
4581,1
4582,1
4583,1
4584,1
4585,2
4586,2
4587,2
4588,2
4589,2
4590,1
4591,1
4592,1
4593,1
4594,1
4595,1
4596,1
4597,1
4598,1
4599,1
4600,1
4601,1
4602,1
4603,1
4604,1
4605,1
4606,1
4607,1
4608,1
4609,1
4610,1
4611,1
4612,1
4613,1
4614,1
4615,1
4616,1
4617,1
4618,2
4619,1
4620,1
4621,2
4622,1
4623,1
4624,1
4625,1
4626,1
4627,1
4628,1
4629,1
4630,1
4631,1
4632,1
4633,1
4634,2
4635,1
4636,1
4637,1
4638,1
4639,1
4640,1
4641,1
4642,1
4643,1
4644,2
4645,2
4646,1
4647,1
4648,1
4649,1
4650,1
4651,1
4652,1
4653,1
4654,1
4655,1
4656,1
4657,1
4658,1
4659,1
4660,1
4661,1
4662,1
4663,1
4664,1
4665,1
4666,1
4667,1
4668,1
4669,1
4670,1
4671,1
4672,1
4673,1
4674,1
4675,1
4676,1
4677,2
4678,1
4679,1
4680,1
4681,1
4682,1
4683,1
4684,1
4685,1
4686,1
4687,2
4688,1
4689,1
4690,1
4691,1
4692,1
4693,1
4694,1
4695,1
4696,2
4697,1
4698,1
4699,1
4700,1
4701,2
4702,2
4703,2
4704,2
4705,2
4706,2
4707,2
4708,3
4709,1
4710,1
4711,1
4712,1
4713,1
4714,1
4715,1
4716,1
4717,1
4718,1
4719,1
4720,1
4721,1
4722,1
4723,1
4724,1
4725,1
4726,1
4727,1
4728,1
4729,1
4730,1
4731,1
4732,1
4733,1
4734,1
4735,1
4736,1
4737,1
4738,1
4739,1
4740,1
4741,2
4742,2
4743,1
4744,1
4745,1
4746,1
4747,1
4748,1
4749,1
4750,1
4751,1
4752,1
4753,1
4754,1
4755,1
4756,1
4757,1
4758,1
4759,1
4760,1
4761,1
4762,1
4763,1
4764,1
4765,1
4766,2
4767,1
4768,1
4769,1
4770,2
4771,1
4772,1
4773,1
4774,1
4775,1
4776,1
4777,1
4778,1
4779,1
4780,1
4781,1
4782,1
4783,1
4784,1
4785,1
4786,2
4787,1
4788,1
4789,1
4790,1
4791,1
4792,3
4793,2
4794,1
4795,1
4796,2
4797,2
4798,1
4799,1
4800,1
4801,1
4802,1
4803,2
4804,2
4805,1
4806,1
4807,1
4808,1
4809,1
4810,1
4811,1
4812,1
4813,1
4814,1
4815,1
4816,1
4817,1
4818,1
4819,1
4820,1
4821,1
4822,1
4823,1
4824,1
4825,1
4826,1
4827,1
4828,1
4829,1
4830,2
4831,1
4832,1
4833,1
4834,1
4835,1
4836,2
4837,1
4838,1
4839,1
4840,1
4841,1
4842,1
4843,1
4844,1
4845,2
4846,1
4847,1
4848,1
4849,1
4850,1
4851,1
4852,1
4853,1
4854,1
4855,1
4856,1
4857,2
4858,1
4859,1
4860,3
4861,1
4862,1
4863,2
4864,1
4865,1
4866,1
4867,1
4868,1
4869,1
4870,2
4871,2
4872,2
4873,2
4874,2
4875,2
4876,1
4877,1
4878,1
4879,1
4880,1
4881,1
4882,1
4883,1
4884,1
4885,1
4886,1
4887,1
4888,1
4889,1
4890,1
4891,1
4892,1
4893,1
4894,1
4895,1
4896,1
4897,2
4898,1
4899,1
4900,1
4901,1
4902,1
4903,1
4904,1
4905,1
4906,1
4907,1
4908,1
4909,1
4910,1
4911,1
4912,1
4913,1
4914,1
4915,1
4916,1
4917,1
4918,1
4919,2
4920,1
4921,1
4922,2
4923,2
4924,2
4925,2
4926,3
4927,1
4928,1
4929,1
4930,1
4931,2
4932,1
4933,1
4934,1
4935,1
4936,1
4937,1
4938,1
4939,1
4940,1
4941,1
4942,1
4943,1
4944,1
4945,1
4946,4
4947,1
4948,1
4949,2
4950,1
4951,1
4952,1
4953,1
4954,1
4955,1
4956,1
4957,1
4958,1
4959,1
4960,1
4961,1
4962,1
4963,1
4964,1
4965,1
4966,1
4967,1
4968,1
4969,1
4970,1
4971,1
4972,1
4973,2
4974,1
4975,1
4976,1
4977,2
4978,1
4979,1
4980,1
4981,1
4982,1
4983,2
4984,2
4985,1
4986,1
4987,1
4988,2
4989,2
4990,1
4991,2
4992,2
4993,1
4994,1
4995,1
4996,1
4997,1
4998,1
4999,1
5000,1
5001,1
5002,1
5003,1
5004,2
5005,1
5006,1
5007,1
5008,1
5009,1
5010,1
5011,1
5012,1
5013,1
5014,1
5015,1
5016,1
5017,1
5018,1
5019,1
5020,1
5021,1
5022,1
5023,1
5024,1
5025,1
5026,1
5027,1
5028,1
5029,1
5030,1
5031,1
5032,2
5033,1
5034,1
5035,1
5036,1
5037,1
5038,1
5039,1
5040,1
5041,2
5042,2
5043,2
5044,2
5045,1
5046,1
5047,1
5048,1
5049,1
5050,1
5051,1
5052,1
5053,1
5054,1
5055,1
5056,1
5057,3
5058,1
5059,1
5060,1
5061,1
5062,1
5063,1
5064,1
5065,1
5066,1
5067,1
5068,1
5069,1
5070,1
5071,1
5072,1
5073,1
5074,1
5075,1
5076,1
5077,1
5078,2
5079,2
5080,2
5081,1
5082,1
5083,1
5084,1
5085,1
5086,1
5087,1
5088,1
5089,1
5090,1
5091,1
5092,1
5093,2
5094,1
5095,1
5096,1
5097,3
5098,1
5099,2
5100,1
5101,1
5102,2
5103,2
5104,3
5105,3
5106,1
5107,1
5108,1
5109,1
5110,1
5111,1
5112,1
5113,1
5114,3
5115,1
5116,1
5117,1
5118,1
5119,1
5120,1
5121,1
5122,2
5123,1
5124,1
5125,1
5126,2
5127,1
5128,2
5129,1
5130,1
5131,2
5132,1
5133,1
5134,2
5135,1
5136,1
5137,1
5138,1
5139,1
5140,1
5141,1
5142,1
5143,3
5144,1
5145,2
5146,3
5147,2
5148,2
5149,1
5150,1
5151,1
5152,1
5153,1
5154,1
5155,1
5156,1
5157,1
5158,1
5159,1
5160,2
5161,1
5162,1
5163,1
5164,1
5165,1
5166,1
5167,1
5168,1
5169,1
5170,1
5171,1
5172,1
5173,1
5174,1
5175,1
5176,2
5177,1
5178,1
5179,1
5180,1
5181,1
5182,1
5183,1
5184,2
5185,1
5186,1
5187,2
5188,1
5189,2
5190,1
5191,1
5192,1
5193,1
5194,2
5195,1
5196,1
5197,1
5198,1
5199,2
5200,1
5201,2
5202,2
5203,1
5204,3
5205,2
5206,1
5207,1
5208,1
5209,1
5210,1
5211,1
5212,2
5213,1
5214,1
5215,1
5216,1
5217,1
5218,1
5219,1
5220,1
5221,1
5222,1
5223,1
5224,1
5225,1
5226,1
5227,1
5228,1
5229,2
5230,1
5231,1
5232,1
5233,1
5234,1
5235,1
5236,1
5237,1
5238,1
5239,1
5240,1
5241,1
5242,2
5243,1
5244,1
5245,1
5246,1
5247,1
5248,1
5249,1
5250,1
5251,1
5252,1
5253,1
5254,1
5255,1
5256,1
5257,1
5258,1
5259,1
5260,1
5261,2
5262,1
5263,1
5264,2
5265,2
5266,2
5267,2
5268,2
5269,1
5270,1
5271,1
5272,1
5273,1
5274,1
5275,1
5276,1
5277,1
5278,1
5279,1
5280,1
5281,1
5282,1
5283,1
5284,1
5285,1
5286,1
5287,1
5288,1
5289,1
5290,1
5291,1
5292,1
5293,1
5294,1
5295,1
5296,1
5297,1
5298,2
5299,2
5300,1
5301,1
5302,3
5303,1
5304,1
5305,2
5306,1
5307,1
5308,1
5309,1
5310,1
5311,1
5312,2
5313,1
5314,2
5315,2
5316,2
5317,2
5318,3
5319,1
5320,1
5321,1
5322,1
5323,1
5324,1
5325,1
5326,1
5327,1
5328,1
5329,1
5330,1
5331,1
5332,1
5333,1
5334,1
5335,1
5336,1
5337,1
5338,1
5339,1
5340,1
5341,1
5342,1
5343,1
5344,1
5345,1
5346,1
5347,1
5348,1
5349,1
5350,1
5351,1
5352,1
5353,1
5354,1
5355,1
5356,1
5357,1
5358,1
5359,1
5360,1
5361,1
5362,1
5363,1
5364,1
5365,1
5366,1
5367,1
5368,1
5369,1
5370,1
5371,1
5372,1
5373,1
5374,1
5375,1
5376,1
5377,1
5378,1
5379,1
5380,1
5381,1
5382,3
5383,2
5384,1
5385,2
5386,2
5387,3
5388,2
5389,1
5390,1
5391,1
5392,1
5393,1
5394,1
5395,1
5396,1
5397,1
5398,1
5399,1
5400,1
5401,1
5402,1
5403,1
5404,1
5405,1
5406,1
5407,2
5408,4
5409,1
5410,1
5411,1
5412,1
5413,1
5414,1
5415,1
5416,1
5417,1
5418,1
5419,1
5420,1
5421,1
5422,1
5423,1
5424,1
5425,1
5426,1
5427,2
5428,1
5429,1
5430,1
5431,1
5432,1
5433,1
5434,2
5435,1
5436,1
5437,1
5438,1
5439,2
5440,2
5441,3
5442,1
5443,1
5444,1
5445,2
5446,1
5447,1
5448,1
5449,1
5450,1
5451,1
5452,1
5453,1
5454,1
5455,1
5456,1
5457,1
5458,1
5459,1
5460,4
5461,1
5462,1
5463,1
5464,1
5465,1
5466,2
5467,1
5468,1
5469,1
5470,1
5471,2
5472,1
5473,1
5474,1
5475,1
5476,1
5477,1
5478,1
5479,1
5480,1
5481,1
5482,1
5483,2
5484,1
5485,1
5486,1
5487,1
5488,1
5489,2
5490,1
5491,1
5492,1
5493,1
5494,1
5495,1
5496,1
5497,2
5498,1
5499,1
5500,1
5501,1
5502,1
5503,2
5504,1
5505,1
5506,1
5507,1
5508,1
5509,1
5510,1
5511,3
5512,1
5513,1
5514,1
5515,1
5516,1
5517,1
5518,1
5519,1
5520,1
5521,1
5522,1
5523,1
5524,1
5525,1
5526,1
5527,1
5528,1
5529,1
5530,2
5531,1
5532,1
5533,1
5534,1
5535,1
5536,1
5537,2
5538,1
5539,1
5540,1
5541,1
5542,1
5543,1
5544,1
5545,1
5546,1
5547,1
5548,1
5549,1
5550,1
5551,2
5552,3
5553,1
5554,1
5555,1
5556,1
5557,1
5558,1
5559,1
5560,1
5561,1
5562,1
5563,1
5564,1
5565,1
5566,1
5567,1
5568,1
5569,1
5570,1
5571,1
5572,1
5573,1
5574,4
5575,1
5576,1
5577,1
5578,1
5579,1
5580,1
5581,1
5582,1
5583,1
5584,1
5585,2
5586,2
5587,1
5588,1
5589,1
5590,1
5591,1
5592,1
5593,1
5594,1
5595,3
5596,1
5597,1
5598,1
5599,1
5600,1
5601,1
5602,1
5603,1
5604,3
5605,2
5606,3
5607,1
5608,1
5609,1
5610,1
5611,1
5612,1
5613,1
5614,1
5615,1
5616,1
5617,1
5618,1
5619,1
5620,1
5621,1
5622,1
5623,1
5624,1
5625,1
5626,2
5627,1
5628,1
5629,1
5630,1
5631,1
5632,1
5633,1
5634,1
5635,1
5636,1
5637,1
5638,1
5639,1
5640,1
5641,1
5642,1
5643,1
5644,2
5645,1
5646,1
5647,1
5648,1
5649,2
5650,1
5651,1
5652,1
5653,1
5654,1
5655,1
5656,2
5657,1
5658,1
5659,1
5660,2
5661,1
5662,1
5663,1
5664,1
5665,1
5666,1
5667,1
5668,1
5669,1
5670,1
5671,1
5672,1
5673,1
5674,1
5675,1
5676,1
5677,1
5678,2
5679,1
5680,1
5681,1
5682,2
5683,1
5684,1
5685,1
5686,1
5687,3
5688,1
5689,1
5690,1
5691,1
5692,1
5693,2
5694,3
5695,2
5696,1
5697,1
5698,1
5699,1
5700,1
5701,1
5702,1
5703,1
5704,1
5705,1
5706,1
5707,1
5708,1
5709,1
5710,1
5711,1
5712,1
5713,1
5714,1
5715,1
5716,1
5717,1
5718,1
5719,1
5720,1
5721,1
5722,1
5723,1
5724,1
5725,1
5726,2
5727,1
5728,1
5729,1
5730,2
5731,1
5732,1
5733,1
5734,1
5735,1
5736,2
5737,1
5738,1
5739,1
5740,1
5741,1
5742,1
5743,3
5744,1
5745,1
5746,1
5747,2
5748,1
5749,1
5750,1
5751,1
5752,1
5753,1
5754,1
5755,1
5756,2
5757,3
5758,3
5759,3
5760,1
5761,1
5762,1
5763,1
5764,1
5765,1
5766,1
5767,1
5768,1
5769,1
5770,1
5771,1
5772,1
5773,1
5774,1
5775,1
5776,1
5777,1
5778,1
5779,1
5780,1
5781,1
5782,1
5783,1
5784,1
5785,1
5786,1
5787,1
5788,1
5789,1
5790,1
5791,1
5792,1
5793,3
5794,1
5795,1
5796,2
5797,2
5798,3
5799,1
5800,1
5801,2
5802,3
5803,1
5804,1
5805,1
5806,1
5807,1
5808,1
5809,1
5810,1
5811,1
5812,1
5813,1
5814,1
5815,1
5816,1
5817,1
5818,1
5819,1
5820,2
5821,1
5822,1
5823,1
5824,1
5825,1
5826,1
5827,1
5828,1
5829,1
5830,1
5831,1
5832,1
5833,1
5834,2
5835,1
5836,1
5837,1
5838,1
5839,2
5840,1
5841,1
5842,1
5843,1
5844,1
5845,1
5846,1
5847,1
5848,1
5849,1
5850,1
5851,1
5852,2
5853,1
5854,1
5855,1
5856,1
5857,1
5858,1
5859,1
5860,1
5861,1
5862,1
5863,1
5864,1
5865,1
5866,1
5867,1
5868,1
5869,1
5870,1
5871,1
5872,1
5873,1
5874,1
5875,1
5876,1
5877,1
5878,1
5879,1
5880,1
5881,1
5882,1
5883,1
5884,1
5885,1
5886,1
5887,1
5888,1
5889,1
5890,1
5891,1
5892,1
5893,1
5894,1
5895,1
5896,1
5897,1
5898,1
5899,1
5900,1
5901,1
5902,1
5903,1
5904,1
5905,1
5906,1
5907,1
5908,1
5909,1
5910,1
5911,1
5912,1
5913,1
5914,2
5915,3
5916,1
5917,1
5918,1
5919,1
5920,1
5921,1
5922,1
5923,1
5924,1
5925,1
5926,1
5927,1
5928,1
5929,1
5930,1
5931,1
5932,2
5933,1
5934,2
5935,1
5936,1
5937,1
5938,1
5939,1
5940,1
5941,1
5942,1
5943,1
5944,2
5945,1
5946,1
5947,1
5948,1
5949,1
5950,1
5951,1
5952,2
5953,2
5954,1
5955,1
5956,1
5957,1
5958,1
5959,1
5960,1
5961,1
5962,1
5963,1
5964,1
5965,1
5966,2
5967,1
5968,1
5969,1
5970,1
5971,1
5972,1
5973,2
5974,1
5975,1
5976,1
5977,1
5978,1
5979,1
5980,1
5981,1
5982,1
5983,1
5984,1
5985,1
5986,1
5987,1
5988,1
5989,1
5990,1
5991,1
5992,1
5993,1
5994,1
5995,1
5996,1
5997,1
5998,1
5999,1
6000,1
6001,2
6002,1
6003,1
6004,1
6005,1
6006,1
6007,1
6008,1
6009,1
6010,1
6011,1
6012,1
6013,2
6014,1
6015,2
6016,1
6017,1
6018,1
6019,1
6020,1
6021,1
6022,1
6023,1
6024,2
6025,1
6026,2
6027,1
6028,1
6029,2
6030,1
6031,2
6032,3
6033,2
6034,2
6035,1
6036,1
6037,1
6038,1
6039,1
6040,1
6041,1
6042,1
6043,1
6044,1
6045,1
6046,1
6047,1
6048,1
6049,1
6050,1
6051,1
6052,1
6053,1
6054,1
6055,1
6056,1
6057,2
6058,1
6059,1
6060,1
6061,1
6062,1
6063,1
6064,1
6065,1
6066,1
6067,1
6068,1
6069,1
6070,1
6071,1
6072,1
6073,1
6074,1
6075,1
6076,1
6077,1
6078,1
6079,1
6080,1
6081,2
6082,2
6083,1
6084,1
6085,1
6086,1
6087,1
6088,2
6089,3
6090,2
6091,2
6092,2
6093,3
6094,1
6095,1
6096,1
6097,1
6098,1
6099,1
6100,1
6101,1
6102,1
6103,1
6104,1
6105,1
6106,1
6107,1
6108,1
6109,1
6110,1
6111,1
6112,1
6113,1
6114,1
6115,1
6116,1
6117,1
6118,1
6119,1
6120,1
6121,1
6122,1
6123,1
6124,1
6125,1
6126,1
6127,1
6128,1
6129,2
6130,1
6131,1
6132,1
6133,2
6134,1
6135,1
6136,1
6137,1
6138,1
6139,1
6140,1
6141,1
6142,1
6143,1
6144,1
6145,1
6146,1
6147,2
6148,1
6149,1
6150,1
6151,1
6152,1
6153,1
6154,1
6155,1
6156,1
6157,1
6158,1
6159,1
6160,1
6161,1
6162,1
6163,1
6164,1
6165,2
6166,1
6167,1
6168,1
6169,3
6170,2
6171,3
6172,3
6173,1
6174,1
6175,1
6176,1
6177,1
6178,1
6179,1
6180,1
6181,1
6182,1
6183,1
6184,1
6185,1
6186,2
6187,1
6188,1
6189,1
6190,1
6191,1
6192,1
6193,1
6194,1
6195,1
6196,1
6197,1
6198,1
6199,1
6200,2
6201,1
6202,1
6203,1
6204,1
6205,1
6206,1
6207,1
6208,1
6209,1
6210,1
6211,1
6212,1
6213,1
6214,1
6215,1
6216,1
6217,1
6218,1
6219,1
6220,1
6221,2
6222,1
6223,1
6224,2
6225,2
6226,2
6227,2
6228,3
6229,3
6230,1
6231,1
6232,1
6233,1
6234,1
6235,1
6236,1
6237,1
6238,1
6239,1
6240,1
6241,1
6242,1
6243,1
6244,1
6245,1
6246,1
6247,1
6248,1
6249,1
6250,1
6251,1
6252,1
6253,1
6254,1
6255,1
6256,1
6257,2
6258,1
6259,1
6260,1
6261,2
6262,1
6263,1
6264,1
6265,1
6266,1
6267,2
6268,1
6269,1
6270,1
6271,1
6272,2
6273,1
6274,1
6275,1
6276,1
6277,1
6278,1
6279,1
6280,1
6281,1
6282,1
6283,1
6284,1
6285,1
6286,1
6287,1
6288,1
6289,1
6290,1
6291,1
6292,1
6293,1
6294,1
6295,1
6296,1
6297,1
6298,1
6299,1
6300,1
6301,1
6302,1
6303,1
6304,1
6305,1
6306,1
6307,1
6308,1
6309,1
6310,1
6311,1
6312,1
6313,1
6314,1
6315,1
6316,1
6317,1
6318,1
6319,1
6320,1
6321,2
6322,1
6323,1
6324,1
6325,1
6326,1
6327,1
6328,1
6329,1
6330,1
6331,1
6332,1
6333,1
6334,1
6335,1
6336,1
6337,1
6338,1
6339,2
6340,1
6341,1
6342,2
6343,3
6344,2
6345,2
6346,2
6347,3
6348,1
6349,1
6350,1
6351,1
6352,1
6353,1
6354,1
6355,1
6356,1
6357,1
6358,4
6359,1
6360,4
6361,1
6362,1
6363,1
6364,1
6365,1
6366,1
6367,1
6368,1
6369,1
6370,1
6371,1
6372,1
6373,1
6374,1
6375,1
6376,1
6377,1
6378,1
6379,1
6380,1
6381,1
6382,1
6383,1
6384,1
6385,1
6386,1
6387,1
6388,1
6389,1
6390,1
6391,1
6392,2
6393,2
6394,1
6395,1
6396,1
6397,1
6398,2
6399,2
6400,2
6401,2
6402,3
6403,3
6404,1
6405,1
6406,1
6407,4
6408,1
6409,1
6410,1
6411,1
6412,1
6413,1
6414,1
6415,1
6416,1
6417,1
6418,1
6419,1
6420,1
6421,1
6422,3
6423,1
6424,1
6425,1
6426,1
6427,1
6428,1
6429,1
6430,2
6431,1
6432,1
6433,1
6434,1
6435,1
6436,2
6437,1
6438,1
6439,1
6440,2
6441,1
6442,1
6443,1
6444,2
6445,1
6446,1
6447,3
6448,1
6449,1
6450,1
6451,1
6452,1
6453,1
6454,1
6455,1
6456,1
6457,3
6458,2
6459,1
6460,2
6461,2
6462,3
6463,1
6464,1
6465,1
6466,1
6467,1
6468,1
6469,2
6470,1
6471,1
6472,1
6473,1
6474,1
6475,1
6476,1
6477,1
6478,1
6479,2
6480,1
6481,1
6482,1
6483,1
6484,1
6485,1
6486,1
6487,1
6488,1
6489,1
6490,1
6491,1
6492,1
6493,1
6494,1
6495,1
6496,1
6497,1
6498,1
6499,1
6500,1
6501,1
6502,1
6503,1
6504,1
6505,1
6506,1
6507,1
6508,2
6509,2
6510,1
6511,1
6512,1
6513,1
6514,1
6515,1
6516,1
6517,1
6518,1
6519,1
6520,1
6521,1
6522,1
6523,1
6524,1
6525,1
6526,1
6527,1
6528,2
6529,1
6530,2
6531,1
6532,1
6533,1
6534,1
6535,1
6536,1
6537,1
6538,1
6539,1
6540,1
6541,1
6542,1
6543,1
6544,2
6545,1
6546,1
6547,1
6548,1
6549,1
6550,1
6551,1
6552,1
6553,1
6554,1
6555,1
6556,1
6557,1
6558,1
6559,1
6560,1
6561,1
6562,1
6563,1
6564,1
6565,1
6566,1
6567,1
6568,2
6569,1
6570,1
6571,1
6572,1
6573,2
6574,1
6575,2
6576,2
6577,3
6578,1
6579,1
6580,2
6581,1
6582,1
6583,1
6584,1
6585,1
6586,1
6587,1
6588,2
6589,1
6590,1
6591,1
6592,1
6593,1
6594,1
6595,1
6596,1
6597,1
6598,1
6599,1
6600,1
6601,1
6602,1
6603,1
6604,1
6605,1
6606,1
6607,1
6608,1
6609,1
6610,1
6611,1
6612,1
6613,1
6614,1
6615,2
6616,1
6617,1
6618,1
6619,1
6620,2
6621,1
6622,1
6623,1
6624,1
6625,1
6626,2
6627,2
6628,1
6629,4
6630,1
6631,1
6632,1
6633,1
6634,1
6635,1
6636,1
6637,1
6638,1
6639,2
6640,1
6641,1
6642,1
6643,1
6644,1
6645,1
6646,1
6647,1
6648,1
6649,1
6650,2
6651,1
6652,1
6653,1
6654,1
6655,1
6656,1
6657,1
6658,1
6659,1
6660,1
6661,1
6662,1
6663,1
6664,1
6665,1
6666,1
6667,1
6668,1
6669,1
6670,2
6671,1
6672,2
6673,1
6674,1
6675,1
6676,1
6677,1
6678,1
6679,2
6680,1
6681,2
6682,2
6683,1
6684,1
6685,1
6686,1
6687,1
6688,1
6689,1
6690,1
6691,1
6692,1
6693,1
6694,1
6695,1
6696,1
6697,1
6698,1
6699,1
6700,1
6701,1
6702,1
6703,1
6704,1
6705,1
6706,1
6707,1
6708,1
6709,1
6710,1
6711,1
6712,2
6713,1
6714,1
6715,1
6716,2
6717,2
6718,1
6719,1
6720,1
6721,1
6722,1
6723,1
6724,1
6725,2
6726,1
6727,1
6728,1
6729,1
6730,2
6731,2
6732,2
6733,2
6734,1
6735,1
6736,1
6737,1
6738,1
6739,1
6740,1
6741,1
6742,1
6743,1
6744,1
6745,1
6746,1
6747,1
6748,1
6749,1
6750,1
6751,1
6752,1
6753,1
6754,1
6755,1
6756,1
6757,2
6758,1
6759,1
6760,1
6761,1
6762,1
6763,1
6764,1
6765,1
6766,2
6767,1
6768,1
6769,1
6770,1
6771,1
6772,1
6773,1
6774,1
6775,1
6776,1
6777,1
6778,1
6779,1
6780,1
6781,1
6782,3
6783,2
6784,2
6785,1
6786,1
6787,2
6788,1
6789,2
6790,2
6791,1
6792,1
6793,1
6794,1
6795,1
6796,1
6797,1
6798,1
6799,1
6800,1
6801,1
6802,1
6803,1
6804,1
6805,1
6806,1
6807,1
6808,1
6809,1
6810,1
6811,1
6812,1
6813,2
6814,1
6815,1
6816,1
6817,1
6818,1
6819,1
6820,1
6821,1
6822,1
6823,1
6824,1
6825,1
6826,2
6827,1
6828,1
6829,1
6830,1
6831,2
6832,1
6833,1
6834,1
6835,1
6836,1
6837,1
6838,1
6839,1
6840,1
6841,1
6842,2
6843,2
6844,2
6845,1
6846,2
6847,2
6848,2
6849,2
6850,2
6851,1
6852,1
6853,1
6854,1
6855,1
6856,1
6857,1
6858,1
6859,1
6860,1
6861,1
6862,1
6863,1
6864,1
6865,1
6866,1
6867,1
6868,1
6869,1
6870,1
6871,1
6872,1
6873,1
6874,1
6875,1
6876,1
6877,1
6878,1
6879,1
6880,1
6881,1
6882,1
6883,1
6884,1
6885,1
6886,1
6887,1
6888,1
6889,1
6890,1
6891,1
6892,1
6893,1
6894,1
6895,1
6896,1
6897,1
6898,1
6899,1
6900,1
6901,1
6902,2
6903,2
6904,1
6905,1
6906,1
6907,1
6908,2
6909,2
6910,2
6911,2
6912,1
6913,1
6914,1
6915,1
6916,1
6917,1
6918,1
6919,1
6920,1
6921,1
6922,1
6923,1
6924,1
6925,1
6926,1
6927,1
6928,1
6929,1
6930,1
6931,1
6932,1
6933,1
6934,2
6935,3
6936,1
6937,1
6938,1
6939,1
6940,1
6941,1
6942,1
6943,1
6944,1
6945,1
6946,1
6947,1
6948,1
6949,1
6950,1
6951,1
6952,1
6953,2
6954,1
6955,1
6956,1
6957,2
6958,1
6959,1
6960,2
6961,1
6962,1
6963,1
6964,1
6965,1
6966,2
6967,1
6968,1
6969,1
6970,2
6971,2
6972,1
6973,2
6974,1
6975,1
6976,1
6977,1
6978,1
6979,1
6980,1
6981,1
6982,1
6983,1
6984,1
6985,1
6986,1
6987,1
6988,1
6989,2
6990,1
6991,1
6992,1
6993,1
6994,1
6995,1
6996,1
6997,1
6998,1
6999,1
7000,1
7001,1
7002,1
7003,1
7004,1
7005,1
7006,2
7007,3
7008,1
7009,1
7010,1
7011,2
7012,2
7013,1
7014,1
7015,1
7016,1
7017,1
7018,1
7019,1
7020,1
7021,1
7022,1
7023,1
7024,1
7025,1
7026,1
7027,1
7028,1
7029,1
7030,1
7031,1
7032,2
7033,1
7034,1
7035,1
7036,1
7037,1
7038,1
7039,1
7040,1
7041,1
7042,1
7043,1
7044,1
7045,1
7046,1
7047,1
7048,1
7049,1
7050,1
7051,2
7052,2
7053,1
7054,2
7055,2
7056,2
7057,2
7058,2
7059,3
7060,1
7061,1
7062,1
7063,1
7064,1
7065,1
7066,1
7067,1
7068,1
7069,1
7070,1
7071,1
7072,1
7073,1
7074,1
7075,1
7076,1
7077,1
7078,1
7079,1
7080,1
7081,1
7082,1
7083,1
7084,1
7085,1
7086,1
7087,1
7088,1
7089,1
7090,1
7091,1
7092,1
7093,1
7094,1
7095,1
7096,1
7097,2
7098,1
7099,1
7100,1
7101,1
7102,1
7103,1
7104,1
7105,1
7106,1
7107,1
7108,1
7109,3
7110,1
7111,2
7112,2
7113,1
7114,1
7115,1
7116,1
7117,1
7118,1
7119,1
7120,1
7121,1
7122,1
7123,1
7124,1
7125,1
7126,1
7127,1
7128,1
7129,1
7130,1
7131,1
7132,1
7133,1
7134,1
7135,1
7136,1
7137,1
7138,1
7139,1
7140,1
7141,2
7142,1
7143,2
7144,1
7145,1
7146,1
7147,1
7148,1
7149,1
7150,1
7151,1
7152,1
7153,1
7154,1
7155,1
7156,1
7157,1
7158,1
7159,1
7160,1
7161,1
7162,1
7163,1
7164,1
7165,2
7166,1
7167,2
7168,1
7169,2
7170,2
7171,2
7172,2
7173,1
7174,1
7175,1
7176,1
7177,1
7178,1
7179,1
7180,1
7181,1
7182,1
7183,1
7184,1
7185,1
7186,1
7187,1
7188,1
7189,1
7190,1
7191,1
7192,1
7193,1
7194,1
7195,1
7196,1
7197,1
7198,1
7199,1
7200,1
7201,1
7202,1
7203,1
7204,1
7205,1
7206,1
7207,1
7208,1
7209,1
7210,1
7211,1
7212,1
7213,2
7214,1
7215,1
7216,1
7217,2
7218,1
7219,1
7220,1
7221,1
7222,1
7223,1
7224,1
7225,1
7226,1
7227,1
7228,1
7229,1
7230,1
7231,1
7232,1
7233,1
7234,1
7235,1
7236,1
7237,2
7238,2
7239,1
7240,1
7241,2
7242,1
7243,1
7244,2
7245,1
7246,1
7247,1
7248,2
7249,1
7250,2
7251,2
7252,1
7253,1
7254,1
7255,1
7256,1
7257,1
7258,1
7259,1
7260,1
7261,2
7262,1
7263,1
7264,1
7265,2
7266,1
7267,1
7268,1
7269,1
7270,1
7271,1
7272,1
7273,1
7274,1
7275,1
7276,1
7277,1
7278,1
7279,1
7280,1
7281,1
7282,1
7283,1
7284,1
7285,1
7286,1
7287,1
7288,1
7289,1
7290,1
7291,1
7292,1
7293,2
7294,1
7295,1
7296,1
7297,2
7298,1
7299,3
7300,1
7301,2
7302,1
7303,2
7304,1
7305,1
7306,1
7307,1
7308,3
7309,1
7310,1
7311,2
7312,2
7313,2
7314,2
7315,3
7316,2
7317,1
7318,1
7319,1
7320,1
7321,1
7322,1
7323,1
7324,1
7325,1
7326,2
7327,1
7328,1
7329,1
7330,1
7331,1
7332,3
7333,1
7334,1
7335,1
7336,1
7337,1
7338,1
7339,1
7340,1
7341,1
7342,1
7343,1
7344,1
7345,1
7346,2
7347,2
7348,1
7349,1
7350,1
7351,1
7352,2
7353,2
7354,1
7355,1
7356,1
7357,1
7358,1
7359,1
7360,1
7361,1
7362,1
7363,1
7364,1
7365,1
7366,1
7367,3
7368,1
7369,1
7370,1
7371,1
7372,1
7373,1
7374,1
7375,1
7376,1
7377,1
7378,1
7379,1
7380,1
7381,1
7382,1
7383,1
7384,1
7385,1
7386,1
7387,1
7388,1
7389,1
7390,2
7391,1
7392,1
7393,2
7394,1
7395,1
7396,1
7397,1
7398,1
7399,3
7400,1
7401,3
7402,1
7403,1
7404,1
7405,1
7406,1
7407,1
7408,1
7409,1
7410,1
7411,1
7412,1
7413,2
7414,1
7415,2
7416,1
7417,2
7418,2
7419,2
7420,2
7421,2
7422,2
7423,1
7424,1
7425,1
7426,1
7427,1
7428,1
7429,1
7430,1
7431,1
7432,1
7433,1
7434,1
7435,1
7436,1
7437,1
7438,1
7439,1
7440,1
7441,1
7442,1
7443,1
7444,1
7445,1
7446,2
7447,1
7448,1
7449,1
7450,1
7451,1
7452,1
7453,1
7454,1
7455,1
7456,1
7457,1
7458,1
7459,1
7460,1
7461,1
7462,1
7463,1
7464,1
7465,2
7466,1
7467,1
7468,1
7469,1
7470,1
7471,1
7472,1
7473,1
7474,1
7475,1
7476,1
7477,1
7478,3
7479,1
7480,1
7481,1
7482,2
7483,2
7484,2
7485,2
7486,2
7487,2
7488,2
7489,2
7490,1
7491,1
7492,1
7493,1
7494,1
7495,1
7496,1
7497,1
7498,1
7499,1
7500,1
7501,1
7502,1
7503,1
7504,1
7505,1
7506,1
7507,1
7508,1
7509,1
7510,1
7511,1
7512,1
7513,1
7514,1
7515,1
7516,1
7517,1
7518,1
7519,1
7520,1
7521,1
7522,1
7523,1
7524,1
7525,1
7526,1
7527,1
7528,1
7529,1
7530,1
7531,1
7532,3
7533,1
7534,1
7535,1
7536,1
7537,1
7538,1
7539,1
7540,1
7541,1
7542,1
7543,1
7544,1
7545,2
7546,2
7547,3
7548,1
7549,1
7550,1
7551,1
7552,1
7553,1
7554,1
7555,1
7556,1
7557,1
7558,1
7559,1
7560,1
7561,1
7562,1
7563,1
7564,1
7565,1
7566,1
7567,1
7568,1
7569,1
7570,3
7571,1
7572,1
7573,2
7574,1
7575,1
7576,1
7577,1
7578,1
7579,1
7580,1
7581,2
7582,1
7583,1
7584,2
7585,1
7586,1
7587,1
7588,1
7589,1
7590,1
7591,1
7592,1
7593,1
7594,1
7595,1
7596,1
7597,2
7598,1
7599,1
7600,1
7601,1
7602,1
7603,2
7604,1
7605,2
7606,1
7607,1
7608,2
7609,2
7610,2
7611,1
7612,1
7613,1
7614,1
7615,1
7616,1
7617,1
7618,1
7619,1
7620,1
7621,1
7622,1
7623,1
7624,1
7625,1
7626,1
7627,1
7628,1
7629,1
7630,1
7631,1
7632,1
7633,1
7634,1
7635,1
7636,1
7637,1
7638,1
7639,1
7640,1
7641,1
7642,1
7643,1
7644,1
7645,1
7646,1
7647,1
7648,2
7649,1
7650,1
7651,1
7652,1
7653,1
7654,2
7655,2
7656,1
7657,1
7658,1
7659,1
7660,2
7661,1
7662,2
7663,3
7664,2
7665,2
7666,2
7667,3
7668,3
7669,1
7670,1
7671,1
7672,1
7673,1
7674,1
7675,1
7676,1
7677,1
7678,1
7679,1
7680,1
7681,1
7682,1
7683,1
7684,1
7685,1
7686,1
7687,1
7688,1
7689,1
7690,1
7691,1
7692,1
7693,1
7694,1
7695,1
7696,2
7697,1
7698,1
7699,1
7700,1
7701,1
7702,1
7703,2
7704,1
7705,1
7706,1
7707,1
7708,2
7709,1
7710,2
7711,1
7712,1
7713,2
7714,1
7715,1
7716,1
7717,2
7718,1
7719,2
7720,3
7721,2
7722,2
7723,1
7724,1
7725,1
7726,1
7727,1
7728,1
7729,1
7730,1
7731,1
7732,1
7733,1
7734,1
7735,1
7736,1
7737,1
7738,1
7739,1
7740,1
7741,1
7742,1
7743,1
7744,1
7745,1
7746,1
7747,1
7748,1
7749,1
7750,1
7751,1
7752,1
7753,1
7754,1
7755,2
7756,1
7757,1
7758,1
7759,2
7760,1
7761,1
7762,2
7763,2
7764,1
7765,1
7766,1
7767,1
7768,1
7769,3
7770,2
7771,2
7772,2
7773,2
7774,1
7775,1
7776,1
7777,1
7778,1
7779,1
7780,1
7781,1
7782,2
7783,1
7784,1
7785,1
7786,1
7787,1
7788,1
7789,1
7790,1
7791,1
7792,1
7793,1
7794,1
7795,1
7796,1
7797,1
7798,1
7799,1
7800,1
7801,1
7802,1
7803,1
7804,1
7805,2
7806,1
7807,1
7808,1
7809,1
7810,1
7811,1
7812,1
7813,1
7814,1
7815,3
7816,1
7817,1
7818,2
7819,1
7820,1
7821,1
7822,1
7823,1
7824,1
7825,2
7826,1
7827,1
7828,1
7829,2
7830,2
7831,2
7832,2
7833,1
7834,1
7835,1
7836,1
7837,1
7838,1
7839,1
7840,1
7841,1
7842,1
7843,2
7844,1
7845,1
7846,1
7847,1
7848,1
7849,1
7850,1
7851,1
7852,1
7853,1
7854,1
7855,1
7856,1
7857,1
7858,1
7859,1
7860,1
7861,1
7862,1
7863,1
7864,1
7865,1
7866,1
7867,1
7868,1
7869,1
7870,2
7871,3
7872,1
7873,1
7874,1
7875,1
7876,1
7877,1
7878,1
7879,2
7880,3
7881,1
7882,1
7883,2
7884,1
7885,1
7886,1
7887,1
7888,1
7889,1
7890,1
7891,1
7892,1
7893,1
7894,1
7895,1
7896,1
7897,1
7898,1
7899,1
7900,1
7901,1
7902,1
7903,1
7904,2
7905,1
7906,1
7907,2
7908,1
7909,1
7910,1
7911,1
7912,1
7913,1
7914,1
7915,1
7916,1
7917,1
7918,1
7919,1
7920,1
7921,1
7922,1
7923,1
7924,1
7925,1
7926,3
7927,1
7928,1
7929,1
7930,2
7931,1
7932,1
7933,1
7934,2
7935,3
7936,3
7937,1
7938,1
7939,1
7940,1
7941,1
7942,1
7943,1
7944,1
7945,1
7946,1
7947,1
7948,1
7949,1
7950,1
7951,1
7952,1
7953,1
7954,1
7955,1
7956,1
7957,1
7958,1
7959,1
7960,1
7961,1
7962,1
7963,1
7964,1
7965,1
7966,1
7967,1
7968,1
7969,2
7970,1
7971,1
7972,1
7973,1
7974,1
7975,1
7976,1
7977,1
7978,1
7979,1
7980,1
7981,3
7982,1
7983,1
7984,1
7985,2
7986,1
7987,1
7988,1
7989,1
7990,1
7991,1
7992,1
7993,1
7994,1
7995,1
7996,1
7997,1
7998,1
7999,1
8000,1
8001,1
8002,1
8003,1
8004,1
8005,1
8006,1
8007,1
8008,1
8009,1
8010,1
8011,1
8012,1
8013,1
8014,1
8015,2
8016,1
8017,1
8018,1
8019,2
8020,1
8021,1
8022,1
8023,1
8024,1
8025,1
8026,1
8027,1
8028,1
8029,1
8030,2
8031,1
8032,1
8033,1
8034,2
8035,1
8036,1
8037,1
8038,2
8039,2
8040,2
8041,3
8042,1
8043,1
8044,1
8045,2
8046,1
8047,1
8048,1
8049,1
8050,1
8051,1
8052,1
8053,1
8054,1
8055,1
8056,1
8057,1
8058,1
8059,1
8060,1
8061,1
8062,1
8063,1
8064,1
8065,1
8066,1
8067,1
8068,1
8069,1
8070,1
8071,2
8072,1
8073,1
8074,1
8075,1
8076,1
8077,1
8078,1
8079,1
8080,1
8081,1
8082,2
8083,1
8084,1
8085,1
8086,1
8087,1
8088,1
8089,1
8090,1
8091,1
8092,3
8093,1
8094,1
8095,1
8096,1
8097,1
8098,1
8099,2
8100,1
8101,1
8102,1
8103,2
8104,1
8105,2
8106,2
8107,2
8108,1
8109,1
8110,1
8111,1
8112,1
8113,1
8114,1
8115,1
8116,1
8117,1
8118,1
8119,1
8120,1
8121,1
8122,1
8123,1
8124,1
8125,1
8126,1
8127,1
8128,1
8129,1
8130,1
8131,1
8132,1
8133,1
8134,1
8135,1
8136,1
8137,1
8138,1
8139,1
8140,1
8141,1
8142,1
8143,1
8144,1
8145,1
8146,1
8147,1
8148,1
8149,1
8150,1
8151,1
8152,1
8153,1
8154,1
8155,1
8156,1
8157,1
8158,1
8159,1
8160,1
8161,1
8162,1
8163,1
8164,1
8165,1
8166,2
8167,3
8168,1
8169,1
8170,1
8171,1
8172,1
8173,1
8174,1
8175,1
8176,1
8177,4
8178,1
8179,1
8180,1
8181,1
8182,1
8183,1
8184,1
8185,1
8186,1
8187,1
8188,1
8189,1
8190,1
8191,1
8192,1
8193,2
8194,1
8195,1
8196,1
8197,2
8198,2
8199,1
8200,1
8201,1
8202,1
8203,1
8204,1
8205,1
8206,2
8207,1
8208,1
8209,1
8210,2
8211,1
8212,2
8213,2
8214,1
8215,1
8216,1
8217,1
8218,1
8219,1
8220,1
8221,1
8222,1
8223,1
8224,1
8225,1
8226,1
8227,1
8228,1
8229,1
8230,1
8231,1
8232,1
8233,1
8234,1
8235,1
8236,1
8237,1
8238,1
8239,1
8240,1
8241,1
8242,1
8243,1
8244,1
8245,1
8246,2
8247,1
8248,1
8249,2
8250,1
8251,1
8252,1
8253,2
8254,1
8255,3
8256,2
8257,1
8258,2
8259,2
8260,2
8261,2
8262,1
8263,1
8264,1
8265,1
8266,1
8267,1
8268,1
8269,2
8270,1
8271,1
8272,1
8273,1
8274,1
8275,1
8276,1
8277,1
8278,1
8279,1
8280,1
8281,1
8282,1
8283,1
8284,1
8285,1
8286,2
8287,1
8288,1
8289,1
8290,1
8291,2
8292,1
8293,1
8294,1
8295,1
8296,1
8297,1
8298,1
8299,1
8300,1
8301,1
8302,1
8303,1
8304,1
8305,1
8306,1
8307,1
8308,1
8309,2
8310,1
8311,1
8312,1
8313,1
8314,1
8315,1
8316,1
8317,1
8318,2
8319,1
8320,1
8321,2
8322,2
8323,2
8324,3
8325,1
8326,1
8327,1
8328,1
8329,1
8330,1
8331,1
8332,1
8333,1
8334,1
8335,1
8336,2
8337,1
8338,1
8339,1
8340,1
8341,1
8342,2
8343,1
8344,1
8345,1
8346,1
8347,1
8348,2
8349,2
8350,1
8351,1
8352,1
8353,1
8354,1
8355,1
8356,2
8357,1
8358,1
8359,1
8360,1
8361,1
8362,1
8363,1
8364,1
8365,1
8366,1
8367,1
8368,1
8369,2
8370,1
8371,1
8372,2
8373,1
8374,1
8375,1
8376,2
8377,2
8378,2
8379,2
8380,1
8381,1
8382,1
8383,1
8384,1
8385,1
8386,1
8387,1
8388,1
8389,1
8390,1
8391,1
8392,1
8393,1
8394,1
8395,1
8396,1
8397,1
8398,1
8399,1
8400,1
8401,1
8402,1
8403,1
8404,1
8405,1
8406,1
8407,1
8408,1
8409,1
8410,1
8411,1
8412,1
8413,1
8414,1
8415,1
8416,2
8417,1
8418,2
8419,1
8420,1
8421,1
8422,1
8423,1
8424,1
8425,2
8426,1
8427,1
8428,1
8429,1
8430,1
8431,2
8432,1
8433,1
8434,1
8435,2
8436,1
8437,1
8438,1
8439,1
8440,1
8441,1
8442,1
8443,1
8444,2
8445,2
8446,1
8447,2
8448,2
8449,3
8450,2
8451,2
8452,2
8453,2
8454,2
8455,2
8456,2
8457,2
8458,1
8459,1
8460,1
8461,1
8462,1
8463,1
8464,1
8465,1
8466,1
8467,1
8468,1
8469,1
8470,1
8471,1
8472,1
8473,1
8474,1
8475,1
8476,1
8477,1
8478,1
8479,1
8480,1
8481,1
8482,2
8483,1
8484,2
8485,1
8486,1
8487,1
8488,1
8489,1
8490,1
8491,1
8492,1
8493,1
8494,1
8495,1
8496,1
8497,1
8498,1
8499,1
8500,1
8501,1
8502,1
8503,1
8504,1
8505,1
8506,1
8507,1
8508,1
8509,1
8510,1
8511,1
8512,1
8513,1
8514,1
8515,1
8516,1
8517,1
8518,1
8519,2
8520,3
8521,1
8522,1
8523,1
8524,1
8525,1
8526,1
8527,1
8528,1
8529,1
8530,1
8531,1
8532,1
8533,1
8534,1
8535,1
8536,1
8537,1
8538,1
8539,1
8540,1
8541,1
8542,1
8543,1
8544,1
8545,1
8546,1
8547,1
8548,1
8549,2
8550,1
8551,1
8552,1
8553,1
8554,2
8555,1
8556,1
8557,1
8558,2
8559,1
8560,1
8561,1
8562,1
8563,3
8564,1
8565,1
8566,1
8567,1
8568,1
8569,1
8570,1
8571,1
8572,1
8573,2
8574,1
8575,1
8576,3
8577,2
8578,2
8579,2
8580,2
8581,3
8582,1
8583,1
8584,1
8585,1
8586,1
8587,1
8588,1
8589,1
8590,1
8591,1
8592,1
8593,1
8594,1
8595,1
8596,1
8597,1
8598,1
8599,1
8600,1
8601,1
8602,1
8603,1
8604,1
8605,1
8606,1
8607,1
8608,1
8609,1
8610,1
8611,1
8612,1
8613,1
8614,1
8615,1
8616,1
8617,1
8618,1
8619,1
8620,1
8621,1
8622,1
8623,2
8624,1
8625,1
8626,2
8627,2
8628,2
8629,1
8630,1
8631,1
8632,1
8633,2
8634,1
8635,1
8636,1
8637,1
8638,1
8639,1
8640,1
8641,1
8642,1
8643,1
8644,1
8645,1
8646,1
8647,1
8648,1
8649,1
8650,1
8651,1
8652,1
8653,1
8654,2
8655,1
8656,1
8657,1
8658,1
8659,1
8660,1
8661,1
8662,1
8663,1
8664,1
8665,1
8666,1
8667,1
8668,2
8669,1
8670,1
8671,1
8672,1
8673,1
8674,1
8675,1
8676,1
8677,1
8678,1
8679,1
8680,1
8681,3
8682,2
8683,1
8684,1
8685,1
8686,1
8687,1
8688,1
8689,1
8690,1
8691,1
8692,1
8693,1
8694,1
8695,1
8696,2
8697,1
8698,1
8699,1
8700,1
8701,1
8702,2
8703,1
8704,1
8705,1
8706,1
8707,1
8708,1
8709,1
8710,1
8711,1
8712,1
8713,2
8714,1
8715,1
8716,1
8717,1
8718,2
8719,1
8720,1
8721,3
8722,2
8723,1
8724,1
8725,1
8726,3
8727,1
8728,1
8729,1
8730,1
8731,2
8732,1
8733,2
8734,1
8735,2
8736,3
8737,2
8738,1
8739,1
8740,1
8741,1
8742,1
8743,1
8744,1
8745,1
8746,1
8747,2
8748,1
8749,1
8750,1
8751,1
8752,1
8753,1
8754,1
8755,1
8756,1
8757,1
8758,1
8759,1
8760,1
8761,1
8762,1
8763,1
8764,1
8765,1
8766,1
8767,2
8768,1
8769,1
8770,1
8771,1
8772,1
8773,1
8774,1
8775,1
8776,1
8777,1
8778,1
8779,1
8780,1
8781,1
8782,2
8783,1
8784,1
8785,1
8786,2
8787,1
8788,2
8789,1
8790,1
8791,1
8792,1
8793,1
8794,1
8795,1
8796,1
8797,2
8798,2
8799,1
8800,2
8801,1
8802,3
8803,2
8804,2
8805,1
8806,1
8807,1
8808,1
8809,1
8810,1
8811,1
8812,1
8813,1
8814,1
8815,1
8816,1
8817,1
8818,1
8819,1
8820,1
8821,1
8822,1
8823,1
8824,1
8825,1
8826,1
8827,1
8828,1
8829,1
8830,1
8831,1
8832,1
8833,1
8834,1
8835,1
8836,1
8837,1
8838,1
8839,1
8840,2
8841,1
8842,1
8843,1
8844,1
8845,1
8846,1
8847,1
8848,1
8849,1
8850,1
8851,1
8852,1
8853,1
8854,1
8855,2
8856,1
8857,1
8858,1
8859,1
8860,1
8861,1
8862,1
8863,3
8864,2
8865,2
8866,2
8867,1
8868,1
8869,1
8870,1
8871,1
8872,1
8873,1
8874,1
8875,1
8876,1
8877,1
8878,1
8879,1
8880,1
8881,1
8882,1
8883,1
8884,1
8885,1
8886,1
8887,1
8888,1
8889,1
8890,1
8891,1
8892,1
8893,1
8894,1
8895,1
8896,1
8897,1
8898,1
8899,1
8900,2
8901,1
8902,1
8903,1
8904,2
8905,1
8906,1
8907,1
8908,1
8909,1
8910,1
8911,1
8912,1
8913,1
8914,1
8915,3
8916,1
8917,1
8918,2
8919,2
8920,1
8921,1
8922,2
8923,3
8924,2
8925,2
8926,1
8927,1
8928,1
8929,1
8930,1
8931,1
8932,1
8933,1
8934,2
8935,1
8936,1
8937,1
8938,1
8939,1
8940,1
8941,4
8942,1
8943,1
8944,1
8945,1
8946,1
8947,1
8948,1
8949,1
8950,1
8951,1
8952,1
8953,1
8954,1
8955,1
8956,1
8957,1
8958,1
8959,1
8960,1
8961,1
8962,1
8963,1
8964,1
8965,1
8966,1
8967,1
8968,1
8969,1
8970,1
8971,1
8972,1
8973,1
8974,1
8975,1
8976,2
8977,3
8978,1
8979,1
8980,1
8981,2
8982,2
8983,1
8984,1
8985,2
8986,1
8987,1
8988,1
8989,1
8990,1
8991,1
8992,2
8993,1
8994,1
8995,1
8996,1
8997,1
8998,1
8999,1
9000,1
9001,1
9002,1
9003,2
9004,1
9005,1
9006,1
9007,1
9008,1
9009,1
9010,1
9011,1
9012,1
9013,1
9014,1
9015,1
9016,1
9017,1
9018,1
9019,1
9020,1
9021,1
9022,1
9023,1
9024,1
9025,1
9026,1
9027,1
9028,1
9029,1
9030,1
9031,2
9032,1
9033,1
9034,1
9035,1
9036,2
9037,1
9038,1
9039,2
9040,1
9041,1
9042,2
9043,3
9044,2
9045,2
9046,2
9047,2
9048,3
9049,1
9050,1
9051,1
9052,1
9053,1
9054,1
9055,1
9056,1
9057,1
9058,1
9059,1
9060,1
9061,1
9062,1
9063,1
9064,1
9065,1
9066,1
9067,1
9068,1
9069,1
9070,1
9071,1
9072,1
9073,1
9074,1
9075,1
9076,1
9077,1
9078,1
9079,1
9080,1
9081,1
9082,1
9083,1
9084,1
9085,1
9086,1
9087,1
9088,1
9089,3
9090,2
9091,3
9092,2
9093,2
9094,3
9095,1
9096,1
9097,1
9098,1
9099,1
9100,1
9101,1
9102,1
9103,1
9104,1
9105,1
9106,1
9107,1
9108,1
9109,1
9110,1
9111,1
9112,1
9113,1
9114,1
9115,1
9116,1
9117,2
9118,1
9119,1
9120,1
9121,1
9122,1
9123,1
9124,1
9125,1
9126,1
9127,1
9128,1
9129,1
9130,1
9131,1
9132,1
9133,1
9134,1
9135,1
9136,1
9137,1
9138,1
9139,2
9140,1
9141,1
9142,1
9143,1
9144,1
9145,3
9146,1
9147,1
9148,2
9149,1
9150,1
9151,3
9152,2
9153,2
9154,2
9155,1
9156,1
9157,1
9158,1
9159,2
9160,1
9161,1
9162,1
9163,1
9164,1
9165,4
9166,1
9167,1
9168,1
9169,1
9170,1
9171,1
9172,1
9173,1
9174,1
9175,1
9176,1
9177,1
9178,1
9179,1
9180,1
9181,1
9182,1
9183,1
9184,1
9185,1
9186,1
9187,2
9188,1
9189,1
9190,1
9191,1
9192,1
9193,1
9194,2
9195,1
9196,1
9197,1
9198,1
9199,1
9200,2
9201,2
9202,2
9203,2
9204,1
9205,1
9206,1
9207,1
9208,1
9209,1
9210,1
9211,1
9212,1
9213,1
9214,1
9215,1
9216,1
9217,1
9218,1
9219,1
9220,1
9221,1
9222,1
9223,1
9224,1
9225,1
9226,1
9227,1
9228,1
9229,1
9230,1
9231,2
9232,1
9233,1
9234,1
9235,2
9236,2
9237,1
9238,1
9239,2
9240,1
9241,1
9242,1
9243,1
9244,1
9245,1
9246,1
9247,1
9248,1
9249,1
9250,1
9251,1
9252,1
9253,1
9254,1
9255,1
9256,1
9257,1
9258,1
9259,1
9260,1
9261,1
9262,1
9263,1
9264,1
9265,1
9266,1
9267,1
9268,3
9269,1
9270,2
9271,1
9272,2
9273,1
9274,1
9275,1
9276,1
9277,1
9278,1
9279,1
9280,1
9281,1
9282,1
9283,1
9284,1
9285,1
9286,1
9287,1
9288,1
9289,1
9290,2
9291,1
9292,1
9293,1
9294,1
9295,1
9296,1
9297,2
9298,1
9299,1
9300,1
9301,1
9302,1
9303,1
9304,1
9305,1
9306,2
9307,1
9308,1
9309,1
9310,1
9311,1
9312,1
9313,1
9314,1
9315,1
9316,1
9317,1
9318,1
9319,1
9320,1
9321,1
9322,1
9323,1
9324,1
9325,1
9326,1
9327,1
9328,2
9329,1
9330,1
9331,2
9332,2
9333,2
9334,1
9335,1
9336,1
9337,1
9338,1
9339,1
9340,1
9341,4
9342,1
9343,1
9344,1
9345,1
9346,1
9347,1
9348,1
9349,1
9350,2
9351,1
9352,1
9353,1
9354,1
9355,1
9356,1
9357,1
9358,1
9359,1
9360,1
9361,1
9362,1
9363,1
9364,1
9365,1
9366,1
9367,1
9368,1
9369,1
9370,1
9371,2
9372,1
9373,1
9374,1
9375,1
9376,1
9377,1
9378,1
9379,1
9380,1
9381,1
9382,1
9383,1
9384,1
9385,1
9386,1
9387,1
9388,1
9389,1
9390,1
9391,1
9392,1
9393,1
9394,1
9395,1
9396,1
9397,3
9398,2
9399,2
9400,1
9401,1
9402,1
9403,1
9404,1
9405,1
9406,1
9407,1
9408,1
9409,1
9410,1
9411,1
9412,1
9413,1
9414,1
9415,1
9416,1
9417,1
9418,1
9419,1
9420,1
9421,2
9422,1
9423,1
9424,1
9425,1
9426,1
9427,1
9428,1
9429,1
9430,1
9431,1
9432,1
9433,1
9434,1
9435,1
9436,1
9437,2
9438,1
9439,1
9440,1
9441,1
9442,2
9443,1
9444,1
9445,2
9446,1
9447,1
9448,1
9449,1
9450,1
9451,1
9452,1
9453,1
9454,1
9455,3
9456,1
9457,1
9458,3
9459,1
9460,1
9461,1
9462,1
9463,1
9464,3
9465,1
9466,2
9467,2
9468,2
9469,2
9470,3
9471,3
9472,1
9473,1
9474,1
9475,1
9476,1
9477,1
9478,4
9479,1
9480,1
9481,1
9482,2
9483,1
9484,1
9485,1
9486,2
9487,1
9488,1
9489,1
9490,1
9491,1
9492,1
9493,1
9494,1
9495,1
9496,1
9497,2
9498,1
9499,1
9500,1
9501,1
9502,1
9503,1
9504,2
9505,1
9506,2
9507,1
9508,2
9509,1
9510,2
9511,1
9512,1
9513,1
9514,2
9515,1
9516,1
9517,1
9518,1
9519,1
9520,1
9521,1
9522,2
9523,1
9524,3
9525,2
9526,2
9527,1
9528,1
9529,1
9530,1
9531,1
9532,1
9533,1
9534,1
9535,1
9536,1
9537,1
9538,1
9539,1
9540,1
9541,1
9542,1
9543,1
9544,1
9545,1
9546,1
9547,1
9548,1
9549,1
9550,1
9551,1
9552,1
9553,2
9554,1
9555,1
9556,1
9557,1
9558,1
9559,1
9560,1
9561,1
9562,1
9563,1
9564,1
9565,1
9566,1
9567,2
9568,1
9569,1
9570,1
9571,1
9572,1
9573,1
9574,1
9575,1
9576,1
9577,1
9578,1
9579,1
9580,1
9581,1
9582,1
9583,2
9584,2
9585,1
9586,1
9587,1
9588,1
9589,1
9590,1
9591,1
9592,1
9593,1
9594,1
9595,1
9596,1
9597,1
9598,1
9599,1
9600,1
9601,1
9602,1
9603,1
9604,1
9605,1
9606,2
9607,1
9608,1
9609,2
9610,1
9611,1
9612,1
9613,1
9614,1
9615,1
9616,1
9617,1
9618,1
9619,1
9620,1
9621,1
9622,1
9623,1
9624,1
9625,1
9626,1
9627,1
9628,2
9629,1
9630,1
9631,1
9632,1
9633,2
9634,2
9635,2
9636,2
9637,2
9638,2
9639,2
9640,1
9641,1
9642,1
9643,1
9644,1
9645,1
9646,1
9647,1
9648,1
9649,1
9650,1
9651,1
9652,1
9653,1
9654,1
9655,1
9656,1
9657,1
9658,1
9659,1
9660,1
9661,1
9662,1
9663,1
9664,1
9665,1
9666,1
9667,1
9668,1
9669,2
9670,1
9671,2
9672,1
9673,1
9674,1
9675,1
9676,1
9677,1
9678,2
9679,1
9680,1
9681,1
9682,1
9683,1
9684,1
9685,1
9686,1
9687,1
9688,1
9689,1
9690,1
9691,2
9692,1
9693,3
9694,2
9695,1
9696,1
9697,1
9698,1
9699,1
9700,1
9701,1
9702,1
9703,1
9704,1
9705,1
9706,1
9707,2
9708,1
9709,1
9710,1
9711,1
9712,2
9713,1
9714,1
9715,1
9716,1
9717,1
9718,1
9719,1
9720,1
9721,1
9722,3
9723,3
9724,1
9725,1
9726,1
9727,1
9728,1
9729,1
9730,1
9731,1
9732,1
9733,1
9734,1
9735,1
9736,1
9737,1
9738,1
9739,1
9740,1
9741,1
9742,1
9743,1
9744,1
9745,1
9746,1
9747,1
9748,1
9749,1
9750,1
9751,1
9752,1
9753,1
9754,1
9755,1
9756,1
9757,1
9758,1
9759,1
9760,1
9761,1
9762,2
9763,1
9764,1
9765,1
9766,2
9767,1
9768,1
9769,2
9770,2
9771,1
9772,1
9773,1
9774,1
9775,1
9776,1
9777,2
9778,2
9779,1
9780,1
9781,1
9782,1
9783,1
9784,1
9785,1
9786,1
9787,1
9788,1
9789,3
9790,3
9791,1
9792,2
9793,1
9794,1
9795,1
9796,1
9797,1
9798,1
9799,1
9800,1
9801,1
9802,1
9803,1
9804,1
9805,1
9806,1
9807,1
9808,1
9809,1
9810,1
9811,1
9812,1
9813,1
9814,1
9815,1
9816,1
9817,1
9818,1
9819,1
9820,1
9821,1
9822,1
9823,1
9824,1
9825,1
9826,1
9827,1
9828,1
9829,1
9830,1
9831,1
9832,1
9833,2
9834,1
9835,1
9836,1
9837,1
9838,1
9839,1
9840,1
9841,1
9842,1
9843,1
9844,1
9845,1
9846,1
9847,1
9848,1
9849,1
9850,1
9851,1
9852,1
9853,1
9854,1
9855,1
9856,1
9857,1
9858,1
9859,1
9860,1
9861,1
9862,1
9863,1
9864,1
9865,1
9866,1
9867,1
9868,1
9869,1
9870,1
9871,1
9872,1
9873,1
9874,1
9875,1
9876,1
9877,1
9878,1
9879,1
9880,1
9881,1
9882,1
9883,1
9884,1
9885,1
9886,1
9887,1
9888,1
9889,1
9890,1
9891,1
9892,1
9893,1
9894,1
9895,1
9896,1
9897,1
9898,1
9899,1
9900,3
9901,2
9902,1
9903,1
9904,1
9905,1
9906,1
9907,1
9908,1
9909,1
9910,1
9911,1
9912,1
9913,1
9914,1
9915,1
9916,1
9917,1
9918,1
9919,1
9920,1
9921,1
9922,1
9923,1
9924,1
9925,1
9926,1
9927,3
9928,3
9929,1
9930,1
9931,1
9932,1
9933,1
9934,1
9935,2
9936,1
9937,1
9938,1
9939,1
9940,1
9941,1
9942,1
9943,1
9944,1
9945,1
9946,1
9947,2
9948,1
9949,2
9950,1
9951,1
9952,1
9953,2
9954,1
9955,1
9956,2
9957,3
9958,1
9959,1
9960,1
9961,1
9962,1
9963,1
9964,1
9965,1
9966,2
9967,1
9968,1
9969,2
9970,2
9971,2
9972,1
9973,1
9974,1
9975,1
9976,3
9977,1
9978,3
9979,1
9980,1
9981,3
9982,1
9983,1
9984,1
9985,2
9986,2
9987,1
9988,3
9989,2
9990,2
9991,2
9992,2
9993,2
9994,2
9995,2
9996,2
9997,2
9998,2
9999,2
10000,2
10001,2
10002,2
10003,2
10004,2
10005,2
10006,2
10007,2
10008,2
10009,2
10010,1
10011,1
10012,1
10013,1
10014,1
10015,2
10016,1
10017,1
10018,1
10019,1
10020,1
10021,1
10022,1
10023,1
10024,1
10025,1
10026,1
10027,1
10028,1
10029,1
10030,1
10031,1
10032,1
10033,1
10034,1
10035,1
10036,1
10037,1
10038,1
10039,1
10040,1
10041,1
10042,2
10043,2
10044,2
10045,3
10046,2
10047,2
10048,2
10049,2
10050,2
10051,1
10052,1
10053,1
10054,1
10055,1
10056,1
10057,1
10058,1
10059,1
10060,1
10061,1
10062,1
10063,1
10064,1
10065,1
10066,1
10067,1
10068,1
10069,1
10070,1
10071,1
10072,1
10073,1
10074,1
10075,1
10076,1
10077,1
10078,1
10079,1
10080,1
10081,1
10082,1
10083,1
10084,1
10085,1
10086,1
10087,1
10088,1
10089,1
10090,1
10091,1
10092,1
10093,1
10094,1
10095,1
10096,1
10097,1
10098,1
10099,1
10100,1
10101,1
10102,1
10103,1
10104,1
10105,1
10106,1
10107,1
10108,1
10109,1
10110,1
10111,1
10112,1
10113,1
10114,1
10115,1
10116,1
10117,1
10118,1
10119,1
10120,1
10121,1
10122,1
10123,1
10124,1
10125,1
10126,1
10127,1
10128,1
10129,1
10130,1
10131,1
10132,1
10133,1
10134,1
10135,1
10136,1
10137,1
10138,1
10139,1
10140,1
10141,1
10142,1
10143,1
10144,1
10145,1
10146,1
10147,1
10148,1
10149,1
10150,1
10151,1
10152,2
10153,1
10154,1
10155,1
10156,2
10157,1
10158,1
10159,1
10160,1
10161,1
10162,2
10163,2
10164,1
10165,2
10166,1
10167,1
10168,1
10169,1
10170,1
10171,2
10172,1
10173,2
10174,2
10175,2
10176,2
10177,1
10178,1
10179,1
10180,1
10181,1
10182,1
10183,1
10184,4
10185,1
10186,1
10187,1
10188,1
10189,1
10190,1
10191,1
10192,1
10193,1
10194,1
10195,1
10196,1
10197,1
10198,1
10199,1
10200,1
10201,1
10202,1
10203,1
10204,1
10205,1
10206,1
10207,1
10208,1
10209,1
10210,1
10211,1
10212,1
10213,2
10214,1
10215,1
10216,1
10217,1
10218,1
10219,1
10220,1
10221,1
10222,1
10223,2
10224,1
10225,2
10226,1
10227,1
10228,1
10229,1
10230,1
10231,1
10232,2
10233,1
10234,2
10235,2
10236,2
10237,2
10238,1
10239,2
10240,2
10241,1
10242,1
10243,2
10244,2
10245,1
10246,1
10247,1
10248,1
10249,1
10250,1
10251,1
10252,1
10253,1
10254,1
10255,1
10256,1
10257,1
10258,1
10259,1
10260,1
10261,1
10262,1
10263,1
10264,1
10265,1
10266,1
10267,1
10268,1
10269,1
10270,1
10271,1
10272,1
10273,1
10274,1
10275,1
10276,1
10277,1
10278,1
10279,1
10280,1
10281,1
10282,1
10283,1
10284,1
10285,1
10286,1
10287,1
10288,1
10289,1
10290,1
10291,1
10292,1
10293,1
10294,1
10295,1
10296,1
10297,1
10298,1
10299,1
10300,1
10301,1
10302,1
10303,1
10304,1
10305,2
10306,1
10307,1
10308,1
10309,1
10310,1
10311,1
10312,1
10313,1
10314,1
10315,1
10316,1
10317,1
10318,1
10319,1
10320,1
10321,1
10322,1
10323,3
10324,1
10325,2
10326,2
10327,1
10328,3
10329,1
10330,1
10331,1
10332,1
10333,1
10334,1
10335,1
10336,1
10337,1
10338,1
10339,1
10340,1
10341,1
10342,1
10343,1
10344,1
10345,1
10346,1
10347,2
10348,1
10349,1
10350,2
10351,1
10352,1
10353,2
10354,1
10355,1
10356,1
10357,1
10358,1
10359,1
10360,1
10361,1
10362,1
10363,1
10364,1
10365,1
10366,2
10367,1
10368,1
10369,1
10370,1
10371,1
10372,1
10373,1
10374,1
10375,1
10376,1
10377,1
10378,1
10379,1
10380,1
10381,1
10382,1
10383,1
10384,1
10385,1
10386,1
10387,2
10388,1
10389,1
10390,1
10391,1
10392,1
10393,1
10394,1
10395,1
10396,1
10397,1
10398,2
10399,1
10400,1
10401,1
10402,1
10403,1
10404,1
10405,1
10406,1
10407,1
10408,1
10409,1
10410,1
10411,1
10412,1
10413,1
10414,1
10415,2
10416,1
10417,3
10418,1
10419,1
10420,1
10421,1
10422,1
10423,1
10424,2
10425,2
10426,2
10427,1
10428,2
10429,2
10430,2
10431,2
10432,4
10433,4
10434,4
10435,3
10436,3
10437,4
10438,3
10439,3
10440,4
10441,3
10442,3
10443,4
10444,3
10445,3
10446,3
10447,3
10448,3
10449,4
10450,4
10451,4
10452,3
10453,4
10454,4
10455,3
10456,3
10457,3
10458,3
10459,3
10460,4
10461,4
10462,4
10463,4
10464,4
10465,4
10466,3
10467,4
10468,4
10469,4
10470,4
10471,4
10472,4
10473,4
10474,3
10475,4
10476,4
10477,4
10478,3
10479,3
10480,4
10481,4
10482,3
10483,4
10484,3
10485,3
10486,3
10487,4
10488,3
10489,3
10490,3
10491,3
10492,3
10493,3
10494,4
10495,4
10496,3
10497,3
10498,3
10499,3
10500,3
10501,4
10502,3
10503,4
10504,3
10505,3
10506,3
10507,4
10508,3
10509,4
10510,3
10511,3
10512,4
10513,3
10514,4
10515,3
10516,4
10517,4
10518,3
10519,3
10520,4
10521,4
10522,3
10523,3
10524,3
10525,4
10526,3
10527,4
10528,4
10529,4
10530,4
10531,3
10532,3
10533,3
10534,3
10535,3
10536,3
10537,3
10538,4
10539,4
10540,3
10541,3
10542,4
10543,4
10544,4
10545,3
10546,3
10547,4
10548,3
10549,3
10550,3
10551,3
10552,3
10553,3
10554,3
10555,3
10556,3
10557,3
10558,3
10559,3
10560,3
10561,4
10562,3
10563,3
10564,4
10565,3
10566,3
10567,3
10568,4
10569,3
10570,4
10571,4
10572,4
10573,3
10574,4
10575,3
10576,3
10577,4
10578,4
10579,3
10580,3
10581,3
10582,3
10583,4
10584,4
10585,3
10586,3
10587,4
10588,3
10589,4
10590,3
10591,3
10592,3
10593,3
10594,3
10595,3
10596,4
10597,4
10598,4
10599,3
10600,3
10601,3
10602,3
10603,3
10604,3
10605,3
10606,3
10607,3
10608,3
10609,3
10610,3
10611,3
10612,4
10613,3
10614,3
10615,3
10616,3
10617,4
10618,3
10619,3
10620,4
10621,3
10622,3
10623,3
10624,3
10625,3
10626,3
10627,3
10628,4
10629,4
10630,3
10631,3
10632,3
10633,3
10634,4
10635,4
10636,3
10637,3
10638,3
10639,3
10640,3
10641,3
10642,3
10643,4
10644,3
10645,4
10646,3
10647,4
10648,3
10649,3
10650,4
10651,4
10652,3
10653,3
10654,4
10655,4
10656,3
10657,4
10658,3
10659,3
10660,3
10661,4
10662,3
10663,3
10664,3
10665,3
10666,3
10667,3
10668,3
10669,3
10670,4
10671,3
10672,3
10673,3
10674,4
10675,3
10676,4
10677,3
10678,3
10679,4
10680,4
10681,3
10682,4
10683,4
10684,4
10685,3
10686,3
10687,3
10688,3
10689,4
10690,3
10691,3
10692,3
10693,4
10694,4
10695,4
10696,4
10697,4
10698,4
10699,3
10700,3
10701,4
10702,4
10703,4
10704,4
10705,3
10706,4
10707,4
10708,4
10709,4
10710,4
10711,3
10712,3
10713,4
10714,4
10715,3
10716,3
10717,4
10718,4
10719,4
10720,4
10721,3
10722,4
10723,4
10724,4
10725,4
10726,3
10727,4
10728,4
10729,4
10730,4
10731,3
10732,4
10733,3
10734,4
10735,4
10736,4
10737,3
10738,3
10739,3
10740,4
10741,4
10742,4
10743,4
10744,3
10745,4
10746,3
10747,4
10748,4
10749,4
10750,4
10751,4
10752,4
10753,4
10754,4
10755,4
10756,3
10757,4
10758,4
10759,4
10760,4
10761,4
10762,3
10763,4
10764,3
10765,4
10766,4
10767,4
10768,3
10769,3
10770,3
10771,4
10772,4
10773,4
10774,3
10775,4
10776,4
10777,4
10778,4
10779,4
10780,4
10781,3
10782,3
10783,4
10784,4
10785,3
10786,4
10787,4
10788,4
10789,4
10790,4
10791,3
10792,3
10793,4
10794,4
10795,4
10796,4
10797,4
10798,3
10799,3
10800,3
10801,3
10802,4
10803,4
10804,4
10805,3
10806,4
10807,4
10808,4
10809,3
10810,4
10811,4
10812,3
10813,4
10814,3
10815,4
10816,4
10817,4
10818,4
10819,4
10820,3
10821,3
10822,4
10823,4
10824,4
10825,4
10826,4
10827,3
10828,3
10829,4
10830,4
10831,3
10832,3
10833,4
10834,3
10835,3
10836,3
10837,4
10838,4
10839,4
10840,4
10841,3
10842,3
10843,4
10844,4
10845,4
10846,4
10847,4
10848,4
10849,4
10850,3
10851,3
10852,4
10853,4
10854,4
10855,3
10856,4
10857,4
10858,4
10859,4
10860,4
10861,4
10862,4
10863,4
10864,4
10865,4
10866,3
10867,4
10868,4
10869,4
10870,4
10871,4
10872,4
10873,4
10874,4
10875,3
10876,4
10877,4
10878,3
10879,4
10880,4
10881,3
10882,4
10883,4
10884,4
10885,3
10886,3
10887,4
10888,4
10889,4
10890,3
10891,3
10892,4
10893,4
10894,3
10895,3
10896,4
10897,3
10898,4
10899,4
10900,4
10901,4
10902,3
10903,4
10904,4
10905,3
10906,4
10907,4
10908,3
10909,4
10910,3
10911,3
10912,4
10913,4
10914,4
10915,4
10916,3
10917,4
10918,4
10919,4
10920,4
10921,3
10922,4
10923,4
10924,4
10925,4
10926,4
10927,4
10928,4
10929,4
10930,4
10931,4
10932,4
10933,3
10934,4
10935,3
10936,4
10937,4
10938,4
10939,4
10940,3
10941,3
10942,3
10943,3
10944,4
10945,4
10946,4
10947,3
10948,4
10949,4
10950,4
10951,3
10952,3
10953,4
10954,4
10955,4
10956,4
10957,3
10958,3
10959,4
10960,4
10961,4
10962,3
10963,4
10964,4
10965,4
10966,3
10967,4
10968,4
10969,4
10970,4
10971,4
10972,4
10973,4
10974,3
10975,3
10976,4
10977,4
10978,4
10979,4
10980,4
10981,4
10982,4
10983,4
10984,4
10985,3
10986,3
10987,4
10988,3
10989,3
10990,4
10991,4
10992,4
10993,4
10994,4
10995,4
10996,4
10997,4
10998,3
10999,4
11000,4
11001,4
11002,4
11003,4
11004,4
11005,4
11006,4
11007,4
11008,4
11009,4
11010,4
11011,3
11012,3
11013,3
11014,4
11015,4
11016,4
11017,4
11018,3
11019,3
11020,3
11021,4
11022,4
11023,4
11024,4
11025,4
11026,4
11027,4
11028,3
11029,3
11030,3
11031,4
11032,4
11033,4
11034,4
11035,4
11036,3
11037,3
11038,3
11039,3
11040,4
11041,4
11042,4
11043,4
11044,4
11045,4
11046,4
11047,3
11048,4
11049,3
11050,3
11051,3
11052,4
11053,4
11054,4
11055,4
11056,4
11057,4
11058,4
11059,3
11060,4
11061,4
11062,4
11063,4
11064,4
11065,3
11066,4
11067,4
11068,4
11069,4
11070,4
11071,4
11072,4
11073,4
11074,3
11075,3
11076,4
11077,4
11078,4
11079,4
11080,4
11081,4
11082,4
11083,4
11084,4
11085,4
11086,3
11087,4
11088,4
11089,3
11090,3
11091,3
11092,3
11093,4
11094,4
11095,4
11096,4
11097,4
11098,4
11099,3
11100,4
11101,3
11102,3
11103,4
11104,4
11105,4
11106,4
11107,3
11108,4
11109,3
11110,3
11111,4
11112,4
11113,4
11114,4
11115,4
11116,4
11117,4
11118,4
11119,4
11120,3
11121,3
11122,3
11123,4
11124,4
11125,4
11126,4
11127,4
11128,4
11129,3
11130,4
11131,3
11132,3
11133,4
11134,4
11135,4
11136,4
11137,4
11138,4
11139,4
11140,3
11141,4
11142,4
11143,4
11144,4
11145,4
11146,4
11147,4
11148,3
11149,4
11150,3
11151,3
11152,4
11153,4
11154,4
11155,4
11156,4
11157,4
11158,4
11159,4
11160,4
11161,4
11162,3
11163,3
11164,3
11165,4
11166,4
11167,4
11168,4
11169,4
11170,4
11171,3
11172,3
11173,4
11174,4
11175,4
11176,4
11177,4
11178,4
11179,4
11180,4
11181,3
11182,4
11183,4
11184,4
11185,4
11186,4
11187,4
11188,3
11189,4
11190,4
11191,4
11192,3
11193,4
11194,4
11195,4
11196,4
11197,4
11198,4
11199,4
11200,4
11201,4
11202,3
11203,4
11204,4
11205,3
11206,3
11207,4
11208,4
11209,4
11210,4
11211,4
11212,4
11213,4
11214,4
11215,4
11216,3
11217,3
11218,4
11219,4
11220,4
11221,4
11222,4
11223,4
11224,3
11225,4
11226,3
11227,4
11228,3
11229,4
11230,4
11231,4
11232,4
11233,4
11234,4
11235,4
11236,3
11237,4
11238,4
11239,4
11240,4
11241,4
11242,4
11243,4
11244,4
11245,4
11246,4
11247,4
11248,4
11249,4
11250,4
11251,4
11252,4
11253,4
11254,4
11255,4
11256,4
11257,4
11258,3
11259,4
11260,4
11261,4
11262,4
11263,4
11264,4
11265,4
11266,4
11267,4
11268,3
11269,3
11270,4
11271,4
11272,4
11273,4
11274,4
11275,3
11276,4
11277,3
11278,3
11279,4
11280,4
11281,4
11282,4
11283,3
11284,4
11285,3
11286,4
11287,4
11288,3
11289,4
11290,4
11291,4
11292,4
11293,4
11294,4
11295,4
11296,4
11297,4
11298,4
11299,4
11300,4
11301,4
11302,3
11303,4
11304,4
11305,3
11306,3
11307,4
11308,4
11309,4
11310,4
11311,4
11312,3
11313,3
11314,4
11315,4
11316,4
11317,4
11318,4
11319,4
11320,4
11321,4
11322,4
11323,4
11324,4
11325,4
11326,3
11327,4
11328,3
11329,4
11330,4
11331,3
11332,4
11333,4
11334,4
11335,4
11336,4
11337,4
11338,4
11339,4
11340,4
11341,4
11342,4
11343,4
11344,4
11345,4
11346,4
11347,4
11348,4
11349,4
11350,3
11351,4
11352,4
11353,4
11354,4
11355,4
11356,4
11357,4
11358,4
11359,3
11360,4
11361,3
11362,3
11363,4
11364,4
11365,4
11366,4
11367,4
11368,4
11369,4
11370,4
11371,4
11372,4
11373,4
11374,4
11375,4
11376,4
11377,4
11378,4
11379,4
11380,4
11381,3
11382,3
11383,4
11384,4
11385,4
11386,4
11387,4
11388,3
11389,4
11390,4
11391,4
11392,4
11393,4
11394,4
11395,4
11396,4
11397,4
11398,3
11399,4
11400,4
11401,4
11402,4
11403,4
11404,4
11405,4
11406,4
11407,3
11408,4
11409,3
11410,4
11411,4
11412,4
11413,4
11414,4
11415,4
11416,4
11417,4
11418,4
11419,4
11420,4
11421,4
11422,4
11423,4
11424,4
11425,4
11426,4
11427,4
11428,4
11429,4
11430,4
11431,4
11432,3
11433,3
11434,4
11435,4
11436,4
11437,3
11438,4
11439,4
11440,4
11441,3
11442,4
11443,4
11444,4
11445,4
11446,4
11447,4
11448,4
11449,4
11450,4
11451,4
11452,3
11453,3
11454,3
11455,4
11456,4
11457,4
11458,4
11459,4
11460,4
11461,4
11462,4
11463,3
11464,4
11465,4
11466,4
11467,4
11468,4
11469,4
11470,4
11471,3
11472,3
11473,4
11474,3
11475,4
11476,4
11477,4
11478,4
11479,4
11480,4
11481,4
11482,4
11483,4
11484,4
11485,4
11486,3
11487,4
11488,4
11489,4
11490,4
11491,4
11492,4
11493,4
11494,4
11495,3
11496,4
11497,3
11498,4
11499,4
11500,4
11501,3
11502,4
11503,4
11504,4
11505,4
11506,4
11507,3
11508,3
11509,3
11510,3
11511,3
11512,4
11513,3
11514,3
11515,4
11516,4
11517,4
11518,4
11519,4
11520,3
11521,3
11522,3
11523,4
11524,4
11525,4
11526,4
11527,4
11528,4
11529,4
11530,4
11531,4
11532,4
11533,4
11534,3
11535,3
11536,3
11537,3
11538,4
11539,4
11540,3
11541,4
11542,4
11543,4
11544,4
11545,4
11546,4
11547,4
11548,4
11549,4
11550,4
11551,4
11552,3
11553,3
11554,4
11555,4
11556,4
11557,4
11558,3
11559,4
11560,3
11561,3
11562,4
11563,4
11564,4
11565,4
11566,4
11567,4
11568,4
11569,4
11570,4
11571,4
11572,3
11573,3
11574,4
11575,4
11576,4
11577,3
11578,3
11579,4
11580,4
11581,4
11582,3
11583,4
11584,4
11585,4
11586,4
11587,4
11588,4
11589,4
11590,4
11591,3
11592,4
11593,3
11594,4
11595,4
11596,4
11597,4
11598,4
11599,3
11600,4
11601,3
11602,4
11603,4
11604,4
11605,4
11606,4
11607,4
11608,4
11609,4
11610,4
11611,4
11612,4
11613,3
11614,4
11615,3
11616,3
11617,4
11618,4
11619,4
11620,4
11621,4
11622,4
11623,4
11624,3
11625,4
11626,3
11627,4
11628,4
11629,4
11630,3
11631,3
11632,3
11633,3
11634,4
11635,4
11636,4
11637,4
11638,4
11639,3
11640,3
11641,4
11642,3
11643,4
11644,4
11645,3
11646,4
11647,3
11648,3
11649,4
11650,4
11651,4
11652,4
11653,4
11654,4
11655,4
11656,4
11657,4
11658,4
11659,4
11660,4
11661,3
11662,4
11663,4
11664,4
11665,4
11666,4
11667,3
11668,4
11669,4
11670,4
11671,4
11672,4
11673,4
11674,4
11675,4
11676,3
11677,3
11678,3
11679,4
11680,4
11681,4
11682,4
11683,4
11684,4
11685,4
11686,3
11687,4
11688,3
11689,4
11690,3
11691,3
11692,4
11693,4
11694,4
11695,4
11696,3
11697,3
11698,3
11699,4
11700,3
11701,4
11702,4
11703,3
11704,3
11705,4
11706,4
11707,4
11708,4
11709,4
11710,4
11711,3
11712,3
11713,3
11714,3
11715,4
11716,4
11717,4
11718,3
11719,4
11720,4
11721,4
11722,3
11723,4
11724,4
11725,4
11726,4
11727,4
11728,4
11729,3
11730,3
11731,3
11732,3
11733,3
11734,4
11735,4
11736,4
11737,4
11738,4
11739,4
11740,4
11741,4
11742,4
11743,3
11744,3
11745,4
11746,4
11747,3
11748,4
11749,4
11750,4
11751,4
11752,4
11753,4
11754,4
11755,4
11756,4
11757,4
11758,3
11759,3
11760,4
11761,4
11762,3
11763,4
11764,4
11765,3
11766,4
11767,4
11768,4
11769,4
11770,4
11771,4
11772,4
11773,4
11774,4
11775,4
11776,4
11777,4
11778,4
11779,4
11780,4
11781,3
11782,4
11783,4
11784,4
11785,3
11786,3
11787,3
11788,4
11789,4
11790,4
11791,4
11792,3
11793,3
11794,3
11795,3
11796,4
11797,3
11798,4
11799,4
11800,3
11801,3
11802,4
11803,4
11804,4
11805,4
11806,4
11807,4
11808,3
11809,4
11810,4
11811,4
11812,3
11813,3
11814,4
11815,4
11816,4
11817,4
11818,4
11819,4
11820,4
11821,4
11822,4
11823,3
11824,4
11825,3
11826,4
11827,4
11828,4
11829,4
11830,4
11831,3
11832,4
11833,4
11834,3
11835,4
11836,4
11837,4
11838,4
11839,4
11840,4
11841,3
11842,3
11843,4
11844,3
11845,4
11846,3
11847,3
11848,3
11849,4
11850,4
11851,4
11852,4
11853,4
11854,4
11855,3
11856,3
11857,3
11858,4
11859,4
11860,4
11861,4
11862,4
11863,4
11864,4
11865,4
11866,4
11867,4
11868,3
11869,4
11870,4
11871,4
11872,4
11873,4
11874,4
11875,4
11876,4
11877,4
11878,4
11879,4
11880,4
11881,4
11882,3
11883,4
11884,4
11885,4
11886,3
11887,4
11888,4
11889,4
11890,4
11891,4
11892,3
11893,4
11894,4
11895,4
11896,4
11897,4
11898,4
11899,4
11900,4
11901,4
11902,4
11903,3
11904,4
11905,3
11906,3
11907,4
11908,4
11909,4
11910,4
11911,4
11912,4
11913,4
11914,4
11915,4
11916,4
11917,4
11918,4
11919,4
11920,4
11921,3
11922,3
11923,4
11924,4
11925,4
11926,3
11927,4
11928,3
11929,3
11930,3
11931,4
11932,4
11933,3
11934,4
11935,4
11936,3
11937,3
11938,4
11939,4
11940,4
11941,4
11942,4
11943,4
11944,4
11945,4
11946,4
11947,3
11948,4
11949,3
11950,4
11951,4
11952,4
11953,4
11954,3
11955,4
11956,3
11957,3
11958,3
11959,3
11960,4
11961,3
11962,4
11963,3
11964,4
11965,4
11966,4
11967,4
11968,3
11969,4
11970,3
11971,3
11972,4
11973,3
11974,3
11975,4
11976,4
11977,4
11978,4
11979,4
11980,3
11981,3
11982,4
11983,4
11984,4
11985,4
11986,4
11987,4
11988,4
11989,4
11990,4
11991,4
11992,3
11993,3
11994,4
11995,4
11996,4
11997,4
11998,4
11999,3
12000,3
12001,4
12002,4
12003,4
12004,4
12005,3
12006,3
12007,4
12008,3
12009,4
12010,3
12011,3
12012,4
12013,3
12014,3
12015,3
12016,4
12017,4
12018,4
12019,4
12020,4
12021,4
12022,3
12023,3
12024,3
12025,4
12026,4
12027,4
12028,4
12029,4
12030,4
12031,4
12032,4
12033,4
12034,4
12035,4
12036,4
12037,4
12038,3
12039,4
12040,3
12041,3
12042,4
12043,4
12044,3
12045,3
12046,3
12047,3
12048,4
12049,4
12050,4
12051,3
12052,4
12053,3
12054,3
12055,4
12056,4
12057,4
12058,4
12059,4
12060,3
12061,3
12062,4
12063,4
12064,4
12065,4
12066,4
12067,4
12068,3
12069,3
12070,4
12071,3
12072,3
12073,3
12074,4
12075,4
12076,4
12077,4
12078,4
12079,3
12080,4
12081,3
12082,3
12083,4
12084,4
12085,4
12086,4
12087,4
12088,4
12089,4
12090,3
12091,3
12092,4
12093,4
12094,4
12095,4
12096,4
12097,4
12098,4
12099,4
12100,4
12101,4
12102,3
12103,3
12104,4
12105,3
12106,3
12107,4
12108,4
12109,3
12110,3
12111,4
12112,4
12113,4
12114,4
12115,4
12116,4
12117,4
12118,4
12119,4
12120,3
12121,3
12122,3
12123,4
12124,4
12125,3
12126,4
12127,3
12128,4
12129,4
12130,4
12131,4
12132,4
12133,4
12134,4
12135,4
12136,4
12137,4
12138,4
12139,4
12140,4
12141,3
12142,3
12143,3
12144,3
12145,3
12146,4
12147,4
12148,4
12149,4
12150,4
12151,4
12152,4
12153,3
12154,4
12155,3
12156,4
12157,3
12158,4
12159,4
12160,4
12161,3
12162,4
12163,4
12164,4
12165,4
12166,4
12167,3
12168,3
12169,3
12170,3
12171,3
12172,3
12173,3
12174,4
12175,3
12176,4
12177,4
12178,4
12179,4
12180,4
12181,4
12182,4
12183,4
12184,4
12185,4
12186,3
12187,4
12188,4
12189,4
12190,4
12191,3
12192,3
12193,3
12194,4
12195,4
12196,4
12197,4
12198,4
12199,3
12200,3
12201,3
12202,3
12203,4
12204,3
12205,3
12206,3
12207,3
12208,4
12209,4
12210,4
12211,4
12212,4
12213,4
12214,4
12215,3
12216,4
12217,4
12218,4
12219,4
12220,3
12221,4
12222,4
12223,4
12224,4
12225,4
12226,4
12227,4
12228,4
12229,4
12230,3
12231,3
12232,4
12233,4
12234,4
12235,3
12236,4
12237,4
12238,4
12239,4
12240,4
12241,4
12242,3
12243,4
12244,4
12245,3
12246,3
12247,3
12248,3
12249,4
12250,4
12251,4
12252,4
12253,4
12254,4
12255,4
12256,4
12257,4
12258,4
12259,4
12260,4
12261,4
12262,4
12263,4
12264,4
12265,4
12266,3
12267,4
12268,4
12269,4
12270,4
12271,4
12272,3
12273,4
12274,3
12275,3
12276,4
12277,3
12278,4
12279,4
12280,4
12281,4
12282,4
12283,4
12284,4
12285,4
12286,4
12287,4
12288,4
12289,4
12290,4
12291,4
12292,4
12293,4
12294,4
12295,4
12296,4
12297,4
12298,4
12299,3
12300,3
12301,4
12302,3
12303,3
12304,4
12305,3
12306,4
12307,4
12308,4
12309,4
12310,3
12311,4
12312,4
12313,3
12314,4
12315,3
12316,4
12317,4
12318,4
12319,4
12320,4
12321,4
12322,4
12323,3
12324,4
12325,3
12326,4
12327,3
12328,3
12329,4
12330,3
12331,4
12332,4
12333,4
12334,4
12335,3
12336,4
12337,3
12338,4
12339,4
12340,3
12341,4
12342,4
12343,4
12344,4
12345,4
12346,3
12347,4
12348,4
12349,3
12350,4
12351,4
12352,4
12353,3
12354,4
12355,4
12356,4
12357,4
12358,4
12359,4
12360,4
12361,4
12362,4
12363,4
12364,4
12365,4
12366,4
12367,4
12368,4
12369,4
12370,4
12371,4
12372,3
12373,4
12374,4
12375,4
12376,4
12377,4
12378,3
12379,3
12380,3
12381,4
12382,3
12383,3
12384,4
12385,4
12386,4
12387,4
12388,4
12389,4
12390,4
12391,4
12392,3
12393,3
12394,3
12395,3
12396,3
12397,4
12398,4
12399,4
12400,4
12401,4
12402,4
12403,4
12404,4
12405,4
12406,4
12407,4
12408,4
12409,4
12410,4
12411,4
12412,4
12413,4
12414,4
12415,4
12416,4
12417,3
12418,4
12419,4
12420,4
12421,3
12422,4
12423,4
12424,3
12425,3
12426,4
12427,4
12428,4
12429,4
12430,4
12431,4
12432,3
12433,4
12434,4
12435,3
12436,3
12437,4
12438,4
12439,4
12440,4
12441,4
12442,4
12443,4
12444,4
12445,3
12446,3
12447,3
12448,3
12449,4
12450,3
12451,4
12452,3
12453,4
12454,4
12455,4
12456,4
12457,4
12458,3
12459,4
12460,4
12461,4
12462,3
12463,3
12464,3
12465,4
12466,3
12467,3
12468,4
12469,4
12470,4
12471,4
12472,4
12473,4
12474,4
12475,3
12476,4
12477,4
12478,4
12479,4
12480,4
12481,4
12482,4
12483,3
12484,4
12485,4
12486,4
12487,4
12488,4
12489,4
12490,4
12491,4
12492,4
12493,3
12494,4
12495,4
12496,3
12497,3
12498,3
12499,3
12500,3
12501,3
12502,4
12503,4
12504,4
12505,3
12506,4
12507,4
12508,3
12509,4
12510,4
12511,4
12512,3
12513,4
12514,3
12515,4
12516,4
12517,4
12518,4
12519,4
12520,3
12521,4
12522,4
12523,4
12524,3
12525,3
12526,3
12527,3
12528,4
12529,3
12530,4
12531,4
12532,4
12533,4
12534,4
12535,4
12536,4
12537,3
12538,3
12539,3
12540,3
12541,3
12542,4
12543,4
12544,4
12545,4
12546,4
12547,4
12548,4
12549,4
12550,4
12551,3
12552,3
12553,3
12554,3
12555,4
12556,4
12557,3
12558,3
12559,3
12560,3
12561,3
12562,3
12563,4
12564,4
12565,4
12566,4
12567,4
12568,4
12569,3
12570,3
12571,3
12572,4
12573,4
12574,4
12575,4
12576,4
12577,4
12578,3
12579,4
12580,4
12581,4
12582,4
12583,4
12584,4
12585,3
12586,4
12587,4
12588,3
12589,3
12590,3
12591,4
12592,4
12593,4
12594,4
12595,4
12596,3
12597,4
12598,4
12599,4
12600,4
12601,4
12602,4
12603,4
12604,4
12605,4
12606,4
12607,4
12608,3
12609,4
12610,4
12611,3
12612,3
12613,4
12614,4
12615,4
12616,4
12617,4
12618,4
12619,4
12620,4
12621,4
12622,4
12623,4
12624,4
12625,4
12626,4
12627,4
12628,4
12629,4
12630,4
12631,4
12632,4
12633,3
12634,4
12635,4
12636,3
12637,4
12638,4
12639,3
12640,3
12641,3
12642,4
12643,4
12644,4
12645,4
12646,4
12647,3
12648,3
12649,4
12650,3
12651,4
12652,4
12653,4
12654,4
12655,4
12656,3
12657,3
12658,4
12659,3
12660,4
12661,4
12662,4
12663,3
12664,3
12665,4
12666,4
12667,4
12668,4
12669,4
12670,4
12671,4
12672,4
12673,3
12674,4
12675,3
12676,4
12677,3
12678,3
12679,4
12680,4
12681,4
12682,4
12683,4
12684,3
12685,3
12686,4
12687,4
12688,3
12689,4
12690,4
12691,4
12692,3
12693,4
12694,4
12695,4
12696,3
12697,3
12698,3
12699,3
12700,3
12701,4
12702,4
12703,4
12704,4
12705,4
12706,4
12707,3
12708,4
12709,4
12710,4
12711,4
12712,3
12713,4
12714,3
12715,4
12716,4
12717,4
12718,4
12719,4
12720,4
12721,4
12722,3
12723,4
12724,3
12725,3
12726,3
12727,4
12728,4
12729,3
12730,4
12731,4
12732,4
12733,4
12734,3
12735,4
12736,3
12737,3
12738,4
12739,4
12740,4
12741,3
12742,3
12743,4
12744,4
12745,4
12746,3
12747,4
12748,4
12749,4
12750,4
12751,4
12752,3
12753,4
12754,3
12755,3
12756,3
12757,4
12758,4
12759,4
12760,4
12761,4
12762,3
12763,3
12764,3
12765,4
12766,3
12767,3
12768,4
12769,4
12770,4
12771,3
12772,4
12773,3
12774,3
12775,4
12776,4
12777,3
12778,4
12779,4
12780,3
12781,4
12782,4
12783,4
12784,4
12785,3
12786,3
12787,3
12788,3
12789,4
12790,4
12791,4
12792,3
12793,4
12794,3
12795,4
12796,3
12797,3
12798,3
12799,4
12800,3
12801,4
12802,4
12803,3
12804,4
12805,4
12806,4
12807,4
12808,3
12809,3
12810,3
12811,4
12812,4
12813,3
12814,3
12815,3
12816,4
12817,4
12818,4
12819,3
12820,3
12821,4
12822,4
12823,3
12824,3
12825,3
12826,3
12827,3
12828,4
12829,4
12830,4
12831,3
12832,3
12833,3
12834,3
12835,3
12836,3
12837,3
12838,4
12839,3
12840,4
12841,3
12842,3
12843,3
12844,3
12845,3
12846,3
12847,4
12848,3
12849,3
12850,3
12851,4
12852,4
12853,4
12854,4
12855,4
12856,3
12857,3
12858,3
12859,3
12860,4
12861,3
12862,3
12863,3
12864,4
12865,4
12866,3
12867,3
12868,4
12869,4
12870,3
12871,3
12872,4
12873,4
12874,3
12875,3
12876,3
12877,3
12878,3
12879,3
12880,3
12881,3
12882,4
12883,3
12884,3
12885,3
12886,4
12887,3
12888,3
12889,3
12890,3
12891,3
12892,3
12893,3
12894,3
12895,4
12896,3
12897,4
12898,4
12899,3
12900,4
12901,3
12902,4
12903,3
12904,3
12905,4
12906,3
12907,4
12908,3
12909,3
12910,4
12911,4
12912,3
12913,3
12914,3
12915,3
12916,4
12917,4
12918,3
12919,3
12920,3
12921,3
12922,3
12923,3
12924,4
12925,3
12926,3
12927,3
12928,3
12929,3
12930,4
12931,3
12932,3
12933,3
12934,3
12935,4
12936,4
12937,3
12938,3
12939,4
12940,3
12941,3
12942,3
12943,3
12944,4
12945,4
12946,4
12947,4
12948,4
12949,4
12950,3
12951,4
12952,3
12953,3
12954,3
12955,4
12956,4
12957,3
12958,3
12959,4
12960,3
12961,3
12962,3
12963,3
12964,4
12965,3
12966,3
12967,3
12968,3
12969,3
12970,3
12971,3
12972,3
12973,4
12974,3
12975,3
12976,3
12977,3
12978,3
12979,3
12980,3
12981,4
12982,3
12983,4
12984,3
12985,3
12986,4
12987,4
12988,3
12989,3
12990,3
12991,4
12992,4
12993,4
12994,4
12995,4
12996,4
12997,4
12998,4
12999,4
13000,3
13001,1
13002,1
13003,1
13004,1
13005,1
13006,1
13007,2
13008,1
13009,1
13010,1
13011,1
13012,1
13013,1
13014,1
13015,1
13016,1
13017,1
13018,2
13019,1
13020,1
13021,1
13022,1
13023,1
13024,1
13025,1
13026,1
13027,3
13028,1
13029,1
13030,1
13031,1
13032,1
13033,1
13034,5
13035,1
13036,1
13037,1
13038,1
13039,1
13040,2
13041,1
13042,1
13043,1
13044,1
13045,1
13046,1
13047,1
13048,1
13049,1
13050,1
13051,1
13052,1
13053,1
13054,1
13055,1
13056,1
13057,1
13058,1
13059,1
13060,1
13061,5
13062,5
13063,1
13064,1
13065,5
13066,3
13067,5
13068,5
13069,5
13070,5
13071,1
13072,1
13073,1
13074,1
13075,1
13076,1
13077,1
13078,1
13079,1
13080,5
13081,1
13082,1
13083,1
13084,1
13085,1
13086,1
13087,1
13088,1
13089,1
13090,1
13091,1
13092,1
13093,1
13094,1
13095,1
13096,1
13097,1
13098,1
13099,1
13100,1
13101,2
13102,1
13103,1
13104,1
13105,1
13106,1
13107,1
13108,1
13109,1
13110,1
13111,1
13112,1
13113,1
13114,1
13115,1
13116,1
13117,1
13118,1
13119,1
13120,1
13121,1
13122,1
13123,1
13124,1
13125,1
13126,1
13127,1
13128,1
13129,1
13130,1
13131,1
13132,1
13133,1
13134,1
13135,1
13136,5
13137,1
13138,1
13139,2
13140,1
13141,1
13142,1
13143,1
13144,1
13145,1
13146,1
13147,1
13148,1
13149,1
13150,1
13151,5
13152,1
13153,1
13154,1
13155,1
13156,1
13157,1
13158,1
13159,2
13160,1
13161,1
13162,1
13163,1
13164,1
13165,5
13166,5
13167,1
13168,1
13169,1
13170,1
13171,1
13172,1
13173,1
13174,1
13175,1
13176,1
13177,1
13178,1
13179,1
13180,1
13181,1
13182,1
13183,5
13184,1
13185,1
13186,5
13187,5
13188,1
13189,1
13190,1
13191,1
13192,1
13193,1
13194,1
13195,1
13196,1
13197,1
13198,1
13199,1
13200,1
13201,3
13202,1
13203,1
13204,1
13205,1
13206,1
13207,5
13208,1
13209,1
13210,1
13211,1
13212,1
13213,1
13214,1
13215,1
13216,1
13217,1
13218,1
13219,1
13220,5
13221,1
13222,1
13223,5
13224,5
13225,3
13226,1
13227,1
13228,1
13229,2
13230,1
13231,1
13232,1
13233,1
13234,1
13235,1
13236,1
13237,1
13238,1
13239,1
13240,1
13241,1
13242,1
13243,1
13244,1
13245,1
13246,1
13247,1
13248,1
13249,1
13250,1
13251,1
13252,2
13253,5
13254,5
13255,1
13256,1
13257,1
13258,1
13259,1
13260,1
13261,1
13262,1
13263,1
13264,1
13265,1
13266,1
13267,1
13268,1
13269,1
13270,3
13271,1
13272,1
13273,1
13274,1
13275,3
13276,1
13277,1
13278,1
13279,1
13280,1
13281,1
13282,1
13283,1
13284,1
13285,1
13286,1
13287,1
13288,1
13289,1
13290,1
13291,1
13292,2
13293,1
13294,1
13295,1
13296,1
13297,1
13298,1
13299,1
13300,1
13301,1
13302,1
13303,1
13304,1
13305,1
13306,1
13307,1
13308,1
13309,1
13310,1
13311,1
13312,5
13313,1
13314,1
13315,1
13316,1
13317,5
13318,1
13319,1
13320,1
13321,1
13322,1
13323,1
13324,1
13325,1
13326,1
13327,1
13328,1
13329,1
13330,1
13331,1
13332,1
13333,1
13334,1
13335,1
13336,1
13337,1
13338,1
13339,1
13340,1
13341,1
13342,5
13343,1
13344,1
13345,1
13346,1
13347,1
13348,1
13349,1
13350,1
13351,1
13352,1
13353,1
13354,1
13355,1
13356,1
13357,3
13358,1
13359,1
13360,1
13361,1
13362,1
13363,1
13364,1
13365,5
13366,1
13367,1
13368,1
13369,1
13370,1
13371,5
13372,1
13373,3
13374,5
13375,5
13376,1
13377,1
13378,1
13379,1
13380,1
13381,1
13382,1
13383,1
13384,1
13385,1
13386,1
13387,1
13388,1
13389,1
13390,1
13391,1
13392,1
13393,1
13394,1
13395,1
13396,1
13397,1
13398,1
13399,1
13400,1
13401,1
13402,3
13403,1
13404,1
13405,1
13406,1
13407,1
13408,1
13409,1
13410,1
13411,1
13412,3
13413,1
13414,1
13415,1
13416,5
13417,1
13418,1
13419,1
13420,1
13421,1
13422,1
13423,1
13424,1
13425,1
13426,1
13427,1
13428,1
13429,1
13430,1
13431,1
13432,1
13433,3
13434,1
13435,1
13436,1
13437,1
13438,1
13439,1
13440,1
13441,1
13442,1
13443,1
13444,1
13445,5
13446,1
13447,1
13448,1
13449,1
13450,1
13451,1
13452,1
13453,1
13454,1
13455,1
13456,1
13457,1
13458,1
13459,1
13460,1
13461,1
13462,1
13463,1
13464,1
13465,1
13466,1
13467,5
13468,5
13469,1
13470,1
13471,1
13472,1
13473,1
13474,1
13475,1
13476,1
13477,1
13478,1
13479,1
13480,1
13481,1
13482,1
13483,1
13484,1
13485,3
13486,1
13487,1
13488,5
13489,1
13490,1
13491,1
13492,1
13493,1
13494,1
13495,1
13496,1
13497,1
13498,1
13499,1
13500,1
13501,1
13502,1
13503,5
13504,1
13505,1
13506,1
13507,1
13508,3
13509,1
13510,1
13511,1
13512,1
13513,1
13514,1
13515,1
13516,1
13517,1
13518,1
13519,1
13520,1
13521,1
13522,1
13523,1
13524,1
13525,1
13526,1
13527,1
13528,1
13529,2
13530,1
13531,1
13532,5
13533,5
13534,5
13535,1
13536,1
13537,1
13538,1
13539,1
13540,1
13541,1
13542,1
13543,1
13544,1
13545,1
13546,1
13547,1
13548,1
13549,1
13550,1
13551,1
13552,1
13553,1
13554,1
13555,1
13556,1
13557,1
13558,5
13559,1
13560,1
13561,1
13562,1
13563,1
13564,1
13565,1
13566,1
13567,1
13568,1
13569,1
13570,1
13571,1
13572,1
13573,1
13574,1
13575,1
13576,1
13577,1
13578,1
13579,1
13580,1
13581,5
13582,1
13583,1
13584,3
13585,5
13586,3
13587,1
13588,1
13589,1
13590,1
13591,1
13592,1
13593,1
13594,1
13595,1
13596,1
13597,1
13598,1
13599,1
13600,1
13601,1
13602,1
13603,1
13604,1
13605,1
13606,1
13607,1
13608,1
13609,1
13610,1
13611,1
13612,1
13613,1
13614,1
13615,1
13616,1
13617,1
13618,1
13619,1
13620,1
13621,1
13622,1
13623,1
13624,1
13625,1
13626,1
13627,1
13628,1
13629,1
13630,1
13631,1
13632,1
13633,1
13634,1
13635,1
13636,1
13637,1
13638,5
13639,5
13640,3
13641,1
13642,1
13643,1
13644,1
13645,1
13646,1
13647,1
13648,1
13649,1
13650,1
13651,1
13652,1
13653,1
13654,1
13655,1
13656,1
13657,1
13658,1
13659,1
13660,1
13661,1
13662,1
13663,1
13664,1
13665,1
13666,5
13667,5
13668,5
13669,1
13670,1
13671,1
13672,1
13673,1
13674,1
13675,1
13676,1
13677,1
13678,1
13679,1
13680,1
13681,1
13682,1
13683,1
13684,1
13685,1
13686,1
13687,1
13688,1
13689,1
13690,1
13691,1
13692,1
13693,1
13694,1
13695,5
13696,1
13697,1
13698,1
13699,1
13700,1
13701,1
13702,1
13703,1
13704,1
13705,1
13706,1
13707,1
13708,1
13709,1
13710,1
13711,1
13712,1
13713,1
13714,1
13715,1
13716,1
13717,5
13718,5
13719,5
13720,1
13721,1
13722,1
13723,1
13724,1
13725,1
13726,1
13727,1
13728,1
13729,1
13730,1
13731,1
13732,1
13733,1
13734,1
13735,5
13736,1
13737,1
13738,1
13739,5
13740,1
13741,1
13742,1
13743,1
13744,1
13745,1
13746,1
13747,1
13748,1
13749,1
13750,1
13751,1
13752,1
13753,1
13754,1
13755,1
13756,1
13757,1
13758,1
13759,1
13760,1
13761,1
13762,1
13763,1
13764,1
13765,1
13766,1
13767,1
13768,1
13769,1
13770,5
13771,5
13772,1
13773,1
13774,1
13775,1
13776,1
13777,1
13778,1
13779,1
13780,1
13781,1
13782,1
13783,1
13784,1
13785,1
13786,1
13787,1
13788,1
13789,1
13790,1
13791,1
13792,1
13793,1
13794,1
13795,1
13796,1
13797,1
13798,5
13799,1
13800,1
13801,1
13802,1
13803,1
13804,1
13805,1
13806,1
13807,1
13808,1
13809,5
13810,1
13811,1
13812,2
13813,1
13814,1
13815,1
13816,1
13817,1
13818,1
13819,1
13820,1
13821,1
13822,1
13823,1
13824,1
13825,1
13826,1
13827,5
13828,1
13829,1
13830,1
13831,1
13832,1
13833,1
13834,1
13835,1
13836,5
13837,1
13838,1
13839,1
13840,1
13841,1
13842,1
13843,1
13844,1
13845,1
13846,1
13847,1
13848,1
13849,1
13850,1
13851,1
13852,1
13853,1
13854,1
13855,1
13856,1
13857,1
13858,1
13859,1
13860,1
13861,1
13862,1
13863,1
13864,1
13865,5
13866,5
13867,1
13868,1
13869,5
13870,3
13871,1
13872,5
13873,1
13874,1
13875,1
13876,1
13877,1
13878,1
13879,1
13880,1
13881,1
13882,1
13883,1
13884,1
13885,1
13886,1
13887,3
13888,1
13889,1
13890,1
13891,1
13892,1
13893,1
13894,1
13895,1
13896,1
13897,3
13898,1
13899,1
13900,1
13901,1
13902,1
13903,1
13904,1
13905,1
13906,1
13907,1
13908,1
13909,1
13910,1
13911,1
13912,1
13913,1
13914,1
13915,1
13916,1
13917,1
13918,1
13919,1
13920,1
13921,1
13922,1
13923,1
13924,1
13925,1
13926,1
13927,1
13928,1
13929,1
13930,1
13931,1
13932,1
13933,5
13934,1
13935,1
13936,1
13937,1
13938,1
13939,1
13940,1
13941,1
13942,1
13943,1
13944,1
13945,1
13946,5
13947,1
13948,1
13949,1
13950,1
13951,1
13952,5
13953,1
13954,5
13955,1
13956,1
13957,1
13958,1
13959,1
13960,1
13961,1
13962,1
13963,1
13964,1
13965,1
13966,1
13967,1
13968,1
13969,1
13970,1
13971,1
13972,1
13973,5
13974,1
13975,5
13976,1
13977,1
13978,5
13979,1
13980,5
13981,3
13982,1
13983,1
13984,1
13985,1
13986,1
13987,1
13988,1
13989,3
13990,1
13991,1
13992,1
13993,1
13994,1
13995,1
13996,1
13997,1
13998,1
13999,1
14000,1
14001,1
14002,1
14003,5
14004,1
14005,5
14006,1
14007,2
14008,1
14009,1
14010,1
14011,5
14012,5
14013,1
14014,1
14015,1
14016,1
14017,1
14018,1
14019,1
14020,1
14021,1
14022,1
14023,1
14024,1
14025,1
14026,1
14027,1
14028,1
14029,1
14030,1
14031,1
14032,1
14033,1
14034,1
14035,1
14036,1
14037,1
14038,1
14039,5
14040,3
14041,1
14042,5
14043,1
14044,1
14045,2
14046,1
14047,1
14048,2
14049,5
14050,1
14051,1
14052,1
14053,1
14054,1
14055,1
14056,1
14057,1
14058,1
14059,1
14060,1
14061,1
14062,1
14063,1
14064,1
14065,1
14066,1
14067,1
14068,1
14069,1
14070,1
14071,1
14072,1
14073,1
14074,1
14075,1
14076,1
14077,1
14078,1
14079,1
14080,1
14081,1
14082,1
14083,1
14084,5
14085,5
14086,1
14087,1
14088,1
14089,1
14090,1
14091,1
14092,1
14093,1
14094,1
14095,1
14096,1
14097,1
14098,1
14099,1
14100,1
14101,1
14102,1
14103,1
14104,1
14105,1
14106,1
14107,5
14108,5
14109,1
14110,3
14111,1
14112,1
14113,1
14114,1
14115,1
14116,1
14117,1
14118,1
14119,1
14120,1
14121,1
14122,1
14123,1
14124,1
14125,1
14126,1
14127,1
14128,1
14129,1
14130,1
14131,1
14132,3
14133,1
14134,1
14135,1
14136,1
14137,1
14138,1
14139,1
14140,1
14141,5
14142,5
14143,1
14144,1
14145,1
14146,1
14147,1
14148,1
14149,1
14150,1
14151,1
14152,1
14153,1
14154,1
14155,1
14156,1
14157,1
14158,1
14159,1
14160,1
14161,1
14162,1
14163,5
14164,1
14165,5
14166,1
14167,1
14168,1
14169,1
14170,1
14171,1
14172,1
14173,3
14174,1
14175,1
14176,1
14177,1
14178,1
14179,1
14180,1
14181,1
14182,1
14183,1
14184,1
14185,1
14186,2
14187,1
14188,1
14189,1
14190,5
14191,1
14192,1
14193,1
14194,1
14195,1
14196,1
14197,1
14198,5
14199,1
14200,5
14201,5
14202,1
14203,1
14204,1
14205,1
14206,1
14207,1
14208,1
14209,1
14210,1
14211,1
14212,1
14213,1
14214,1
14215,1
14216,1
14217,1
14218,1
14219,1
14220,1
14221,1
14222,1
14223,1
14224,1
14225,1
14226,1
14227,1
14228,1
14229,1
14230,1
14231,1
14232,5
14233,1
14234,5
14235,1
14236,1
14237,1
14238,1
14239,5
14240,1
14241,2
14242,1
14243,1
14244,5
14245,1
14246,5
14247,5
14248,1
14249,1
14250,1
14251,1
14252,1
14253,1
14254,1
14255,1
14256,1
14257,1
14258,1
14259,1
14260,1
14261,1
14262,1
14263,1
14264,1
14265,1
14266,1
14267,5
14268,5
14269,1
14270,5
14271,5
14272,1
14273,1
14274,1
14275,1
14276,1
14277,1
14278,1
14279,3
14280,1
14281,1
14282,1
14283,1
14284,1
14285,1
14286,1
14287,1
14288,1
14289,1
14290,1
14291,1
14292,1
14293,1
14294,1
14295,1
14296,1
14297,1
14298,1
14299,1
14300,1
14301,1
14302,1
14303,1
14304,1
14305,1
14306,1
14307,1
14308,1
14309,1
14310,1
14311,1
14312,2
14313,5
14314,5
14315,1
14316,5
14317,5
14318,3
14319,1
14320,1
14321,1
14322,1
14323,2
14324,1
14325,1
14326,1
14327,1
14328,1
14329,1
14330,1
14331,1
14332,1
14333,1
14334,1
14335,1
14336,1
14337,1
14338,1
14339,1
14340,1
14341,1
14342,1
14343,1
14344,1
14345,1
14346,1
14347,1
14348,1
14349,1
14350,1
14351,1
14352,1
14353,1
14354,1
14355,1
14356,1
14357,1
14358,3
14359,1
14360,1
14361,3
14362,1
14363,1
14364,1
14365,1
14366,1
14367,1
14368,1
14369,1
14370,1
14371,1
14372,1
14373,1
14374,1
14375,1
14376,1
14377,1
14378,1
14379,1
14380,1
14381,1
14382,1
14383,1
14384,5
14385,5
14386,1
14387,1
14388,1
14389,1
14390,1
14391,1
14392,1
14393,1
14394,1
14395,1
14396,1
14397,1
14398,1
14399,2
14400,1
14401,3
14402,1
14403,1
14404,1
14405,1
14406,1
14407,1
14408,1
14409,1
14410,1
14411,1
14412,1
14413,1
14414,1
14415,1
14416,1
14417,1
14418,1
14419,1
14420,5
14421,3
14422,1
14423,1
14424,1
14425,1
14426,1
14427,1
14428,1
14429,1
14430,1
14431,1
14432,1
14433,1
14434,1
14435,1
14436,1
14437,1
14438,1
14439,1
14440,3
14441,5
14442,1
14443,5
14444,5
14445,1
14446,1
14447,1
14448,1
14449,1
14450,1
14451,1
14452,1
14453,1
14454,1
14455,1
14456,1
14457,1
14458,1
14459,1
14460,1
14461,1
14462,1
14463,3
14464,1
14465,1
14466,1
14467,1
14468,1
14469,1
14470,1
14471,1
14472,1
14473,1
14474,1
14475,1
14476,5
14477,1
14478,1
14479,1
14480,1
14481,1
14482,1
14483,1
14484,5
14485,5
14486,1
14487,1
14488,1
14489,1
14490,1
14491,1
14492,1
14493,1
14494,1
14495,1
14496,1
14497,1
14498,1
14499,1
14500,1
14501,1
14502,1
14503,1
14504,1
14505,1
14506,1
14507,1
14508,1
14509,1
14510,1
14511,1
14512,5
14513,5
14514,5
14515,5
14516,1
14517,1
14518,1
14519,1
14520,1
14521,1
14522,1
14523,1
14524,1
14525,1
14526,1
14527,1
14528,1
14529,1
14530,1
14531,1
14532,1
14533,1
14534,1
14535,1
14536,1
14537,1
14538,1
14539,1
14540,1
14541,1
14542,1
14543,1
14544,1
14545,5
14546,5
14547,1
14548,1
14549,1
14550,1
14551,1
14552,1
14553,1
14554,1
14555,2
14556,1
14557,1
14558,1
14559,1
14560,1
14561,1
14562,1
14563,1
14564,1
14565,1
14566,1
14567,1
14568,1
14569,1
14570,1
14571,1
14572,1
14573,1
14574,1
14575,1
14576,3
14577,1
14578,1
14579,1
14580,1
14581,1
14582,1
14583,1
14584,1
14585,1
14586,5
14587,1
14588,5
14589,1
14590,1
14591,1
14592,5
14593,1
14594,5
14595,5
14596,5
14597,5
14598,1
14599,1
14600,1
14601,1
14602,2
14603,1
14604,1
14605,1
14606,1
14607,1
14608,1
14609,1
14610,1
14611,1
14612,1
14613,1
14614,1
14615,1
14616,1
14617,1
14618,1
14619,5
14620,1
14621,1
14622,1
14623,1
14624,1
14625,5
14626,1
14627,5
14628,5
14629,5
14630,1
14631,1
14632,1
14633,1
14634,1
14635,1
14636,1
14637,1
14638,1
14639,1
14640,1
14641,1
14642,1
14643,1
14644,1
14645,1
14646,1
14647,1
14648,1
14649,1
14650,1
14651,1
14652,5
14653,1
14654,1
14655,1
14656,2
14657,1
14658,5
14659,5
14660,5
14661,5
14662,1
14663,1
14664,1
14665,1
14666,1
14667,1
14668,1
14669,1
14670,1
14671,1
14672,1
14673,1
14674,1
14675,1
14676,1
14677,1
14678,1
14679,1
14680,5
14681,1
14682,1
14683,1
14684,1
14685,1
14686,5
14687,1
14688,1
14689,1
14690,1
14691,1
14692,1
14693,1
14694,1
14695,1
14696,1
14697,1
14698,1
14699,1
14700,1
14701,1
14702,1
14703,1
14704,1
14705,1
14706,1
14707,1
14708,1
14709,1
14710,1
14711,1
14712,1
14713,1
14714,1
14715,1
14716,1
14717,1
14718,1
14719,1
14720,5
14721,1
14722,1
14723,1
14724,5
14725,5
14726,3
14727,5
14728,1
14729,1
14730,1
14731,1
14732,1
14733,1
14734,1
14735,1
14736,1
14737,1
14738,1
14739,1
14740,2
14741,1
14742,1
14743,1
14744,1
14745,1
14746,1
14747,1
14748,1
14749,1
14750,1
14751,1
14752,2
14753,1
14754,5
14755,1
14756,5
14757,1
14758,1
14759,1
14760,1
14761,1
14762,1
14763,1
14764,1
14765,1
14766,1
14767,1
14768,1
14769,1
14770,1
14771,1
14772,1
14773,1
14774,1
14775,1
14776,1
14777,1
14778,1
14779,1
14780,1
14781,1
14782,5
14783,1
14784,1
14785,1
14786,1
14787,1
14788,1
14789,1
14790,1
14791,1
14792,5
14793,1
14794,3
14795,5
14796,1
14797,1
14798,1
14799,1
14800,1
14801,1
14802,1
14803,1
14804,1
14805,1
14806,1
14807,1
14808,1
14809,1
14810,1
14811,1
14812,1
14813,1
14814,1
14815,1
14816,1
14817,1
14818,1
14819,1
14820,1
14821,3
14822,1
14823,1
14824,1
14825,1
14826,1
14827,1
14828,1
14829,1
14830,1
14831,1
14832,1
14833,3
14834,1
14835,1
14836,1
14837,1
14838,1
14839,1
14840,1
14841,1
14842,1
14843,1
14844,1
14845,1
14846,2
14847,1
14848,1
14849,1
14850,1
14851,1
14852,1
14853,1
14854,1
14855,1
14856,1
14857,1
14858,1
14859,1
14860,1
14861,1
14862,1
14863,1
14864,1
14865,1
14866,1
14867,1
14868,1
14869,1
14870,1
14871,1
14872,1
14873,5
14874,1
14875,1
14876,5
14877,1
14878,1
14879,1
14880,1
14881,1
14882,1
14883,2
14884,1
14885,1
14886,1
14887,1
14888,1
14889,1
14890,1
14891,1
14892,1
14893,1
14894,1
14895,1
14896,1
14897,1
14898,1
14899,1
14900,1
14901,1
14902,1
14903,5
14904,1
14905,1
14906,1
14907,2
14908,1
14909,1
14910,1
14911,1
14912,1
14913,2
14914,1
14915,1
14916,1
14917,1
14918,1
14919,1
14920,1
14921,1
14922,1
14923,1
14924,5
14925,1
14926,1
14927,1
14928,1
14929,1
14930,1
14931,1
14932,1
14933,1
14934,5
14935,1
14936,1
14937,1
14938,1
14939,1
14940,1
14941,1
14942,1
14943,1
14944,1
14945,1
14946,1
14947,1
14948,1
14949,1
14950,1
14951,1
14952,1
14953,1
14954,1
14955,1
14956,1
14957,1
14958,1
14959,1
14960,1
14961,1
14962,3
14963,1
14964,1
14965,1
14966,1
14967,1
14968,1
14969,1
14970,1
14971,1
14972,1
14973,1
14974,5
14975,1
14976,1
14977,1
14978,3
14979,1
14980,1
14981,1
14982,1
14983,3
14984,1
14985,1
14986,1
14987,5
14988,1
14989,3
14990,5
14991,3
14992,5
14993,5
14994,1
14995,1
14996,1
14997,1
14998,1
14999,1
15000,1
15001,1
15002,1
15003,1
15004,1
15005,1
15006,1
15007,1
15008,1
15009,1
15010,1
15011,1
15012,1
15013,1
15014,1
15015,1
15016,1
15017,1
15018,1
15019,1
15020,1
15021,1
15022,1
15023,1
15024,1
15025,5
15026,1
15027,5
15028,1
15029,5
15030,1
15031,3
15032,5
15033,1
15034,1
15035,2
15036,1
15037,1
15038,2
15039,1
15040,1
15041,1
15042,1
15043,1
15044,1
15045,1
15046,1
15047,1
15048,1
15049,1
15050,1
15051,1
15052,5
15053,1
15054,1
15055,1
15056,1
15057,1
15058,1
15059,1
15060,1
15061,1
15062,5
15063,5
15064,1
15065,3
15066,5
15067,3
15068,1
15069,2
15070,1
15071,1
15072,1
15073,1
15074,1
15075,1
15076,1
15077,1
15078,1
15079,1
15080,1
15081,1
15082,1
15083,1
15084,1
15085,1
15086,1
15087,1
15088,1
15089,1
15090,1
15091,1
15092,1
15093,1
15094,1
15095,1
15096,1
15097,1
15098,1
15099,1
15100,1
15101,1
15102,1
15103,1
15104,1
15105,1
15106,1
15107,1
15108,1
15109,1
15110,5
15111,1
15112,1
15113,1
15114,1
15115,1
15116,1
15117,1
15118,1
15119,1
15120,1
15121,1
15122,1
15123,1
15124,1
15125,1
15126,1
15127,1
15128,1
15129,1
15130,1
15131,1
15132,5
15133,1
15134,5
15135,1
15136,1
15137,1
15138,1
15139,2
15140,1
15141,1
15142,1
15143,2
15144,1
15145,1
15146,1
15147,1
15148,1
15149,1
15150,1
15151,1
15152,1
15153,1
15154,1
15155,1
15156,1
15157,1
15158,1
15159,1
15160,1
15161,1
15162,1
15163,1
15164,5
15165,1
15166,1
15167,1
15168,1
15169,5
15170,5
15171,5
15172,5
15173,1
15174,1
15175,1
15176,1
15177,1
15178,1
15179,1
15180,1
15181,1
15182,1
15183,1
15184,1
15185,1
15186,1
15187,1
15188,1
15189,1
15190,1
15191,1
15192,1
15193,1
15194,5
15195,1
15196,1
15197,1
15198,1
15199,1
15200,1
15201,1
15202,1
15203,1
15204,1
15205,1
15206,1
15207,1
15208,1
15209,1
15210,1
15211,5
15212,1
15213,5
15214,1
15215,5
15216,1
15217,1
15218,1
15219,3
15220,1
15221,3
15222,1
15223,1
15224,1
15225,3
15226,1
15227,1
15228,1
15229,1
15230,1
15231,1
15232,1
15233,1
15234,1
15235,1
15236,1
15237,1
15238,1
15239,1
15240,1
15241,1
15242,1
15243,1
15244,1
15245,1
15246,1
15247,1
15248,1
15249,1
15250,1
15251,1
15252,1
15253,1
15254,5
15255,1
15256,1
15257,1
15258,3
15259,1
15260,5
15261,1
15262,1
15263,1
15264,1
15265,1
15266,1
15267,2
15268,1
15269,1
15270,1
15271,1
15272,1
15273,1
15274,1
15275,1
15276,1
15277,1
15278,1
15279,1
15280,1
15281,1
15282,1
15283,1
15284,1
15285,1
15286,5
15287,2
15288,1
15289,1
15290,1
15291,1
15292,1
15293,1
15294,1
15295,1
15296,5
15297,1
15298,1
15299,1
15300,1
15301,1
15302,1
15303,1
15304,1
15305,1
15306,1
15307,1
15308,1
15309,1
15310,2
15311,1
15312,1
15313,1
15314,1
15315,1
15316,1
15317,1
15318,1
15319,1
15320,1
15321,1
15322,1
15323,1
15324,1
15325,1
15326,5
15327,1
15328,1
15329,1
15330,1
15331,5
15332,1
15333,1
15334,5
15335,1
15336,1
15337,1
15338,1
15339,5
15340,1
15341,2
15342,1
15343,1
15344,1
15345,1
15346,1
15347,1
15348,1
15349,1
15350,1
15351,1
15352,1
15353,2
15354,1
15355,1
15356,1
15357,1
15358,2
15359,1
15360,1
15361,1
15362,1
15363,1
15364,1
15365,1
15366,1
15367,1
15368,1
15369,1
15370,1
15371,1
15372,1
15373,1
15374,1
15375,5
15376,3
15377,1
15378,1
15379,1
15380,5
15381,1
15382,1
15383,1
15384,5
15385,1
15386,1
15387,1
15388,1
15389,1
15390,1
15391,1
15392,1
15393,1
15394,1
15395,1
15396,1
15397,2
15398,1
15399,1
15400,1
15401,1
15402,1
15403,1
15404,1
15405,1
15406,1
15407,1
15408,1
15409,5
15410,1
15411,1
15412,1
15413,1
15414,1
15415,1
15416,1
15417,1
15418,1
15419,1
15420,5
15421,1
15422,1
15423,3
15424,5
15425,3
15426,1
15427,1
15428,1
15429,2
15430,1
15431,1
15432,1
15433,1
15434,1
15435,1
15436,1
15437,1
15438,1
15439,1
15440,1
15441,2
15442,1
15443,1
15444,1
15445,2
15446,3
15447,1
15448,1
15449,1
15450,2
15451,1
15452,1
15453,1
15454,1
15455,1
15456,1
15457,1
15458,1
15459,1
15460,1
15461,1
15462,1
15463,1
15464,3
15465,1
15466,1
15467,1
15468,1
15469,5
15470,1
15471,1
15472,1
15473,5
15474,1
15475,1
15476,1
15477,1
15478,1
15479,3
15480,1
15481,1
15482,1
15483,1
15484,1
15485,1
15486,1
15487,1
15488,1
15489,1
15490,1
15491,1
15492,1
15493,1
15494,1
15495,1
15496,1
15497,1
15498,1
15499,1
15500,1
15501,1
15502,1
15503,1
15504,1
15505,1
15506,1
15507,1
15508,1
15509,1
15510,1
15511,1
15512,1
15513,1
15514,1
15515,5
15516,5
15517,5
15518,1
15519,1
15520,1
15521,1
15522,1
15523,1
15524,1
15525,2
15526,1
15527,1
15528,1
15529,1
15530,1
15531,1
15532,2
15533,1
15534,2
15535,1
15536,1
15537,1
15538,1
15539,1
15540,1
15541,1
15542,1
15543,1
15544,1
15545,1
15546,1
15547,1
15548,1
15549,1
15550,1
15551,1
15552,1
15553,1
15554,1
15555,1
15556,1
15557,1
15558,1
15559,1
15560,1
15561,1
15562,1
15563,1
15564,1
15565,2
15566,1
15567,1
15568,1
15569,1
15570,1
15571,5
15572,1
15573,1
15574,1
15575,1
15576,3
15577,2
15578,1
15579,1
15580,1
15581,1
15582,1
15583,1
15584,1
15585,1
15586,2
15587,1
15588,1
15589,1
15590,1
15591,1
15592,1
15593,1
15594,1
15595,5
15596,1
15597,1
15598,1
15599,1
15600,1
15601,1
15602,1
15603,3
15604,1
15605,1
15606,1
15607,1
15608,3
15609,3
15610,3
15611,3
15612,1
15613,5
15614,1
15615,1
15616,1
15617,1
15618,1
15619,1
15620,1
15621,1
15622,2
15623,1
15624,2
15625,1
15626,1
15627,1
15628,1
15629,1
15630,1
15631,1
15632,5
15633,1
15634,1
15635,1
15636,1
15637,1
15638,1
15639,1
15640,1
15641,1
15642,1
15643,1
15644,5
15645,1
15646,1
15647,1
15648,1
15649,1
15650,5
15651,5
15652,3
15653,1
15654,1
15655,1
15656,1
15657,1
15658,1
15659,1
15660,1
15661,1
15662,1
15663,1
15664,1
15665,1
15666,1
15667,1
15668,1
15669,1
15670,1
15671,1
15672,1
15673,1
15674,1
15675,1
15676,1
15677,1
15678,1
15679,1
15680,1
15681,1
15682,1
15683,1
15684,2
15685,1
15686,1
15687,1
15688,1
15689,1
15690,1
15691,1
15692,1
15693,1
15694,1
15695,1
15696,1
15697,3
15698,3
15699,1
15700,1
15701,1
15702,1
15703,1
15704,1
15705,1
15706,1
15707,1
15708,1
15709,1
15710,1
15711,1
15712,1
15713,1
15714,1
15715,1
15716,1
15717,1
15718,1
15719,1
15720,1
15721,1
15722,1
15723,1
15724,1
15725,1
15726,1
15727,1
15728,1
15729,5
15730,1
15731,1
15732,1
15733,1
15734,5
15735,1
15736,3
15737,1
15738,1
15739,1
15740,1
15741,1
15742,1
15743,1
15744,1
15745,1
15746,1
15747,1
15748,1
15749,1
15750,1
15751,1
15752,1
15753,1
15754,1
15755,1
15756,1
15757,1
15758,1
15759,1
15760,1
15761,1
15762,1
15763,1
15764,1
15765,1
15766,1
15767,2
15768,1
15769,1
15770,1
15771,3
15772,5
15773,5
15774,5
15775,1
15776,1
15777,1
15778,1
15779,1
15780,1
15781,1
15782,1
15783,1
15784,1
15785,1
15786,1
15787,1
15788,1
15789,2
15790,1
15791,1
15792,1
15793,5
15794,1
15795,1
15796,1
15797,1
15798,1
15799,1
15800,1
15801,1
15802,1
15803,1
15804,1
15805,1
15806,1
15807,5
15808,1
15809,1
15810,1
15811,1
15812,3
15813,1
15814,5
15815,1
15816,5
15817,1
15818,1
15819,1
15820,2
15821,1
15822,1
15823,1
15824,1
15825,1
15826,1
15827,1
15828,1
15829,1
15830,1
15831,1
15832,1
15833,1
15834,1
15835,2
15836,1
15837,1
15838,1
15839,1
15840,3
15841,1
15842,1
15843,1
15844,1
15845,1
15846,1
15847,1
15848,1
15849,1
15850,2
15851,1
15852,1
15853,1
15854,1
15855,1
15856,1
15857,1
15858,1
15859,1
15860,1
15861,1
15862,1
15863,1
15864,1
15865,1
15866,1
15867,1
15868,1
15869,1
15870,1
15871,1
15872,1
15873,1
15874,1
15875,1
15876,3
15877,1
15878,1
15879,1
15880,1
15881,1
15882,1
15883,1
15884,1
15885,1
15886,1
15887,1
15888,1
15889,1
15890,1
15891,1
15892,1
15893,1
15894,1
15895,1
15896,1
15897,1
15898,1
15899,1
15900,1
15901,1
15902,1
15903,1
15904,1
15905,1
15906,1
15907,1
15908,1
15909,1
15910,1
15911,1
15912,5
15913,5
15914,1
15915,1
15916,1
15917,1
15918,1
15919,1
15920,1
15921,5
15922,5
15923,3
15924,1
15925,1
15926,1
15927,2
15928,1
15929,1
15930,2
15931,1
15932,1
15933,1
15934,1
15935,1
15936,1
15937,1
15938,1
15939,1
15940,1
15941,1
15942,1
15943,1
15944,1
15945,1
15946,1
15947,1
15948,1
15949,1
15950,1
15951,1
15952,5
15953,5
15954,1
15955,1
15956,1
15957,5
15958,5
15959,1
15960,1
15961,5
15962,1
15963,5
15964,1
15965,1
15966,1
15967,5
15968,5
15969,5
15970,2
15971,1
15972,1
15973,2
15974,1
15975,1
15976,1
15977,1
15978,1
15979,1
15980,1
15981,1
15982,1
15983,1
15984,1
15985,1
15986,2
15987,1
15988,3
15989,1
15990,1
15991,1
15992,1
15993,1
15994,1
15995,1
15996,1
15997,1
15998,1
15999,5
16000,1
16001,1
16002,1
16003,3
16004,3
16005,1
16006,1
16007,5
16008,1
16009,1
16010,1
16011,5
16012,5
16013,5
16014,1
16015,5
16016,3
16017,1
16018,1
16019,1
16020,1
16021,1
16022,2
16023,1
16024,1
16025,1
16026,1
16027,1
16028,1
16029,1
16030,1
16031,1
16032,3
16033,1
16034,2
16035,1
16036,1
16037,1
16038,1
16039,5
16040,1
16041,1
16042,1
16043,1
16044,1
16045,1
16046,1
16047,1
16048,1
16049,1
16050,1
16051,1
16052,1
16053,1
16054,1
16055,5
16056,5
16057,5
16058,3
16059,1
16060,1
16061,1
16062,2
16063,1
16064,1
16065,1
16066,2
16067,1
16068,1
16069,1
16070,1
16071,1
16072,1
16073,1
16074,1
16075,2
16076,2
16077,1
16078,2
16079,1
16080,1
16081,1
16082,1
16083,1
16084,1
16085,1
16086,1
16087,1
16088,1
16089,1
16090,1
16091,1
16092,1
16093,1
16094,1
16095,1
16096,1
16097,1
16098,1
16099,1
16100,1
16101,1
16102,1
16103,1
16104,1
16105,1
16106,1
16107,1
16108,5
16109,1
16110,1
16111,1
16112,1
16113,1
16114,1
16115,1
16116,3
16117,1
16118,3
16119,1
16120,5
16121,1
16122,1
16123,1
16124,1
16125,1
16126,1
16127,1
16128,1
16129,1
16130,2
16131,3
16132,1
16133,1
16134,2
16135,1
16136,1
16137,1
16138,1
16139,1
16140,1
16141,1
16142,1
16143,1
16144,1
16145,1
16146,1
16147,1
16148,1
16149,1
16150,1
16151,1
16152,1
16153,5
16154,5
16155,1
16156,1
16157,1
16158,1
16159,1
16160,5
16161,3
16162,5
16163,1
16164,5
16165,1
16166,1
16167,1
16168,1
16169,1
16170,1
16171,1
16172,1
16173,1
16174,1
16175,1
16176,2
16177,1
16178,1
16179,1
16180,1
16181,2
16182,2
16183,1
16184,1
16185,1
16186,1
16187,1
16188,1
16189,1
16190,1
16191,1
16192,1
16193,1
16194,1
16195,1
16196,1
16197,1
16198,1
16199,1
16200,1
16201,1
16202,1
16203,1
16204,1
16205,1
16206,1
16207,1
16208,1
16209,1
16210,1
16211,1
16212,1
16213,1
16214,3
16215,1
16216,5
16217,1
16218,1
16219,1
16220,1
16221,2
16222,1
16223,1
16224,1
16225,1
16226,1
16227,1
16228,1
16229,1
16230,1
16231,3
16232,1
16233,1
16234,1
16235,1
16236,1
16237,1
16238,1
16239,1
16240,1
16241,1
16242,1
16243,2
16244,1
16245,1
16246,1
16247,1
16248,2
16249,1
16250,1
16251,1
16252,1
16253,1
16254,1
16255,5
16256,1
16257,1
16258,1
16259,1
16260,1
16261,1
16262,1
16263,1
16264,1
16265,1
16266,5
16267,1
16268,1
16269,5
16270,1
16271,1
16272,1
16273,1
16274,1
16275,3
16276,1
16277,3
16278,3
16279,5
16280,2
16281,1
16282,1
16283,1
16284,1
16285,1
16286,1
16287,1
16288,1
16289,1
16290,2
16291,1
16292,2
16293,2
16294,2
16295,1
16296,1
16297,2
16298,1
16299,1
16300,1
16301,2
16302,2
16303,1
16304,1
16305,1
16306,1
16307,1
16308,1
16309,5
16310,1
16311,1
16312,1
16313,1
16314,1
16315,1
16316,5
16317,1
16318,1
16319,1
16320,1
16321,1
16322,5
16323,1
16324,1
16325,1
16326,5
16327,1
16328,1
16329,1
16330,1
16331,3
16332,3
16333,1
16334,1
16335,1
16336,1
16337,1
16338,1
16339,1
16340,1
16341,1
16342,1
16343,2
16344,1
16345,1
16346,1
16347,1
16348,1
16349,1
16350,1
16351,1
16352,1
16353,1
16354,1
16355,1
16356,1
16357,1
16358,1
16359,1
16360,1
16361,1
16362,1
16363,1
16364,1
16365,1
16366,1
16367,1
16368,5
16369,1
16370,1
16371,1
16372,1
16373,1
16374,1
16375,1
16376,1
16377,1
16378,1
16379,1
16380,1
16381,1
16382,3
16383,1
16384,3
16385,3
16386,5
16387,1
16388,1
16389,1
16390,1
16391,2
16392,1
16393,1
16394,1
16395,1
16396,1
16397,1
16398,1
16399,1
16400,1
16401,1
16402,1
16403,1
16404,1
16405,1
16406,1
16407,5
16408,1
16409,1
16410,1
16411,1
16412,1
16413,1
16414,1
16415,1
16416,5
16417,5
16418,3
16419,1
16420,1
16421,5
16422,1
16423,1
16424,1
16425,5
16426,1
16427,1
16428,1
16429,1
16430,3
16431,1
16432,3
16433,2
16434,1
16435,1
16436,1
16437,1
16438,1
16439,1
16440,1
16441,1
16442,1
16443,1
16444,1
16445,1
16446,1
16447,1
16448,1
16449,1
16450,1
16451,1
16452,1
16453,1
16454,1
16455,3
16456,1
16457,1
16458,1
16459,1
16460,1
16461,1
16462,1
16463,1
16464,1
16465,1
16466,1
16467,1
16468,5
16469,1
16470,1
16471,1
16472,1
16473,1
16474,1
16475,1
16476,1
16477,1
16478,1
16479,1
16480,1
16481,5
16482,5
16483,1
16484,1
16485,1
16486,3
16487,1
16488,2
16489,1
16490,1
16491,2
16492,1
16493,1
16494,1
16495,1
16496,1
16497,1
16498,1
16499,1
16500,3
16501,1
16502,1
16503,3
16504,1
16505,1
16506,1
16507,5
16508,1
16509,5
16510,1
16511,1
16512,1
16513,5
16514,1
16515,1
16516,1
16517,1
16518,1
16519,1
16520,1
16521,5
16522,1
16523,1
16524,1
16525,1
16526,1
16527,1
16528,3
16529,1
16530,1
16531,5
16532,1
16533,1
16534,1
16535,1
16536,3
16537,1
16538,1
16539,1
16540,1
16541,1
16542,1
16543,1
16544,1
16545,1
16546,1
16547,1
16548,1
16549,1
16550,1
16551,1
16552,1
16553,1
16554,1
16555,1
16556,1
16557,1
16558,1
16559,1
16560,1
16561,1
16562,1
16563,1
16564,1
16565,1
16566,1
16567,1
16568,1
16569,1
16570,1
16571,1
16572,5
16573,1
16574,1
16575,1
16576,5
16577,1
16578,1
16579,1
16580,3
16581,1
16582,3
16583,1
16584,1
16585,1
16586,1
16587,1
16588,1
16589,1
16590,1
16591,1
16592,1
16593,1
16594,1
16595,1
16596,1
16597,1
16598,1
16599,1
16600,2
16601,1
16602,1
16603,1
16604,1
16605,1
16606,1
16607,1
16608,1
16609,1
16610,1
16611,1
16612,1
16613,1
16614,3
16615,5
16616,5
16617,1
16618,1
16619,1
16620,1
16621,1
16622,1
16623,1
16624,1
16625,1
16626,1
16627,1
16628,1
16629,1
16630,1
16631,1
16632,1
16633,1
16634,1
16635,1
16636,1
16637,1
16638,1
16639,1
16640,1
16641,1
16642,1
16643,1
16644,1
16645,1
16646,1
16647,1
16648,2
16649,2
16650,1
16651,1
16652,1
16653,1
16654,1
16655,1
16656,1
16657,1
16658,1
16659,1
16660,3
16661,1
16662,1
16663,1
16664,1
16665,1
16666,1
16667,1
16668,1
16669,1
16670,1
16671,1
16672,1
16673,1
16674,5
16675,1
16676,1
16677,1
16678,1
16679,1
16680,3
16681,1
16682,1
16683,3
16684,3
16685,5
16686,5
16687,1
16688,1
16689,1
16690,2
16691,1
16692,1
16693,1
16694,1
16695,1
16696,1
16697,1
16698,1
16699,1
16700,1
16701,1
16702,1
16703,1
16704,1
16705,1
16706,1
16707,1
16708,1
16709,1
16710,1
16711,1
16712,1
16713,1
16714,5
16715,1
16716,1
16717,1
16718,1
16719,1
16720,1
16721,1
16722,1
16723,1
16724,1
16725,1
16726,1
16727,1
16728,1
16729,5
16730,1
16731,1
16732,1
16733,1
16734,1
16735,1
16736,1
16737,5
16738,5
16739,3
16740,5
16741,5
16742,1
16743,1
16744,1
16745,1
16746,1
16747,1
16748,1
16749,1
16750,1
16751,2
16752,1
16753,1
16754,1
16755,1
16756,1
16757,1
16758,1
16759,1
16760,1
16761,1
16762,1
16763,1
16764,1
16765,1
16766,1
16767,1
16768,1
16769,1
16770,1
16771,1
16772,1
16773,1
16774,1
16775,1
16776,1
16777,5
16778,1
16779,1
16780,1
16781,1
16782,5
16783,5
16784,1
16785,1
16786,1
16787,1
16788,1
16789,1
16790,1
16791,1
16792,5
16793,5
16794,1
16795,1
16796,1
16797,1
16798,3
16799,5
16800,1
16801,3
16802,1
16803,1
16804,1
16805,1
16806,1
16807,2
16808,1
16809,1
16810,1
16811,1
16812,1
16813,1
16814,1
16815,1
16816,1
16817,1
16818,1
16819,1
16820,1
16821,1
16822,1
16823,1
16824,1
16825,1
16826,1
16827,1
16828,1
16829,1
16830,1
16831,1
16832,1
16833,1
16834,1
16835,1
16836,1
16837,1
16838,1
16839,1
16840,1
16841,1
16842,1
16843,1
16844,1
16845,5
16846,1
16847,5
16848,5
16849,1
16850,1
16851,1
16852,1
16853,1
16854,1
16855,5
16856,1
16857,1
16858,1
16859,1
16860,1
16861,1
16862,3
16863,1
16864,3
16865,1
16866,1
16867,1
16868,3
16869,5
16870,3
16871,1
16872,3
16873,3
16874,1
16875,2
16876,2
16877,1
16878,1
16879,1
16880,1
16881,1
16882,1
16883,1
16884,1
16885,3
16886,1
16887,2
16888,1
16889,1
16890,1
16891,1
16892,1
16893,1
16894,1
16895,1
16896,1
16897,1
16898,1
16899,1
16900,1
16901,1
16902,1
16903,1
16904,5
16905,1
16906,1
16907,1
16908,1
16909,1
16910,1
16911,1
16912,1
16913,1
16914,3
16915,1
16916,1
16917,5
16918,1
16919,5
16920,3
16921,5
16922,1
16923,1
16924,1
16925,1
16926,1
16927,1
16928,2
16929,1
16930,1
16931,1
16932,1
16933,1
16934,1
16935,1
16936,1
16937,1
16938,1
16939,1
16940,1
16941,1
16942,1
16943,1
16944,1
16945,1
16946,1
16947,1
16948,1
16949,2
16950,1
16951,1
16952,1
16953,1
16954,1
16955,1
16956,1
16957,1
16958,1
16959,1
16960,1
16961,1
16962,1
16963,5
16964,1
16965,1
16966,1
16967,1
16968,1
16969,5
16970,1
16971,1
16972,1
16973,1
16974,5
16975,1
16976,1
16977,5
16978,3
16979,1
16980,2
16981,1
16982,2
16983,1
16984,1
16985,1
16986,1
16987,1
16988,2
16989,1
16990,1
16991,1
16992,1
16993,1
16994,1
16995,1
16996,1
16997,1
16998,1
16999,1
17000,1
17001,1
17002,1
17003,1
17004,5
17005,1
17006,1
17007,1
17008,1
17009,1
17010,1
17011,1
17012,1
17013,1
17014,1
17015,1
17016,1
17017,1
17018,1
17019,5
17020,1
17021,1
17022,1
17023,1
17024,1
17025,1
17026,1
17027,1
17028,1
17029,1
17030,1
17031,3
17032,1
17033,1
17034,1
17035,1
17036,3
17037,1
17038,3
17039,1
17040,1
17041,1
17042,3
17043,1
17044,1
17045,1
17046,1
17047,1
17048,1
17049,1
17050,1
17051,1
17052,1
17053,1
17054,1
17055,1
17056,1
17057,2
17058,1
17059,1
17060,2
17061,1
17062,1
17063,1
17064,1
17065,1
17066,1
17067,1
17068,1
17069,1
17070,1
17071,1
17072,1
17073,1
17074,1
17075,1
17076,1
17077,1
17078,1
17079,5
17080,1
17081,1
17082,1
17083,5
17084,5
17085,1
17086,1
17087,1
17088,1
17089,1
17090,1
17091,3
17092,1
17093,3
17094,5
17095,1
17096,5
17097,1
17098,3
17099,1
17100,3
17101,5
17102,1
17103,5
17104,1
17105,1
17106,1
17107,1
17108,1
17109,1
17110,1
17111,1
17112,1
17113,1
17114,1
17115,1
17116,1
17117,2
17118,1
17119,1
17120,2
17121,1
17122,1
17123,5
17124,1
17125,1
17126,1
17127,1
17128,1
17129,1
17130,1
17131,1
17132,2
17133,1
17134,1
17135,2
17136,1
17137,1
17138,1
17139,1
17140,1
17141,1
17142,1
17143,1
17144,1
17145,1
17146,1
17147,5
17148,1
17149,1
17150,1
17151,1
17152,1
17153,1
17154,5
17155,1
17156,5
17157,1
17158,1
17159,3
17160,1
17161,1
17162,5
17163,3
17164,1
17165,1
17166,1
17167,1
17168,3
17169,3
17170,1
17171,1
17172,1
17173,2
17174,1
17175,1
17176,1
17177,1
17178,2
17179,1
17180,1
17181,1
17182,1
17183,3
17184,1
17185,1
17186,1
17187,1
17188,1
17189,1
17190,1
17191,1
17192,1
17193,1
17194,1
17195,1
17196,1
17197,1
17198,1
17199,1
17200,1
17201,1
17202,1
17203,1
17204,1
17205,1
17206,1
17207,1
17208,1
17209,1
17210,1
17211,5
17212,1
17213,1
17214,1
17215,1
17216,1
17217,1
17218,1
17219,1
17220,1
17221,1
17222,1
17223,1
17224,1
17225,1
17226,1
17227,3
17228,1
17229,1
17230,1
17231,1
17232,1
17233,3
17234,3
17235,3
17236,1
17237,1
17238,1
17239,2
17240,1
17241,1
17242,1
17243,1
17244,1
17245,1
17246,1
17247,1
17248,1
17249,1
17250,2
17251,1
17252,1
17253,1
17254,1
17255,1
17256,1
17257,5
17258,1
17259,1
17260,1
17261,1
17262,1
17263,1
17264,1
17265,1
17266,1
17267,1
17268,1
17269,1
17270,1
17271,1
17272,1
17273,1
17274,1
17275,5
17276,5
17277,3
17278,1
17279,5
17280,1
17281,1
17282,1
17283,1
17284,1
17285,1
17286,1
17287,1
17288,5
17289,3
17290,3
17291,1
17292,1
17293,1
17294,1
17295,1
17296,1
17297,2
17298,1
17299,1
17300,1
17301,1
17302,1
17303,1
17304,2
17305,1
17306,1
17307,1
17308,1
17309,1
17310,3
17311,1
17312,1
17313,1
17314,1
17315,1
17316,1
17317,1
17318,1
17319,1
17320,1
17321,1
17322,1
17323,1
17324,1
17325,1
17326,1
17327,3
17328,1
17329,1
17330,5
17331,5
17332,1
17333,2
17334,1
17335,2
17336,1
17337,1
17338,1
17339,1
17340,1
17341,1
17342,1
17343,1
17344,1
17345,1
17346,1
17347,2
17348,2
17349,1
17350,1
17351,2
17352,1
17353,1
17354,2
17355,1
17356,1
17357,5
17358,1
17359,1
17360,3
17361,1
17362,1
17363,1
17364,1
17365,1
17366,1
17367,1
17368,1
17369,1
17370,1
17371,1
17372,5
17373,1
17374,1
17375,1
17376,1
17377,1
17378,1
17379,1
17380,5
17381,1
17382,1
17383,3
17384,5
17385,1
17386,1
17387,1
17388,1
17389,1
17390,1
17391,2
17392,1
17393,1
17394,1
17395,1
17396,1
17397,1
17398,1
17399,2
17400,1
17401,2
17402,1
17403,1
17404,1
17405,2
17406,1
17407,1
17408,1
17409,1
17410,3
17411,1
17412,1
17413,1
17414,1
17415,1
17416,1
17417,1
17418,1
17419,1
17420,1
17421,1
17422,1
17423,1
17424,1
17425,1
17426,1
17427,1
17428,1
17429,1
17430,1
17431,1
17432,3
17433,1
17434,1
17435,3
17436,1
17437,3
17438,1
17439,3
17440,1
17441,3
17442,3
17443,3
17444,1
17445,3
17446,5
17447,5
17448,5
17449,5
17450,1
17451,1
17452,1
17453,1
17454,1
17455,1
17456,2
17457,1
17458,1
17459,1
17460,1
17461,1
17462,1
17463,2
17464,3
17465,2
17466,5
17467,1
17468,1
17469,5
17470,1
17471,1
17472,2
17473,1
17474,1
17475,1
17476,1
17477,1
17478,1
17479,1
17480,1
17481,1
17482,1
17483,1
17484,1
17485,1
17486,1
17487,1
17488,1
17489,1
17490,1
17491,5
17492,1
17493,3
17494,1
17495,1
17496,3
17497,5
17498,3
17499,1
17500,1
17501,2
17502,1
17503,1
17504,2
17505,1
17506,2
17507,1
17508,1
17509,1
17510,1
17511,1
17512,1
17513,2
17514,2
17515,1
17516,1
17517,1
17518,1
17519,1
17520,1
17521,1
17522,1
17523,1
17524,1
17525,1
17526,1
17527,1
17528,1
17529,1
17530,1
17531,1
17532,1
17533,1
17534,1
17535,1
17536,1
17537,1
17538,1
17539,5
17540,1
17541,1
17542,1
17543,1
17544,1
17545,1
17546,1
17547,1
17548,1
17549,5
17550,1
17551,1
17552,1
17553,1
17554,1
17555,1
17556,1
17557,1
17558,1
17559,1
17560,1
17561,1
17562,1
17563,1
17564,1
17565,3
17566,1
17567,5
17568,1
17569,1
17570,3
17571,1
17572,3
17573,1
17574,1
17575,1
17576,1
17577,1
17578,1
17579,1
17580,1
17581,1
17582,1
17583,1
17584,1
17585,1
17586,1
17587,1
17588,1
17589,1
17590,1
17591,1
17592,5
17593,1
17594,1
17595,1
17596,1
17597,1
17598,1
17599,1
17600,5
17601,1
17602,1
17603,1
17604,1
17605,1
17606,1
17607,1
17608,1
17609,1
17610,1
17611,1
17612,1
17613,5
17614,1
17615,1
17616,1
17617,1
17618,1
17619,5
17620,1
17621,1
17622,5
17623,1
17624,1
17625,5
17626,1
17627,3
17628,1
17629,1
17630,1
17631,1
17632,1
17633,1
17634,1
17635,1
17636,1
17637,1
17638,2
17639,1
17640,1
17641,1
17642,1
17643,3
17644,1
17645,1
17646,1
17647,1
17648,1
17649,1
17650,1
17651,1
17652,1
17653,1
17654,1
17655,1
17656,1
17657,1
17658,5
17659,1
17660,1
17661,1
17662,5
17663,1
17664,1
17665,1
17666,1
17667,1
17668,1
17669,1
17670,3
17671,5
17672,3
17673,1
17674,1
17675,1
17676,1
17677,1
17678,1
17679,1
17680,1
17681,1
17682,1
17683,1
17684,1
17685,1
17686,1
17687,1
17688,1
17689,1
17690,1
17691,1
17692,1
17693,1
17694,1
17695,1
17696,1
17697,1
17698,1
17699,1
17700,2
17701,1
17702,1
17703,1
17704,1
17705,1
17706,1
17707,1
17708,1
17709,1
17710,1
17711,1
17712,1
17713,1
17714,1
17715,1
17716,5
17717,1
17718,1
17719,3
17720,3
17721,5
17722,5
17723,1
17724,1
17725,1
17726,1
17727,1
17728,1
17729,1
17730,1
17731,1
17732,2
17733,1
17734,1
17735,1
17736,1
17737,1
17738,1
17739,1
17740,1
17741,1
17742,1
17743,1
17744,1
17745,1
17746,1
17747,1
17748,1
17749,1
17750,1
17751,1
17752,1
17753,1
17754,1
17755,1
17756,1
17757,1
17758,1
17759,5
17760,1
17761,5
17762,1
17763,1
17764,1
17765,1
17766,1
17767,3
17768,5
17769,5
17770,1
17771,1
17772,1
17773,1
17774,1
17775,1
17776,1
17777,1
17778,1
17779,1
17780,1
17781,1
17782,3
17783,3
17784,3
17785,5
17786,1
17787,1
17788,1
17789,1
17790,1
17791,1
17792,1
17793,1
17794,1
17795,1
17796,1
17797,1
17798,1
17799,1
17800,1
17801,1
17802,1
17803,1
17804,2
17805,1
17806,1
17807,1
17808,1
17809,1
17810,1
17811,1
17812,1
17813,1
17814,1
17815,1
17816,1
17817,1
17818,1
17819,1
17820,1
17821,1
17822,1
17823,1
17824,1
17825,1
17826,1
17827,1
17828,3
17829,1
17830,1
17831,1
17832,1
17833,1
17834,1
17835,3
17836,1
17837,1
17838,1
17839,1
17840,1
17841,1
17842,1
17843,1
17844,1
17845,1
17846,1
17847,3
17848,1
17849,1
17850,1
17851,1
17852,1
17853,1
17854,1
17855,1
17856,1
17857,1
17858,1
17859,1
17860,1
17861,3
17862,1
17863,5
17864,1
17865,1
17866,1
17867,1
17868,1
17869,1
17870,1
17871,1
17872,1
17873,1
17874,1
17875,1
17876,1
17877,3
17878,3
17879,5
17880,5
17881,1
17882,1
17883,1
17884,1
17885,1
17886,1
17887,1
17888,1
17889,1
17890,1
17891,1
17892,1
17893,1
17894,1
17895,1
17896,1
17897,1
17898,1
17899,1
17900,1
17901,1
17902,1
17903,1
17904,1
17905,1
17906,1
17907,1
17908,1
17909,5
17910,1
17911,1
17912,5
17913,1
17914,1
17915,1
17916,1
17917,1
17918,1
17919,5
17920,1
17921,1
17922,1
17923,1
17924,1
17925,1
17926,5
17927,1
17928,1
17929,3
17930,1
17931,1
17932,1
17933,5
17934,5
17935,5
17936,1
17937,1
17938,3
17939,1
17940,1
17941,1
17942,1
17943,1
17944,1
17945,2
17946,1
17947,1
17948,1
17949,1
17950,1
17951,1
17952,1
17953,1
17954,1
17955,1
17956,1
17957,1
17958,1
17959,1
17960,1
17961,1
17962,1
17963,2
17964,1
17965,1
17966,1
17967,1
17968,1
17969,1
17970,5
17971,2
17972,1
17973,1
17974,1
17975,1
17976,1
17977,1
17978,1
17979,1
17980,1
17981,1
17982,1
17983,1
17984,1
17985,1
17986,1
17987,5
17988,1
17989,1
17990,1
17991,1
17992,1
17993,1
17994,1
17995,1
17996,1
17997,1
17998,1
17999,3
18000,1
18001,1
18002,3
18003,1
18004,1
18005,1
18006,1
18007,2
18008,1
18009,1
18010,1
18011,1
18012,1
18013,1
18014,1
18015,1
18016,1
18017,1
18018,1
18019,1
18020,1
18021,1
18022,1
18023,2
18024,1
18025,2
18026,1
18027,1
18028,1
18029,1
18030,1
18031,1
18032,1
18033,1
18034,1
18035,1
18036,1
18037,1
18038,1
18039,1
18040,1
18041,2
18042,2
18043,1
18044,1
18045,1
18046,1
18047,1
18048,1
18049,1
18050,1
18051,5
18052,1
18053,3
18054,5
18055,1
18056,1
18057,5
18058,1
18059,1
18060,1
18061,3
18062,1
18063,1
18064,5
18065,1
18066,1
18067,1
18068,1
18069,1
18070,1
18071,1
18072,1
18073,1
18074,1
18075,1
18076,1
18077,1
18078,1
18079,1
18080,1
18081,2
18082,1
18083,2
18084,1
18085,1
18086,1
18087,1
18088,1
18089,1
18090,1
18091,1
18092,1
18093,1
18094,1
18095,1
18096,2
18097,1
18098,1
18099,1
18100,1
18101,1
18102,1
18103,1
18104,1
18105,1
18106,1
18107,1
18108,1
18109,1
18110,5
18111,1
18112,1
18113,1
18114,1
18115,1
18116,1
18117,1
18118,1
18119,3
18120,1
18121,1
18122,5
18123,1
18124,3
18125,5
18126,1
18127,3
18128,3
18129,1
18130,1
18131,1
18132,1
18133,1
18134,1
18135,1
18136,1
18137,1
18138,1
18139,1
18140,1
18141,1
18142,1
18143,1
18144,2
18145,1
18146,1
18147,1
18148,1
18149,1
18150,1
18151,1
18152,1
18153,1
18154,1
18155,1
18156,1
18157,1
18158,1
18159,1
18160,1
18161,1
18162,1
18163,1
18164,1
18165,1
18166,1
18167,1
18168,1
18169,1
18170,1
18171,1
18172,5
18173,1
18174,1
18175,1
18176,5
18177,1
18178,1
18179,1
18180,1
18181,1
18182,1
18183,5
18184,1
18185,5
18186,1
18187,1
18188,1
18189,5
18190,5
18191,1
18192,5
18193,3
18194,3
18195,2
18196,1
18197,1
18198,2
18199,1
18200,1
18201,1
18202,1
18203,2
18204,1
18205,1
18206,1
18207,1
18208,1
18209,1
18210,1
18211,1
18212,1
18213,1
18214,1
18215,2
18216,1
18217,1
18218,1
18219,1
18220,1
18221,1
18222,2
18223,1
18224,1
18225,1
18226,1
18227,1
18228,1
18229,1
18230,1
18231,5
18232,1
18233,1
18234,1
18235,1
18236,1
18237,1
18238,1
18239,5
18240,1
18241,3
18242,1
18243,3
18244,1
18245,5
18246,1
18247,3
18248,1
18249,1
18250,1
18251,1
18252,1
18253,1
18254,1
18255,1
18256,1
18257,1
18258,1
18259,1
18260,1
18261,1
18262,1
18263,1
18264,1
18265,1
18266,1
18267,1
18268,1
18269,1
18270,1
18271,1
18272,1
18273,1
18274,5
18275,1
18276,5
18277,1
18278,1
18279,1
18280,1
18281,1
18282,1
18283,1
18284,1
18285,1
18286,1
18287,3
18288,3
18289,3
18290,1
18291,1
18292,1
18293,1
18294,1
18295,1
18296,1
18297,1
18298,1
18299,2
18300,1
18301,1
18302,1
18303,1
18304,1
18305,1
18306,1
18307,1
18308,1
18309,1
18310,1
18311,5
18312,1
18313,1
18314,1
18315,1
18316,1
18317,1
18318,1
18319,1
18320,5
18321,1
18322,1
18323,1
18324,1
18325,1
18326,1
18327,1
18328,1
18329,5
18330,1
18331,1
18332,1
18333,1
18334,1
18335,1
18336,1
18337,5
18338,1
18339,1
18340,1
18341,1
18342,3
18343,1
18344,3
18345,1
18346,1
18347,1
18348,3
18349,3
18350,1
18351,1
18352,1
18353,1
18354,1
18355,1
18356,1
18357,1
18358,1
18359,1
18360,1
18361,1
18362,1
18363,1
18364,1
18365,2
18366,2
18367,3
18368,3
18369,1
18370,1
18371,1
18372,1
18373,1
18374,1
18375,1
18376,1
18377,1
18378,1
18379,3
18380,1
18381,1
18382,1
18383,1
18384,1
18385,1
18386,1
18387,1
18388,1
18389,1
18390,1
18391,1
18392,1
18393,1
18394,1
18395,1
18396,1
18397,1
18398,1
18399,1
18400,5
18401,3
18402,3
18403,3
18404,3
18405,3
18406,5
18407,1
18408,1
18409,1
18410,1
18411,1
18412,1
18413,1
18414,1
18415,1
18416,1
18417,1
18418,1
18419,1
18420,1
18421,1
18422,1
18423,1
18424,2
18425,1
18426,1
18427,1
18428,1
18429,1
18430,1
18431,1
18432,1
18433,1
18434,1
18435,1
18436,1
18437,1
18438,1
18439,1
18440,1
18441,1
18442,1
18443,1
18444,1
18445,1
18446,5
18447,1
18448,1
18449,1
18450,5
18451,1
18452,1
18453,1
18454,1
18455,1
18456,1
18457,1
18458,1
18459,1
18460,1
18461,1
18462,1
18463,3
18464,3
18465,1
18466,5
18467,5
18468,1
18469,1
18470,1
18471,1
18472,1
18473,1
18474,2
18475,1
18476,1
18477,1
18478,1
18479,1
18480,1
18481,1
18482,1
18483,1
18484,1
18485,1
18486,1
18487,1
18488,1
18489,1
18490,1
18491,1
18492,1
18493,1
18494,1
18495,1
18496,1
18497,1
18498,1
18499,1
18500,1
18501,1
18502,1
18503,1
18504,1
18505,1
18506,1
18507,1
18508,1
18509,2
18510,1
18511,1
18512,1
18513,1
18514,1
18515,1
18516,5
18517,1
18518,1
18519,1
18520,1
18521,1
18522,1
18523,1
18524,1
18525,5
18526,1
18527,1
18528,3
18529,1
18530,3
18531,1
18532,1
18533,1
18534,1
18535,3
18536,5
18537,3
18538,5
18539,1
18540,1
18541,1
18542,1
18543,1
18544,1
18545,1
18546,1
18547,1
18548,1
18549,2
18550,1
18551,1
18552,1
18553,1
18554,1
18555,1
18556,1
18557,1
18558,1
18559,1
18560,1
18561,1
18562,1
18563,1
18564,1
18565,1
18566,1
18567,1
18568,1
18569,1
18570,1
18571,1
18572,1
18573,1
18574,1
18575,1
18576,1
18577,1
18578,1
18579,5
18580,1
18581,1
18582,1
18583,1
18584,1
18585,1
18586,1
18587,1
18588,5
18589,1
18590,3
18591,1
18592,1
18593,1
18594,1
18595,3
18596,3
18597,1
18598,1
18599,1
18600,1
18601,1
18602,1
18603,1
18604,1
18605,1
18606,1
18607,1
18608,1
18609,2
18610,1
18611,1
18612,1
18613,1
18614,1
18615,1
18616,1
18617,1
18618,1
18619,1
18620,1
18621,2
18622,2
18623,1
18624,2
18625,1
18626,1
18627,1
18628,1
18629,1
18630,1
18631,1
18632,1
18633,1
18634,2
18635,1
18636,1
18637,1
18638,1
18639,1
18640,1
18641,1
18642,1
18643,1
18644,1
18645,1
18646,1
18647,1
18648,1
18649,5
18650,1
18651,1
18652,1
18653,1
18654,5
18655,5
18656,3
18657,1
18658,5
18659,5
18660,1
18661,1
18662,1
18663,1
18664,1
18665,2
18666,1
18667,1
18668,2
18669,1
18670,1
18671,1
18672,1
18673,1
18674,1
18675,2
18676,1
18677,1
18678,1
18679,1
18680,1
18681,1
18682,1
18683,1
18684,1
18685,1
18686,2
18687,1
18688,1
18689,3
18690,1
18691,1
18692,1
18693,1
18694,1
18695,1
18696,1
18697,1
18698,1
18699,5
18700,1
18701,1
18702,1
18703,1
18704,1
18705,5
18706,1
18707,1
18708,1
18709,5
18710,1
18711,1
18712,1
18713,1
18714,1
18715,1
18716,5
18717,1
18718,5
18719,1
18720,1
18721,3
18722,3
18723,5
18724,3
18725,1
18726,1
18727,1
18728,1
18729,2
18730,1
18731,1
18732,1
18733,1
18734,1
18735,1
18736,1
18737,1
18738,1
18739,1
18740,1
18741,1
18742,1
18743,1
18744,1
18745,2
18746,1
18747,1
18748,1
18749,1
18750,1
18751,1
18752,2
18753,1
18754,1
18755,1
18756,1
18757,1
18758,1
18759,1
18760,1
18761,1
18762,1
18763,1
18764,1
18765,1
18766,1
18767,1
18768,1
18769,1
18770,1
18771,3
18772,1
18773,1
18774,1
18775,1
18776,1
18777,1
18778,1
18779,1
18780,2
18781,1
18782,1
18783,1
18784,1
18785,1
18786,1
18787,1
18788,1
18789,1
18790,1
18791,1
18792,1
18793,1
18794,1
18795,1
18796,3
18797,1
18798,1
18799,1
18800,5
18801,1
18802,1
18803,1
18804,1
18805,1
18806,1
18807,1
18808,1
18809,5
18810,1
18811,1
18812,1
18813,1
18814,1
18815,1
18816,1
18817,1
18818,5
18819,1
18820,1
18821,1
18822,1
18823,1
18824,1
18825,5
18826,5
18827,3
18828,1
18829,1
18830,1
18831,3
18832,3
18833,3
18834,1
18835,5
18836,3
18837,3
18838,1
18839,1
18840,1
18841,1
18842,2
18843,1
18844,1
18845,1
18846,1
18847,1
18848,1
18849,1
18850,2
18851,1
18852,1
18853,1
18854,1
18855,1
18856,1
18857,1
18858,1
18859,1
18860,1
18861,1
18862,1
18863,1
18864,1
18865,1
18866,2
18867,1
18868,1
18869,1
18870,1
18871,5
18872,5
18873,1
18874,1
18875,1
18876,1
18877,1
18878,5
18879,1
18880,1
18881,1
18882,1
18883,5
18884,1
18885,1
18886,1
18887,3
18888,1
18889,3
18890,2
18891,1
18892,1
18893,1
18894,1
18895,1
18896,1
18897,1
18898,1
18899,1
18900,1
18901,1
18902,1
18903,1
18904,1
18905,2
18906,1
18907,1
18908,1
18909,1
18910,1
18911,1
18912,1
18913,1
18914,1
18915,1
18916,1
18917,1
18918,1
18919,1
18920,1
18921,1
18922,1
18923,2
18924,1
18925,1
18926,2
18927,5
18928,1
18929,1
18930,1
18931,1
18932,1
18933,1
18934,1
18935,1
18936,1
18937,1
18938,1
18939,1
18940,1
18941,1
18942,1
18943,1
18944,1
18945,1
18946,1
18947,1
18948,2
18949,2
18950,1
18951,1
18952,1
18953,1
18954,1
18955,1
18956,1
18957,1
18958,1
18959,1
18960,1
18961,1
18962,1
18963,1
18964,1
18965,1
18966,1
18967,2
18968,1
18969,1
18970,1
18971,3
18972,1
18973,1
18974,1
18975,2
18976,1
18977,1
18978,1
18979,1
18980,1
18981,1
18982,1
18983,1
18984,1
18985,1
18986,1
18987,1
18988,1
18989,1
18990,1
18991,5
18992,3
18993,1
18994,1
18995,1
18996,1
18997,1
18998,1
18999,1
19000,1
19001,2
19002,1
19003,2
19004,1
19005,1
19006,1
19007,1
19008,1
19009,1
19010,1
19011,1
19012,1
19013,1
19014,1
19015,1
19016,1
19017,1
19018,1
19019,1
19020,1
19021,1
19022,1
19023,1
19024,1
19025,1
19026,1
19027,1
19028,1
19029,1
19030,1
19031,1
19032,2
19033,1
19034,1
19035,1
19036,1
19037,1
19038,2
19039,1
19040,1
19041,1
19042,1
19043,1
19044,1
19045,1
19046,1
19047,1
19048,1
19049,1
19050,1
19051,1
19052,1
19053,1
19054,1
19055,1
19056,5
19057,1
19058,1
19059,1
19060,1
19061,1
19062,5
19063,2
19064,1
19065,1
19066,1
19067,1
19068,1
19069,1
19070,1
19071,1
19072,1
19073,2
19074,1
19075,1
19076,1
19077,1
19078,1
19079,1
19080,1
19081,1
19082,1
19083,1
19084,1
19085,2
19086,1
19087,1
19088,1
19089,1
19090,1
19091,1
19092,1
19093,1
19094,1
19095,1
19096,1
19097,1
19098,1
19099,1
19100,1
19101,1
19102,1
19103,1
19104,1
19105,1
19106,1
19107,1
19108,5
19109,1
19110,1
19111,1
19112,1
19113,3
19114,3
19115,1
19116,1
19117,1
19118,5
19119,1
19120,1
19121,1
19122,1
19123,1
19124,1
19125,1
19126,1
19127,1
19128,1
19129,1
19130,1
19131,1
19132,1
19133,1
19134,1
19135,1
19136,1
19137,1
19138,1
19139,1
19140,1
19141,2
19142,1
19143,1
19144,1
19145,1
19146,1
19147,1
19148,1
19149,1
19150,1
19151,1
19152,1
19153,1
19154,1
19155,1
19156,2
19157,5
19158,1
19159,1
19160,2
19161,1
19162,1
19163,1
19164,1
19165,1
19166,1
19167,1
19168,1
19169,1
19170,1
19171,1
19172,1
19173,1
19174,1
19175,1
19176,1
19177,1
19178,1
19179,1
19180,1
19181,1
19182,1
19183,3
19184,3
19185,1
19186,1
19187,1
19188,3
19189,5
19190,5
19191,1
19192,1
19193,5
19194,1
19195,1
19196,2
19197,1
19198,2
19199,1
19200,1
19201,1
19202,1
19203,1
19204,1
19205,1
19206,1
19207,1
19208,1
19209,1
19210,5
19211,1
19212,1
19213,1
19214,1
19215,1
19216,1
19217,1
19218,2
19219,2
19220,1
19221,1
19222,1
19223,1
19224,1
19225,1
19226,2
19227,1
19228,1
19229,1
19230,1
19231,1
19232,5
19233,1
19234,5
19235,1
19236,1
19237,1
19238,1
19239,1
19240,5
19241,1
19242,1
19243,1
19244,1
19245,1
19246,1
19247,1
19248,1
19249,3
19250,5
19251,3
19252,1
19253,1
19254,1
19255,1
19256,1
19257,1
19258,1
19259,1
19260,1
19261,1
19262,1
19263,1
19264,2
19265,1
19266,1
19267,1
19268,1
19269,1
19270,1
19271,1
19272,1
19273,1
19274,1
19275,1
19276,2
19277,1
19278,1
19279,1
19280,1
19281,1
19282,1
19283,1
19284,1
19285,1
19286,1
19287,1
19288,1
19289,1
19290,1
19291,5
19292,5
19293,1
19294,3
19295,5
19296,1
19297,1
19298,1
19299,1
19300,1
19301,1
19302,1
19303,1
19304,1
19305,1
19306,1
19307,1
19308,1
19309,1
19310,1
19311,1
19312,1
19313,1
19314,1
19315,1
19316,1
19317,1
19318,1
19319,3
19320,1
19321,2
19322,1
19323,1
19324,1
19325,1
19326,1
19327,1
19328,3
19329,1
19330,1
19331,1
19332,1
19333,1
19334,1
19335,1
19336,1
19337,1
19338,1
19339,1
19340,1
19341,1
19342,1
19343,1
19344,1
19345,1
19346,1
19347,5
19348,1
19349,1
19350,2
19351,1
19352,1
19353,1
19354,1
19355,1
19356,1
19357,1
19358,1
19359,1
19360,1
19361,1
19362,3
19363,1
19364,1
19365,1
19366,5
19367,5
19368,1
19369,1
19370,1
19371,1
19372,1
19373,1
19374,1
19375,1
19376,1
19377,2
19378,1
19379,1
19380,1
19381,1
19382,1
19383,1
19384,1
19385,2
19386,1
19387,2
19388,3
19389,1
19390,1
19391,1
19392,1
19393,1
19394,1
19395,1
19396,1
19397,1
19398,1
19399,1
19400,1
19401,1
19402,1
19403,1
19404,1
19405,1
19406,1
19407,1
19408,1
19409,1
19410,1
19411,1
19412,5
19413,1
19414,1
19415,1
19416,1
19417,1
19418,5
19419,1
19420,1
19421,5
19422,1
19423,1
19424,1
19425,1
19426,1
19427,1
19428,1
19429,1
19430,3
19431,1
19432,3
19433,5
19434,3
19435,3
19436,3
19437,3
19438,1
19439,1
19440,5
19441,2
19442,1
19443,1
19444,1
19445,1
19446,1
19447,1
19448,1
19449,1
19450,1
19451,1
19452,1
19453,1
19454,1
19455,1
19456,2
19457,1
19458,1
19459,1
19460,1
19461,1
19462,1
19463,1
19464,1
19465,1
19466,1
19467,1
19468,2
19469,1
19470,1
19471,1
19472,1
19473,1
19474,2
19475,1
19476,2
19477,1
19478,1
19479,1
19480,1
19481,1
19482,5
19483,1
19484,1
19485,1
19486,1
19487,1
19488,1
19489,1
19490,1
19491,1
19492,1
19493,1
19494,1
19495,1
19496,1
19497,1
19498,1
19499,1
19500,1
19501,5
19502,5
19503,3
19504,1
19505,1
19506,1
19507,3
19508,1
19509,1
19510,1
19511,1
19512,1
19513,1
19514,1
19515,1
19516,1
19517,1
19518,1
19519,3
19520,1
19521,1
19522,1
19523,1
19524,1
19525,1
19526,1
19527,1
19528,1
19529,1
19530,1
19531,1
19532,1
19533,1
19534,1
19535,1
19536,1
19537,1
19538,1
19539,1
19540,1
19541,1
19542,1
19543,1
19544,1
19545,1
19546,1
19547,3
19548,1
19549,5
19550,3
19551,1
19552,3
19553,5
19554,1
19555,1
19556,1
19557,1
19558,1
19559,1
19560,1
19561,1
19562,2
19563,2
19564,1
19565,2
19566,1
19567,1
19568,1
19569,1
19570,1
19571,1
19572,1
19573,1
19574,1
19575,1
19576,1
19577,1
19578,1
19579,1
19580,1
19581,1
19582,1
19583,1
19584,1
19585,1
19586,1
19587,3
19588,5
19589,1
19590,5
19591,1
19592,1
19593,1
19594,1
19595,1
19596,1
19597,1
19598,1
19599,1
19600,1
19601,1
19602,1
19603,5
19604,1
19605,1
19606,1
19607,1
19608,5
19609,1
19610,1
19611,5
19612,5
19613,1
19614,3
19615,5
19616,1
19617,1
19618,1
19619,1
19620,1
19621,1
19622,1
19623,2
19624,2
19625,1
19626,1
19627,1
19628,1
19629,1
19630,1
19631,1
19632,1
19633,1
19634,1
19635,1
19636,1
19637,1
19638,1
19639,1
19640,1
19641,1
19642,1
19643,1
19644,5
19645,1
19646,1
19647,1
19648,1
19649,1
19650,1
19651,1
19652,1
19653,1
19654,2
19655,1
19656,1
19657,1
19658,1
19659,1
19660,1
19661,1
19662,1
19663,1
19664,1
19665,1
19666,1
19667,1
19668,1
19669,1
19670,1
19671,1
19672,1
19673,1
19674,1
19675,5
19676,1
19677,1
19678,1
19679,1
19680,1
19681,5
19682,1
19683,3
19684,5
19685,5
19686,1
19687,1
19688,1
19689,1
19690,1
19691,1
19692,1
19693,1
19694,1
19695,1
19696,1
19697,1
19698,1
19699,1
19700,1
19701,1
19702,1
19703,1
19704,1
19705,1
19706,1
19707,1
19708,1
19709,1
19710,1
19711,1
19712,1
19713,1
19714,1
19715,1
19716,1
19717,1
19718,1
19719,1
19720,1
19721,1
19722,1
19723,1
19724,1
19725,1
19726,1
19727,1
19728,1
19729,1
19730,1
19731,1
19732,2
19733,1
19734,1
19735,1
19736,1
19737,1
19738,1
19739,1
19740,1
19741,3
19742,1
19743,1
19744,1
19745,3
19746,3
19747,5
19748,1
19749,1
19750,1
19751,1
19752,1
19753,1
19754,1
19755,1
19756,1
19757,1
19758,1
19759,1
19760,1
19761,1
19762,1
19763,1
19764,2
19765,1
19766,1
19767,1
19768,2
19769,1
19770,1
19771,1
19772,1
19773,1
19774,2
19775,1
19776,1
19777,3
19778,1
19779,1
19780,1
19781,1
19782,1
19783,1
19784,1
19785,1
19786,1
19787,1
19788,1
19789,1
19790,1
19791,1
19792,1
19793,1
19794,1
19795,1
19796,1
19797,1
19798,1
19799,1
19800,5
19801,1
19802,3
19803,5
19804,1
19805,1
19806,3
19807,1
19808,1
19809,2
19810,1
19811,1
19812,1
19813,1
19814,1
19815,1
19816,1
19817,1
19818,1
19819,1
19820,1
19821,1
19822,1
19823,1
19824,1
19825,1
19826,1
19827,1
19828,1
19829,1
19830,5
19831,1
19832,1
19833,1
19834,1
19835,1
19836,1
19837,5
19838,1
19839,1
19840,1
19841,1
19842,1
19843,1
19844,5
19845,1
19846,1
19847,1
19848,1
19849,1
19850,1
19851,1
19852,3
19853,3
19854,1
19855,3
19856,1
19857,1
19858,5
19859,1
19860,1
19861,5
19862,1
19863,1
19864,1
19865,1
19866,1
19867,1
19868,1
19869,1
19870,1
19871,1
19872,1
19873,1
19874,1
19875,1
19876,1
19877,1
19878,1
19879,1
19880,1
19881,1
19882,1
19883,1
19884,1
19885,1
19886,1
19887,1
19888,1
19889,1
19890,1
19891,1
19892,1
19893,1
19894,1
19895,1
19896,1
19897,3
19898,2
19899,1
19900,1
19901,1
19902,1
19903,1
19904,2
19905,1
19906,1
19907,1
19908,1
19909,1
19910,1
19911,1
19912,1
19913,5
19914,1
19915,1
19916,1
19917,1
19918,1
19919,1
19920,1
19921,1
19922,1
19923,1
19924,1
19925,1
19926,1
19927,1
19928,1
19929,5
19930,1
19931,1
19932,5
19933,1
19934,1
19935,1
19936,1
19937,5
19938,3
19939,5
19940,1
19941,1
19942,1
19943,1
19944,1
19945,1
19946,1
19947,1
19948,1
19949,1
19950,1
19951,1
19952,1
19953,1
19954,2
19955,1
19956,1
19957,1
19958,1
19959,1
19960,1
19961,1
19962,1
19963,1
19964,3
19965,1
19966,1
19967,1
19968,1
19969,1
19970,5
19971,1
19972,1
19973,1
19974,1
19975,5
19976,5
19977,1
19978,1
19979,1
19980,1
19981,1
19982,1
19983,1
19984,1
19985,1
19986,5
19987,1
19988,1
19989,1
19990,5
19991,3
19992,3
19993,1
19994,1
19995,1
19996,1
19997,1
19998,1
19999,2
20000,1
20001,1
20002,1
20003,1
20004,1
20005,1
20006,1
20007,1
20008,1
20009,1
20010,2
20011,3
20012,2
20013,1
20014,1
20015,1
20016,1
20017,1
20018,1
20019,1
20020,1
20021,1
20022,1
20023,1
20024,1
20025,1
20026,1
20027,1
20028,1
20029,1
20030,1
20031,1
20032,3
20033,1
20034,1
20035,1
20036,1
20037,1
20038,1
20039,1
20040,1
20041,5
20042,1
20043,1
20044,2
20045,1
20046,1
20047,1
20048,1
20049,5
20050,1
20051,1
20052,1
20053,1
20054,3
20055,3
20056,5
20057,5
20058,1
20059,1
20060,2
20061,1
20062,1
20063,1
20064,1
20065,1
20066,1
20067,1
20068,1
20069,1
20070,1
20071,1
20072,1
20073,1
20074,1
20075,1
20076,2
20077,1
20078,1
20079,1
20080,1
20081,1
20082,1
20083,1
20084,1
20085,1
20086,1
20087,1
20088,1
20089,1
20090,1
20091,1
20092,1
20093,1
20094,1
20095,1
20096,1
20097,1
20098,1
20099,1
20100,1
20101,1
20102,1
20103,1
20104,1
20105,1
20106,1
20107,1
20108,1
20109,5
20110,1
20111,3
20112,1
20113,1
20114,3
20115,5
20116,5
20117,3
20118,1
20119,1
20120,1
20121,1
20122,1
20123,1
20124,1
20125,1
20126,1
20127,1
20128,1
20129,1
20130,1
20131,1
20132,1
20133,1
20134,1
20135,1
20136,1
20137,5
20138,2
20139,1
20140,1
20141,1
20142,1
20143,1
20144,1
20145,1
20146,1
20147,2
20148,1
20149,2
20150,1
20151,1
20152,1
20153,5
20154,5
20155,1
20156,1
20157,1
20158,1
20159,1
20160,1
20161,5
20162,5
20163,3
20164,5
20165,3
20166,5
20167,1
20168,3
20169,5
20170,1
20171,1
20172,1
20173,1
20174,1
20175,1
20176,1
20177,1
20178,1
20179,1
20180,1
20181,1
20182,2
20183,1
20184,1
20185,1
20186,1
20187,1
20188,2
20189,2
20190,2
20191,1
20192,1
20193,1
20194,1
20195,1
20196,1
20197,1
20198,2
20199,1
20200,1
20201,1
20202,1
20203,3
20204,1
20205,1
20206,1
20207,1
20208,1
20209,1
20210,1
20211,1
20212,1
20213,1
20214,1
20215,1
20216,1
20217,1
20218,1
20219,1
20220,1
20221,1
20222,1
20223,1
20224,5
20225,1
20226,1
20227,1
20228,1
20229,1
20230,1
20231,1
20232,1
20233,1
20234,1
20235,1
20236,1
20237,1
20238,1
20239,1
20240,5
20241,1
20242,5
20243,5
20244,5
20245,1
20246,1
20247,1
20248,2
20249,1
20250,1
20251,1
20252,1
20253,1
20254,1
20255,1
20256,1
20257,1
20258,2
20259,1
20260,1
20261,1
20262,1
20263,1
20264,1
20265,1
20266,1
20267,1
20268,1
20269,1
20270,1
20271,1
20272,1
20273,1
20274,1
20275,1
20276,2
20277,1
20278,5
20279,1
20280,1
20281,1
20282,1
20283,1
20284,1
20285,1
20286,1
20287,1
20288,1
20289,1
20290,1
20291,1
20292,1
20293,1
20294,1
20295,1
20296,3
20297,5
20298,5
20299,1
20300,1
20301,1
20302,1
20303,1
20304,1
20305,1
20306,1
20307,1
20308,1
20309,1
20310,1
20311,1
20312,1
20313,3
20314,1
20315,1
20316,1
20317,1
20318,1
20319,1
20320,1
20321,1
20322,1
20323,1
20324,1
20325,1
20326,1
20327,1
20328,1
20329,1
20330,1
20331,5
20332,1
20333,2
20334,1
20335,1
20336,1
20337,1
20338,1
20339,1
20340,1
20341,1
20342,5
20343,5
20344,1
20345,3
20346,1
20347,1
20348,1
20349,1
20350,1
20351,1
20352,3
20353,3
20354,3
20355,1
20356,1
20357,1
20358,1
20359,1
20360,1
20361,1
20362,1
20363,1
20364,1
20365,1
20366,3
20367,1
20368,1
20369,1
20370,2
20371,1
20372,1
20373,1
20374,1
20375,1
20376,1
20377,1
20378,1
20379,1
20380,1
20381,1
20382,1
20383,1
20384,1
20385,1
20386,1
20387,1
20388,1
20389,1
20390,1
20391,5
20392,5
20393,1
20394,5
20395,1
20396,1
20397,1
20398,1
20399,1
20400,1
20401,1
20402,1
20403,1
20404,1
20405,2
20406,1
20407,1
20408,1
20409,1
20410,1
20411,1
20412,1
20413,1
20414,1
20415,1
20416,1
20417,1
20418,1
20419,1
20420,1
20421,1
20422,1
20423,1
20424,1
20425,3
20426,1
20427,1
20428,1
20429,3
20430,1
20431,5
20432,3
20433,3
20434,5
20435,5
20436,1
20437,2
20438,1
20439,1
20440,1
20441,1
20442,1
20443,1
20444,1
20445,1
20446,1
20447,1
20448,1
20449,1
20450,2
20451,1
20452,1
20453,1
20454,1
20455,1
20456,1
20457,1
20458,1
20459,2
20460,1
20461,1
20462,1
20463,1
20464,1
20465,1
20466,1
20467,1
20468,1
20469,1
20470,1
20471,1
20472,1
20473,1
20474,1
20475,1
20476,1
20477,1
20478,1
20479,1
20480,1
20481,1
20482,1
20483,1
20484,1
20485,1
20486,5
20487,1
20488,1
20489,1
20490,1
20491,1
20492,1
20493,1
20494,5
20495,1
20496,1
20497,1
20498,1
20499,1
20500,1
20501,1
20502,1
20503,5
20504,1
20505,1
20506,1
20507,1
20508,1
20509,1
20510,3
20511,3
20512,3
20513,1
20514,1
20515,3
20516,3
20517,1
20518,1
20519,1
20520,1
20521,1
20522,2
20523,1
20524,1
20525,1
20526,1
20527,1
20528,1
20529,1
20530,1
20531,1
20532,1
20533,1
20534,1
20535,1
20536,1
20537,1
20538,1
20539,1
20540,2
20541,1
20542,3
20543,1
20544,1
20545,1
20546,1
20547,1
20548,1
20549,1
20550,1
20551,1
20552,1
20553,1
20554,1
20555,1
20556,1
20557,1
20558,5
20559,1
20560,5
20561,2
20562,1
20563,1
20564,1
20565,5
20566,1
20567,1
20568,5
20569,1
20570,5
20571,1
20572,5
20573,1
20574,1
20575,1
20576,1
20577,1
20578,1
20579,1
20580,1
20581,2
20582,1
20583,3
20584,1
20585,1
20586,1
20587,1
20588,1
20589,1
20590,1
20591,1
20592,1
20593,1
20594,1
20595,1
20596,1
20597,1
20598,1
20599,1
20600,1
20601,1
20602,2
20603,1
20604,1
20605,1
20606,1
20607,5
20608,5
20609,1
20610,1
20611,1
20612,5
20613,1
20614,1
20615,1
20616,1
20617,5
20618,2
20619,2
20620,1
20621,1
20622,1
20623,1
20624,1
20625,1
20626,1
20627,1
20628,1
20629,1
20630,1
20631,1
20632,1
20633,1
20634,1
20635,1
20636,1
20637,1
20638,1
20639,2
20640,1
20641,1
20642,1
20643,1
20644,1
20645,1
20646,1
20647,1
20648,1
20649,1
20650,1
20651,1
20652,2
20653,1
20654,3
20655,1
20656,1
20657,1
20658,1
20659,1
20660,1
20661,1
20662,2
20663,1
20664,1
20665,1
20666,1
20667,1
20668,1
20669,5
20670,5
20671,1
20672,1
20673,1
20674,1
20675,1
20676,1
20677,1
20678,1
20679,1
20680,1
20681,1
20682,1
20683,1
20684,1
20685,1
20686,1
20687,1
20688,1
20689,1
20690,5
20691,1
20692,1
20693,1
20694,1
20695,1
20696,1
20697,1
20698,1
20699,1
20700,1
20701,1
20702,1
20703,2
20704,1
20705,1
20706,1
20707,1
20708,1
20709,1
20710,1
20711,1
20712,1
20713,1
20714,1
20715,1
20716,1
20717,1
20718,1
20719,1
20720,1
20721,3
20722,1
20723,1
20724,1
20725,1
20726,1
20727,1
20728,1
20729,1
20730,1
20731,3
20732,1
20733,1
20734,1
20735,1
20736,2
20737,1
20738,1
20739,1
20740,1
20741,1
20742,1
20743,1
20744,1
20745,5
20746,1
20747,1
20748,1
20749,1
20750,1
20751,1
20752,1
20753,5
20754,1
20755,1
20756,1
20757,1
20758,1
20759,1
20760,1
20761,1
20762,1
20763,1
20764,1
20765,1
20766,1
20767,1
20768,1
20769,1
20770,1
20771,1
20772,2
20773,1
20774,1
20775,1
20776,1
20777,1
20778,1
20779,5
20780,1
20781,1
20782,1
20783,1
20784,1
20785,1
20786,1
20787,1
20788,1
20789,1
20790,1
20791,1
20792,1
20793,1
20794,1
20795,1
20796,1
20797,1
20798,1
20799,1
20800,1
20801,1
20802,1
20803,1
20804,2
20805,5
20806,1
20807,1
20808,1
20809,5
20810,1
20811,2
20812,5
20813,2
20814,3
20815,1
20816,1
20817,5
20818,1
20819,1
20820,1
20821,5
20822,1
20823,1
20824,1
20825,5
20826,1
20827,1
20828,1
20829,1
20830,1
20831,1
20832,1
20833,1
20834,1
20835,1
20836,1
20837,1
20838,1
20839,1
20840,2
20841,1
20842,1
20843,1
20844,1
20845,1
20846,1
20847,1
20848,2
20849,1
20850,1
20851,5
20852,1
20853,1
20854,1
20855,1
20856,1
20857,1
20858,1
20859,2
20860,1
20861,1
20862,1
20863,1
20864,1
20865,1
20866,1
20867,1
20868,1
20869,1
20870,1
20871,1
20872,5
20873,1
20874,1
20875,1
20876,1
20877,1
20878,1
20879,1
20880,1
20881,1
20882,1
20883,1
20884,1
20885,1
20886,1
20887,1
20888,1
20889,1
20890,1
20891,1
20892,1
20893,1
20894,1
20895,1
20896,1
20897,1
20898,1
20899,2
20900,1
20901,1
20902,2
20903,1
20904,1
20905,1
20906,1
20907,1
20908,1
20909,1
20910,1
20911,1
20912,2
20913,1
20914,1
20915,1
20916,1
20917,1
20918,1
20919,1
20920,1
20921,1
20922,1
20923,1
20924,1
20925,1
20926,1
20927,1
20928,1
20929,5
20930,1
20931,1
20932,1
20933,1
20934,1
20935,1
20936,1
20937,1
20938,1
20939,1
20940,1
20941,1
20942,1
20943,1
20944,2
20945,1
20946,1
20947,1
20948,1
20949,2
20950,1
20951,1
20952,1
20953,1
20954,1
20955,1
20956,1
20957,1
20958,2
20959,1
20960,1
20961,1
20962,1
20963,1
20964,1
20965,1
20966,1
20967,1
20968,1
20969,1
20970,1
20971,1
20972,1
20973,1
20974,1
20975,2
20976,1
20977,1
20978,1
20979,3
20980,1
20981,1
20982,1
20983,2
20984,1
20985,1
20986,5
20987,5
20988,1
20989,1
20990,1
20991,2
20992,1
20993,1
20994,1
20995,1
20996,1
20997,1
20998,1
20999,5
21000,1
21001,1
21002,1
21003,1
21004,1
21005,1
21006,1
21007,1
21008,1
21009,3
21010,1
21011,1
21012,1
21013,1
21014,1
21015,1
21016,2
21017,1
21018,1
21019,1
21020,1
21021,1
21022,1
21023,1
21024,1
21025,1
21026,1
21027,1
21028,1
21029,1
21030,2
21031,1
21032,1
21033,1
21034,1
21035,1
21036,1
21037,1
21038,1
21039,1
21040,1
21041,1
21042,1
21043,1
21044,1
21045,1
21046,1
21047,1
21048,1
21049,1
21050,1
21051,1
21052,1
21053,1
21054,1
21055,1
21056,1
21057,1
21058,1
21059,1
21060,1
21061,1
21062,1
21063,1
21064,2
21065,1
21066,1
21067,1
21068,1
21069,1
21070,1
21071,1
21072,1
21073,5
21074,1
21075,1
21076,1
21077,1
21078,3
21079,1
21080,1
21081,1
21082,1
21083,1
21084,3
21085,1
21086,1
21087,3
21088,1
21089,1
21090,1
21091,1
21092,1
21093,1
21094,1
21095,1
21096,1
21097,1
21098,1
21099,1
21100,1
21101,1
21102,2
21103,1
21104,1
21105,1
21106,1
21107,1
21108,1
21109,2
21110,1
21111,1
21112,1
21113,1
21114,1
21115,1
21116,1
21117,1
21118,1
21119,1
21120,1
21121,2
21122,2
21123,1
21124,1
21125,1
21126,1
21127,1
21128,2
21129,1
21130,2
21131,1
21132,1
21133,1
21134,1
21135,1
21136,1
21137,1
21138,1
21139,1
21140,1
21141,1
21142,1
21143,1
21144,1
21145,1
21146,1
21147,1
21148,1
21149,1
21150,1
21151,1
21152,1
21153,1
21154,1
21155,5
21156,1
21157,3
21158,1
21159,1
21160,1
21161,3
21162,1
21163,1
21164,3
21165,1
21166,5
21167,5
21168,5
21169,1
21170,1
21171,1
21172,1
21173,1
21174,1
21175,1
21176,1
21177,3
21178,1
21179,1
21180,1
21181,1
21182,1
21183,1
21184,1
21185,1
21186,2
21187,1
21188,1
21189,1
21190,2
21191,1
21192,1
21193,1
21194,1
21195,1
21196,1
21197,1
21198,1
21199,1
21200,1
21201,1
21202,1
21203,1
21204,1
21205,1
21206,1
21207,1
21208,1
21209,1
21210,1
21211,1
21212,1
21213,1
21214,1
21215,5
21216,1
21217,1
21218,1
21219,1
21220,1
21221,5
21222,5
21223,1
21224,1
21225,1
21226,1
21227,1
21228,1
21229,1
21230,1
21231,1
21232,1
21233,1
21234,1
21235,1
21236,3
21237,1
21238,1
21239,1
21240,1
21241,1
21242,1
21243,5
21244,5
21245,1
21246,1
21247,1
21248,1
21249,1
21250,1
21251,1
21252,1
21253,1
21254,1
21255,1
21256,2
21257,1
21258,1
21259,1
21260,1
21261,1
21262,1
21263,1
21264,1
21265,1
21266,1
21267,1
21268,1
21269,1
21270,1
21271,1
21272,1
21273,1
21274,1
21275,1
21276,1
21277,2
21278,2
21279,2
21280,5
21281,1
21282,1
21283,2
21284,1
21285,1
21286,1
21287,1
21288,1
21289,1
21290,5
21291,1
21292,1
21293,1
21294,1
21295,5
21296,1
21297,1
21298,1
21299,1
21300,1
21301,1
21302,1
21303,1
21304,1
21305,1
21306,1
21307,1
21308,1
21309,1
21310,1
21311,1
21312,1
21313,5
21314,1
21315,1
21316,1
21317,1
21318,1
21319,1
21320,1
21321,1
21322,1
21323,1
21324,1
21325,1
21326,1
21327,1
21328,1
21329,1
21330,1
21331,1
21332,1
21333,1
21334,1
21335,1
21336,1
21337,1
21338,1
21339,1
21340,1
21341,1
21342,1
21343,5
21344,1
21345,1
21346,1
21347,1
21348,1
21349,1
21350,1
21351,1
21352,1
21353,1
21354,1
21355,1
21356,1
21357,1
21358,1
21359,1
21360,1
21361,1
21362,1
21363,1
21364,1
21365,1
21366,1
21367,2
21368,1
21369,1
21370,1
21371,1
21372,1
21373,1
21374,3
21375,1
21376,5
21377,1
21378,5
21379,1
21380,1
21381,1
21382,1
21383,1
21384,5
21385,1
21386,1
21387,1
21388,1
21389,1
21390,1
21391,1
21392,1
21393,1
21394,1
21395,1
21396,1
21397,1
21398,1
21399,3
21400,1
21401,1
21402,1
21403,1
21404,1
21405,1
21406,1
21407,2
21408,1
21409,2
21410,1
21411,1
21412,1
21413,1
21414,1
21415,1
21416,1
21417,1
21418,1
21419,1
21420,1
21421,1
21422,1
21423,1
21424,1
21425,1
21426,1
21427,1
21428,1
21429,1
21430,1
21431,1
21432,1
21433,1
21434,1
21435,1
21436,1
21437,1
21438,1
21439,1
21440,1
21441,1
21442,1
21443,1
21444,5
21445,1
21446,1
21447,3
21448,1
21449,1
21450,3
21451,1
21452,5
21453,1
21454,2
21455,1
21456,1
21457,1
21458,2
21459,1
21460,3
21461,1
21462,1
21463,2
21464,2
21465,2
21466,1
21467,1
21468,1
21469,1
21470,1
21471,1
21472,1
21473,1
21474,1
21475,1
21476,1
21477,1
21478,1
21479,1
21480,1
21481,1
21482,1
21483,2
21484,1
21485,1
21486,1
21487,1
21488,1
21489,1
21490,2
21491,1
21492,1
21493,1
21494,1
21495,1
21496,1
21497,5
21498,1
21499,1
21500,1
21501,5
21502,1
21503,1
21504,1
21505,1
21506,1
21507,1
21508,2
21509,5
21510,1
21511,1
21512,5
21513,1
21514,1
21515,1
21516,3
21517,1
21518,1
21519,5
21520,1
21521,1
21522,5
21523,1
21524,1
21525,1
21526,5
21527,5
21528,1
21529,1
21530,2
21531,1
21532,1
21533,1
21534,1
21535,1
21536,1
21537,1
21538,1
21539,1
21540,1
21541,1
21542,1
21543,1
21544,1
21545,1
21546,1
21547,1
21548,1
21549,1
21550,1
21551,1
21552,1
21553,1
21554,1
21555,1
21556,1
21557,1
21558,1
21559,1
21560,1
21561,1
21562,1
21563,1
21564,1
21565,1
21566,5
21567,1
21568,2
21569,1
21570,1
21571,1
21572,1
21573,1
21574,1
21575,1
21576,1
21577,2
21578,1
21579,1
21580,1
21581,5
21582,1
21583,1
21584,1
21585,1
21586,1
21587,1
21588,1
21589,1
21590,1
21591,1
21592,1
21593,1
21594,5
21595,1
21596,1
21597,3
21598,5
21599,1
21600,1
21601,1
21602,1
21603,2
21604,2
21605,1
21606,1
21607,1
21608,1
21609,1
21610,1
21611,1
21612,1
21613,1
21614,1
21615,1
21616,1
21617,1
21618,1
21619,1
21620,1
21621,1
21622,5
21623,1
21624,1
21625,2
21626,1
21627,1
21628,1
21629,1
21630,1
21631,1
21632,1
21633,1
21634,1
21635,1
21636,1
21637,1
21638,1
21639,1
21640,2
21641,1
21642,1
21643,5
21644,1
21645,1
21646,1
21647,1
21648,1
21649,1
21650,1
21651,1
21652,1
21653,2
21654,1
21655,1
21656,1
21657,1
21658,1
21659,1
21660,1
21661,1
21662,1
21663,1
21664,5
21665,1
21666,1
21667,5
21668,1
21669,3
21670,1
21671,1
21672,1
21673,3
21674,1
21675,1
21676,1
21677,1
21678,1
21679,1
21680,1
21681,1
21682,1
21683,1
21684,1
21685,1
21686,1
21687,1
21688,1
21689,1
21690,1
21691,1
21692,1
21693,1
21694,1
21695,1
21696,1
21697,1
21698,1
21699,1
21700,1
21701,3
21702,2
21703,1
21704,1
21705,1
21706,1
21707,1
21708,1
21709,1
21710,1
21711,1
21712,1
21713,1
21714,1
21715,1
21716,1
21717,1
21718,1
21719,1
21720,5
21721,1
21722,5
21723,1
21724,5
21725,1
21726,1
21727,1
21728,1
21729,1
21730,1
21731,1
21732,1
21733,1
21734,1
21735,1
21736,1
21737,1
21738,1
21739,1
21740,3
21741,5
21742,1
21743,1
21744,1
21745,3
21746,5
21747,5
21748,1
21749,1
21750,1
21751,1
21752,2
21753,1
21754,1
21755,1
21756,1
21757,1
21758,1
21759,1
21760,1
21761,1
21762,1
21763,1
21764,1
21765,1
21766,1
21767,1
21768,1
21769,1
21770,1
21771,1
21772,1
21773,1
21774,1
21775,1
21776,1
21777,1
21778,1
21779,1
21780,1
21781,1
21782,1
21783,1
21784,1
21785,1
21786,1
21787,5
21788,1
21789,1
21790,1
21791,1
21792,1
21793,2
21794,1
21795,1
21796,1
21797,1
21798,1
21799,1
21800,1
21801,1
21802,1
21803,5
21804,1
21805,1
21806,1
21807,1
21808,1
21809,1
21810,1
21811,1
21812,1
21813,1
21814,1
21815,1
21816,1
21817,1
21818,1
21819,5
21820,1
21821,1
21822,1
21823,1
21824,1
21825,1
21826,1
21827,1
21828,1
21829,1
21830,1
21831,1
21832,1
21833,1
21834,1
21835,1
21836,1
21837,1
21838,1
21839,2
21840,1
21841,1
21842,1
21843,1
21844,1
21845,1
21846,1
21847,1
21848,1
21849,1
21850,2
21851,1
21852,1
21853,1
21854,1
21855,1
21856,1
21857,1
21858,2
21859,1
21860,1
21861,1
21862,1
21863,1
21864,5
21865,5
21866,3
21867,1
21868,1
21869,1
21870,1
21871,1
21872,1
21873,1
21874,1
21875,1
21876,1
21877,1
21878,1
21879,1
21880,1
21881,1
21882,1
21883,1
21884,1
21885,1
21886,1
21887,5
21888,3
21889,3
21890,5
21891,1
21892,1
21893,1
21894,1
21895,1
21896,1
21897,1
21898,1
21899,1
21900,1
21901,1
21902,1
21903,1
21904,1
21905,1
21906,1
21907,1
21908,1
21909,1
21910,1
21911,1
21912,2
21913,1
21914,1
21915,1
21916,1
21917,2
21918,1
21919,1
21920,1
21921,1
21922,1
21923,1
21924,1
21925,1
21926,1
21927,1
21928,1
21929,1
21930,1
21931,1
21932,1
21933,1
21934,2
21935,1
21936,2
21937,1
21938,1
21939,1
21940,1
21941,1
21942,1
21943,1
21944,1
21945,2
21946,2
21947,1
21948,1
21949,1
21950,1
21951,1
21952,1
21953,1
21954,1
21955,1
21956,1
21957,5
21958,5
21959,1
21960,5
21961,1
21962,1
21963,1
21964,1
21965,1
21966,1
21967,5
21968,1
21969,1
21970,1
21971,5
21972,1
21973,1
21974,1
21975,1
21976,1
21977,1
21978,1
21979,1
21980,1
21981,1
21982,1
21983,1
21984,1
21985,1
21986,1
21987,1
21988,1
21989,1
21990,1
21991,1
21992,1
21993,1
21994,1
21995,1
21996,1
21997,1
21998,2
21999,1
22000,3
22001,1
22002,1
22003,1
22004,1
22005,1
22006,1
22007,1
22008,1
22009,1
22010,1
22011,1
22012,1
22013,1
22014,1
22015,1
22016,1
22017,1
22018,5
22019,1
22020,5
22021,1
22022,1
22023,1
22024,1
22025,1
22026,1
22027,1
22028,1
22029,1
22030,1
22031,1
22032,1
22033,1
22034,5
22035,3
22036,1
22037,5
22038,1
22039,1
22040,1
22041,1
22042,1
22043,1
22044,1
22045,1
22046,1
22047,1
22048,1
22049,2
22050,1
22051,1
22052,1
22053,1
22054,1
22055,1
22056,1
22057,1
22058,1
22059,1
22060,1
22061,1
22062,1
22063,1
22064,1
22065,1
22066,1
22067,1
22068,1
22069,1
22070,1
22071,2
22072,1
22073,1
22074,1
22075,1
22076,1
22077,1
22078,1
22079,2
22080,1
22081,2
22082,1
22083,1
22084,1
22085,1
22086,1
22087,3
22088,1
22089,1
22090,5
22091,1
22092,1
22093,1
22094,1
22095,1
22096,5
22097,1
22098,1
22099,1
22100,1
22101,1
22102,5
22103,1
22104,5
22105,1
22106,1
22107,1
22108,1
22109,1
22110,1
22111,1
22112,1
22113,1
22114,5
22115,1
22116,1
22117,5
22118,5
22119,1
22120,1
22121,1
22122,1
22123,1
22124,1
22125,1
22126,1
22127,2
22128,2
22129,1
22130,1
22131,1
22132,1
22133,1
22134,1
22135,1
22136,1
22137,1
22138,1
22139,1
22140,1
22141,2
22142,1
22143,2
22144,1
22145,1
22146,1
22147,1
22148,1
22149,1
22150,3
22151,1
22152,1
22153,1
22154,1
22155,1
22156,1
22157,2
22158,1
22159,2
22160,1
22161,1
22162,1
22163,1
22164,1
22165,1
22166,1
22167,1
22168,1
22169,1
22170,1
22171,1
22172,1
22173,1
22174,1
22175,5
22176,1
22177,1
22178,1
22179,1
22180,1
22181,1
22182,1
22183,1
22184,1
22185,5
22186,1
22187,1
22188,1
22189,1
22190,1
22191,1
22192,1
22193,1
22194,1
22195,1
22196,1
22197,1
22198,1
22199,1
22200,1
22201,1
22202,1
22203,1
22204,1
22205,1
22206,1
22207,1
22208,1
22209,1
22210,1
22211,1
22212,1
22213,1
22214,1
22215,5
22216,1
22217,1
22218,1
22219,1
22220,1
22221,1
22222,1
22223,1
22224,1
22225,2
22226,1
22227,1
22228,1
22229,2
22230,1
22231,1
22232,1
22233,1
22234,1
22235,1
22236,1
22237,1
22238,1
22239,5
22240,1
22241,1
22242,1
22243,1
22244,1
22245,1
22246,1
22247,1
22248,1
22249,1
22250,1
22251,5
22252,1
22253,3
22254,1
22255,1
22256,5
22257,1
22258,1
22259,1
22260,1
22261,1
22262,1
22263,1
22264,1
22265,5
22266,5
22267,1
22268,1
22269,1
22270,1
22271,1
22272,1
22273,1
22274,1
22275,1
22276,1
22277,1
22278,1
22279,1
22280,1
22281,1
22282,1
22283,1
22284,1
22285,1
22286,1
22287,1
22288,1
22289,2
22290,1
22291,2
22292,1
22293,1
22294,1
22295,1
22296,1
22297,1
22298,1
22299,1
22300,1
22301,1
22302,1
22303,1
22304,1
22305,1
22306,1
22307,1
22308,1
22309,1
22310,1
22311,1
22312,1
22313,1
22314,2
22315,1
22316,1
22317,1
22318,1
22319,1
22320,1
22321,1
22322,1
22323,1
22324,5
22325,1
22326,1
22327,1
22328,1
22329,5
22330,1
22331,1
22332,1
22333,1
22334,3
22335,1
22336,1
22337,5
22338,1
22339,1
22340,1
22341,1
22342,5
22343,1
22344,1
22345,1
22346,1
22347,1
22348,1
22349,2
22350,1
22351,1
22352,1
22353,1
22354,2
22355,1
22356,1
22357,1
22358,1
22359,1
22360,1
22361,1
22362,1
22363,1
22364,1
22365,1
22366,1
22367,1
22368,1
22369,1
22370,1
22371,1
22372,1
22373,1
22374,1
22375,5
22376,1
22377,2
22378,1
22379,1
22380,1
22381,5
22382,1
22383,1
22384,1
22385,1
22386,1
22387,1
22388,1
22389,1
22390,5
22391,1
22392,1
22393,1
22394,1
22395,1
22396,1
22397,1
22398,1
22399,1
22400,1
22401,1
22402,1
22403,1
22404,1
22405,2
22406,1
22407,1
22408,1
22409,1
22410,2
22411,1
22412,1
22413,1
22414,1
22415,2
22416,1
22417,1
22418,1
22419,1
22420,1
22421,1
22422,1
22423,1
22424,1
22425,1
22426,1
22427,1
22428,1
22429,1
22430,1
22431,1
22432,1
22433,1
22434,1
22435,1
22436,1
22437,1
22438,1
22439,1
22440,1
22441,1
22442,1
22443,1
22444,1
22445,1
22446,1
22447,1
22448,1
22449,1
22450,1
22451,1
22452,1
22453,1
22454,1
22455,1
22456,1
22457,1
22458,5
22459,1
22460,1
22461,1
22462,1
22463,1
22464,1
22465,1
22466,1
22467,2
22468,1
22469,1
22470,1
22471,1
22472,1
22473,1
22474,1
22475,1
22476,2
22477,1
22478,1
22479,2
22480,1
22481,1
22482,1
22483,1
22484,1
22485,1
22486,1
22487,1
22488,1
22489,1
22490,1
22491,2
22492,1
22493,1
22494,1
22495,1
22496,1
22497,3
22498,1
22499,1
22500,1
22501,1
22502,1
22503,1
22504,1
22505,1
22506,1
22507,1
22508,1
22509,1
22510,1
22511,1
22512,1
22513,1
22514,1
22515,1
22516,1
22517,5
22518,1
22519,5
22520,1
22521,1
22522,1
22523,1
22524,1
22525,1
22526,5
22527,5
22528,1
22529,1
22530,1
22531,1
22532,1
22533,5
22534,1
22535,1
22536,1
22537,1
22538,1
22539,1
22540,1
22541,1
22542,1
22543,1
22544,5
22545,1
22546,1
22547,3
22548,5
22549,1
22550,1
22551,1
22552,1
22553,1
22554,1
22555,1
22556,1
22557,1
22558,1
22559,1
22560,1
22561,1
22562,1
22563,1
22564,1
22565,1
22566,1
22567,1
22568,1
22569,1
22570,1
22571,1
22572,1
22573,1
22574,1
22575,1
22576,1
22577,1
22578,3
22579,1
22580,1
22581,1
22582,1
22583,1
22584,1
22585,1
22586,1
22587,1
22588,1
22589,1
22590,1
22591,1
22592,1
22593,1
22594,1
22595,1
22596,1
22597,1
22598,1
22599,1
22600,1
22601,1
22602,1
22603,2
22604,5
22605,2
22606,1
22607,1
22608,5
22609,1
22610,5
22611,1
22612,1
22613,1
22614,1
22615,1
22616,1
22617,1
22618,1
22619,1
22620,1
22621,1
22622,1
22623,1
22624,1
22625,1
22626,1
22627,1
22628,1
22629,1
22630,1
22631,1
22632,1
22633,1
22634,1
22635,1
22636,1
22637,1
22638,1
22639,1
22640,1
22641,1
22642,1
22643,1
22644,1
22645,1
22646,1
22647,1
22648,1
22649,1
22650,1
22651,1
22652,1
22653,1
22654,1
22655,1
22656,1
22657,1
22658,1
22659,1
22660,1
22661,1
22662,1
22663,3
22664,1
22665,1
22666,1
22667,1
22668,1
22669,1
22670,1
22671,1
22672,1
22673,1
22674,1
22675,1
22676,1
22677,1
22678,1
22679,1
22680,1
22681,1
22682,1
22683,1
22684,1
22685,1
22686,1
22687,1
22688,1
22689,1
22690,5
22691,1
22692,1
22693,1
22694,1
22695,3
22696,1
22697,1
22698,1
22699,1
22700,1
22701,1
22702,1
22703,1
22704,1
22705,2
22706,1
22707,1
22708,2
22709,1
22710,1
22711,1
22712,1
22713,1
22714,1
22715,1
22716,1
22717,1
22718,1
22719,1
22720,2
22721,1
22722,1
22723,1
22724,1
22725,1
22726,1
22727,1
22728,1
22729,1
22730,1
22731,1
22732,1
22733,1
22734,1
22735,1
22736,5
22737,1
22738,1
22739,1
22740,1
22741,1
22742,1
22743,1
22744,2
22745,1
22746,1
22747,1
22748,1
22749,2
22750,1
22751,5
22752,1
22753,1
22754,5
22755,1
22756,5
22757,3
22758,1
22759,1
22760,1
22761,1
22762,1
22763,5
22764,1
22765,1
22766,1
22767,1
22768,5
22769,1
22770,1
22771,1
22772,1
22773,1
22774,1
22775,1
22776,2
22777,1
22778,1
22779,1
22780,1
22781,2
22782,1
22783,1
22784,1
22785,5
22786,1
22787,1
22788,1
22789,1
22790,1
22791,1
22792,1
22793,1
22794,3
22795,1
22796,1
22797,1
22798,5
22799,1
22800,1
22801,1
22802,1
22803,1
22804,1
22805,1
22806,1
22807,2
22808,1
22809,2
22810,1
22811,1
22812,1
22813,1
22814,1
22815,5
22816,1
22817,1
22818,1
22819,1
22820,5
22821,1
22822,1
22823,1
22824,1
22825,5
22826,1
22827,1
22828,5
22829,1
22830,1
22831,1
22832,1
22833,5
22834,1
22835,1
22836,1
22837,1
22838,1
22839,1
22840,1
22841,1
22842,1
22843,1
22844,1
22845,2
22846,1
22847,2
22848,1
22849,1
22850,1
22851,2
22852,1
22853,1
22854,1
22855,1
22856,1
22857,1
22858,1
22859,1
22860,1
22861,1
22862,1
22863,2
22864,1
22865,1
22866,2
22867,1
22868,3
22869,1
22870,1
22871,1
22872,1
22873,1
22874,1
22875,1
22876,1
22877,1
22878,1
22879,1
22880,2
22881,1
22882,1
22883,3
22884,3
22885,1
22886,1
22887,1
22888,1
22889,2
22890,1
22891,1
22892,1
22893,1
22894,1
22895,1
22896,2
22897,1
22898,1
22899,1
22900,1
22901,3
22902,1
22903,1
22904,1
22905,1
22906,1
22907,1
22908,1
22909,1
22910,5
22911,5
22912,1
22913,1
22914,1
22915,1
22916,5
22917,1
22918,1
22919,1
22920,3
22921,1
22922,1
22923,1
22924,2
22925,1
22926,1
22927,1
22928,1
22929,1
22930,1
22931,1
22932,1
22933,1
22934,1
22935,1
22936,1
22937,1
22938,1
22939,1
22940,1
22941,1
22942,1
22943,1
22944,1
22945,1
22946,1
22947,1
22948,1
22949,1
22950,1
22951,1
22952,1
22953,1
22954,1
22955,2
22956,1
22957,1
22958,1
22959,1
22960,1
22961,1
22962,5
22963,1
22964,1
22965,1
22966,5
22967,1
22968,1
22969,5
22970,1
22971,1
22972,3
22973,1
22974,1
22975,1
22976,5
22977,1
22978,1
22979,3
22980,5
22981,5
22982,1
22983,1
22984,1
22985,1
22986,1
22987,1
22988,1
22989,2
22990,1
22991,1
22992,1
22993,1
22994,1
22995,1
22996,1
22997,1
22998,1
22999,2
23000,2
23001,2
23002,1
23003,1
23004,1
23005,1
23006,1
23007,1
23008,1
23009,1
23010,1
23011,1
23012,1
23013,1
23014,1
23015,1
23016,5
23017,1
23018,1
23019,1
23020,1
23021,2
23022,1
23023,1
23024,1
23025,1
23026,1
23027,1
23028,1
23029,1
23030,1
23031,1
23032,5
23033,1
23034,5
23035,1
23036,1
23037,1
23038,1
23039,5
23040,1
23041,1
23042,1
23043,5
23044,5
23045,1
23046,5
23047,1
23048,1
23049,1
23050,1
23051,1
23052,1
23053,1
23054,1
23055,1
23056,1
23057,1
23058,1
23059,1
23060,1
23061,1
23062,1
23063,1
23064,1
23065,2
23066,1
23067,1
23068,2
23069,1
23070,1
23071,1
23072,1
23073,1
23074,1
23075,1
23076,1
23077,1
23078,1
23079,1
23080,1
23081,1
23082,5
23083,1
23084,1
23085,1
23086,1
23087,1
23088,1
23089,5
23090,1
23091,1
23092,1
23093,1
23094,1
23095,1
23096,1
23097,1
23098,1
23099,1
23100,1
23101,1
23102,1
23103,5
23104,2
23105,5
23106,1
23107,1
23108,1
23109,5
23110,1
23111,1
23112,1
23113,5
23114,5
23115,1
23116,5
23117,1
23118,1
23119,2
23120,1
23121,1
23122,1
23123,1
23124,1
23125,1
23126,1
23127,1
23128,1
23129,1
23130,1
23131,1
23132,1
23133,1
23134,2
23135,1
23136,1
23137,1
23138,1
23139,2
23140,1
23141,1
23142,1
23143,1
23144,1
23145,1
23146,1
23147,1
23148,1
23149,2
23150,1
23151,1
23152,1
23153,1
23154,1
23155,1
23156,1
23157,1
23158,1
23159,1
23160,1
23161,1
23162,1
23163,1
23164,1
23165,1
23166,1
23167,1
23168,1
23169,1
23170,1
23171,1
23172,1
23173,1
23174,1
23175,1
23176,5
23177,1
23178,1
23179,1
23180,1
23181,1
23182,1
23183,1
23184,1
23185,1
23186,1
23187,1
23188,1
23189,1
23190,1
23191,1
23192,1
23193,1
23194,1
23195,1
23196,1
23197,1
23198,1
23199,1
23200,1
23201,1
23202,1
23203,1
23204,1
23205,1
23206,1
23207,1
23208,1
23209,1
23210,1
23211,1
23212,1
23213,1
23214,1
23215,1
23216,1
23217,2
23218,1
23219,1
23220,1
23221,1
23222,1
23223,5
23224,1
23225,2
23226,1
23227,1
23228,1
23229,1
23230,1
23231,1
23232,1
23233,1
23234,1
23235,5
23236,1
23237,1
23238,1
23239,1
23240,1
23241,1
23242,5
23243,2
23244,1
23245,5
23246,5
23247,1
23248,1
23249,1
23250,1
23251,1
23252,1
23253,3
23254,1
23255,1
23256,1
23257,1
23258,1
23259,5
23260,1
23261,5
23262,1
23263,1
23264,1
23265,1
23266,1
23267,1
23268,1
23269,2
23270,1
23271,1
23272,1
23273,1
23274,1
23275,1
23276,1
23277,1
23278,1
23279,1
23280,1
23281,1
23282,1
23283,1
23284,1
23285,1
23286,1
23287,1
23288,1
23289,1
23290,1
23291,1
23292,1
23293,1
23294,1
23295,1
23296,1
23297,2
23298,1
23299,1
23300,1
23301,1
23302,1
23303,1
23304,1
23305,2
23306,1
23307,1
23308,1
23309,1
23310,1
23311,2
23312,1
23313,1
23314,1
23315,1
23316,2
23317,1
23318,1
23319,1
23320,1
23321,1
23322,1
23323,1
23324,1
23325,1
23326,1
23327,1
23328,1
23329,1
23330,1
23331,1
23332,1
23333,1
23334,1
23335,1
23336,3
23337,1
23338,1
23339,1
23340,1
23341,1
23342,1
23343,1
23344,1
23345,1
23346,1
23347,1
23348,1
23349,1
23350,1
23351,1
23352,1
23353,1
23354,1
23355,1
23356,1
23357,2
23358,1
23359,2
23360,1
23361,1
23362,1
23363,1
23364,1
23365,1
23366,1
23367,1
23368,1
23369,1
23370,1
23371,1
23372,1
23373,1
23374,1
23375,1
23376,1
23377,1
23378,2
23379,1
23380,1
23381,5
23382,1
23383,1
23384,1
23385,1
23386,1
23387,1
23388,1
23389,1
23390,1
23391,1
23392,1
23393,1
23394,1
23395,1
23396,1
23397,5
23398,1
23399,1
23400,1
23401,1
23402,1
23403,1
23404,1
23405,1
23406,1
23407,1
23408,1
23409,3
23410,5
23411,5
23412,1
23413,1
23414,5
23415,1
23416,1
23417,1
23418,1
23419,1
23420,5
23421,1
23422,1
23423,1
23424,1
23425,1
23426,1
23427,1
23428,1
23429,1
23430,1
23431,2
23432,1
23433,1
23434,1
23435,1
23436,1
23437,1
23438,1
23439,1
23440,1
23441,1
23442,1
23443,1
23444,1
23445,1
23446,1
23447,1
23448,1
23449,1
23450,1
23451,1
23452,1
23453,1
23454,1
23455,1
23456,5
23457,1
23458,1
23459,1
23460,1
23461,1
23462,2
23463,1
23464,1
23465,3
23466,1
23467,1
23468,1
23469,1
23470,1
23471,1
23472,1
23473,1
23474,1
23475,5
23476,1
23477,1
23478,1
23479,1
23480,1
23481,1
23482,1
23483,1
23484,1
23485,1
23486,1
23487,1
23488,1
23489,5
23490,1
23491,1
23492,1
23493,1
23494,1
23495,1
23496,1
23497,1
23498,2
23499,1
23500,1
23501,1
23502,1
23503,1
23504,1
23505,1
23506,1
23507,1
23508,1
23509,1
23510,1
23511,1
23512,1
23513,1
23514,1
23515,1
23516,1
23517,1
23518,1
23519,1
23520,1
23521,1
23522,1
23523,1
23524,1
23525,1
23526,1
23527,5
23528,1
23529,1
23530,1
23531,1
23532,1
23533,1
23534,1
23535,1
23536,2
23537,1
23538,1
23539,1
23540,1
23541,1
23542,1
23543,1
23544,5
23545,1
23546,1
23547,1
23548,1
23549,1
23550,1
23551,1
23552,5
23553,1
23554,1
23555,1
23556,3
23557,1
23558,1
23559,1
23560,1
23561,1
23562,1
23563,1
23564,1
23565,1
23566,1
23567,1
23568,1
23569,2
23570,1
23571,1
23572,1
23573,1
23574,2
23575,1
23576,1
23577,1
23578,2
23579,1
23580,2
23581,1
23582,1
23583,1
23584,1
23585,1
23586,1
23587,1
23588,1
23589,1
23590,1
23591,5
23592,1
23593,2
23594,1
23595,1
23596,1
23597,1
23598,1
23599,1
23600,1
23601,1
23602,1
23603,1
23604,1
23605,1
23606,1
23607,1
23608,1
23609,1
23610,1
23611,1
23612,1
23613,1
23614,1
23615,1
23616,1
23617,5
23618,5
23619,2
23620,1
23621,1
23622,1
23623,1
23624,1
23625,1
23626,1
23627,5
23628,5
23629,5
23630,1
23631,1
23632,1
23633,5
23634,1
23635,1
23636,1
23637,1
23638,2
23639,1
23640,1
23641,1
23642,1
23643,2
23644,1
23645,1
23646,1
23647,1
23648,1
23649,1
23650,1
23651,1
23652,1
23653,1
23654,1
23655,1
23656,1
23657,1
23658,1
23659,1
23660,1
23661,1
23662,1
23663,1
23664,1
23665,1
23666,1
23667,1
23668,1
23669,1
23670,1
23671,1
23672,1
23673,1
23674,1
23675,1
23676,1
23677,1
23678,5
23679,1
23680,2
23681,1
23682,1
23683,1
23684,1
23685,5
23686,1
23687,1
23688,1
23689,5
23690,1
23691,2
23692,1
23693,5
23694,1
23695,1
23696,1
23697,1
23698,1
23699,1
23700,1
23701,3
23702,1
23703,5
23704,1
23705,1
23706,5
23707,1
23708,1
23709,1
23710,1
23711,1
23712,1
23713,1
23714,1
23715,1
23716,1
23717,1
23718,1
23719,1
23720,1
23721,1
23722,1
23723,1
23724,1
23725,1
23726,1
23727,1
23728,1
23729,1
23730,2
23731,1
23732,1
23733,1
23734,1
23735,1
23736,1
23737,1
23738,1
23739,1
23740,1
23741,1
23742,1
23743,1
23744,1
23745,1
23746,1
23747,1
23748,1
23749,1
23750,1
23751,1
23752,1
23753,1
23754,1
23755,1
23756,1
23757,1
23758,1
23759,1
23760,1
23761,1
23762,1
23763,1
23764,1
23765,1
23766,1
23767,2
23768,1
23769,1
23770,2
23771,1
23772,1
23773,1
23774,1
23775,1
23776,1
23777,1
23778,1
23779,1
23780,1
23781,5
23782,5
23783,1
23784,1
23785,1
23786,1
23787,1
23788,1
23789,1
23790,1
23791,1
23792,1
23793,1
23794,1
23795,1
23796,1
23797,1
23798,1
23799,1
23800,1
23801,1
23802,1
23803,1
23804,1
23805,1
23806,1
23807,1
23808,1
23809,1
23810,1
23811,1
23812,1
23813,1
23814,1
23815,1
23816,1
23817,1
23818,1
23819,1
23820,1
23821,1
23822,1
23823,1
23824,1
23825,1
23826,1
23827,1
23828,1
23829,5
23830,1
23831,1
23832,1
23833,1
23834,1
23835,5
23836,1
23837,1
23838,1
23839,1
23840,1
23841,1
23842,1
23843,3
23844,1
23845,5
23846,1
23847,1
23848,1
23849,1
23850,1
23851,1
23852,5
23853,1
23854,1
23855,1
23856,1
23857,1
23858,1
23859,1
23860,1
23861,1
23862,1
23863,1
23864,2
23865,1
23866,1
23867,1
23868,1
23869,1
23870,1
23871,1
23872,2
23873,1
23874,1
23875,1
23876,1
23877,1
23878,1
23879,1
23880,1
23881,1
23882,1
23883,1
23884,1
23885,1
23886,1
23887,1
23888,1
23889,1
23890,3
23891,1
23892,1
23893,1
23894,1
23895,1
23896,2
23897,1
23898,1
23899,1
23900,1
23901,1
23902,1
23903,1
23904,2
23905,1
23906,1
23907,1
23908,1
23909,1
23910,2
23911,1
23912,1
23913,1
23914,1
23915,5
23916,1
23917,1
23918,3
23919,1
23920,5
23921,1
23922,5
23923,1
23924,1
23925,1
23926,1
23927,1
23928,1
23929,5
23930,5
23931,1
23932,1
23933,1
23934,1
23935,1
23936,1
23937,3
23938,1
23939,1
23940,1
23941,1
23942,1
23943,1
23944,1
23945,1
23946,2
23947,2
23948,1
23949,2
23950,1
23951,1
23952,1
23953,1
23954,1
23955,1
23956,1
23957,1
23958,1
23959,1
23960,1
23961,1
23962,3
23963,1
23964,3
23965,1
23966,1
23967,1
23968,1
23969,1
23970,1
23971,1
23972,1
23973,5
23974,1
23975,5
23976,1
23977,1
23978,1
23979,5
23980,1
23981,2
23982,2
23983,1
23984,1
23985,3
23986,1
23987,1
23988,1
23989,1
23990,1
23991,5
23992,1
23993,1
23994,1
23995,1
23996,1
23997,1
23998,1
23999,1
24000,5
24001,2
24002,2
24003,1
24004,1
24005,2
24006,2
24007,1
24008,1
24009,1
24010,1
24011,1
24012,1
24013,1
24014,2
24015,1
24016,1
24017,1
24018,1
24019,1
24020,1
24021,1
24022,1
24023,1
24024,1
24025,1
24026,1
24027,1
24028,1
24029,2
24030,1
24031,1
24032,2
24033,1
24034,1
24035,1
24036,2
24037,2
24038,1
24039,1
24040,2
24041,1
24042,1
24043,1
24044,1
24045,1
24046,1
24047,1
24048,1
24049,1
24050,2
24051,1
24052,1
24053,1
24054,1
24055,5
24056,1
24057,1
24058,1
24059,1
24060,1
24061,1
24062,1
24063,1
24064,1
24065,1
24066,1
24067,1
24068,1
24069,1
24070,1
24071,1
24072,1
24073,1
24074,1
24075,3
24076,3
24077,1
24078,1
24079,1
24080,1
24081,1
24082,1
24083,1
24084,1
24085,1
24086,1
24087,2
24088,1
24089,2
24090,1
24091,2
24092,1
24093,2
24094,1
24095,1
24096,1
24097,1
24098,1
24099,1
24100,1
24101,2
24102,1
24103,1
24104,1
24105,2
24106,1
24107,1
24108,1
24109,1
24110,2
24111,1
24112,1
24113,2
24114,2
24115,3
24116,1
24117,1
24118,1
24119,1
24120,1
24121,1
24122,1
24123,1
24124,1
24125,2
24126,1
24127,1
24128,1
24129,2
24130,1
24131,1
24132,1
24133,1
24134,5
24135,1
24136,1
24137,1
24138,1
24139,5
24140,3
24141,1
24142,1
24143,1
24144,1
24145,5
24146,5
24147,1
24148,1
24149,5
24150,5
24151,1
24152,1
24153,1
24154,1
24155,1
24156,1
24157,1
24158,2
24159,1
24160,1
24161,1
24162,2
24163,1
24164,1
24165,1
24166,1
24167,1
24168,1
24169,1
24170,1
24171,1
24172,1
24173,1
24174,2
24175,1
24176,1
24177,1
24178,1
24179,1
24180,1
24181,1
24182,1
24183,3
24184,1
24185,1
24186,1
24187,1
24188,1
24189,1
24190,1
24191,1
24192,2
24193,1
24194,1
24195,1
24196,1
24197,1
24198,1
24199,1
24200,1
24201,2
24202,1
24203,1
24204,1
24205,1
24206,1
24207,1
24208,1
24209,1
24210,1
24211,1
24212,1
24213,1
24214,1
24215,1
24216,1
24217,5
24218,5
24219,1
24220,1
24221,1
24222,1
24223,1
24224,1
24225,3
24226,1
24227,1
24228,1
24229,1
24230,3
24231,1
24232,1
24233,1
24234,1
24235,1
24236,1
24237,1
24238,1
24239,1
24240,1
24241,1
24242,1
24243,5
24244,1
24245,1
24246,1
24247,1
24248,1
24249,2
24250,1
24251,1
24252,1
24253,3
24254,2
24255,1
24256,1
24257,1
24258,1
24259,1
24260,1
24261,1
24262,1
24263,1
24264,1
24265,2
24266,1
24267,1
24268,1
24269,1
24270,1
24271,1
24272,2
24273,1
24274,1
24275,1
24276,1
24277,1
24278,1
24279,1
24280,1
24281,1
24282,1
24283,1
24284,1
24285,5
24286,1
24287,1
24288,1
24289,1
24290,1
24291,1
24292,1
24293,1
24294,1
24295,1
24296,1
24297,1
24298,1
24299,2
24300,1
24301,1
24302,1
24303,1
24304,2
24305,1
24306,1
24307,1
24308,1
24309,1
24310,1
24311,1
24312,1
24313,5
24314,5
24315,5
24316,1
24317,1
24318,5
24319,3
24320,1
24321,5
24322,1
24323,1
24324,1
24325,1
24326,5
24327,5
24328,5
24329,1
24330,1
24331,1
24332,1
24333,1
24334,1
24335,1
24336,1
24337,1
24338,1
24339,2
24340,2
24341,1
24342,1
24343,2
24344,1
24345,1
24346,1
24347,1
24348,1
24349,1
24350,2
24351,1
24352,1
24353,1
24354,1
24355,1
24356,1
24357,1
24358,1
24359,1
24360,1
24361,3
24362,3
24363,1
24364,1
24365,1
24366,1
24367,1
24368,1
24369,2
24370,1
24371,1
24372,1
24373,1
24374,1
24375,1
24376,1
24377,1
24378,1
24379,1
24380,5
24381,1
24382,1
24383,1
24384,1
24385,1
24386,1
24387,1
24388,1
24389,5
24390,1
24391,1
24392,2
24393,1
24394,1
24395,1
24396,1
24397,1
24398,1
24399,1
24400,5
24401,1
24402,1
24403,1
24404,1
24405,1
24406,1
24407,1
24408,1
24409,1
24410,1
24411,1
24412,5
24413,1
24414,1
24415,1
24416,1
24417,1
24418,1
24419,1
24420,1
24421,1
24422,1
24423,1
24424,1
24425,1
24426,1
24427,1
24428,1
24429,1
24430,1
24431,2
24432,1
24433,1
24434,1
24435,1
24436,1
24437,2
24438,1
24439,2
24440,1
24441,1
24442,1
24443,1
24444,1
24445,1
24446,1
24447,1
24448,1
24449,2
24450,1
24451,1
24452,1
24453,1
24454,1
24455,1
24456,1
24457,5
24458,1
24459,1
24460,1
24461,3
24462,1
24463,1
24464,1
24465,1
24466,5
24467,1
24468,1
24469,1
24470,1
24471,2
24472,1
24473,1
24474,1
24475,1
24476,1
24477,1
24478,2
24479,1
24480,1
24481,1
24482,1
24483,1
24484,1
24485,3
24486,1
24487,3
24488,5
24489,3
24490,1
24491,1
24492,1
24493,5
24494,1
24495,1
24496,1
24497,5
24498,1
24499,5
24500,5
24501,5
24502,1
24503,1
24504,1
24505,2
24506,1
24507,1
24508,1
24509,1
24510,1
24511,1
24512,2
24513,1
24514,1
24515,1
24516,1
24517,1
24518,1
24519,2
24520,1
24521,1
24522,1
24523,1
24524,1
24525,2
24526,1
24527,1
24528,3
24529,2
24530,1
24531,1
24532,1
24533,1
24534,1
24535,2
24536,1
24537,1
24538,2
24539,2
24540,1
24541,1
24542,5
24543,2
24544,1
24545,1
24546,5
24547,5
24548,1
24549,1
24550,1
24551,1
24552,1
24553,1
24554,2
24555,1
24556,1
24557,1
24558,1
24559,1
24560,1
24561,1
24562,1
24563,1
24564,1
24565,3
24566,3
24567,5
24568,5
24569,1
24570,5
24571,1
24572,1
24573,1
24574,1
24575,1
24576,1
24577,1
24578,1
24579,1
24580,1
24581,1
24582,1
24583,1
24584,1
24585,2
24586,1
24587,1
24588,1
24589,1
24590,1
24591,1
24592,1
24593,1
24594,1
24595,1
24596,1
24597,1
24598,1
24599,1
24600,1
24601,1
24602,1
24603,1
24604,1
24605,1
24606,2
24607,2
24608,2
24609,2
24610,1
24611,1
24612,1
24613,1
24614,1
24615,1
24616,1
24617,1
24618,1
24619,1
24620,1
24621,1
24622,1
24623,5
24624,1
24625,1
24626,1
24627,5
24628,1
24629,2
24630,1
24631,5
24632,1
24633,1
24634,1
24635,2
24636,1
24637,1
24638,1
24639,1
24640,1
24641,5
24642,1
24643,1
24644,1
24645,5
24646,1
24647,1
24648,1
24649,5
24650,3
24651,1
24652,1
24653,3
24654,1
24655,5
24656,1
24657,1
24658,1
24659,1
24660,5
24661,1
24662,1
24663,1
24664,5
24665,5
24666,1
24667,1
24668,1
24669,1
24670,1
24671,1
24672,1
24673,1
24674,1
24675,1
24676,1
24677,1
24678,1
24679,1
24680,1
24681,1
24682,1
24683,1
24684,1
24685,1
24686,1
24687,1
24688,1
24689,1
24690,1
24691,1
24692,1
24693,1
24694,1
24695,1
24696,1
24697,1
24698,1
24699,1
24700,1
24701,1
24702,1
24703,1
24704,1
24705,1
24706,1
24707,1
24708,1
24709,1
24710,1
24711,1
24712,1
24713,1
24714,1
24715,5
24716,1
24717,1
24718,1
24719,1
24720,1
24721,1
24722,1
24723,1
24724,1
24725,1
24726,5
24727,1
24728,1
24729,1
24730,1
24731,1
24732,1
24733,1
24734,1
24735,1
24736,1
24737,5
24738,1
24739,1
24740,1
24741,5
24742,5
24743,1
24744,1
24745,3
24746,2
24747,1
24748,1
24749,1
24750,1
24751,1
24752,1
24753,1
24754,1
24755,1
24756,1
24757,1
24758,1
24759,1
24760,1
24761,1
24762,1
24763,1
24764,1
24765,1
24766,1
24767,1
24768,1
24769,1
24770,1
24771,1
24772,2
24773,1
24774,1
24775,1
24776,1
24777,1
24778,1
24779,1
24780,2
24781,1
24782,1
24783,2
24784,1
24785,2
24786,1
24787,1
24788,1
24789,1
24790,1
24791,1
24792,1
24793,1
24794,1
24795,1
24796,1
24797,1
24798,1
24799,1
24800,1
24801,1
24802,1
24803,1
24804,1
24805,1
24806,5
24807,1
24808,3
24809,1
24810,1
24811,1
24812,1
24813,1
24814,1
24815,1
24816,5
24817,1
24818,5
24819,1
24820,5
24821,1
24822,1
24823,1
24824,1
24825,1
24826,1
24827,1
24828,5
24829,2
24830,1
24831,1
24832,1
24833,1
24834,1
24835,1
24836,1
24837,1
24838,1
24839,1
24840,1
24841,2
24842,1
24843,1
24844,1
24845,1
24846,1
24847,1
24848,1
24849,1
24850,1
24851,1
24852,1
24853,1
24854,1
24855,1
24856,1
24857,2
24858,1
24859,1
24860,1
24861,5
24862,1
24863,1
24864,1
24865,1
24866,1
24867,1
24868,1
24869,1
24870,1
24871,1
24872,1
24873,1
24874,1
24875,5
24876,1
24877,1
24878,1
24879,1
24880,1
24881,1
24882,1
24883,1
24884,1
24885,1
24886,1
24887,1
24888,1
24889,1
24890,5
24891,1
24892,2
24893,1
24894,1
24895,1
24896,1
24897,1
24898,5
24899,1
24900,5
24901,1
24902,1
24903,1
24904,1
24905,1
24906,1
24907,5
24908,1
24909,1
24910,1
24911,1
24912,1
24913,1
24914,1
24915,1
24916,1
24917,1
24918,1
24919,1
24920,1
24921,1
24922,1
24923,1
24924,1
24925,1
24926,1
24927,1
24928,1
24929,1
24930,1
24931,1
24932,1
24933,1
24934,1
24935,5
24936,1
24937,1
24938,1
24939,1
24940,5
24941,1
24942,1
24943,2
24944,1
24945,1
24946,1
24947,1
24948,1
24949,1
24950,1
24951,2
24952,1
24953,1
24954,1
24955,5
24956,1
24957,2
24958,3
24959,2
24960,1
24961,1
24962,1
24963,1
24964,3
24965,1
24966,1
24967,5
24968,1
24969,1
24970,5
24971,3
24972,5
24973,1
24974,1
24975,5
24976,1
24977,1
24978,5
24979,1
24980,1
24981,1
24982,1
24983,1
24984,1
24985,1
24986,1
24987,1
24988,1
24989,1
24990,1
24991,1
24992,1
24993,1
24994,1
24995,1
24996,1
24997,1
24998,1
24999,1
25000,1
25001,1
25002,1
25003,1
25004,1
25005,1
25006,1
25007,1
25008,1
25009,1
25010,1
25011,1
25012,1
25013,1
25014,1
25015,1
25016,1
25017,1
25018,1
25019,3
25020,5
25021,1
25022,1
25023,1
25024,1
25025,1
25026,1
25027,2
25028,1
25029,5
25030,2
25031,1
25032,5
25033,1
25034,1
25035,1
25036,5
25037,1
25038,1
25039,1
25040,1
25041,5
25042,5
25043,3
25044,1
25045,1
25046,1
25047,1
25048,5
25049,5
25050,5
25051,5
25052,1
25053,1
25054,1
25055,1
25056,1
25057,1
25058,1
25059,1
25060,2
25061,1
25062,1
25063,1
25064,1
25065,1
25066,1
25067,1
25068,1
25069,1
25070,1
25071,1
25072,2
25073,1
25074,1
25075,1
25076,1
25077,1
25078,1
25079,3
25080,1
25081,1
25082,1
25083,1
25084,1
25085,1
25086,1
25087,1
25088,1
25089,1
25090,1
25091,5
25092,5
25093,1
25094,1
25095,1
25096,2
25097,1
25098,1
25099,1
25100,1
25101,5
25102,1
25103,1
25104,3
25105,1
25106,1
25107,1
25108,1
25109,1
25110,1
25111,1
25112,1
25113,5
25114,1
25115,1
25116,1
25117,1
25118,1
25119,1
25120,1
25121,1
25122,1
25123,1
25124,1
25125,1
25126,1
25127,1
25128,1
25129,1
25130,1
25131,1
25132,2
25133,1
25134,1
25135,1
25136,1
25137,1
25138,2
25139,1
25140,1
25141,1
25142,3
25143,1
25144,1
25145,1
25146,1
25147,1
25148,1
25149,1
25150,1
25151,1
25152,2
25153,1
25154,1
25155,1
25156,1
25157,5
25158,1
25159,1
25160,1
25161,1
25162,1
25163,1
25164,1
25165,1
25166,1
25167,1
25168,1
25169,1
25170,5
25171,1
25172,3
25173,1
25174,1
25175,1
25176,1
25177,1
25178,1
25179,1
25180,1
25181,5
25182,1
25183,1
25184,1
25185,1
25186,1
25187,1
25188,1
25189,5
25190,3
25191,1
25192,1
25193,1
25194,3
25195,1
25196,1
25197,1
25198,1
25199,1
25200,5
25201,1
25202,2
25203,1
25204,1
25205,1
25206,1
25207,1
25208,1
25209,1
25210,1
25211,2
25212,1
25213,1
25214,1
25215,1
25216,1
25217,1
25218,1
25219,1
25220,1
25221,1
25222,1
25223,1
25224,1
25225,1
25226,2
25227,1
25228,1
25229,1
25230,1
25231,5
25232,1
25233,1
25234,2
25235,1
25236,1
25237,1
25238,1
25239,1
25240,2
25241,1
25242,2
25243,1
25244,2
25245,1
25246,1
25247,1
25248,1
25249,1
25250,5
25251,1
25252,1
25253,1
25254,1
25255,2
25256,1
25257,1
25258,1
25259,1
25260,5
25261,1
25262,5
25263,1
25264,1
25265,1
25266,1
25267,1
25268,1
25269,1
25270,1
25271,1
25272,1
25273,1
25274,1
25275,1
25276,1
25277,1
25278,1
25279,1
25280,1
25281,1
25282,1
25283,2
25284,1
25285,1
25286,1
25287,1
25288,1
25289,1
25290,1
25291,1
25292,1
25293,1
25294,1
25295,1
25296,1
25297,1
25298,1
25299,1
25300,1
25301,2
25302,1
25303,1
25304,1
25305,1
25306,1
25307,1
25308,1
25309,1
25310,1
25311,1
25312,1
25313,1
25314,1
25315,1
25316,1
25317,1
25318,1
25319,5
25320,1
25321,1
25322,1
25323,1
25324,1
25325,1
25326,1
25327,1
25328,1
25329,1
25330,2
25331,5
25332,1
25333,1
25334,1
25335,1
25336,1
25337,5
25338,1
25339,1
25340,1
25341,1
25342,1
25343,5
25344,1
25345,5
25346,1
25347,1
25348,3
25349,5
25350,1
25351,1
25352,1
25353,1
25354,1
25355,5
25356,1
25357,1
25358,1
25359,1
25360,1
25361,1
25362,1
25363,1
25364,1
25365,1
25366,1
25367,1
25368,1
25369,1
25370,1
25371,1
25372,1
25373,1
25374,1
25375,1
25376,1
25377,2
25378,1
25379,1
25380,1
25381,1
25382,1
25383,1
25384,1
25385,1
25386,1
25387,1
25388,2
25389,1
25390,1
25391,1
25392,1
25393,1
25394,1
25395,1
25396,2
25397,1
25398,1
25399,1
25400,1
25401,1
25402,1
25403,1
25404,1
25405,1
25406,1
25407,1
25408,1
25409,1
25410,5
25411,1
25412,1
25413,1
25414,1
25415,1
25416,1
25417,1
25418,1
25419,1
25420,1
25421,1
25422,1
25423,1
25424,1
25425,1
25426,5
25427,1
25428,3
25429,1
25430,5
25431,1
25432,1
25433,1
25434,1
25435,1
25436,1
25437,5
25438,5
25439,1
25440,1
25441,2
25442,1
25443,1
25444,1
25445,1
25446,1
25447,1
25448,1
25449,1
25450,1
25451,1
25452,1
25453,1
25454,1
25455,1
25456,1
25457,1
25458,1
25459,1
25460,1
25461,1
25462,1
25463,1
25464,1
25465,1
25466,1
25467,1
25468,1
25469,1
25470,1
25471,5
25472,1
25473,1
25474,1
25475,1
25476,1
25477,1
25478,1
25479,1
25480,1
25481,1
25482,1
25483,1
25484,1
25485,1
25486,1
25487,1
25488,5
25489,1
25490,5
25491,1
25492,1
25493,1
25494,2
25495,1
25496,1
25497,1
25498,1
25499,1
25500,2
25501,3
25502,1
25503,1
25504,1
25505,5
25506,1
25507,1
25508,5
25509,1
25510,1
25511,1
25512,1
25513,1
25514,1
25515,5
25516,5
25517,1
25518,5
25519,1
25520,1
25521,1
25522,1
25523,1
25524,1
25525,1
25526,1
25527,1
25528,1
25529,1
25530,1
25531,5
25532,3
25533,5
25534,5
25535,1
25536,1
25537,1
25538,1
25539,1
25540,2
25541,1
25542,1
25543,1
25544,1
25545,1
25546,1
25547,1
25548,1
25549,1
25550,1
25551,1
25552,1
25553,1
25554,1
25555,1
25556,1
25557,1
25558,1
25559,1
25560,1
25561,1
25562,1
25563,2
25564,1
25565,1
25566,1
25567,1
25568,1
25569,1
25570,1
25571,1
25572,1
25573,3
25574,1
25575,1
25576,1
25577,1
25578,1
25579,1
25580,1
25581,1
25582,1
25583,1
25584,1
25585,1
25586,1
25587,1
25588,2
25589,1
25590,1
25591,1
25592,1
25593,1
25594,1
25595,5
25596,1
25597,1
25598,1
25599,1
25600,1
25601,1
25602,1
25603,1
25604,1
25605,1
25606,1
25607,1
25608,1
25609,1
25610,1
25611,1
25612,1
25613,1
25614,1
25615,1
25616,1
25617,1
25618,1
25619,1
25620,1
25621,1
25622,1
25623,1
25624,1
25625,1
25626,1
25627,1
25628,1
25629,1
25630,1
25631,1
25632,1
25633,1
25634,1
25635,1
25636,3
25637,1
25638,1
25639,1
25640,1
25641,1
25642,1
25643,1
25644,1
25645,1
25646,1
25647,1
25648,1
25649,1
25650,1
25651,1
25652,1
25653,1
25654,1
25655,1
25656,2
25657,1
25658,1
25659,1
25660,3
25661,5
25662,1
25663,5
25664,5
25665,1
25666,1
25667,1
25668,1
25669,1
25670,1
25671,1
25672,1
25673,1
25674,1
25675,1
25676,1
25677,1
25678,1
25679,1
25680,1
25681,1
25682,1
25683,1
25684,1
25685,1
25686,1
25687,2
25688,1
25689,1
25690,1
25691,1
25692,1
25693,1
25694,1
25695,1
25696,1
25697,1
25698,1
25699,1
25700,1
25701,1
25702,1
25703,1
25704,1
25705,5
25706,1
25707,1
25708,1
25709,1
25710,3
25711,1
25712,1
25713,1
25714,1
25715,1
25716,1
25717,1
25718,2
25719,1
25720,1
25721,1
25722,5
25723,1
25724,1
25725,1
25726,1
25727,1
25728,1
25729,1
25730,1
25731,5
25732,1
25733,1
25734,5
25735,1
25736,1
25737,1
25738,5
25739,5
25740,5
25741,5
25742,1
25743,1
25744,1
25745,1
25746,2
25747,1
25748,1
25749,1
25750,1
25751,2
25752,1
25753,1
25754,1
25755,1
25756,1
25757,1
25758,2
25759,1
25760,1
25761,1
25762,1
25763,1
25764,1
25765,1
25766,1
25767,1
25768,1
25769,2
25770,1
25771,1
25772,1
25773,1
25774,1
25775,1
25776,1
25777,1
25778,1
25779,1
25780,1
25781,1
25782,1
25783,1
25784,5
25785,1
25786,1
25787,1
25788,1
25789,1
25790,1
25791,1
25792,1
25793,1
25794,1
25795,1
25796,1
25797,1
25798,1
25799,1
25800,1
25801,1
25802,1
25803,1
25804,1
25805,1
25806,5
25807,5
25808,1
25809,5
25810,1
25811,1
25812,1
25813,1
25814,1
25815,1
25816,1
25817,1
25818,1
25819,1
25820,1
25821,1
25822,1
25823,1
25824,1
25825,1
25826,1
25827,2
25828,1
25829,1
25830,2
25831,1
25832,1
25833,1
25834,1
25835,1
25836,2
25837,1
25838,1
25839,1
25840,1
25841,1
25842,1
25843,1
25844,1
25845,1
25846,1
25847,1
25848,1
25849,1
25850,1
25851,1
25852,1
25853,1
25854,1
25855,1
25856,1
25857,1
25858,1
25859,1
25860,1
25861,1
25862,1
25863,1
25864,1
25865,1
25866,1
25867,1
25868,1
25869,1
25870,1
25871,1
25872,1
25873,1
25874,5
25875,1
25876,5
25877,1
25878,5
25879,5
25880,1
25881,1
25882,1
25883,1
25884,1
25885,2
25886,1
25887,1
25888,3
25889,1
25890,1
25891,1
25892,1
25893,1
25894,1
25895,1
25896,1
25897,1
25898,1
25899,1
25900,1
25901,1
25902,1
25903,1
25904,1
25905,5
25906,1
25907,1
25908,5
25909,5
25910,5
25911,1
25912,1
25913,1
25914,1
25915,1
25916,1
25917,1
25918,1
25919,1
25920,1
25921,1
25922,1
25923,1
25924,1
25925,1
25926,1
25927,1
25928,1
25929,1
25930,1
25931,2
25932,1
25933,1
25934,1
25935,1
25936,1
25937,2
25938,1
25939,1
25940,1
25941,1
25942,1
25943,1
25944,1
25945,1
25946,1
25947,1
25948,1
25949,1
25950,5
25951,1
25952,1
25953,1
25954,1
25955,1
25956,1
25957,1
25958,1
25959,1
25960,1
25961,1
25962,1
25963,1
25964,1
25965,1
25966,1
25967,1
25968,2
25969,1
25970,1
25971,1
25972,1
25973,1
25974,1
25975,5
25976,5
25977,1
25978,1
25979,1
25980,1
25981,5
25982,1
25983,1
25984,1
25985,1
25986,1
25987,1
25988,5
25989,1
25990,1
25991,5
25992,5
25993,1
25994,2
25995,1
25996,1
25997,1
25998,2
25999,3
26000,1
26001,1
26002,1
26003,1
26004,1
26005,3
26006,1
26007,1
26008,1
26009,1
26010,1
26011,1
26012,1
26013,1
26014,1
26015,1
26016,1
26017,1
26018,1
26019,1
26020,1
26021,1
26022,1
26023,1
26024,1
26025,5
26026,1
26027,1
26028,1
26029,1
26030,1
26031,1
26032,1
26033,1
26034,1
26035,1
26036,1
26037,1
26038,1
26039,1
26040,1
26041,1
26042,1
26043,1
26044,1
26045,1
26046,1
26047,1
26048,1
26049,1
26050,1
26051,1
26052,1
26053,1
26054,1
26055,1
26056,3
26057,1
26058,1
26059,3
26060,1
26061,1
26062,3
26063,1
26064,1
26065,1
26066,1
26067,1
26068,1
26069,1
26070,5
26071,1
26072,1
26073,1
26074,1
26075,1
26076,1
26077,1
26078,5
26079,5
26080,1
26081,1
26082,2
26083,1
26084,2
26085,2
26086,1
26087,1
26088,1
26089,1
26090,1
26091,1
26092,1
26093,1
26094,1
26095,1
26096,1
26097,1
26098,1
26099,1
26100,1
26101,1
26102,2
26103,1
26104,1
26105,1
26106,1
26107,1
26108,1
26109,1
26110,1
26111,1
26112,1
26113,1
26114,1
26115,1
26116,1
26117,1
26118,1
26119,1
26120,1
26121,1
26122,1
26123,1
26124,1
26125,5
26126,1
26127,1
26128,1
26129,1
26130,1
26131,1
26132,1
26133,1
26134,1
26135,5
26136,2
26137,1
26138,1
26139,1
26140,5
26141,1
26142,5
26143,1
26144,5
26145,1
26146,1
26147,1
26148,5
26149,5
26150,1
26151,1
26152,1
26153,1
26154,1
26155,1
26156,5
26157,5
26158,5
26159,1
26160,1
26161,1
26162,1
26163,1
26164,1
26165,1
26166,1
26167,1
26168,2
26169,1
26170,1
26171,1
26172,1
26173,1
26174,1
26175,1
26176,1
26177,1
26178,1
26179,1
26180,1
26181,1
26182,1
26183,1
26184,1
26185,1
26186,2
26187,1
26188,1
26189,1
26190,1
26191,1
26192,1
26193,1
26194,1
26195,1
26196,1
26197,1
26198,1
26199,1
26200,1
26201,1
26202,1
26203,1
26204,1
26205,1
26206,1
26207,5
26208,1
26209,1
26210,1
26211,1
26212,5
26213,1
26214,1
26215,5
26216,5
26217,1
26218,1
26219,1
26220,1
26221,1
26222,1
26223,1
26224,5
26225,5
26226,5
26227,5
26228,1
26229,1
26230,1
26231,1
26232,1
26233,1
26234,1
26235,1
26236,1
26237,1
26238,1
26239,1
26240,1
26241,1
26242,1
26243,1
26244,1
26245,1
26246,1
26247,1
26248,1
26249,1
26250,1
26251,1
26252,1
26253,1
26254,2
26255,1
26256,1
26257,1
26258,1
26259,1
26260,1
26261,1
26262,1
26263,1
26264,1
26265,1
26266,2
26267,1
26268,1
26269,1
26270,1
26271,1
26272,3
26273,1
26274,1
26275,1
26276,1
26277,1
26278,1
26279,2
26280,1
26281,2
26282,1
26283,2
26284,2
26285,1
26286,1
26287,1
26288,1
26289,1
26290,1
26291,1
26292,1
26293,1
26294,1
26295,1
26296,1
26297,1
26298,1
26299,1
26300,1
26301,1
26302,5
26303,5
26304,5
26305,1
26306,5
26307,1
26308,1
26309,1
26310,1
26311,1
26312,2
26313,1
26314,1
26315,1
26316,1
26317,1
26318,2
26319,2
26320,1
26321,1
26322,1
26323,1
26324,1
26325,1
26326,1
26327,1
26328,1
26329,1
26330,1
26331,1
26332,1
26333,1
26334,2
26335,1
26336,1
26337,1
26338,1
26339,1
26340,1
26341,3
26342,1
26343,1
26344,1
26345,2
26346,1
26347,1
26348,1
26349,1
26350,1
26351,1
26352,1
26353,1
26354,1
26355,1
26356,1
26357,1
26358,5
26359,1
26360,1
26361,1
26362,5
26363,1
26364,1
26365,1
26366,1
26367,3
26368,1
26369,1
26370,1
26371,1
26372,1
26373,2
26374,1
26375,1
26376,1
26377,1
26378,1
26379,1
26380,1
26381,1
26382,1
26383,1
26384,1
26385,1
26386,1
26387,1
26388,2
26389,1
26390,1
26391,1
26392,1
26393,1
26394,3
26395,1
26396,1
26397,1
26398,2
26399,1
26400,1
26401,5
26402,1
26403,1
26404,1
26405,1
26406,1
26407,1
26408,1
26409,1
26410,1
26411,1
26412,1
26413,1
26414,1
26415,2
26416,1
26417,1
26418,1
26419,1
26420,2
26421,1
26422,1
26423,1
26424,1
26425,1
26426,1
26427,1
26428,1
26429,1
26430,1
26431,1
26432,1
26433,1
26434,1
26435,5
26436,5
26437,1
26438,5
26439,1
26440,1
26441,1
26442,1
26443,1
26444,1
26445,1
26446,1
26447,1
26448,1
26449,2
26450,1
26451,1
26452,1
26453,1
26454,2
26455,1
26456,1
26457,1
26458,1
26459,1
26460,1
26461,3
26462,1
26463,2
26464,1
26465,1
26466,5
26467,1
26468,1
26469,1
26470,1
26471,3
26472,1
26473,1
26474,1
26475,3
26476,1
26477,1
26478,5
26479,1
26480,1
26481,1
26482,1
26483,1
26484,2
26485,1
26486,2
26487,1
26488,1
26489,1
26490,1
26491,1
26492,2
26493,1
26494,5
26495,1
26496,1
26497,1
26498,1
26499,1
26500,3
26501,1
26502,1
26503,1
26504,1
26505,1
26506,5
26507,1
26508,1
26509,1
26510,2
26511,1
26512,1
26513,1
26514,1
26515,2
26516,1
26517,1
26518,1
26519,1
26520,1
26521,1
26522,1
26523,1
26524,1
26525,1
26526,2
26527,1
26528,1
26529,1
26530,1
26531,1
26532,1
26533,1
26534,1
26535,1
26536,1
26537,1
26538,1
26539,1
26540,1
26541,1
26542,1
26543,1
26544,1
26545,1
26546,1
26547,1
26548,1
26549,1
26550,1
26551,1
26552,1
26553,1
26554,1
26555,5
26556,1
26557,1
26558,1
26559,2
26560,5
26561,5
26562,5
26563,1
26564,1
26565,1
26566,1
26567,5
26568,1
26569,1
26570,1
26571,1
26572,1
26573,1
26574,1
26575,5
26576,5
26577,1
26578,3
26579,1
26580,1
26581,1
26582,1
26583,1
26584,1
26585,1
26586,1
26587,1
26588,1
26589,1
26590,1
26591,1
26592,1
26593,1
26594,1
26595,1
26596,1
26597,1
26598,1
26599,1
26600,2
26601,1
26602,1
26603,1
26604,1
26605,1
26606,1
26607,1
26608,1
26609,1
26610,1
26611,1
26612,1
26613,1
26614,1
26615,1
26616,1
26617,1
26618,1
26619,1
26620,1
26621,1
26622,1
26623,5
26624,2
26625,1
26626,1
26627,1
26628,1
26629,5
26630,1
26631,1
26632,1
26633,1
26634,1
26635,1
26636,2
26637,1
26638,1
26639,5
26640,1
26641,1
26642,1
26643,1
26644,1
26645,1
26646,1
26647,5
26648,1
26649,1
26650,5
26651,5
26652,1
26653,1
26654,1
26655,1
26656,1
26657,1
26658,1
26659,2
26660,1
26661,1
26662,1
26663,1
26664,1
26665,1
26666,1
26667,1
26668,1
26669,2
26670,1
26671,1
26672,1
26673,1
26674,1
26675,1
26676,2
26677,1
26678,1
26679,1
26680,1
26681,1
26682,1
26683,1
26684,1
26685,1
26686,1
26687,1
26688,1
26689,1
26690,1
26691,5
26692,1
26693,1
26694,1
26695,1
26696,1
26697,1
26698,1
26699,3
26700,1
26701,5
26702,1
26703,1
26704,5
26705,5
26706,5
26707,1
26708,1
26709,1
26710,1
26711,1
26712,1
26713,1
26714,1
26715,1
26716,1
26717,1
26718,1
26719,1
26720,1
26721,1
26722,1
26723,1
26724,1
26725,1
26726,1
26727,1
26728,1
26729,1
26730,1
26731,1
26732,1
26733,1
26734,1
26735,5
26736,1
26737,1
26738,1
26739,1
26740,1
26741,1
26742,1
26743,1
26744,1
26745,5
26746,1
26747,1
26748,1
26749,1
26750,1
26751,1
26752,1
26753,1
26754,1
26755,1
26756,1
26757,1
26758,1
26759,1
26760,1
26761,1
26762,1
26763,1
26764,1
26765,1
26766,1
26767,1
26768,1
26769,1
26770,1
26771,1
26772,1
26773,1
26774,5
26775,1
26776,1
26777,1
26778,1
26779,1
26780,1
26781,1
26782,1
26783,5
26784,1
26785,1
26786,1
26787,1
26788,5
26789,5
26790,5
26791,5
26792,1
26793,1
26794,1
26795,1
26796,1
26797,1
26798,1
26799,1
26800,1
26801,1
26802,1
26803,1
26804,2
26805,1
26806,1
26807,1
26808,1
26809,1
26810,1
26811,1
26812,1
26813,1
26814,1
26815,1
26816,1
26817,1
26818,1
26819,1
26820,1
26821,1
26822,1
26823,1
26824,1
26825,1
26826,1
26827,1
26828,1
26829,1
26830,1
26831,1
26832,1
26833,1
26834,1
26835,1
26836,1
26837,1
26838,1
26839,1
26840,1
26841,1
26842,1
26843,2
26844,1
26845,1
26846,1
26847,1
26848,3
26849,3
26850,1
26851,2
26852,1
26853,2
26854,1
26855,5
26856,1
26857,1
26858,5
26859,1
26860,1
26861,1
26862,1
26863,1
26864,5
26865,1
26866,1
26867,1
26868,5
26869,1
26870,1
26871,1
26872,1
26873,1
26874,5
26875,5
26876,1
26877,1
26878,1
26879,1
26880,1
26881,1
26882,1
26883,1
26884,1
26885,1
26886,1
26887,2
26888,1
26889,1
26890,1
26891,1
26892,2
26893,1
26894,2
26895,1
26896,1
26897,1
26898,1
26899,1
26900,1
26901,1
26902,1
26903,1
26904,1
26905,1
26906,1
26907,2
26908,1
26909,1
26910,1
26911,1
26912,1
26913,1
26914,1
26915,1
26916,1
26917,1
26918,1
26919,1
26920,1
26921,1
26922,5
26923,1
26924,3
26925,1
26926,1
26927,1
26928,1
26929,1
26930,1
26931,1
26932,1
26933,1
26934,1
26935,1
26936,1
26937,1
26938,5
26939,1
26940,1
26941,1
26942,3
26943,1
26944,1
26945,1
26946,1
26947,1
26948,1
26949,1
26950,1
26951,1
26952,1
26953,5
26954,1
26955,1
26956,5
26957,5
26958,5
26959,5
26960,5
26961,1
26962,1
26963,1
26964,1
26965,1
26966,1
26967,1
26968,2
26969,1
26970,1
26971,1
26972,1
26973,2
26974,1
26975,2
26976,1
26977,1
26978,1
26979,1
26980,1
26981,1
26982,1
26983,1
26984,1
26985,1
26986,1
26987,1
26988,1
26989,1
26990,1
26991,1
26992,1
26993,1
26994,1
26995,1
26996,1
26997,1
26998,1
26999,1
27000,1
27001,1
27002,1
27003,1
27004,1
27005,1
27006,5
27007,1
27008,1
27009,2
27010,1
27011,3
27012,1
27013,1
27014,1
27015,1
27016,1
27017,1
27018,1
27019,1
27020,5
27021,1
27022,1
27023,1
27024,1
27025,1
27026,1
27027,1
27028,1
27029,1
27030,1
27031,1
27032,5
27033,5
27034,1
27035,1
27036,1
27037,1
27038,1
27039,1
27040,2
27041,1
27042,1
27043,1
27044,2
27045,1
27046,1
27047,1
27048,1
27049,1
27050,1
27051,1
27052,1
27053,1
27054,1
27055,1
27056,1
27057,2
27058,1
27059,1
27060,1
27061,1
27062,1
27063,1
27064,1
27065,1
27066,1
27067,1
27068,1
27069,1
27070,1
27071,1
27072,1
27073,5
27074,2
27075,1
27076,1
27077,1
27078,5
27079,1
27080,3
27081,1
27082,1
27083,1
27084,1
27085,5
27086,1
27087,1
27088,1
27089,1
27090,1
27091,1
27092,1
27093,1
27094,5
27095,1
27096,1
27097,1
27098,2
27099,2
27100,1
27101,1
27102,1
27103,1
27104,1
27105,1
27106,1
27107,1
27108,1
27109,2
27110,2
27111,1
27112,2
27113,2
27114,2
27115,1
27116,1
27117,1
27118,1
27119,1
27120,1
27121,1
27122,1
27123,1
27124,1
27125,1
27126,1
27127,1
27128,1
27129,1
27130,1
27131,1
27132,1
27133,1
27134,1
27135,1
27136,2
27137,1
27138,1
27139,1
27140,2
27141,3
27142,1
27143,1
27144,1
27145,1
27146,1
27147,1
27148,1
27149,5
27150,5
27151,1
27152,1
27153,1
27154,1
27155,1
27156,1
27157,5
27158,1
27159,1
27160,1
27161,1
27162,1
27163,2
27164,1
27165,1
27166,1
27167,1
27168,1
27169,1
27170,1
27171,1
27172,1
27173,2
27174,1
27175,1
27176,1
27177,1
27178,1
27179,1
27180,1
27181,1
27182,1
27183,2
27184,2
27185,1
27186,1
27187,2
27188,3
27189,1
27190,1
27191,1
27192,1
27193,1
27194,1
27195,1
27196,1
27197,5
27198,2
27199,1
27200,1
27201,1
27202,5
27203,1
27204,1
27205,1
27206,1
27207,1
27208,1
27209,1
27210,1
27211,1
27212,1
27213,1
27214,1
27215,1
27216,1
27217,2
27218,2
27219,1
27220,1
27221,1
27222,1
27223,5
27224,1
27225,1
27226,1
27227,1
27228,1
27229,1
27230,5
27231,1
27232,5
27233,1
27234,1
27235,1
27236,5
27237,1
27238,1
27239,1
27240,5
27241,1
27242,1
27243,1
27244,1
27245,1
27246,1
27247,1
27248,1
27249,2
27250,1
27251,1
27252,2
27253,2
27254,1
27255,2
27256,1
27257,1
27258,1
27259,1
27260,1
27261,1
27262,1
27263,1
27264,1
27265,1
27266,2
27267,2
27268,1
27269,1
27270,1
27271,1
27272,1
27273,1
27274,1
27275,1
27276,1
27277,1
27278,1
27279,1
27280,1
27281,1
27282,1
27283,1
27284,1
27285,1
27286,1
27287,1
27288,1
27289,1
27290,1
27291,1
27292,1
27293,1
27294,2
27295,1
27296,1
27297,3
27298,1
27299,1
27300,1
27301,1
27302,1
27303,1
27304,1
27305,1
27306,3
27307,1
27308,1
27309,1
27310,5
27311,1
27312,1
27313,1
27314,1
27315,3
27316,3
27317,1
27318,1
27319,1
27320,1
27321,1
27322,1
27323,5
27324,1
27325,1
27326,1
27327,1
27328,1
27329,1
27330,5
27331,5
27332,5
27333,5
27334,5
27335,1
27336,1
27337,1
27338,1
27339,1
27340,1
27341,1
27342,1
27343,1
27344,1
27345,1
27346,1
27347,1
27348,1
27349,1
27350,1
27351,1
27352,1
27353,1
27354,1
27355,1
27356,1
27357,1
27358,1
27359,1
27360,1
27361,2
27362,1
27363,1
27364,3
27365,1
27366,1
27367,1
27368,1
27369,5
27370,1
27371,1
27372,1
27373,1
27374,1
27375,1
27376,1
27377,1
27378,1
27379,1
27380,1
27381,1
27382,5
27383,1
27384,2
27385,1
27386,1
27387,1
27388,1
27389,1
27390,1
27391,1
27392,1
27393,1
27394,1
27395,1
27396,1
27397,1
27398,5
27399,5
27400,1
27401,1
27402,1
27403,1
27404,1
27405,1
27406,1
27407,1
27408,1
27409,1
27410,1
27411,1
27412,1
27413,1
27414,1
27415,2
27416,1
27417,1
27418,3
27419,2
27420,1
27421,1
27422,1
27423,1
27424,1
27425,1
27426,1
27427,1
27428,1
27429,1
27430,1
27431,1
27432,1
27433,3
27434,1
27435,1
27436,2
27437,1
27438,1
27439,1
27440,1
27441,1
27442,1
27443,1
27444,1
27445,1
27446,1
27447,1
27448,1
27449,5
27450,1
27451,2
27452,1
27453,1
27454,1
27455,1
27456,1
27457,1
27458,1
27459,5
27460,1
27461,1
27462,1
27463,1
27464,1
27465,1
27466,1
27467,1
27468,1
27469,1
27470,1
27471,1
27472,1
27473,1
27474,1
27475,1
27476,1
27477,5
27478,1
27479,1
27480,1
27481,1
27482,1
27483,1
27484,1
27485,1
27486,1
27487,1
27488,1
27489,1
27490,1
27491,1
27492,2
27493,1
27494,1
27495,1
27496,1
27497,1
27498,1
27499,1
27500,1
27501,1
27502,1
27503,1
27504,1
27505,1
27506,1
27507,1
27508,1
27509,1
27510,1
27511,1
27512,1
27513,1
27514,1
27515,1
27516,1
27517,1
27518,1
27519,1
27520,1
27521,1
27522,1
27523,1
27524,1
27525,1
27526,1
27527,1
27528,1
27529,1
27530,1
27531,1
27532,1
27533,1
27534,1
27535,1
27536,1
27537,1
27538,1
27539,2
27540,1
27541,1
27542,1
27543,1
27544,1
27545,1
27546,1
27547,1
27548,1
27549,1
27550,1
27551,1
27552,1
27553,5
27554,5
27555,1
27556,1
27557,1
27558,1
27559,1
27560,1
27561,2
27562,1
27563,1
27564,1
27565,1
27566,1
27567,1
27568,2
27569,1
27570,1
27571,1
27572,1
27573,1
27574,1
27575,1
27576,1
27577,1
27578,1
27579,1
27580,1
27581,1
27582,1
27583,1
27584,1
27585,2
27586,1
27587,1
27588,1
27589,1
27590,1
27591,1
27592,1
27593,1
27594,5
27595,1
27596,1
27597,1
27598,1
27599,1
27600,1
27601,1
27602,1
27603,1
27604,1
27605,2
27606,1
27607,1
27608,1
27609,1
27610,1
27611,1
27612,1
27613,1
27614,1
27615,1
27616,1
27617,1
27618,1
27619,1
27620,1
27621,5
27622,1
27623,1
27624,5
27625,1
27626,1
27627,5
27628,5
27629,5
27630,5
27631,1
27632,2
27633,1
27634,1
27635,1
27636,1
27637,1
27638,1
27639,1
27640,1
27641,1
27642,1
27643,1
27644,1
27645,2
27646,1
27647,1
27648,2
27649,1
27650,1
27651,1
27652,1
27653,2
27654,1
27655,1
27656,1
27657,1
27658,1
27659,1
27660,1
27661,1
27662,1
27663,1
27664,1
27665,1
27666,1
27667,1
27668,1
27669,1
27670,1
27671,1
27672,1
27673,1
27674,1
27675,1
27676,1
27677,1
27678,1
27679,1
27680,1
27681,1
27682,1
27683,1
27684,1
27685,1
27686,1
27687,1
27688,1
27689,1
27690,1
27691,1
27692,1
27693,1
27694,1
27695,1
27696,1
27697,1
27698,1
27699,1
27700,1
27701,1
27702,1
27703,1
27704,1
27705,1
27706,1
27707,1
27708,1
27709,1
27710,1
27711,1
27712,1
27713,1
27714,5
27715,1
27716,5
27717,5
27718,1
27719,1
27720,1
27721,1
27722,1
27723,1
27724,1
27725,1
27726,1
27727,1
27728,1
27729,1
27730,1
27731,1
27732,1
27733,2
27734,1
27735,1
27736,1
27737,1
27738,1
27739,1
27740,1
27741,1
27742,2
27743,1
27744,1
27745,2
27746,1
27747,1
27748,1
27749,1
27750,1
27751,1
27752,1
27753,1
27754,5
27755,1
27756,1
27757,1
27758,1
27759,1
27760,3
27761,1
27762,1
27763,2
27764,1
27765,1
27766,1
27767,1
27768,1
27769,1
27770,2
27771,1
27772,1
27773,1
27774,1
27775,3
27776,1
27777,3
27778,5
27779,1
27780,1
27781,1
27782,1
27783,1
27784,1
27785,1
27786,1
27787,1
27788,1
27789,1
27790,1
27791,1
27792,1
27793,2
27794,1
27795,1
27796,1
27797,1
27798,1
27799,1
27800,1
27801,1
27802,1
27803,1
27804,1
27805,1
27806,1
27807,1
27808,1
27809,1
27810,1
27811,1
27812,1
27813,1
27814,1
27815,1
27816,1
27817,1
27818,1
27819,1
27820,1
27821,1
27822,1
27823,1
27824,1
27825,1
27826,1
27827,1
27828,1
27829,1
27830,1
27831,1
27832,1
27833,1
27834,1
27835,1
27836,1
27837,1
27838,1
27839,1
27840,1
27841,1
27842,2
27843,1
27844,1
27845,1
27846,1
27847,1
27848,1
27849,1
27850,1
27851,5
27852,2
27853,1
27854,5
27855,5
27856,1
27857,1
27858,1
27859,1
27860,1
27861,1
27862,1
27863,1
27864,1
27865,5
27866,3
27867,1
27868,1
27869,1
27870,1
27871,1
27872,1
27873,1
27874,1
27875,1
27876,1
27877,1
27878,1
27879,1
27880,1
27881,1
27882,2
27883,1
27884,1
27885,2
27886,1
27887,1
27888,1
27889,1
27890,1
27891,1
27892,1
27893,1
27894,2
27895,1
27896,1
27897,1
27898,1
27899,1
27900,1
27901,1
27902,1
27903,2
27904,1
27905,1
27906,1
27907,1
27908,3
27909,1
27910,1
27911,1
27912,1
27913,1
27914,1
27915,1
27916,1
27917,1
27918,1
27919,2
27920,1
27921,1
27922,1
27923,1
27924,2
27925,1
27926,1
27927,1
27928,1
27929,1
27930,1
27931,1
27932,1
27933,1
27934,5
27935,5
27936,5
27937,1
27938,5
27939,1
27940,1
27941,1
27942,5
27943,1
27944,1
27945,1
27946,1
27947,1
27948,1
27949,1
27950,1
27951,1
27952,1
27953,1
27954,1
27955,1
27956,1
27957,1
27958,1
27959,1
27960,1
27961,1
27962,1
27963,1
27964,1
27965,1
27966,1
27967,1
27968,1
27969,1
27970,2
27971,1
27972,1
27973,1
27974,1
27975,1
27976,1
27977,1
27978,1
27979,1
27980,1
27981,1
27982,1
27983,1
27984,2
27985,1
27986,1
27987,1
27988,1
27989,1
27990,1
27991,1
27992,1
27993,1
27994,1
27995,1
27996,1
27997,1
27998,2
27999,1
28000,5
28001,1
28002,5
28003,1
28004,1
28005,1
28006,1
28007,1
28008,1
28009,1
28010,1
28011,1
28012,5
28013,1
28014,3
28015,1
28016,1
28017,1
28018,5
28019,1
28020,1
28021,2
28022,1
28023,1
28024,1
28025,1
28026,2
28027,1
28028,1
28029,1
28030,1
28031,1
28032,1
28033,1
28034,1
28035,1
28036,1
28037,1
28038,1
28039,2
28040,2
28041,1
28042,1
28043,2
28044,1
28045,1
28046,1
28047,1
28048,2
28049,1
28050,1
28051,1
28052,1
28053,1
28054,1
28055,1
28056,1
28057,1
28058,1
28059,1
28060,1
28061,2
28062,1
28063,1
28064,1
28065,1
28066,1
28067,1
28068,1
28069,1
28070,1
28071,1
28072,1
28073,1
28074,5
28075,1
28076,1
28077,5
28078,1
28079,2
28080,1
28081,1
28082,1
28083,1
28084,1
28085,1
28086,1
28087,1
28088,1
28089,5
28090,1
28091,1
28092,1
28093,1
28094,5
28095,1
28096,1
28097,1
28098,1
28099,5
28100,2
28101,1
28102,1
28103,1
28104,1
28105,1
28106,2
28107,1
28108,1
28109,1
28110,1
28111,1
28112,1
28113,1
28114,1
28115,2
28116,1
28117,1
28118,1
28119,1
28120,1
28121,1
28122,1
28123,1
28124,1
28125,1
28126,1
28127,1
28128,1
28129,1
28130,1
28131,1
28132,1
28133,1
28134,1
28135,1
28136,2
28137,1
28138,1
28139,1
28140,1
28141,1
28142,1
28143,1
28144,1
28145,1
28146,1
28147,1
28148,1
28149,1
28150,1
28151,1
28152,1
28153,1
28154,1
28155,5
28156,1
28157,1
28158,1
28159,1
28160,1
28161,1
28162,1
28163,1
28164,1
28165,1
28166,1
28167,1
28168,1
28169,2
28170,2
28171,1
28172,1
28173,1
28174,1
28175,1
28176,1
28177,1
28178,1
28179,1
28180,2
28181,1
28182,1
28183,1
28184,1
28185,1
28186,1
28187,1
28188,1
28189,1
28190,1
28191,1
28192,1
28193,1
28194,1
28195,1
28196,1
28197,1
28198,3
28199,1
28200,1
28201,1
28202,1
28203,1
28204,1
28205,5
28206,1
28207,1
28208,1
28209,1
28210,1
28211,1
28212,1
28213,1
28214,1
28215,1
28216,1
28217,1
28218,2
28219,1
28220,1
28221,1
28222,2
28223,2
28224,1
28225,1
28226,1
28227,1
28228,1
28229,1
28230,1
28231,1
28232,1
28233,1
28234,1
28235,1
28236,1
28237,1
28238,1
28239,5
28240,1
28241,5
28242,1
28243,2
28244,1
28245,1
28246,1
28247,1
28248,2
28249,1
28250,1
28251,1
28252,1
28253,1
28254,1
28255,3
28256,1
28257,1
28258,1
28259,1
28260,1
28261,1
28262,1
28263,1
28264,2
28265,1
28266,1
28267,1
28268,1
28269,1
28270,1
28271,1
28272,3
28273,1
28274,1
28275,1
28276,1
28277,1
28278,1
28279,1
28280,1
28281,1
28282,1
28283,1
28284,1
28285,1
28286,2
28287,1
28288,1
28289,1
28290,1
28291,1
28292,1
28293,1
28294,1
28295,1
28296,5
28297,1
28298,5
28299,1
28300,1
28301,1
28302,1
28303,1
28304,1
28305,5
28306,1
28307,1
28308,5
28309,1
28310,1
28311,1
28312,5
28313,1
28314,2
28315,1
28316,1
28317,1
28318,1
28319,1
28320,1
28321,1
28322,1
28323,1
28324,1
28325,1
28326,1
28327,1
28328,1
28329,1
28330,3
28331,1
28332,1
28333,1
28334,1
28335,1
28336,1
28337,1
28338,1
28339,1
28340,2
28341,1
28342,1
28343,1
28344,1
28345,1
28346,1
28347,1
28348,1
28349,2
28350,1
28351,1
28352,1
28353,1
28354,1
28355,1
28356,1
28357,1
28358,1
28359,1
28360,1
28361,1
28362,1
28363,1
28364,1
28365,1
28366,1
28367,1
28368,1
28369,5
28370,2
28371,1
28372,1
28373,1
28374,1
28375,1
28376,1
28377,1
28378,1
28379,1
28380,1
28381,1
28382,1
28383,1
28384,5
28385,5
28386,1
28387,5
28388,1
28389,1
28390,5
28391,1
28392,1
28393,5
28394,1
28395,1
28396,1
28397,1
28398,1
28399,2
28400,1
28401,1
28402,1
28403,1
28404,1
28405,1
28406,1
28407,2
28408,1
28409,1
28410,1
28411,1
28412,1
28413,1
28414,1
28415,1
28416,1
28417,1
28418,1
28419,1
28420,1
28421,1
28422,1
28423,1
28424,1
28425,2
28426,1
28427,1
28428,1
28429,1
28430,1
28431,2
28432,1
28433,2
28434,5
28435,2
28436,5
28437,1
28438,1
28439,1
28440,1
28441,1
28442,1
28443,1
28444,1
28445,1
28446,5
28447,1
28448,1
28449,1
28450,5
28451,5
28452,5
28453,1
28454,1
28455,1
28456,1
28457,1
28458,1
28459,1
28460,1
28461,1
28462,1
28463,1
28464,1
28465,1
28466,1
28467,1
28468,1
28469,2
28470,2
28471,1
28472,1
28473,1
28474,1
28475,1
28476,1
28477,1
28478,1
28479,1
28480,1
28481,1
28482,2
28483,1
28484,1
28485,1
28486,1
28487,1
28488,1
28489,1
28490,1
28491,1
28492,1
28493,1
28494,2
28495,1
28496,1
28497,1
28498,1
28499,1
28500,1
28501,1
28502,1
28503,1
28504,5
28505,1
28506,3
28507,1
28508,2
28509,1
28510,2
28511,1
28512,1
28513,1
28514,2
28515,5
28516,1
28517,1
28518,1
28519,1
28520,5
28521,1
28522,1
28523,1
28524,1
28525,1
28526,5
28527,1
28528,1
28529,1
28530,1
28531,1
28532,1
28533,1
28534,1
28535,5
28536,1
28537,1
28538,1
28539,1
28540,1
28541,3
28542,1
28543,1
28544,1
28545,1
28546,1
28547,3
28548,1
28549,1
28550,1
28551,1
28552,1
28553,1
28554,2
28555,1
28556,1
28557,1
28558,1
28559,1
28560,1
28561,1
28562,2
28563,1
28564,1
28565,1
28566,1
28567,1
28568,1
28569,1
28570,1
28571,1
28572,1
28573,1
28574,1
28575,1
28576,1
28577,1
28578,2
28579,1
28580,2
28581,1
28582,1
28583,1
28584,2
28585,1
28586,1
28587,1
28588,1
28589,1
28590,1
28591,1
28592,1
28593,1
28594,1
28595,1
28596,1
28597,1
28598,5
28599,1
28600,1
28601,1
28602,1
28603,1
28604,1
28605,1
28606,1
28607,5
28608,5
28609,5
28610,5
28611,5
28612,1
28613,1
28614,1
28615,1
28616,1
28617,1
28618,1
28619,1
28620,2
28621,1
28622,1
28623,1
28624,1
28625,2
28626,1
28627,1
28628,1
28629,1
28630,1
28631,1
28632,1
28633,1
28634,1
28635,1
28636,1
28637,1
28638,1
28639,1
28640,1
28641,1
28642,1
28643,1
28644,1
28645,1
28646,1
28647,1
28648,1
28649,1
28650,1
28651,1
28652,1
28653,5
28654,1
28655,1
28656,1
28657,1
28658,1
28659,1
28660,1
28661,1
28662,1
28663,1
28664,1
28665,1
28666,1
28667,1
28668,1
28669,1
28670,5
28671,1
28672,5
28673,1
28674,1
28675,1
28676,1
28677,3
28678,1
28679,1
28680,1
28681,1
28682,1
28683,2
28684,1
28685,1
28686,1
28687,1
28688,1
28689,1
28690,1
28691,2
28692,1
28693,1
28694,1
28695,1
28696,1
28697,1
28698,1
28699,1
28700,1
28701,2
28702,1
28703,1
28704,1
28705,1
28706,1
28707,1
28708,1
28709,1
28710,1
28711,1
28712,1
28713,1
28714,1
28715,1
28716,1
28717,1
28718,1
28719,1
28720,1
28721,1
28722,1
28723,1
28724,2
28725,1
28726,1
28727,1
28728,1
28729,5
28730,1
28731,1
28732,1
28733,5
28734,1
28735,1
28736,1
28737,1
28738,1
28739,1
28740,5
28741,1
28742,1
28743,5
28744,1
28745,1
28746,1
28747,1
28748,5
28749,1
28750,1
28751,1
28752,1
28753,1
28754,1
28755,1
28756,1
28757,1
28758,1
28759,1
28760,1
28761,1
28762,1
28763,1
28764,1
28765,1
28766,1
28767,1
28768,1
28769,1
28770,1
28771,1
28772,2
28773,1
28774,1
28775,1
28776,2
28777,1
28778,1
28779,1
28780,1
28781,1
28782,1
28783,1
28784,1
28785,1
28786,1
28787,1
28788,1
28789,1
28790,1
28791,1
28792,2
28793,1
28794,1
28795,1
28796,1
28797,1
28798,1
28799,3
28800,1
28801,1
28802,1
28803,1
28804,1
28805,1
28806,1
28807,1
28808,1
28809,1
28810,1
28811,1
28812,5
28813,5
28814,1
28815,1
28816,1
28817,1
28818,1
28819,1
28820,1
28821,1
28822,1
28823,2
28824,1
28825,1
28826,1
28827,1
28828,1
28829,1
28830,1
28831,1
28832,1
28833,1
28834,1
28835,1
28836,1
28837,1
28838,1
28839,1
28840,1
28841,1
28842,1
28843,1
28844,1
28845,1
28846,1
28847,1
28848,1
28849,1
28850,1
28851,1
28852,1
28853,1
28854,1
28855,1
28856,1
28857,5
28858,5
28859,1
28860,1
28861,1
28862,1
28863,5
28864,1
28865,1
28866,3
28867,1
28868,1
28869,5
28870,1
28871,1
28872,1
28873,1
28874,1
28875,1
28876,1
28877,1
28878,5
28879,5
28880,1
28881,1
28882,5
28883,2
28884,1
28885,1
28886,1
28887,1
28888,1
28889,1
28890,2
28891,1
28892,1
28893,1
28894,1
28895,1
28896,1
28897,1
28898,1
28899,1
28900,1
28901,1
28902,1
28903,1
28904,1
28905,1
28906,1
28907,2
28908,1
28909,1
28910,1
28911,1
28912,1
28913,2
28914,1
28915,1
28916,1
28917,1
28918,1
28919,1
28920,2
28921,1
28922,1
28923,1
28924,1
28925,1
28926,1
28927,1
28928,1
28929,1
28930,1
28931,5
28932,1
28933,1
28934,5
28935,1
28936,1
28937,1
28938,1
28939,1
28940,5
28941,1
28942,1
28943,1
28944,1
28945,1
28946,1
28947,5
28948,1
28949,1
28950,1
28951,1
28952,5
28953,1
28954,1
28955,1
28956,1
28957,1
28958,1
28959,1
28960,1
28961,1
28962,1
28963,1
28964,2
28965,1
28966,1
28967,1
28968,1
28969,1
28970,1
28971,1
28972,1
28973,1
28974,1
28975,1
28976,1
28977,1
28978,1
28979,1
28980,1
28981,1
28982,1
28983,1
28984,1
28985,1
28986,1
28987,1
28988,1
28989,1
28990,1
28991,1
28992,1
28993,1
28994,1
28995,1
28996,1
28997,1
28998,1
28999,1
29000,1
29001,1
29002,1
29003,1
29004,1
29005,1
29006,1
29007,1
29008,1
29009,1
29010,1
29011,1
29012,1
29013,1
29014,1
29015,1
29016,3
29017,1
29018,1
29019,1
29020,1
29021,1
29022,1
29023,1
29024,1
29025,2
29026,1
29027,1
29028,1
29029,1
29030,1
29031,1
29032,1
29033,1
29034,1
29035,1
29036,1
29037,1
29038,1
29039,5
29040,1
29041,1
29042,1
29043,1
29044,1
29045,1
29046,1
29047,1
29048,1
29049,1
29050,1
29051,1
29052,1
29053,1
29054,1
29055,1
29056,1
29057,1
29058,1
29059,1
29060,1
29061,1
29062,1
29063,1
29064,1
29065,1
29066,1
29067,1
29068,1
29069,1
29070,1
29071,1
29072,1
29073,1
29074,1
29075,1
29076,1
29077,1
29078,1
29079,1
29080,3
29081,5
29082,1
29083,1
29084,1
29085,1
29086,1
29087,1
29088,1
29089,1
29090,1
29091,1
29092,2
29093,2
29094,1
29095,1
29096,1
29097,2
29098,1
29099,1
29100,1
29101,1
29102,1
29103,1
29104,5
29105,1
29106,1
29107,1
29108,1
29109,1
29110,1
29111,1
29112,1
29113,5
29114,1
29115,1
29116,1
29117,1
29118,1
29119,1
29120,1
29121,1
29122,1
29123,1
29124,1
29125,1
29126,1
29127,1
29128,1
29129,1
29130,1
29131,2
29132,1
29133,1
29134,1
29135,1
29136,1
29137,2
29138,1
29139,1
29140,2
29141,1
29142,1
29143,1
29144,1
29145,1
29146,1
29147,1
29148,1
29149,1
29150,1
29151,1
29152,1
29153,1
29154,1
29155,1
29156,1
29157,1
29158,1
29159,1
29160,1
29161,1
29162,1
29163,1
29164,1
29165,1
29166,1
29167,1
29168,1
29169,1
29170,2
29171,1
29172,1
29173,2
29174,1
29175,2
29176,1
29177,1
29178,1
29179,1
29180,1
29181,1
29182,1
29183,1
29184,1
29185,1
29186,5
29187,1
29188,5
29189,1
29190,1
29191,5
29192,5
29193,1
29194,1
29195,1
29196,1
29197,1
29198,2
29199,1
29200,2
29201,1
29202,1
29203,1
29204,2
29205,1
29206,1
29207,2
29208,1
29209,1
29210,2
29211,1
29212,1
29213,1
29214,1
29215,1
29216,1
29217,1
29218,1
29219,1
29220,1
29221,1
29222,1
29223,1
29224,1
29225,1
29226,1
29227,1
29228,1
29229,1
29230,1
29231,1
29232,1
29233,1
29234,1
29235,1
29236,1
29237,1
29238,1
29239,1
29240,1
29241,1
29242,1
29243,1
29244,1
29245,1
29246,1
29247,1
29248,1
29249,1
29250,1
29251,1
29252,2
29253,1
29254,1
29255,1
29256,1
29257,1
29258,5
29259,1
29260,1
29261,3
29262,1
29263,1
29264,1
29265,1
29266,1
29267,1
29268,1
29269,1
29270,1
29271,1
29272,1
29273,1
29274,1
29275,1
29276,1
29277,3
29278,2
29279,1
29280,1
29281,1
29282,1
29283,1
29284,2
29285,1
29286,1
29287,1
29288,1
29289,2
29290,1
29291,1
29292,1
29293,1
29294,2
29295,1
29296,1
29297,1
29298,1
29299,1
29300,1
29301,1
29302,1
29303,1
29304,1
29305,1
29306,1
29307,2
29308,1
29309,1
29310,1
29311,1
29312,1
29313,1
29314,1
29315,1
29316,1
29317,1
29318,3
29319,1
29320,1
29321,1
29322,1
29323,1
29324,1
29325,2
29326,1
29327,2
29328,1
29329,1
29330,1
29331,5
29332,1
29333,1
29334,1
29335,5
29336,5
29337,1
29338,1
29339,1
29340,1
29341,5
29342,1
29343,1
29344,1
29345,5
29346,1
29347,5
29348,1
29349,1
29350,1
29351,1
29352,1
29353,1
29354,1
29355,1
29356,1
29357,1
29358,1
29359,1
29360,2
29361,1
29362,1
29363,1
29364,1
29365,1
29366,1
29367,1
29368,1
29369,1
29370,1
29371,1
29372,1
29373,1
29374,1
29375,1
29376,1
29377,1
29378,1
29379,1
29380,1
29381,1
29382,1
29383,1
29384,1
29385,1
29386,1
29387,2
29388,1
29389,1
29390,1
29391,1
29392,1
29393,1
29394,1
29395,1
29396,1
29397,1
29398,1
29399,5
29400,1
29401,1
29402,1
29403,1
29404,1
29405,1
29406,1
29407,1
29408,1
29409,1
29410,1
29411,5
29412,1
29413,1
29414,1
29415,1
29416,1
29417,5
29418,1
29419,5
29420,3
29421,1
29422,1
29423,5
29424,1
29425,1
29426,1
29427,1
29428,1
29429,1
29430,1
29431,5
29432,1
29433,1
29434,1
29435,1
29436,1
29437,1
29438,1
29439,1
29440,1
29441,1
29442,1
29443,1
29444,1
29445,1
29446,1
29447,1
29448,1
29449,1
29450,2
29451,1
29452,1
29453,1
29454,1
29455,1
29456,1
29457,1
29458,1
29459,1
29460,1
29461,1
29462,1
29463,1
29464,1
29465,1
29466,1
29467,1
29468,1
29469,1
29470,1
29471,1
29472,1
29473,1
29474,1
29475,1
29476,1
29477,1
29478,1
29479,1
29480,1
29481,1
29482,1
29483,1
29484,2
29485,1
29486,1
29487,3
29488,1
29489,1
29490,1
29491,2
29492,1
29493,1
29494,1
29495,1
29496,5
29497,1
29498,1
29499,1
29500,1
29501,1
29502,1
29503,1
29504,5
29505,1
29506,1
29507,5
29508,1
29509,1
29510,1
29511,1
29512,1
29513,1
29514,5
29515,5
29516,1
29517,1
29518,1
29519,1
29520,1
29521,1
29522,1
29523,1
29524,1
29525,1
29526,1
29527,1
29528,1
29529,1
29530,1
29531,1
29532,1
29533,1
29534,1
29535,1
29536,1
29537,1
29538,3
29539,1
29540,1
29541,2
29542,1
29543,1
29544,1
29545,1
29546,1
29547,2
29548,1
29549,1
29550,1
29551,1
29552,2
29553,1
29554,1
29555,1
29556,1
29557,1
29558,1
29559,1
29560,1
29561,1
29562,1
29563,1
29564,1
29565,1
29566,1
29567,1
29568,1
29569,1
29570,1
29571,1
29572,1
29573,1
29574,5
29575,1
29576,1
29577,3
29578,1
29579,1
29580,2
29581,1
29582,1
29583,1
29584,1
29585,1
29586,1
29587,3
29588,2
29589,1
29590,1
29591,1
29592,1
29593,1
29594,1
29595,1
29596,1
29597,1
29598,1
29599,1
29600,3
29601,1
29602,1
29603,2
29604,1
29605,1
29606,1
29607,1
29608,1
29609,1
29610,2
29611,1
29612,1
29613,1
29614,1
29615,2
29616,1
29617,1
29618,1
29619,1
29620,1
29621,1
29622,1
29623,1
29624,1
29625,1
29626,1
29627,1
29628,1
29629,1
29630,1
29631,1
29632,1
29633,1
29634,1
29635,1
29636,3
29637,1
29638,1
29639,2
29640,2
29641,1
29642,1
29643,5
29644,1
29645,1
29646,1
29647,2
29648,1
29649,1
29650,1
29651,1
29652,2
29653,1
29654,1
29655,1
29656,1
29657,1
29658,1
29659,1
29660,1
29661,1
29662,1
29663,5
29664,1
29665,1
29666,5
29667,1
29668,1
29669,1
29670,5
29671,5
29672,1
29673,1
29674,1
29675,1
29676,1
29677,1
29678,1
29679,1
29680,1
29681,1
29682,1
29683,1
29684,1
29685,2
29686,1
29687,1
29688,1
29689,1
29690,1
29691,1
29692,1
29693,1
29694,1
29695,1
29696,1
29697,1
29698,2
29699,2
29700,1
29701,1
29702,1
29703,1
29704,1
29705,2
29706,1
29707,1
29708,1
29709,1
29710,1
29711,1
29712,1
29713,1
29714,1
29715,1
29716,1
29717,1
29718,1
29719,1
29720,1
29721,1
29722,1
29723,1
29724,1
29725,1
29726,1
29727,1
29728,1
29729,1
29730,1
29731,1
29732,1
29733,1
29734,1
29735,1
29736,3
29737,1
29738,1
29739,1
29740,5
29741,1
29742,1
29743,1
29744,1
29745,1
29746,1
29747,2
29748,3
29749,1
29750,1
29751,1
29752,2
29753,1
29754,2
29755,1
29756,1
29757,1
29758,2
29759,1
29760,1
29761,1
29762,1
29763,1
29764,1
29765,1
29766,1
29767,1
29768,1
29769,1
29770,1
29771,1
29772,1
29773,1
29774,1
29775,1
29776,1
29777,1
29778,1
29779,1
29780,1
29781,1
29782,1
29783,3
29784,1
29785,1
29786,1
29787,1
29788,1
29789,1
29790,1
29791,1
29792,1
29793,1
29794,1
29795,1
29796,1
29797,1
29798,1
29799,1
29800,1
29801,1
29802,1
29803,5
29804,1
29805,1
29806,1
29807,1
29808,1
29809,1
29810,1
29811,1
29812,1
29813,1
29814,5
29815,1
29816,5
29817,5
29818,5
29819,1
29820,2
29821,1
29822,1
29823,2
29824,1
29825,2
29826,1
29827,1
29828,1
29829,1
29830,1
29831,1
29832,1
29833,1
29834,1
29835,1
29836,1
29837,1
29838,1
29839,1
29840,1
29841,1
29842,1
29843,1
29844,1
29845,1
29846,1
29847,1
29848,1
29849,1
29850,1
29851,1
29852,2
29853,1
29854,1
29855,1
29856,1
29857,2
29858,1
29859,1
29860,1
29861,1
29862,1
29863,3
29864,1
29865,1
29866,1
29867,3
29868,1
29869,1
29870,1
29871,1
29872,5
29873,3
29874,1
29875,1
29876,1
29877,1
29878,1
29879,1
29880,1
29881,2
29882,5
29883,1
29884,1
29885,1
29886,1
29887,2
29888,1
29889,1
29890,1
29891,1
29892,1
29893,1
29894,1
29895,1
29896,1
29897,1
29898,1
29899,1
29900,1
29901,1
29902,1
29903,1
29904,1
29905,1
29906,1
29907,1
29908,1
29909,1
29910,1
29911,1
29912,1
29913,1
29914,1
29915,1
29916,1
29917,1
29918,1
29919,2
29920,1
29921,1
29922,1
29923,1
29924,1
29925,1
29926,1
29927,1
29928,1
29929,1
29930,1
29931,1
29932,1
29933,1
29934,1
29935,1
29936,1
29937,1
29938,1
29939,1
29940,1
29941,2
29942,1
29943,1
29944,1
29945,1
29946,1
29947,1
29948,1
29949,1
29950,1
29951,1
29952,1
29953,1
29954,2
29955,1
29956,1
29957,2
29958,5
29959,1
29960,2
29961,1
29962,1
29963,1
29964,1
29965,1
29966,1
29967,1
29968,5
29969,1
29970,1
29971,1
29972,1
29973,1
29974,1
29975,1
29976,1
29977,1
29978,5
29979,1
29980,5
29981,1
29982,5
29983,5
29984,1
29985,1
29986,1
29987,1
29988,1
29989,1
29990,1
29991,1
29992,1
29993,1
29994,1
29995,1
29996,1
29997,1
29998,1
29999,1
30000,2
30001,2
30002,1
30003,2
30004,1
30005,1
30006,1
30007,1
30008,1
30009,1
30010,1
30011,1
30012,1
30013,1
30014,1
30015,2
30016,2
30017,1
30018,1
30019,1
30020,1
30021,1
30022,1
30023,1
30024,1
30025,1
30026,5
30027,1
30028,1
30029,1
30030,2
30031,1
30032,1
30033,1
30034,2
30035,1
30036,1
30037,1
30038,1
30039,1
30040,1
30041,1
30042,1
30043,1
30044,1
30045,1
30046,1
30047,1
30048,1
30049,1
30050,1
30051,5
30052,5
30053,1
30054,1
30055,1
30056,1
30057,2
30058,1
30059,1
30060,1
30061,2
30062,1
30063,1
30064,1
30065,1
30066,1
30067,2
30068,1
30069,1
30070,1
30071,1
30072,1
30073,1
30074,1
30075,1
30076,1
30077,2
30078,1
30079,1
30080,1
30081,1
30082,1
30083,1
30084,1
30085,1
30086,1
30087,1
30088,1
30089,1
30090,1
30091,1
30092,1
30093,1
30094,2
30095,1
30096,1
30097,1
30098,1
30099,1
30100,1
30101,1
30102,1
30103,1
30104,1
30105,1
30106,1
30107,1
30108,1
30109,1
30110,1
30111,1
30112,5
30113,1
30114,1
30115,1
30116,1
30117,1
30118,1
30119,2
30120,1
30121,1
30122,1
30123,2
30124,1
30125,1
30126,1
30127,1
30128,5
30129,1
30130,1
30131,5
30132,1
30133,5
30134,1
30135,1
30136,1
30137,1
30138,1
30139,5
30140,1
30141,1
30142,2
30143,1
30144,2
30145,1
30146,1
30147,1
30148,1
30149,1
30150,1
30151,1
30152,1
30153,1
30154,1
30155,1
30156,1
30157,1
30158,1
30159,1
30160,1
30161,1
30162,1
30163,1
30164,1
30165,1
30166,2
30167,2
30168,1
30169,1
30170,1
30171,1
30172,2
30173,2
30174,1
30175,1
30176,1
30177,2
30178,1
30179,1
30180,1
30181,1
30182,1
30183,1
30184,1
30185,1
30186,1
30187,2
30188,2
30189,1
30190,1
30191,1
30192,3
30193,1
30194,1
30195,1
30196,1
30197,1
30198,1
30199,1
30200,1
30201,1
30202,1
30203,1
30204,1
30205,1
30206,1
30207,1
30208,5
30209,1
30210,1
30211,1
30212,5
30213,1
30214,1
30215,1
30216,1
30217,1
30218,2
30219,1
30220,1
30221,1
30222,1
30223,1
30224,1
30225,1
30226,1
30227,1
30228,1
30229,1
30230,1
30231,1
30232,2
30233,1
30234,1
30235,1
30236,2
30237,1
30238,1
30239,1
30240,1
30241,1
30242,1
30243,1
30244,1
30245,1
30246,1
30247,1
30248,1
30249,1
30250,1
30251,2
30252,1
30253,1
30254,1
30255,1
30256,2
30257,1
30258,1
30259,1
30260,1
30261,1
30262,1
30263,1
30264,1
30265,1
30266,2
30267,1
30268,1
30269,1
30270,2
30271,1
30272,1
30273,1
30274,5
30275,1
30276,5
30277,5
30278,5
30279,1
30280,1
30281,5
30282,1
30283,1
30284,1
30285,1
30286,3
30287,1
30288,1
30289,1
30290,1
30291,1
30292,1
30293,2
30294,1
30295,1
30296,1
30297,1
30298,1
30299,1
30300,1
30301,2
30302,1
30303,1
30304,1
30305,1
30306,1
30307,1
30308,1
30309,1
30310,1
30311,1
30312,1
30313,1
30314,1
30315,1
30316,1
30317,1
30318,1
30319,1
30320,1
30321,1
30322,1
30323,1
30324,2
30325,1
30326,1
30327,1
30328,2
30329,1
30330,1
30331,5
30332,2
30333,2
30334,1
30335,1
30336,1
30337,1
30338,1
30339,1
30340,1
30341,1
30342,1
30343,5
30344,1
30345,1
30346,1
30347,1
30348,1
30349,1
30350,1
30351,1
30352,1
30353,1
30354,1
30355,1
30356,1
30357,1
30358,1
30359,1
30360,1
30361,1
30362,1
30363,1
30364,2
30365,1
30366,1
30367,1
30368,1
30369,1
30370,1
30371,1
30372,1
30373,1
30374,1
30375,1
30376,1
30377,1
30378,1
30379,1
30380,1
30381,1
30382,1
30383,1
30384,1
30385,1
30386,1
30387,1
30388,1
30389,1
30390,5
30391,1
30392,2
30393,1
30394,1
30395,1
30396,1
30397,1
30398,5
30399,1
30400,2
30401,1
30402,1
30403,1
30404,1
30405,1
30406,1
30407,1
30408,1
30409,1
30410,1
30411,1
30412,1
30413,1
30414,5
30415,1
30416,1
30417,1
30418,1
30419,1
30420,1
30421,1
30422,1
30423,1
30424,1
30425,1
30426,1
30427,1
30428,1
30429,1
30430,1
30431,1
30432,1
30433,1
30434,1
30435,1
30436,2
30437,1
30438,1
30439,1
30440,1
30441,1
30442,1
30443,1
30444,1
30445,1
30446,1
30447,1
30448,1
30449,1
30450,1
30451,1
30452,1
30453,1
30454,1
30455,2
30456,1
30457,1
30458,1
30459,1
30460,1
30461,1
30462,1
30463,1
30464,1
30465,1
30466,1
30467,1
30468,1
30469,5
30470,1
30471,2
30472,1
30473,1
30474,1
30475,1
30476,2
30477,1
30478,1
30479,1
30480,1
30481,1
30482,1
30483,5
30484,1
30485,5
30486,1
30487,1
30488,1
30489,1
30490,1
30491,1
30492,1
30493,2
30494,1
30495,1
30496,1
30497,1
30498,1
30499,1
30500,1
30501,1
30502,1
30503,1
30504,1
30505,1
30506,1
30507,1
30508,1
30509,1
30510,1
30511,1
30512,1
30513,2
30514,1
30515,1
30516,2
30517,1
30518,1
30519,1
30520,1
30521,1
30522,1
30523,1
30524,1
30525,1
30526,1
30527,1
30528,1
30529,3
30530,1
30531,1
30532,3
30533,3
30534,1
30535,1
30536,1
30537,1
30538,1
30539,1
30540,1
30541,1
30542,1
30543,1
30544,1
30545,1
30546,2
30547,5
30548,5
30549,1
30550,1
30551,1
30552,1
30553,1
30554,5
30555,5
30556,1
30557,1
30558,1
30559,1
30560,1
30561,1
30562,1
30563,5
30564,1
30565,1
30566,1
30567,1
30568,2
30569,1
30570,1
30571,1
30572,1
30573,1
30574,1
30575,1
30576,1
30577,1
30578,1
30579,1
30580,1
30581,1
30582,1
30583,1
30584,1
30585,1
30586,1
30587,1
30588,1
30589,1
30590,1
30591,1
30592,1
30593,1
30594,1
30595,1
30596,1
30597,1
30598,1
30599,1
30600,1
30601,1
30602,1
30603,2
30604,1
30605,1
30606,1
30607,1
30608,1
30609,1
30610,1
30611,1
30612,1
30613,1
30614,1
30615,5
30616,1
30617,2
30618,1
30619,1
30620,1
30621,1
30622,1
30623,1
30624,1
30625,1
30626,5
30627,5
30628,2
30629,1
30630,1
30631,1
30632,1
30633,2
30634,1
30635,1
30636,1
30637,2
30638,1
30639,1
30640,2
30641,1
30642,2
30643,1
30644,1
30645,1
30646,1
30647,1
30648,1
30649,2
30650,1
30651,1
30652,2
30653,1
30654,1
30655,1
30656,1
30657,1
30658,1
30659,1
30660,1
30661,2
30662,1
30663,1
30664,1
30665,1
30666,1
30667,1
30668,1
30669,1
30670,1
30671,1
30672,1
30673,1
30674,1
30675,1
30676,1
30677,1
30678,1
30679,1
30680,1
30681,3
30682,1
30683,1
30684,1
30685,1
30686,1
30687,1
30688,1
30689,2
30690,1
30691,1
30692,1
30693,1
30694,1
30695,1
30696,1
30697,1
30698,1
30699,1
30700,1
30701,2
30702,1
30703,1
30704,1
30705,1
30706,1
30707,1
30708,1
30709,1
30710,2
30711,1
30712,1
30713,1
30714,1
30715,1
30716,1
30717,1
30718,1
30719,1
30720,1
30721,1
30722,3
30723,1
30724,1
30725,1
30726,2
30727,1
30728,1
30729,1
30730,1
30731,1
30732,1
30733,2
30734,1
30735,1
30736,1
30737,1
30738,1
30739,1
30740,1
30741,1
30742,1
30743,1
30744,1
30745,2
30746,1
30747,1
30748,1
30749,1
30750,1
30751,1
30752,1
30753,1
30754,2
30755,1
30756,5
30757,1
30758,1
30759,1
30760,1
30761,1
30762,1
30763,1
30764,2
30765,2
30766,1
30767,1
30768,1
30769,1
30770,1
30771,1
30772,1
30773,1
30774,1
30775,5
30776,5
30777,1
30778,5
30779,5
30780,1
30781,1
30782,1
30783,1
30784,1
30785,1
30786,1
30787,1
30788,1
30789,1
30790,1
30791,1
30792,1
30793,1
30794,1
30795,1
30796,1
30797,1
30798,1
30799,1
30800,1
30801,1
30802,1
30803,1
30804,1
30805,1
30806,1
30807,1
30808,1
30809,1
30810,1
30811,1
30812,1
30813,1
30814,1
30815,1
30816,2
30817,1
30818,1
30819,1
30820,1
30821,1
30822,1
30823,1
30824,1
30825,1
30826,2
30827,1
30828,1
30829,3
30830,1
30831,1
30832,1
30833,1
30834,1
30835,1
30836,1
30837,1
30838,1
30839,1
30840,1
30841,1
30842,1
30843,1
30844,1
30845,1
30846,1
30847,1
30848,1
30849,1
30850,1
30851,1
30852,1
30853,1
30854,1
30855,1
30856,1
30857,1
30858,1
30859,1
30860,1
30861,1
30862,1
30863,1
30864,1
30865,5
30866,5
30867,1
30868,1
30869,1
30870,5
30871,1
30872,1
30873,2
30874,1
30875,2
30876,1
30877,1
30878,1
30879,1
30880,1
30881,2
30882,1
30883,1
30884,1
30885,1
30886,1
30887,1
30888,1
30889,1
30890,1
30891,1
30892,1
30893,1
30894,1
30895,2
30896,1
30897,1
30898,1
30899,2
30900,1
30901,1
30902,1
30903,1
30904,2
30905,1
30906,1
30907,1
30908,3
30909,2
30910,1
30911,1
30912,1
30913,1
30914,1
30915,1
30916,2
30917,1
30918,1
30919,1
30920,1
30921,5
30922,1
30923,1
30924,1
30925,1
30926,1
30927,5
30928,5
30929,1
30930,5
30931,1
30932,1
30933,1
30934,1
30935,1
30936,1
30937,2
30938,1
30939,1
30940,1
30941,1
30942,1
30943,1
30944,1
30945,1
30946,1
30947,1
30948,2
30949,1
30950,1
30951,1
30952,1
30953,1
30954,1
30955,1
30956,2
30957,1
30958,1
30959,1
30960,1
30961,2
30962,1
30963,1
30964,1
30965,1
30966,1
30967,1
30968,1
30969,1
30970,1
30971,1
30972,1
30973,1
30974,1
30975,1
30976,1
30977,1
30978,1
30979,1
30980,1
30981,1
30982,1
30983,1
30984,1
30985,1
30986,1
30987,1
30988,1
30989,1
30990,1
30991,1
30992,1
30993,2
30994,1
30995,1
30996,1
30997,1
30998,2
30999,1
31000,1
31001,1
31002,1
31003,1
31004,1
31005,1
31006,3
31007,1
31008,1
31009,1
31010,1
31011,1
31012,1
31013,1
31014,5
31015,1
31016,1
31017,1
31018,5
31019,1
31020,1
31021,5
31022,1
31023,5
31024,5
31025,3
31026,1
31027,1
31028,1
31029,1
31030,1
31031,1
31032,1
31033,1
31034,1
31035,1
31036,1
31037,1
31038,1
31039,1
31040,1
31041,1
31042,1
31043,1
31044,1
31045,1
31046,1
31047,1
31048,1
31049,1
31050,1
31051,1
31052,2
31053,1
31054,1
31055,1
31056,1
31057,2
31058,1
31059,1
31060,1
31061,1
31062,1
31063,1
31064,1
31065,1
31066,1
31067,1
31068,1
31069,1
31070,1
31071,2
31072,1
31073,1
31074,1
31075,1
31076,5
31077,1
31078,1
31079,1
31080,1
31081,1
31082,1
31083,1
31084,1
31085,1
31086,1
31087,1
31088,1
31089,3
31090,1
31091,1
31092,1
31093,1
31094,1
31095,1
31096,1
31097,2
31098,1
31099,1
31100,1
31101,1
31102,1
31103,1
31104,1
31105,1
31106,1
31107,2
31108,1
31109,2
31110,1
31111,1
31112,1
31113,1
31114,1
31115,2
31116,1
31117,1
31118,1
31119,1
31120,1
31121,1
31122,1
31123,1
31124,1
31125,1
31126,1
31127,1
31128,1
31129,1
31130,1
31131,2
31132,1
31133,1
31134,1
31135,1
31136,1
31137,1
31138,1
31139,1
31140,1
31141,1
31142,1
31143,1
31144,1
31145,1
31146,1
31147,1
31148,1
31149,1
31150,1
31151,1
31152,5
31153,1
31154,1
31155,1
31156,1
31157,1
31158,1
31159,1
31160,1
31161,1
31162,1
31163,5
31164,1
31165,1
31166,5
31167,1
31168,1
31169,1
31170,1
31171,1
31172,1
31173,2
31174,1
31175,2
31176,1
31177,1
31178,2
31179,1
31180,1
31181,1
31182,1
31183,1
31184,1
31185,1
31186,1
31187,1
31188,1
31189,1
31190,1
31191,1
31192,1
31193,1
31194,1
31195,1
31196,1
31197,1
31198,1
31199,1
31200,1
31201,1
31202,1
31203,1
31204,2
31205,3
31206,1
31207,1
31208,1
31209,1
31210,1
31211,1
31212,1
31213,1
31214,1
31215,1
31216,1
31217,1
31218,1
31219,1
31220,1
31221,1
31222,1
31223,2
31224,1
31225,1
31226,1
31227,1
31228,1
31229,2
31230,1
31231,1
31232,2
31233,1
31234,1
31235,1
31236,1
31237,1
31238,1
31239,1
31240,1
31241,1
31242,1
31243,1
31244,1
31245,1
31246,1
31247,1
31248,1
31249,1
31250,5
31251,5
31252,1
31253,1
31254,1
31255,1
31256,2
31257,1
31258,1
31259,1
31260,1
31261,1
31262,1
31263,1
31264,1
31265,1
31266,1
31267,1
31268,1
31269,1
31270,1
31271,2
31272,1
31273,1
31274,1
31275,1
31276,1
31277,1
31278,1
31279,1
31280,1
31281,1
31282,1
31283,2
31284,1
31285,1
31286,1
31287,1
31288,1
31289,1
31290,1
31291,1
31292,2
31293,1
31294,1
31295,1
31296,1
31297,1
31298,3
31299,1
31300,1
31301,3
31302,2
31303,1
31304,1
31305,1
31306,1
31307,1
31308,1
31309,1
31310,2
31311,2
31312,1
31313,2
31314,2
31315,2
31316,1
31317,1
31318,1
31319,1
31320,1
31321,1
31322,1
31323,1
31324,1
31325,5
31326,1
31327,5
31328,1
31329,1
31330,1
31331,1
31332,1
31333,2
31334,1
31335,1
31336,1
31337,1
31338,2
31339,1
31340,1
31341,1
31342,1
31343,1
31344,1
31345,2
31346,1
31347,1
31348,1
31349,2
31350,3
31351,1
31352,1
31353,1
31354,1
31355,1
31356,1
31357,1
31358,1
31359,1
31360,1
31361,1
31362,3
31363,1
31364,1
31365,1
31366,1
31367,1
31368,1
31369,1
31370,3
31371,1
31372,3
31373,1
31374,1
31375,1
31376,1
31377,1
31378,1
31379,1
31380,1
31381,1
31382,1
31383,1
31384,3
31385,3
31386,5
31387,1
31388,1
31389,2
31390,1
31391,1
31392,1
31393,1
31394,1
31395,1
31396,1
31397,1
31398,1
31399,1
31400,1
31401,1
31402,1
31403,1
31404,1
31405,1
31406,5
31407,5
31408,1
31409,5
31410,1
31411,5
31412,1
31413,1
31414,1
31415,1
31416,2
31417,1
31418,1
31419,1
31420,1
31421,1
31422,1
31423,2
31424,2
31425,1
31426,2
31427,1
31428,1
31429,1
31430,1
31431,1
31432,1
31433,1
31434,1
31435,1
31436,1
31437,1
31438,1
31439,1
31440,1
31441,1
31442,1
31443,1
31444,1
31445,1
31446,1
31447,1
31448,1
31449,1
31450,1
31451,1
31452,1
31453,2
31454,1
31455,1
31456,3
31457,1
31458,2
31459,1
31460,1
31461,3
31462,1
31463,1
31464,1
31465,1
31466,1
31467,2
31468,1
31469,1
31470,1
31471,1
31472,5
31473,1
31474,1
31475,5
31476,5
31477,5
31478,1
31479,1
31480,1
31481,1
31482,1
31483,5
31484,2
31485,1
31486,1
31487,2
31488,1
31489,1
31490,1
31491,1
31492,1
31493,1
31494,1
31495,1
31496,1
31497,1
31498,1
31499,1
31500,1
31501,1
31502,1
31503,1
31504,1
31505,1
31506,2
31507,1
31508,1
31509,1
31510,1
31511,1
31512,1
31513,1
31514,2
31515,1
31516,1
31517,1
31518,1
31519,1
31520,1
31521,1
31522,1
31523,1
31524,1
31525,2
31526,2
31527,1
31528,1
31529,1
31530,1
31531,1
31532,1
31533,1
31534,2
31535,1
31536,1
31537,1
31538,1
31539,1
31540,1
31541,1
31542,1
31543,1
31544,1
31545,1
31546,1
31547,1
31548,1
31549,1
31550,1
31551,1
31552,1
31553,1
31554,1
31555,1
31556,1
31557,1
31558,1
31559,1
31560,1
31561,1
31562,1
31563,5
31564,1
31565,1
31566,5
31567,1
31568,1
31569,1
31570,1
31571,1
31572,1
31573,1
31574,1
31575,1
31576,1
31577,1
31578,1
31579,1
31580,1
31581,1
31582,1
31583,1
31584,1
31585,1
31586,1
31587,1
31588,1
31589,1
31590,1
31591,1
31592,1
31593,1
31594,1
31595,1
31596,1
31597,1
31598,1
31599,1
31600,1
31601,1
31602,2
31603,1
31604,1
31605,1
31606,1
31607,1
31608,1
31609,1
31610,2
31611,1
31612,1
31613,1
31614,1
31615,1
31616,1
31617,1
31618,1
31619,1
31620,1
31621,1
31622,1
31623,1
31624,1
31625,5
31626,1
31627,1
31628,1
31629,1
31630,1
31631,1
31632,1
31633,1
31634,1
31635,3
31636,1
31637,1
31638,1
31639,1
31640,1
31641,1
31642,1
31643,1
31644,1
31645,1
31646,1
31647,3
31648,1
31649,2
31650,1
31651,1
31652,1
31653,1
31654,1
31655,1
31656,1
31657,1
31658,1
31659,1
31660,1
31661,1
31662,1
31663,1
31664,1
31665,1
31666,1
31667,1
31668,1
31669,1
31670,1
31671,1
31672,1
31673,1
31674,1
31675,1
31676,1
31677,1
31678,1
31679,5
31680,1
31681,1
31682,1
31683,1
31684,1
31685,1
31686,5
31687,1
31688,1
31689,1
31690,1
31691,1
31692,1
31693,1
31694,1
31695,1
31696,1
31697,1
31698,1
31699,1
31700,1
31701,1
31702,1
31703,1
31704,1
31705,1
31706,1
31707,5
31708,1
31709,5
31710,1
31711,1
31712,5
31713,1
31714,5
31715,1
31716,2
31717,2
31718,1
31719,1
31720,1
31721,1
31722,1
31723,1
31724,1
31725,1
31726,1
31727,1
31728,2
31729,1
31730,1
31731,1
31732,1
31733,1
31734,1
31735,1
31736,1
31737,1
31738,1
31739,1
31740,1
31741,1
31742,2
31743,1
31744,1
31745,2
31746,1
31747,1
31748,1
31749,1
31750,1
31751,1
31752,1
31753,1
31754,1
31755,1
31756,1
31757,1
31758,1
31759,1
31760,1
31761,1
31762,1
31763,1
31764,1
31765,1
31766,5
31767,1
31768,1
31769,1
31770,2
31771,2
31772,3
31773,1
31774,1
31775,1
31776,1
31777,1
31778,1
31779,1
31780,1
31781,1
31782,1
31783,1
31784,1
31785,1
31786,1
31787,1
31788,1
31789,1
31790,1
31791,1
31792,1
31793,1
31794,1
31795,1
31796,1
31797,1
31798,5
31799,1
31800,1
31801,2
31802,1
31803,1
31804,1
31805,1
31806,1
31807,1
31808,1
31809,1
31810,1
31811,2
31812,1
31813,1
31814,1
31815,1
31816,1
31817,1
31818,1
31819,1
31820,1
31821,1
31822,1
31823,1
31824,1
31825,1
31826,1
31827,1
31828,1
31829,2
31830,2
31831,1
31832,1
31833,1
31834,1
31835,1
31836,1
31837,1
31838,1
31839,2
31840,1
31841,2
31842,1
31843,1
31844,1
31845,1
31846,1
31847,1
31848,1
31849,1
31850,2
31851,2
31852,1
31853,1
31854,1
31855,1
31856,1
31857,1
31858,1
31859,5
31860,1
31861,1
31862,1
31863,1
31864,5
31865,1
31866,1
31867,2
31868,1
31869,2
31870,1
31871,1
31872,2
31873,1
31874,1
31875,1
31876,1
31877,1
31878,1
31879,1
31880,1
31881,1
31882,1
31883,1
31884,1
31885,1
31886,1
31887,1
31888,1
31889,1
31890,1
31891,1
31892,1
31893,1
31894,1
31895,2
31896,1
31897,1
31898,1
31899,1
31900,1
31901,1
31902,1
31903,1
31904,1
31905,1
31906,1
31907,1
31908,1
31909,2
31910,1
31911,1
31912,1
31913,1
31914,2
31915,1
31916,1
31917,1
31918,5
31919,1
31920,1
31921,1
31922,1
31923,1
31924,5
31925,1
31926,1
31927,1
31928,1
31929,1
31930,1
31931,1
31932,1
31933,1
31934,5
31935,1
31936,3
31937,1
31938,1
31939,1
31940,1
31941,1
31942,1
31943,1
31944,1
31945,1
31946,1
31947,1
31948,1
31949,2
31950,1
31951,1
31952,1
31953,1
31954,1
31955,1
31956,1
31957,1
31958,1
31959,1
31960,1
31961,1
31962,1
31963,1
31964,1
31965,1
31966,1
31967,2
31968,1
31969,1
31970,1
31971,1
31972,1
31973,1
31974,1
31975,1
31976,2
31977,1
31978,1
31979,1
31980,1
31981,1
31982,1
31983,5
31984,1
31985,1
31986,1
31987,1
31988,1
31989,1
31990,3
31991,1
31992,1
31993,1
31994,1
31995,1
31996,1
31997,1
31998,1
31999,1
32000,1
32001,1
32002,1
32003,5
32004,2
32005,1
32006,2
32007,2
32008,2
32009,1
32010,1
32011,1
32012,1
32013,1
32014,1
32015,1
32016,1
32017,1
32018,1
32019,1
32020,1
32021,1
32022,1
32023,1
32024,1
32025,1
32026,1
32027,1
32028,1
32029,1
32030,1
32031,1
32032,1
32033,2
32034,1
32035,1
32036,1
32037,1
32038,1
32039,1
32040,1
32041,1
32042,1
32043,1
32044,1
32045,1
32046,1
32047,1
32048,1
32049,1
32050,1
32051,1
32052,1
32053,1
32054,1
32055,1
32056,1
32057,5
32058,1
32059,1
32060,1
32061,1
32062,1
32063,1
32064,1
32065,1
32066,1
32067,1
32068,1
32069,1
32070,1
32071,1
32072,2
32073,1
32074,2
32075,1
32076,1
32077,1
32078,1
32079,1
32080,1
32081,1
32082,2
32083,1
32084,1
32085,1
32086,1
32087,1
32088,1
32089,1
32090,1
32091,1
32092,1
32093,1
32094,1
32095,1
32096,1
32097,1
32098,1
32099,1
32100,1
32101,1
32102,2
32103,1
32104,1
32105,1
32106,1
32107,1
32108,1
32109,1
32110,1
32111,1
32112,1
32113,1
32114,1
32115,1
32116,1
32117,2
32118,1
32119,1
32120,1
32121,1
32122,1
32123,1
32124,1
32125,1
32126,1
32127,1
32128,1
32129,1
32130,1
32131,1
32132,1
32133,5
32134,5
32135,1
32136,1
32137,1
32138,2
32139,1
32140,1
32141,1
32142,1
32143,1
32144,1
32145,1
32146,1
32147,1
32148,1
32149,1
32150,1
32151,1
32152,1
32153,1
32154,1
32155,1
32156,1
32157,1
32158,1
32159,1
32160,1
32161,1
32162,1
32163,2
32164,1
32165,1
32166,1
32167,1
32168,1
32169,1
32170,1
32171,1
32172,1
32173,1
32174,1
32175,1
32176,1
32177,1
32178,1
32179,1
32180,2
32181,1
32182,1
32183,1
32184,1
32185,1
32186,1
32187,1
32188,1
32189,1
32190,1
32191,1
32192,1
32193,1
32194,1
32195,1
32196,5
32197,1
32198,1
32199,2
32200,1
32201,2
32202,1
32203,1
32204,1
32205,2
32206,1
32207,1
32208,1
32209,1
32210,1
32211,1
32212,1
32213,1
32214,1
32215,2
32216,1
32217,1
32218,1
32219,1
32220,1
32221,1
32222,1
32223,1
32224,1
32225,1
32226,1
32227,1
32228,1
32229,1
32230,1
32231,1
32232,1
32233,1
32234,1
32235,1
32236,1
32237,1
32238,1
32239,1
32240,1
32241,1
32242,1
32243,1
32244,1
32245,1
32246,2
32247,1
32248,2
32249,3
32250,1
32251,1
32252,1
32253,2
32254,1
32255,1
32256,1
32257,1
32258,1
32259,2
32260,1
32261,2
32262,1
32263,1
32264,1
32265,2
32266,2
32267,1
32268,2
32269,1
32270,1
32271,1
32272,1
32273,1
32274,1
32275,1
32276,1
32277,1
32278,1
32279,5
32280,5
32281,1
32282,1
32283,1
32284,1
32285,1
32286,1
32287,1
32288,1
32289,1
32290,1
32291,1
32292,1
32293,1
32294,1
32295,2
32296,1
32297,1
32298,1
32299,1
32300,1
32301,1
32302,1
32303,1
32304,1
32305,1
32306,1
32307,1
32308,1
32309,3
32310,1
32311,1
32312,1
32313,1
32314,1
32315,1
32316,1
32317,1
32318,1
32319,1
32320,1
32321,1
32322,2
32323,1
32324,1
32325,1
32326,2
32327,1
32328,2
32329,1
32330,1
32331,1
32332,1
32333,1
32334,1
32335,1
32336,1
32337,1
32338,1
32339,5
32340,5
32341,1
32342,1
32343,1
32344,1
32345,1
32346,1
32347,1
32348,1
32349,2
32350,1
32351,1
32352,1
32353,1
32354,1
32355,1
32356,1
32357,1
32358,1
32359,2
32360,1
32361,1
32362,1
32363,1
32364,1
32365,2
32366,1
32367,1
32368,2
32369,2
32370,1
32371,1
32372,1
32373,1
32374,1
32375,1
32376,2
32377,1
32378,1
32379,1
32380,2
32381,1
32382,1
32383,1
32384,1
32385,2
32386,1
32387,1
32388,2
32389,1
32390,1
32391,1
32392,1
32393,1
32394,1
32395,1
32396,1
32397,1
32398,1
32399,1
32400,1
32401,1
32402,1
32403,1
32404,1
32405,1
32406,5
32407,5
32408,1
32409,1
32410,1
32411,5
32412,3
32413,1
32414,1
32415,1
32416,1
32417,1
32418,1
32419,1
32420,2
32421,1
32422,1
32423,1
32424,2
32425,1
32426,1
32427,1
32428,1
32429,1
32430,1
32431,1
32432,1
32433,1
32434,1
32435,1
32436,1
32437,1
32438,1
32439,1
32440,1
32441,1
32442,1
32443,1
32444,1
32445,3
32446,1
32447,1
32448,1
32449,1
32450,1
32451,1
32452,1
32453,1
32454,1
32455,1
32456,3
32457,1
32458,1
32459,1
32460,1
32461,1
32462,2
32463,2
32464,1
32465,1
32466,1
32467,2
32468,1
32469,1
32470,1
32471,1
32472,1
32473,1
32474,1
32475,1
32476,1
32477,1
32478,1
32479,5
32480,1
32481,1
32482,1
32483,1
32484,5
32485,5
32486,2
32487,1
32488,1
32489,1
32490,2
32491,1
32492,1
32493,1
32494,1
32495,1
32496,1
32497,1
32498,1
32499,1
32500,1
32501,1
32502,1
32503,1
32504,1
32505,1
32506,1
32507,1
32508,1
32509,1
32510,1
32511,1
32512,1
32513,1
32514,1
32515,1
32516,1
32517,1
32518,1
32519,1
32520,1
32521,1
32522,1
32523,1
32524,1
32525,1
32526,1
32527,1
32528,1
32529,1
32530,1
32531,2
32532,1
32533,3
32534,1
32535,1
32536,1
32537,1
32538,1
32539,1
32540,1
32541,1
32542,1
32543,1
32544,1
32545,1
32546,1
32547,1
32548,1
32549,1
32550,1
32551,1
32552,1
32553,1
32554,1
32555,3
32556,1
32557,1
32558,2
32559,1
32560,1
32561,1
32562,1
32563,1
32564,1
32565,1
32566,1
32567,1
32568,1
32569,1
32570,1
32571,1
32572,1
32573,1
32574,1
32575,1
32576,1
32577,1
32578,1
32579,1
32580,2
32581,1
32582,1
32583,1
32584,1
32585,1
32586,2
32587,1
32588,1
32589,1
32590,3
32591,1
32592,1
32593,1
32594,1
32595,1
32596,1
32597,1
32598,1
32599,1
32600,1
32601,1
32602,1
32603,3
32604,1
32605,1
32606,1
32607,5
32608,1
32609,1
32610,1
32611,1
32612,1
32613,1
32614,1
32615,1
32616,1
32617,1
32618,1
32619,1
32620,1
32621,1
32622,1
32623,1
32624,1
32625,1
32626,1
32627,1
32628,5
32629,1
32630,2
32631,1
32632,1
32633,1
32634,1
32635,1
32636,2
32637,1
32638,1
32639,1
32640,1
32641,1
32642,1
32643,1
32644,1
32645,1
32646,1
32647,1
32648,1
32649,2
32650,1
32651,1
32652,1
32653,1
32654,1
32655,1
32656,1
32657,2
32658,1
32659,2
32660,1
32661,1
32662,1
32663,1
32664,1
32665,1
32666,1
32667,1
32668,1
32669,1
32670,1
32671,1
32672,1
32673,1
32674,2
32675,1
32676,1
32677,1
32678,1
32679,1
32680,1
32681,1
32682,1
32683,1
32684,1
32685,1
32686,1
32687,1
32688,1
32689,1
32690,1
32691,1
32692,1
32693,1
32694,1
32695,1
32696,5
32697,1
32698,1
32699,1
32700,1
32701,5
32702,1
32703,1
32704,1
32705,1
32706,1
32707,1
32708,1
32709,1
32710,1
32711,1
32712,1
32713,1
32714,1
32715,1
32716,1
32717,1
32718,1
32719,1
32720,1
32721,1
32722,1
32723,1
32724,1
32725,1
32726,2
32727,1
32728,1
32729,1
32730,1
32731,1
32732,1
32733,1
32734,1
32735,1
32736,1
32737,2
32738,1
32739,1
32740,1
32741,1
32742,1
32743,1
32744,1
32745,1
32746,1
32747,2
32748,1
32749,1
32750,1
32751,1
32752,1
32753,1
32754,1
32755,1
32756,2
32757,1
32758,1
32759,1
32760,1
32761,1
32762,1
32763,1
32764,1
32765,1
32766,1
32767,1
32768,1
32769,1
32770,1
32771,1
32772,1
32773,1
32774,1
32775,1
32776,1
32777,1
32778,1
32779,1
32780,1
32781,1
32782,1
32783,2
32784,1
32785,1
32786,1
32787,2
32788,1
32789,1
32790,1
32791,2
32792,1
32793,1
32794,1
32795,1
32796,1
32797,1
32798,1
32799,1
32800,1
32801,1
32802,2
32803,1
32804,1
32805,1
32806,1
32807,1
32808,1
32809,1
32810,1
32811,1
32812,1
32813,1
32814,1
32815,1
32816,2
32817,1
32818,1
32819,1
32820,1
32821,1
32822,1
32823,1
32824,1
32825,1
32826,1
32827,1
32828,1
32829,1
32830,1
32831,1
32832,1
32833,1
32834,1
32835,1
32836,1
32837,2
32838,1
32839,1
32840,1
32841,1
32842,1
32843,1
32844,1
32845,1
32846,1
32847,1
32848,1
32849,1
32850,1
32851,1
32852,1
32853,2
32854,1
32855,1
32856,1
32857,1
32858,1
32859,1
32860,1
32861,1
32862,1
32863,1
32864,1
32865,1
32866,1
32867,1
32868,1
32869,1
32870,1
32871,1
32872,1
32873,1
32874,2
32875,1
32876,1
32877,1
32878,1
32879,1
32880,1
32881,1
32882,1
32883,1
32884,1
32885,1
32886,2
32887,1
32888,2
32889,1
32890,1
32891,1
32892,1
32893,1
32894,1
32895,1
32896,1
32897,1
32898,1
32899,1
32900,1
32901,1
32902,5
32903,3
32904,1
32905,1
32906,1
32907,1
32908,1
32909,1
32910,1
32911,1
32912,1
32913,1
32914,1
32915,1
32916,1
32917,1
32918,1
32919,3
32920,1
32921,1
32922,1
32923,1
32924,1
32925,1
32926,2
32927,1
32928,1
32929,1
32930,1
32931,1
32932,1
32933,1
32934,1
32935,1
32936,1
32937,1
32938,1
32939,1
32940,1
32941,1
32942,1
32943,1
32944,1
32945,1
32946,1
32947,1
32948,1
32949,1
32950,1
32951,1
32952,1
32953,1
32954,2
32955,1
32956,2
32957,1
32958,1
32959,1
32960,1
32961,1
32962,1
32963,1
32964,1
32965,1
32966,5
32967,5
32968,1
32969,1
32970,1
32971,1
32972,1
32973,1
32974,2
32975,1
32976,1
32977,1
32978,1
32979,1
32980,1
32981,1
32982,1
32983,1
32984,1
32985,1
32986,1
32987,1
32988,1
32989,1
32990,1
32991,1
32992,1
32993,1
32994,1
32995,1
32996,1
32997,1
32998,1
32999,2
33000,1
33001,1
33002,1
33003,1
33004,1
33005,1
33006,1
33007,1
33008,1
33009,1
33010,1
33011,1
33012,1
33013,1
33014,1
33015,1
33016,1
33017,1
33018,1
33019,1
33020,1
33021,1
33022,1
33023,1
33024,1
33025,1
33026,1
33027,1
33028,1
33029,1
33030,5
33031,1
33032,5
33033,1
33034,1
33035,1
33036,1
33037,1
33038,1
33039,1
33040,1
33041,1
33042,1
33043,1
33044,1
33045,1
33046,1
33047,1
33048,1
33049,1
33050,1
33051,1
33052,1
33053,1
33054,1
33055,1
33056,1
33057,1
33058,1
33059,1
33060,3
33061,1
33062,1
33063,1
33064,1
33065,1
33066,1
33067,1
33068,1
33069,1
33070,1
33071,1
33072,1
33073,2
33074,1
33075,1
33076,1
33077,1
33078,1
33079,1
33080,1
33081,1
33082,1
33083,5
33084,1
33085,1
33086,5
33087,5
33088,1
33089,2
33090,2
33091,1
33092,1
33093,1
33094,2
33095,1
33096,1
33097,1
33098,1
33099,3
33100,1
33101,1
33102,1
33103,1
33104,1
33105,2
33106,1
33107,1
33108,1
33109,1
33110,1
33111,1
33112,1
33113,1
33114,1
33115,1
33116,1
33117,1
33118,1
33119,1
33120,1
33121,1
33122,1
33123,1
33124,1
33125,1
33126,1
33127,1
33128,1
33129,3
33130,1
33131,1
33132,1
33133,1
33134,1
33135,1
33136,1
33137,1
33138,1
33139,1
33140,1
33141,1
33142,1
33143,1
33144,1
33145,1
33146,1
33147,1
33148,1
33149,1
33150,1
33151,1
33152,1
33153,1
33154,1
33155,1
33156,1
33157,1
33158,1
33159,1
33160,1
33161,1
33162,5
33163,1
33164,1
33165,1
33166,1
33167,1
33168,2
33169,2
33170,1
33171,1
33172,1
33173,1
33174,1
33175,1
33176,1
33177,1
33178,1
33179,1
33180,1
33181,1
33182,1
33183,2
33184,1
33185,1
33186,1
33187,1
33188,1
33189,1
33190,1
33191,1
33192,1
33193,1
33194,1
33195,1
33196,1
33197,1
33198,1
33199,1
33200,1
33201,1
33202,1
33203,1
33204,1
33205,1
33206,1
33207,1
33208,1
33209,1
33210,1
33211,1
33212,1
33213,1
33214,1
33215,1
33216,1
33217,1
33218,1
33219,1
33220,1
33221,1
33222,1
33223,1
33224,1
33225,1
33226,1
33227,1
33228,1
33229,1
33230,1
33231,1
33232,1
33233,1
33234,2
33235,1
33236,1
33237,1
33238,1
33239,1
33240,1
33241,1
33242,1
33243,2
33244,1
33245,1
33246,1
33247,1
33248,2
33249,1
33250,1
33251,1
33252,1
33253,1
33254,1
33255,1
33256,3
33257,1
33258,2
33259,1
33260,1
33261,1
33262,1
33263,1
33264,1
33265,1
33266,1
33267,1
33268,1
33269,1
33270,1
33271,1
33272,1
33273,1
33274,1
33275,1
33276,1
33277,1
33278,1
33279,1
33280,1
33281,1
33282,1
33283,1
33284,1
33285,1
33286,1
33287,1
33288,1
33289,5
33290,5
33291,1
33292,2
33293,1
33294,2
33295,1
33296,1
33297,1
33298,1
33299,1
33300,1
33301,1
33302,1
33303,1
33304,1
33305,1
33306,2
33307,1
33308,1
33309,1
33310,1
33311,1
33312,1
33313,1
33314,2
33315,1
33316,1
33317,1
33318,1
33319,1
33320,1
33321,1
33322,1
33323,1
33324,1
33325,1
33326,1
33327,2
33328,1
33329,1
33330,1
33331,1
33332,3
33333,1
33334,1
33335,1
33336,1
33337,1
33338,1
33339,1
33340,1
33341,1
33342,1
33343,3
33344,1
33345,2
33346,1
33347,2
33348,2
33349,1
33350,1
33351,1
33352,1
33353,1
33354,1
33355,1
33356,2
33357,1
33358,1
33359,2
33360,1
33361,1
33362,1
33363,1
33364,1
33365,1
33366,1
33367,1
33368,1
33369,1
33370,1
33371,1
33372,1
33373,1
33374,1
33375,2
33376,3
33377,1
33378,2
33379,1
33380,1
33381,1
33382,1
33383,1
33384,1
33385,1
33386,1
33387,1
33388,1
33389,1
33390,1
33391,1
33392,1
33393,1
33394,1
33395,1
33396,1
33397,1
33398,1
33399,1
33400,2
33401,1
33402,2
33403,1
33404,1
33405,1
33406,1
33407,1
33408,1
33409,1
33410,1
33411,3
33412,1
33413,1
33414,3
33415,1
33416,1
33417,1
33418,1
33419,1
33420,1
33421,1
33422,1
33423,1
33424,1
33425,1
33426,1
33427,2
33428,1
33429,1
33430,1
33431,1
33432,1
33433,1
33434,1
33435,1
33436,1
33437,1
33438,1
33439,1
33440,1
33441,1
33442,1
33443,3
33444,1
33445,1
33446,1
33447,1
33448,1
33449,1
33450,1
33451,1
33452,1
33453,1
33454,1
33455,1
33456,1
33457,1
33458,1
33459,1
33460,1
33461,1
33462,1
33463,1
33464,1
33465,1
33466,1
33467,1
33468,1
33469,1
33470,1
33471,1
33472,1
33473,1
33474,1
33475,1
33476,1
33477,1
33478,2
33479,1
33480,2
33481,1
33482,1
33483,1
33484,1
33485,1
33486,1
33487,1
33488,1
33489,1
33490,1
33491,1
33492,1
33493,1
33494,1
33495,1
33496,1
33497,1
33498,1
33499,1
33500,1
33501,1
33502,1
33503,1
33504,1
33505,1
33506,1
33507,1
33508,1
33509,1
33510,1
33511,1
33512,1
33513,1
33514,1
33515,1
33516,1
33517,1
33518,1
33519,1
33520,1
33521,1
33522,3
33523,2
33524,1
33525,1
33526,1
33527,1
33528,3
33529,1
33530,1
33531,1
33532,1
33533,1
33534,1
33535,1
33536,1
33537,1
33538,1
33539,1
33540,1
33541,1
33542,1
33543,1
33544,1
33545,1
33546,1
33547,1
33548,1
33549,1
33550,1
33551,1
33552,1
33553,1
33554,1
33555,1
33556,1
33557,1
33558,1
33559,1
33560,1
33561,1
33562,1
33563,1
33564,1
33565,1
33566,1
33567,1
33568,1
33569,1
33570,5
33571,2
33572,1
33573,1
33574,1
33575,1
33576,2
33577,1
33578,1
33579,1
33580,1
33581,1
33582,1
33583,3
33584,1
33585,1
33586,1
33587,1
33588,1
33589,1
33590,1
33591,1
33592,1
33593,1
33594,1
33595,1
33596,1
33597,1
33598,1
33599,1
33600,1
33601,1
33602,1
33603,1
33604,1
33605,1
33606,1
33607,1
33608,1
33609,1
33610,1
33611,1
33612,1
33613,1
33614,1
33615,1
33616,1
33617,1
33618,1
33619,1
33620,1
33621,1
33622,1
33623,1
33624,1
33625,1
33626,1
33627,1
33628,1
33629,1
33630,1
33631,1
33632,1
33633,1
33634,1
33635,1
33636,1
33637,1
33638,1
33639,1
33640,1
33641,1
33642,1
33643,1
33644,1
33645,1
33646,1
33647,1
33648,3
33649,1
33650,2
33651,1
33652,1
33653,1
33654,1
33655,1
33656,1
33657,1
33658,1
33659,1
33660,1
33661,1
33662,1
33663,1
33664,1
33665,1
33666,3
33667,1
33668,1
33669,1
33670,1
33671,1
33672,1
33673,1
33674,2
33675,1
33676,1
33677,1
33678,1
33679,1
33680,2
33681,1
33682,1
33683,1
33684,1
33685,1
33686,1
33687,1
33688,1
33689,1
33690,1
33691,1
33692,5
33693,1
33694,1
33695,1
33696,1
33697,1
33698,1
33699,1
33700,1
33701,1
33702,1
33703,1
33704,1
33705,1
33706,1
33707,3
33708,1
33709,1
33710,1
33711,1
33712,1
33713,1
33714,1
33715,1
33716,1
33717,1
33718,1
33719,1
33720,1
33721,1
33722,1
33723,1
33724,1
33725,1
33726,1
33727,1
33728,3
33729,1
33730,1
33731,1
33732,1
33733,1
33734,3
33735,1
33736,1
33737,1
33738,1
33739,1
33740,1
33741,1
33742,1
33743,3
33744,1
33745,1
33746,1
33747,1
33748,1
33749,1
33750,1
33751,1
33752,1
33753,1
33754,1
33755,1
33756,1
33757,1
33758,1
33759,1
33760,1
33761,1
33762,1
33763,1
33764,1
33765,1
33766,1
33767,1
33768,1
33769,1
33770,1
33771,1
33772,1
33773,1
33774,1
33775,1
33776,1
33777,1
33778,2
33779,1
33780,1
33781,1
33782,1
33783,1
33784,2
33785,1
33786,1
33787,1
33788,1
33789,1
33790,1
33791,1
33792,1
33793,1
33794,1
33795,1
33796,2
33797,1
33798,1
33799,2
33800,1
33801,1
33802,1
33803,1
33804,3
33805,1
33806,1
33807,1
33808,3
33809,1
33810,1
33811,1
33812,2
33813,1
33814,1
33815,1
33816,1
33817,1
33818,2
33819,1
33820,1
33821,1
33822,1
33823,1
33824,1
33825,1
33826,1
33827,1
33828,1
33829,1
33830,1
33831,1
33832,1
33833,1
33834,1
33835,1
33836,1
33837,1
33838,1
33839,1
33840,2
33841,1
33842,1
33843,1
33844,1
33845,1
33846,1
33847,1
33848,1
33849,1
33850,1
33851,1
33852,1
33853,1
33854,1
33855,1
33856,1
33857,1
33858,1
33859,1
33860,1
33861,1
33862,1
33863,1
33864,1
33865,1
33866,1
33867,1
33868,2
33869,1
33870,1
33871,1
33872,1
33873,2
33874,1
33875,1
33876,1
33877,1
33878,1
33879,1
33880,1
33881,1
33882,1
33883,1
33884,1
33885,1
33886,1
33887,1
33888,1
33889,1
33890,1
33891,1
33892,2
33893,1
33894,1
33895,1
33896,1
33897,1
33898,1
33899,1
33900,1
33901,1
33902,1
33903,1
33904,1
33905,1
33906,1
33907,1
33908,1
33909,1
33910,1
33911,1
33912,1
33913,1
33914,1
33915,1
33916,1
33917,1
33918,1
33919,1
33920,1
33921,1
33922,1
33923,1
33924,1
33925,2
33926,1
33927,1
33928,1
33929,1
33930,1
33931,1
33932,1
33933,1
33934,1
33935,1
33936,1
33937,1
33938,1
33939,1
33940,1
33941,2
33942,1
33943,1
33944,3
33945,1
33946,1
33947,1
33948,1
33949,1
33950,1
33951,1
33952,3
33953,1
33954,1
33955,1
33956,1
33957,1
33958,1
33959,1
33960,1
33961,1
33962,1
33963,1
33964,1
33965,1
33966,1
33967,1
33968,1
33969,3
33970,2
33971,1
33972,1
33973,1
33974,2
33975,1
33976,1
33977,1
33978,1
33979,1
33980,1
33981,1
33982,1
33983,1
33984,1
33985,1
33986,1
33987,1
33988,1
33989,1
33990,2
33991,1
33992,1
33993,1
33994,1
33995,1
33996,1
33997,1
33998,1
33999,1
34000,1
34001,1
34002,1
34003,3
34004,1
34005,1
34006,1
34007,1
34008,1
34009,1
34010,1
34011,1
34012,1
34013,1
34014,1
34015,1
34016,1
34017,1
34018,1
34019,1
34020,1
34021,1
34022,1
34023,1
34024,1
34025,1
34026,1
34027,1
34028,2
34029,1
34030,2
34031,2
34032,1
34033,2
34034,2
34035,1
34036,1
34037,1
34038,1
34039,1
34040,1
34041,1
34042,1
34043,1
34044,1
34045,1
34046,1
34047,1
34048,1
34049,1
34050,1
34051,1
34052,1
34053,2
34054,1
34055,1
34056,1
34057,1
34058,1
34059,1
34060,1
34061,1
34062,1
34063,1
34064,1
34065,1
34066,1
34067,1
34068,2
34069,1
34070,1
34071,1
34072,1
34073,1
34074,1
34075,1
34076,1
34077,1
34078,1
34079,1
34080,1
34081,1
34082,1
34083,1
34084,1
34085,1
34086,1
34087,1
34088,1
34089,1
34090,1
34091,1
34092,1
34093,1
34094,5
34095,1
34096,2
34097,1
34098,2
34099,1
34100,1
34101,1
34102,1
34103,1
34104,1
34105,1
34106,1
34107,1
34108,2
34109,3
34110,1
34111,1
34112,1
34113,1
34114,1
34115,1
34116,3
34117,1
34118,1
34119,1
34120,1
34121,1
34122,1
34123,1
34124,1
34125,1
34126,1
34127,1
34128,1
34129,1
34130,2
34131,1
34132,2
34133,1
34134,1
34135,1
34136,1
34137,2
34138,1
34139,3
34140,1
34141,1
34142,1
34143,1
34144,1
34145,1
34146,1
34147,1
34148,1
34149,1
34150,1
34151,1
34152,2
34153,2
34154,1
34155,2
34156,1
34157,1
34158,1
34159,1
34160,1
34161,1
34162,1
34163,1
34164,1
34165,1
34166,1
34167,1
34168,1
34169,1
34170,1
34171,1
34172,1
34173,1
34174,1
34175,1
34176,1
34177,1
34178,1
34179,1
34180,1
34181,1
34182,1
34183,1
34184,1
34185,1
34186,1
34187,1
34188,1
34189,2
34190,1
34191,1
34192,1
34193,1
34194,1
34195,1
34196,1
34197,1
34198,1
34199,1
34200,1
34201,1
34202,1
34203,1
34204,2
34205,1
34206,1
34207,1
34208,1
34209,1
34210,1
34211,1
34212,1
34213,1
34214,1
34215,1
34216,1
34217,1
34218,1
34219,2
34220,2
34221,2
34222,3
34223,1
34224,1
34225,1
34226,1
34227,1
34228,1
34229,1
34230,1
34231,1
34232,1
34233,1
34234,1
34235,1
34236,1
34237,1
34238,1
34239,1
34240,1
34241,1
34242,1
34243,1
34244,1
34245,1
34246,1
34247,1
34248,1
34249,1
34250,1
34251,1
34252,1
34253,1
34254,1
34255,3
34256,1
34257,3
34258,1
34259,1
34260,1
34261,1
34262,3
34263,5
34264,1
34265,2
34266,2
34267,2
34268,1
34269,1
34270,1
34271,1
34272,1
34273,1
34274,1
34275,1
34276,1
34277,1
34278,1
34279,1
34280,1
34281,1
34282,1
34283,1
34284,1
34285,1
34286,1
34287,1
34288,1
34289,1
34290,2
34291,1
34292,1
34293,1
34294,1
34295,1
34296,1
34297,1
34298,1
34299,1
34300,1
34301,1
34302,1
34303,1
34304,1
34305,1
34306,1
34307,1
34308,1
34309,1
34310,1
34311,2
34312,1
34313,1
34314,1
34315,1
34316,1
34317,1
34318,1
34319,1
34320,1
34321,1
34322,3
34323,1
34324,1
34325,1
34326,1
34327,1
34328,1
34329,1
34330,2
34331,1
34332,1
34333,1
34334,2
34335,1
34336,1
34337,1
34338,1
34339,1
34340,1
34341,1
34342,1
34343,1
34344,1
34345,1
34346,1
34347,1
34348,1
34349,1
34350,1
34351,1
34352,1
34353,1
34354,1
34355,1
34356,1
34357,1
34358,1
34359,1
34360,1
34361,1
34362,1
34363,1
34364,1
34365,1
34366,1
34367,1
34368,1
34369,1
34370,1
34371,1
34372,1
34373,1
34374,1
34375,1
34376,1
34377,1
34378,1
34379,1
34380,1
34381,1
34382,1
34383,1
34384,1
34385,1
34386,1
34387,1
34388,1
34389,1
34390,1
34391,1
34392,1
34393,1
34394,1
34395,1
34396,1
34397,1
34398,1
34399,1
34400,1
34401,1
34402,1
34403,1
34404,1
34405,1
34406,1
34407,3
34408,1
34409,1
34410,1
34411,1
34412,1
34413,1
34414,1
34415,1
34416,1
34417,1
34418,1
34419,1
34420,1
34421,1
34422,2
34423,1
34424,1
34425,1
34426,2
34427,2
34428,1
34429,1
34430,2
34431,1
34432,1
34433,1
34434,1
34435,1
34436,1
34437,1
34438,1
34439,1
34440,1
34441,1
34442,2
34443,1
34444,1
34445,3
34446,1
34447,1
34448,2
34449,2
34450,3
34451,2
34452,1
34453,1
34454,1
34455,1
34456,1
34457,1
34458,1
34459,1
34460,1
34461,1
34462,1
34463,1
34464,1
34465,1
34466,1
34467,1
34468,1
34469,1
34470,5
34471,1
34472,1
34473,1
34474,1
34475,1
34476,1
34477,1
34478,1
34479,1
34480,1
34481,1
34482,1
34483,1
34484,1
34485,1
34486,1
34487,1
34488,1
34489,1
34490,1
34491,5
34492,1
34493,1
34494,1
34495,1
34496,1
34497,1
34498,1
34499,1
34500,1
34501,1
34502,1
34503,1
34504,1
34505,5
34506,1
34507,1
34508,1
34509,1
34510,5
34511,1
34512,1
34513,2
34514,2
34515,2
34516,3
34517,1
34518,2
34519,1
34520,1
34521,1
34522,1
34523,1
34524,1
34525,1
34526,1
34527,1
34528,1
34529,1
34530,1
34531,1
34532,1
34533,1
34534,3
34535,1
34536,1
34537,1
34538,2
34539,1
34540,1
34541,1
34542,1
34543,1
34544,1
34545,1
34546,1
34547,1
34548,1
34549,1
34550,1
34551,1
34552,1
34553,1
34554,1
34555,1
34556,1
34557,1
34558,1
34559,1
34560,1
34561,1
34562,1
34563,1
34564,1
34565,1
34566,1
34567,1
34568,1
34569,1
34570,1
34571,1
34572,1
34573,1
34574,1
34575,1
34576,1
34577,1
34578,1
34579,1
34580,1
34581,1
34582,1
34583,2
34584,1
34585,1
34586,1
34587,1
34588,1
34589,2
34590,1
34591,1
34592,2
34593,1
34594,1
34595,3
34596,1
34597,2
34598,2
34599,1
34600,1
34601,1
34602,1
34603,1
34604,1
34605,3
34606,1
34607,1
34608,1
34609,1
34610,1
34611,1
34612,1
34613,1
34614,1
34615,1
34616,1
34617,1
34618,1
34619,1
34620,1
34621,1
34622,1
34623,1
34624,1
34625,1
34626,1
34627,1
34628,1
34629,1
34630,1
34631,1
34632,1
34633,1
34634,1
34635,1
34636,1
34637,1
34638,1
34639,1
34640,1
34641,1
34642,1
34643,1
34644,1
34645,1
34646,1
34647,1
34648,1
34649,1
34650,1
34651,1
34652,1
34653,1
34654,2
34655,1
34656,1
34657,2
34658,1
34659,2
34660,1
34661,2
34662,1
34663,1
34664,1
34665,1
34666,2
34667,1
34668,2
34669,1
34670,1
34671,1
34672,1
34673,1
34674,1
34675,1
34676,1
34677,1
34678,1
34679,1
34680,1
34681,1
34682,1
34683,1
34684,1
34685,1
34686,1
34687,1
34688,1
34689,1
34690,1
34691,1
34692,1
34693,1
34694,1
34695,1
34696,1
34697,1
34698,1
34699,1
34700,1
34701,1
34702,1
34703,1
34704,1
34705,1
34706,1
34707,1
34708,1
34709,1
34710,1
34711,1
34712,1
34713,1
34714,1
34715,1
34716,1
34717,1
34718,1
34719,5
34720,1
34721,1
34722,1
34723,1
34724,1
34725,1
34726,1
34727,2
34728,1
34729,1
34730,1
34731,2
34732,1
34733,1
34734,1
34735,1
34736,1
34737,1
34738,1
34739,4
34740,4
34741,4
34742,4
34743,4
34744,4
34745,4
34746,4
34747,4
34748,4
34749,4
34750,4
34751,4
34752,4
34753,4
34754,3
34755,4
34756,4
34757,4
34758,4
34759,4
34760,4
34761,4
34762,4
34763,4
34764,4
34765,4
34766,4
34767,4
34768,4
34769,4
34770,4
34771,4
34772,4
34773,4
34774,4
34775,4
34776,4
34777,4
34778,3
34779,4
34780,4
34781,4
34782,4
34783,4
34784,4
34785,4
34786,4
34787,4
34788,4
34789,3
34790,4
34791,4
34792,4
34793,4
34794,4
34795,4
34796,4
34797,4
34798,3
34799,4
34800,4
34801,4
34802,4
34803,4
34804,4
34805,4
34806,4
34807,3
34808,4
34809,4
34810,4
34811,4
34812,4
34813,3
34814,4
34815,4
34816,4
34817,4
34818,4
34819,4
34820,4
34821,4
34822,4
34823,4
34824,4
34825,4
34826,4
34827,3
34828,4
34829,4
34830,4
34831,4
34832,4
34833,4
34834,4
34835,4
34836,4
34837,3
34838,4
34839,4
34840,4
34841,4
34842,4
34843,4
34844,4
34845,4
34846,3
34847,3
34848,4
34849,4
34850,4
34851,4
34852,4
34853,4
34854,4
34855,4
34856,4
34857,4
34858,3
34859,4
34860,4
34861,4
34862,4
34863,4
34864,3
34865,4
34866,4
34867,4
34868,4
34869,4
34870,4
34871,4
34872,3
34873,4
34874,4
34875,4
34876,4
34877,4
34878,4
34879,4
34880,4
34881,4
34882,4
34883,4
34884,3
34885,4
34886,4
34887,4
34888,4
34889,4
34890,4
34891,4
34892,4
34893,4
34894,4
34895,4
34896,4
34897,4
34898,4
34899,4
34900,4
34901,4
34902,4
34903,4
34904,4
34905,4
34906,4
34907,4
34908,4
34909,4
34910,4
34911,4
34912,4
34913,4
34914,4
34915,4
34916,3
34917,4
34918,4
34919,4
34920,4
34921,4
34922,4
34923,4
34924,4
34925,4
34926,3
34927,3
34928,4
34929,4
34930,4
34931,4
34932,4
34933,4
34934,4
34935,4
34936,4
34937,4
34938,4
34939,4
34940,4
34941,4
34942,3
34943,4
34944,4
34945,4
34946,4
34947,4
34948,4
34949,4
34950,4
34951,4
34952,4
34953,4
34954,4
34955,4
34956,4
34957,4
34958,4
34959,4
34960,3
34961,4
34962,4
34963,4
34964,3
34965,4
34966,4
34967,4
34968,4
34969,4
34970,4
34971,4
34972,4
34973,4
34974,4
34975,4
34976,4
34977,4
34978,4
34979,4
34980,4
34981,4
34982,4
34983,4
34984,4
34985,4
34986,4
34987,4
34988,4
34989,4
34990,4
34991,3
34992,4
34993,4
34994,4
34995,4
34996,4
34997,4
34998,4
34999,4
35000,4
35001,4
35002,4
35003,4
35004,4
35005,4
35006,4
35007,4
35008,4
35009,4
35010,4
35011,4
35012,4
35013,4
35014,4
35015,4
35016,4
35017,4
35018,4
35019,4
35020,4
35021,4
35022,4
35023,4
35024,4
35025,4
35026,4
35027,4
35028,4
35029,4
35030,4
35031,4
35032,4
35033,3
35034,4
35035,4
35036,4
35037,4
35038,4
35039,4
35040,4
35041,4
35042,4
35043,4
35044,4
35045,4
35046,4
35047,4
35048,4
35049,4
35050,4
35051,4
35052,3
35053,4
35054,4
35055,4
35056,4
35057,4
35058,3
35059,4
35060,3
35061,4
35062,4
35063,4
35064,4
35065,4
35066,4
35067,4
35068,4
35069,4
35070,4
35071,4
35072,4
35073,4
35074,4
35075,4
35076,4
35077,4
35078,4
35079,3
35080,3
35081,4
35082,4
35083,4
35084,4
35085,4
35086,4
35087,4
35088,4
35089,4
35090,4
35091,4
35092,4
35093,4
35094,3
35095,4
35096,4
35097,4
35098,4
35099,4
35100,4
35101,4
35102,4
35103,4
35104,4
35105,4
35106,4
35107,4
35108,4
35109,4
35110,4
35111,4
35112,4
35113,4
35114,4
35115,4
35116,4
35117,4
35118,4
35119,4
35120,4
35121,4
35122,4
35123,3
35124,4
35125,4
35126,4
35127,4
35128,4
35129,4
35130,3
35131,4
35132,4
35133,4
35134,4
35135,4
35136,4
35137,4
35138,4
35139,4
35140,4
35141,4
35142,4
35143,4
35144,4
35145,4
35146,4
35147,4
35148,3
35149,4
35150,4
35151,4
35152,4
35153,4
35154,4
35155,4
35156,4
35157,4
35158,4
35159,4
35160,4
35161,4
35162,4
35163,4
35164,4
35165,4
35166,4
35167,4
35168,4
35169,4
35170,4
35171,4
35172,4
35173,4
35174,4
35175,4
35176,4
35177,4
35178,4
35179,4
35180,4
35181,4
35182,4
35183,4
35184,4
35185,4
35186,4
35187,4
35188,4
35189,4
35190,4
35191,4
35192,4
35193,4
35194,4
35195,4
35196,4
35197,3
35198,4
35199,4
35200,4
35201,4
35202,4
35203,4
35204,4
35205,4
35206,4
35207,4
35208,4
35209,4
35210,4
35211,4
35212,4
35213,4
35214,4
35215,4
35216,4
35217,3
35218,4
35219,4
35220,4
35221,4
35222,4
35223,4
35224,4
35225,4
35226,4
35227,4
35228,4
35229,4
35230,4
35231,4
35232,4
35233,3
35234,4
35235,4
35236,4
35237,4
35238,4
35239,4
35240,4
35241,4
35242,4
35243,4
35244,4
35245,4
35246,4
35247,4
35248,4
35249,4
35250,4
35251,4
35252,4
35253,4
35254,4
35255,4
35256,4
35257,4
35258,4
35259,4
35260,4
35261,4
35262,4
35263,4
35264,4
35265,4
35266,4
35267,4
35268,4
35269,4
35270,4
35271,4
35272,4
35273,4
35274,4
35275,4
35276,4
35277,4
35278,4
35279,4
35280,4
35281,4
35282,4
35283,4
35284,3
35285,4
35286,4
35287,4
35288,4
35289,4
35290,4
35291,4
35292,3
35293,4
35294,4
35295,3
35296,4
35297,4
35298,4
35299,4
35300,4
35301,4
35302,4
35303,4
35304,4
35305,4
35306,4
35307,4
35308,4
35309,4
35310,3
35311,4
35312,4
35313,4
35314,4
35315,4
35316,4
35317,4
35318,4
35319,4
35320,4
35321,3
35322,4
35323,4
35324,4
35325,4
35326,4
35327,4
35328,4
35329,4
35330,4
35331,4
35332,4
35333,4
35334,4
35335,4
35336,4
35337,4
35338,4
35339,4
35340,4
35341,4
35342,4
35343,4
35344,4
35345,4
35346,4
35347,4
35348,4
35349,4
35350,4
35351,4
35352,4
35353,4
35354,3
35355,4
35356,4
35357,4
35358,4
35359,4
35360,3
35361,4
35362,4
35363,4
35364,4
35365,4
35366,4
35367,4
35368,4
35369,4
35370,4
35371,4
35372,4
35373,4
35374,4
35375,4
35376,4
35377,4
35378,4
35379,4
35380,4
35381,4
35382,4
35383,4
35384,4
35385,4
35386,4
35387,4
35388,4
35389,4
35390,4
35391,4
35392,4
35393,4
35394,4
35395,4
35396,4
35397,4
35398,4
35399,4
35400,4
35401,4
35402,4
35403,4
35404,3
35405,3
35406,4
35407,4
35408,4
35409,4
35410,4
35411,4
35412,4
35413,4
35414,4
35415,4
35416,4
35417,4
35418,4
35419,4
35420,4
35421,4
35422,4
35423,4
35424,4
35425,4
35426,4
35427,4
35428,4
35429,4
35430,4
35431,4
35432,4
35433,4
35434,4
35435,4
35436,4
35437,4
35438,3
35439,4
35440,4
35441,4
35442,4
35443,4
35444,4
35445,4
35446,4
35447,4
35448,4
35449,4
35450,3
35451,4
35452,4
35453,4
35454,4
35455,4
35456,4
35457,4
35458,4
35459,4
35460,4
35461,4
35462,4
35463,4
35464,4
35465,4
35466,4
35467,4
35468,4
35469,4
35470,4
35471,4
35472,4
35473,4
35474,4
35475,4
35476,4
35477,4
35478,4
35479,4
35480,4
35481,4
35482,4
35483,4
35484,4
35485,4
35486,4
35487,4
35488,4
35489,4
35490,4
35491,4
35492,4
35493,4
35494,4
35495,4
35496,4
35497,4
35498,4
35499,4
35500,4
35501,4
35502,4
35503,4
35504,4
35505,4
35506,4
35507,4
35508,4
35509,4
35510,4
35511,4
35512,4
35513,4
35514,4
35515,4
35516,4
35517,4
35518,4
35519,4
35520,4
35521,4
35522,4
35523,4
35524,4
35525,4
35526,4
35527,4
35528,4
35529,4
35530,4
35531,4
35532,4
35533,4
35534,4
35535,3
35536,4
35537,4
35538,4
35539,4
35540,4
35541,4
35542,4
35543,4
35544,4
35545,4
35546,4
35547,4
35548,4
35549,4
35550,4
35551,4
35552,4
35553,4
35554,4
35555,4
35556,4
35557,4
35558,4
35559,4
35560,4
35561,4
35562,4
35563,4
35564,4
35565,4
35566,4
35567,4
35568,4
35569,4
35570,4
35571,4
35572,4
35573,4
35574,4
35575,4
35576,4
35577,4
35578,4
35579,4
35580,4
35581,4
35582,4
35583,4
35584,4
35585,4
35586,4
35587,4
35588,4
35589,4
35590,4
35591,4
35592,4
35593,4
35594,4
35595,4
35596,4
35597,4
35598,4
35599,4
35600,4
35601,4
35602,4
35603,4
35604,4
35605,4
35606,4
35607,4
35608,4
35609,4
35610,4
35611,4
35612,4
35613,4
35614,4
35615,4
35616,4
35617,4
35618,4
35619,3
35620,4
35621,4
35622,4
35623,4
35624,4
35625,4
35626,4
35627,4
35628,4
35629,4
35630,4
35631,4
35632,4
35633,4
35634,4
35635,4
35636,4
35637,4
35638,4
35639,4
35640,4
35641,4
35642,4
35643,4
35644,4
35645,4
35646,4
35647,4
35648,3
35649,4
35650,4
35651,4
35652,4
35653,4
35654,4
35655,4
35656,4
35657,4
35658,4
35659,4
35660,4
35661,4
35662,4
35663,4
35664,4
35665,4
35666,4
35667,4
35668,4
35669,4
35670,4
35671,4
35672,3
35673,4
35674,4
35675,3
35676,4
35677,3
35678,4
35679,4
35680,4
35681,4
35682,4
35683,4
35684,4
35685,4
35686,4
35687,4
35688,4
35689,4
35690,4
35691,4
35692,4
35693,4
35694,4
35695,4
35696,4
35697,4
35698,4
35699,4
35700,4
35701,4
35702,4
35703,4
35704,4
35705,4
35706,4
35707,4
35708,4
35709,4
35710,4
35711,4
35712,4
35713,4
35714,4
35715,4
35716,4
35717,4
35718,4
35719,4
35720,4
35721,4
35722,4
35723,4
35724,4
35725,4
35726,4
35727,4
35728,4
35729,4
35730,4
35731,4
35732,4
35733,4
35734,4
35735,4
35736,4
35737,4
35738,4
35739,4
35740,4
35741,4
35742,4
35743,4
35744,4
35745,4
35746,4
35747,4
35748,4
35749,4
35750,4
35751,4
35752,4
35753,4
35754,4
35755,4
35756,4
35757,4
35758,4
35759,4
35760,4
35761,3
35762,3
35763,4
35764,4
35765,4
35766,4
35767,4
35768,4
35769,4
35770,4
35771,4
35772,4
35773,4
35774,4
35775,4
35776,4
35777,4
35778,4
35779,4
35780,4
35781,4
35782,4
35783,4
35784,4
35785,4
35786,4
35787,4
35788,4
35789,4
35790,4
35791,4
35792,4
35793,4
35794,4
35795,4
35796,4
35797,4
35798,4
35799,4
35800,4
35801,4
35802,4
35803,3
35804,4
35805,4
35806,4
35807,4
35808,4
35809,4
35810,4
35811,4
35812,4
35813,4
35814,4
35815,4
35816,4
35817,4
35818,4
35819,4
35820,4
35821,4
35822,4
35823,4
35824,4
35825,4
35826,4
35827,4
35828,4
35829,4
35830,4
35831,4
35832,4
35833,4
35834,4
35835,3
35836,3
35837,4
35838,4
35839,4
35840,4
35841,4
35842,4
35843,4
35844,4
35845,4
35846,4
35847,4
35848,4
35849,4
35850,4
35851,4
35852,4
35853,4
35854,4
35855,4
35856,4
35857,4
35858,4
35859,4
35860,4
35861,4
35862,4
35863,4
35864,4
35865,4
35866,4
35867,4
35868,4
35869,4
35870,4
35871,4
35872,4
35873,4
35874,4
35875,4
35876,4
35877,4
35878,4
35879,4
35880,4
35881,4
35882,4
35883,4
35884,4
35885,4
35886,4
35887,4
35888,4
35889,4
35890,4
35891,4
35892,4
35893,4
35894,4
35895,4
35896,4
35897,4
35898,4
35899,4
35900,3
35901,3
35902,3
35903,4
35904,4
35905,4
35906,4
35907,4
35908,4
35909,4
35910,4
35911,4
35912,4
35913,4
35914,4
35915,4
35916,4
35917,4
35918,4
35919,4
35920,4
35921,4
35922,4
35923,4
35924,4
35925,4
35926,4
35927,4
35928,4
35929,4
35930,4
35931,4
35932,4
35933,4
35934,4
35935,4
35936,4
35937,4
35938,4
35939,4
35940,4
35941,4
35942,4
35943,4
35944,4
35945,4
35946,4
35947,4
35948,4
35949,4
35950,4
35951,4
35952,4
35953,4
35954,4
35955,4
35956,4
35957,4
35958,4
35959,4
35960,4
35961,4
35962,4
35963,4
35964,4
35965,4
35966,4
35967,4
35968,4
35969,4
35970,4
35971,4
35972,4
35973,4
35974,4
35975,4
35976,4
35977,4
35978,4
35979,4
35980,4
35981,4
35982,4
35983,4
35984,4
35985,4
35986,4
35987,4
35988,4
35989,4
35990,4
35991,4
35992,4
35993,4
35994,4
35995,4
35996,4
35997,4
35998,4
35999,4
36000,4
36001,4
36002,4
36003,3
36004,4
36005,4
36006,4
36007,4
36008,4
36009,4
36010,4
36011,4
36012,4
36013,4
36014,4
36015,4
36016,4
36017,4
36018,4
36019,4
36020,3
36021,4
36022,4
36023,4
36024,4
36025,4
36026,4
36027,4
36028,4
36029,4
36030,4
36031,4
36032,4
36033,4
36034,4
36035,4
36036,4
36037,4
36038,4
36039,4
36040,4
36041,4
36042,4
36043,4
36044,4
36045,4
36046,4
36047,4
36048,4
36049,4
36050,4
36051,4
36052,4
36053,4
36054,4
36055,4
36056,4
36057,4
36058,4
36059,4
36060,4
36061,4
36062,4
36063,4
36064,4
36065,4
36066,4
36067,4
36068,4
36069,4
36070,4
36071,4
36072,4
36073,4
36074,4
36075,4
36076,4
36077,4
36078,4
36079,4
36080,4
36081,4
36082,4
36083,4
36084,4
36085,4
36086,4
36087,4
36088,4
36089,4
36090,4
36091,4
36092,4
36093,4
36094,4
36095,4
36096,4
36097,4
36098,4
36099,4
36100,4
36101,3
36102,4
36103,4
36104,4
36105,4
36106,4
36107,4
36108,4
36109,4
36110,4
36111,4
36112,4
36113,4
36114,4
36115,4
36116,4
36117,4
36118,4
36119,4
36120,4
36121,4
36122,4
36123,4
36124,3
36125,4
36126,4
36127,4
36128,4
36129,4
36130,4
36131,4
36132,4
36133,4
36134,4
36135,4
36136,4
36137,4
36138,4
36139,4
36140,4
36141,4
36142,4
36143,4
36144,4
36145,4
36146,4
36147,4
36148,4
36149,4
36150,4
36151,4
36152,4
36153,4
36154,4
36155,3
36156,4
36157,4
36158,4
36159,4
36160,4
36161,4
36162,4
36163,4
36164,4
36165,4
36166,4
36167,4
36168,4
36169,4
36170,4
36171,4
36172,4
36173,4
36174,4
36175,4
36176,4
36177,4
36178,4
36179,4
36180,4
36181,4
36182,4
36183,4
36184,4
36185,4
36186,4
36187,4
36188,4
36189,4
36190,4
36191,4
36192,4
36193,4
36194,4
36195,4
36196,4
36197,4
36198,4
36199,4
36200,4
36201,4
36202,4
36203,4
36204,4
36205,4
36206,4
36207,4
36208,4
36209,4
36210,4
36211,4
36212,3
36213,4
36214,4
36215,4
36216,4
36217,4
36218,4
36219,4
36220,4
36221,4
36222,4
36223,4
36224,4
36225,4
36226,4
36227,4
36228,4
36229,4
36230,4
36231,4
36232,4
36233,4
36234,4
36235,4
36236,4
36237,4
36238,4
36239,4
36240,4
36241,4
36242,4
36243,4
36244,4
36245,4
36246,4
36247,4
36248,4
36249,4
36250,4
36251,4
36252,4
36253,4
36254,4
36255,4
36256,4
36257,4
36258,4
36259,4
36260,4
36261,4
36262,4
36263,4
36264,4
36265,4
36266,4
36267,4
36268,4
36269,4
36270,4
36271,4
36272,4
36273,4
36274,4
36275,4
36276,4
36277,4
36278,4
36279,4
36280,4
36281,4
36282,4
36283,4
36284,4
36285,4
36286,4
36287,4
36288,4
36289,4
36290,4
36291,4
36292,4
36293,4
36294,4
36295,4
36296,4
36297,4
36298,4
36299,4
36300,4
36301,4
36302,4
36303,4
36304,4
36305,4
36306,4
36307,4
36308,4
36309,4
36310,4
36311,4
36312,4
36313,4
36314,4
36315,4
36316,4
36317,4
36318,4
36319,4
36320,4
36321,4
36322,4
36323,4
36324,4
36325,4
36326,4
36327,4
36328,4
36329,4
36330,4
36331,4
36332,4
36333,4
36334,4
36335,4
36336,4
36337,4
36338,4
36339,4
36340,4
36341,4
36342,4
36343,4
36344,4
36345,4
36346,4
36347,4
36348,4
36349,3
36350,4
36351,4
36352,4
36353,4
36354,4
36355,4
36356,4
36357,4
36358,4
36359,4
36360,4
36361,4
36362,4
36363,4
36364,4
36365,4
36366,4
36367,4
36368,4
36369,4
36370,4
36371,4
36372,4
36373,4
36374,4
36375,4
36376,4
36377,4
36378,4
36379,4
36380,4
36381,4
36382,4
36383,4
36384,4
36385,4
36386,4
36387,4
36388,4
36389,4
36390,4
36391,4
36392,4
36393,4
36394,4
36395,4
36396,4
36397,4
36398,4
36399,4
36400,4
36401,4
36402,4
36403,4
36404,4
36405,4
36406,4
36407,4
36408,4
36409,4
36410,4
36411,4
36412,4
36413,4
36414,4
36415,4
36416,4
36417,4
36418,4
36419,4
36420,4
36421,4
36422,4
36423,3
36424,4
36425,4
36426,4
36427,4
36428,4
36429,4
36430,4
36431,4
36432,4
36433,4
36434,4
36435,4
36436,4
36437,4
36438,4
36439,4
36440,4
36441,4
36442,4
36443,4
36444,4
36445,4
36446,4
36447,4
36448,4
36449,4
36450,4
36451,4
36452,4
36453,4
36454,4
36455,4
36456,4
36457,4
36458,4
36459,4
36460,4
36461,4
36462,4
36463,4
36464,4
36465,4
36466,4
36467,4
36468,4
36469,4
36470,4
36471,4
36472,4
36473,4
36474,4
36475,4
36476,4
36477,4
36478,4
36479,4
36480,4
36481,4
36482,4
36483,4
36484,4
36485,4
36486,4
36487,4
36488,4
36489,4
36490,4
36491,4
36492,4
36493,4
36494,4
36495,4
36496,4
36497,4
36498,4
36499,4
36500,4
36501,4
36502,4
36503,4
36504,4
36505,4
36506,4
36507,4
36508,4
36509,4
36510,4
36511,4
36512,4
36513,4
36514,4
36515,4
36516,3
36517,4
36518,4
36519,4
36520,4
36521,4
36522,4
36523,4
36524,4
36525,4
36526,4
36527,4
36528,4
36529,4
36530,4
36531,4
36532,4
36533,4
36534,4
36535,4
36536,4
36537,4
36538,4
36539,4
36540,4
36541,4
36542,4
36543,4
36544,4
36545,4
36546,4
36547,4
36548,4
36549,4
36550,4
36551,4
36552,4
36553,4
36554,4
36555,4
36556,4
36557,4
36558,4
36559,4
36560,4
36561,4
36562,4
36563,4
36564,4
36565,4
36566,4
36567,4
36568,4
36569,4
36570,4
36571,4
36572,4
36573,4
36574,4
36575,4
36576,4
36577,4
36578,4
36579,4
36580,4
36581,4
36582,4
36583,4
36584,4
36585,4
36586,4
36587,4
36588,4
36589,4
36590,4
36591,4
36592,4
36593,4
36594,4
36595,4
36596,4
36597,4
36598,4
36599,4
36600,4
36601,4
36602,4
36603,4
36604,4
36605,4
36606,4
36607,4
36608,4
36609,4
36610,4
36611,4
36612,4
36613,4
36614,4
36615,4
36616,4
36617,4
36618,4
36619,4
36620,4
36621,4
36622,4
36623,4
36624,4
36625,4
36626,4
36627,4
36628,4
36629,4
36630,4
36631,4
36632,4
36633,4
36634,4
36635,4
36636,4
36637,4
36638,4
36639,4
36640,4
36641,4
36642,4
36643,4
36644,4
36645,4
36646,4
36647,4
36648,4
36649,4
36650,4
36651,4
36652,4
36653,4
36654,4
36655,4
36656,4
36657,4
36658,4
36659,4
36660,4
36661,4
36662,4
36663,4
36664,4
36665,4
36666,3
36667,4
36668,4
36669,4
36670,4
36671,4
36672,4
36673,4
36674,4
36675,4
36676,4
36677,4
36678,4
36679,4
36680,4
36681,4
36682,4
36683,4
36684,4
36685,4
36686,4
36687,4
36688,4
36689,4
36690,4
36691,4
36692,4
36693,4
36694,4
36695,4
36696,4
36697,4
36698,4
36699,4
36700,4
36701,4
36702,4
36703,4
36704,4
36705,4
36706,4
36707,4
36708,4
36709,4
36710,4
36711,4
36712,4
36713,4
36714,4
36715,4
36716,4
36717,4
36718,4
36719,4
36720,4
36721,4
36722,4
36723,4
36724,4
36725,4
36726,4
36727,4
36728,4
36729,4
36730,4
36731,4
36732,4
36733,4
36734,4
36735,4
36736,4
36737,4
36738,4
36739,4
36740,4
36741,4
36742,4
36743,4
36744,4
36745,4
36746,4
36747,4
36748,4
36749,4
36750,4
36751,4
36752,4
36753,4
36754,4
36755,4
36756,4
36757,4
36758,4
36759,4
36760,4
36761,4
36762,4
36763,4
36764,4
36765,4
36766,4
36767,4
36768,4
36769,4
36770,4
36771,4
36772,4
36773,4
36774,3
36775,4
36776,4
36777,4
36778,4
36779,4
36780,4
36781,4
36782,4
36783,4
36784,4
36785,4
36786,4
36787,3
36788,4
36789,4
36790,4
36791,4
36792,4
36793,4
36794,4
36795,4
36796,4
36797,4
36798,4
36799,4
36800,4
36801,4
36802,4
36803,4
36804,4
36805,4
36806,4
36807,4
36808,4
36809,4
36810,4
36811,4
36812,4
36813,4
36814,4
36815,4
36816,4
36817,4
36818,4
36819,4
36820,4
36821,4
36822,4
36823,4
36824,4
36825,4
36826,4
36827,4
36828,4
36829,4
36830,4
36831,4
36832,4
36833,4
36834,4
36835,4
36836,4
36837,4
36838,4
36839,4
36840,4
36841,4
36842,4
36843,4
36844,4
36845,4
36846,4
36847,4
36848,4
36849,4
36850,4
36851,4
36852,4
36853,4
36854,4
36855,4
36856,4
36857,4
36858,4
36859,4
36860,4
36861,4
36862,4
36863,4
36864,4
36865,4
36866,4
36867,4
36868,4
36869,4
36870,4
36871,4
36872,4
36873,4
36874,4
36875,4
36876,4
36877,4
36878,4
36879,4
36880,4
36881,4
36882,4
36883,4
36884,4
36885,4
36886,4
36887,4
36888,4
36889,4
36890,4
36891,4
36892,3
36893,4
36894,4
36895,4
36896,4
36897,4
36898,4
36899,4
36900,4
36901,4
36902,4
36903,4
36904,4
36905,4
36906,4
36907,4
36908,4
36909,4
36910,4
36911,4
36912,4
36913,4
36914,4
36915,4
36916,4
36917,4
36918,4
36919,4
36920,4
36921,4
36922,4
36923,4
36924,4
36925,4
36926,4
36927,4
36928,4
36929,4
36930,4
36931,4
36932,4
36933,4
36934,4
36935,4
36936,4
36937,4
36938,4
36939,4
36940,4
36941,4
36942,4
36943,4
36944,4
36945,4
36946,4
36947,4
36948,4
36949,4
36950,4
36951,4
36952,4
36953,4
36954,4
36955,4
36956,4
36957,4
36958,4
36959,4
36960,4
36961,4
36962,4
36963,4
36964,4
36965,4
36966,4
36967,4
36968,4
36969,4
36970,4
36971,4
36972,4
36973,4
36974,4
36975,4
36976,4
36977,4
36978,4
36979,4
36980,4
36981,4
36982,4
36983,4
36984,4
36985,4
36986,4
36987,4
36988,4
36989,4
36990,4
36991,4
36992,4
36993,4
36994,4
36995,4
36996,4
36997,4
36998,4
36999,4
37000,3
37001,4
37002,4
37003,4
37004,4
37005,4
37006,4
37007,4
37008,4
37009,4
37010,4
37011,4
37012,4
37013,4
37014,4
37015,4
37016,4
37017,4
37018,4
37019,4
37020,4
37021,4
37022,4
37023,4
37024,4
37025,4
37026,4
37027,4
37028,4
37029,4
37030,4
37031,4
37032,4
37033,4
37034,4
37035,4
37036,4
37037,4
37038,4
37039,4
37040,4
37041,4
37042,4
37043,4
37044,4
37045,4
37046,4
37047,4
37048,4
37049,4
37050,4
37051,4
37052,4
37053,4
37054,4
37055,4
37056,4
37057,4
37058,4
37059,4
37060,4
37061,4
37062,4
37063,4
37064,4
37065,4
37066,4
37067,4
37068,4
37069,4
37070,4
37071,4
37072,4
37073,4
37074,4
37075,4
37076,4
37077,4
37078,4
37079,4
37080,4
37081,4
37082,4
37083,4
37084,4
37085,4
37086,4
37087,4
37088,4
37089,4
37090,4
37091,4
37092,4
37093,4
37094,4
37095,4
37096,4
37097,4
37098,4
37099,4
37100,4
37101,4
37102,4
37103,4
37104,4
37105,4
37106,4
37107,4
37108,4
37109,4
37110,4
37111,4
37112,4
37113,4
37114,4
37115,4
37116,4
37117,4
37118,4
37119,4
37120,4
37121,4
37122,4
37123,4
37124,4
37125,4
37126,4
37127,4
37128,4
37129,4
37130,4
37131,4
37132,4
37133,4
37134,4
37135,4
37136,4
37137,4
37138,4
37139,4
37140,4
37141,4
37142,4
37143,4
37144,4
37145,4
37146,4
37147,4
37148,4
37149,4
37150,4
37151,4
37152,4
37153,4
37154,4
37155,4
37156,4
37157,4
37158,4
37159,4
37160,4
37161,4
37162,4
37163,4
37164,4
37165,4
37166,4
37167,4
37168,4
37169,4
37170,4
37171,4
37172,4
37173,4
37174,4
37175,4
37176,4
37177,4
37178,4
37179,4
37180,4
37181,4
37182,4
37183,4
37184,4
37185,4
37186,4
37187,4
37188,4
37189,4
37190,4
37191,4
37192,4
37193,4
37194,4
37195,4
37196,4
37197,4
37198,4
37199,4
37200,4
37201,4
37202,4
37203,4
37204,4
37205,4
37206,4
37207,4
37208,4
37209,4
37210,4
37211,4
37212,4
37213,4
37214,4
37215,4
37216,4
37217,4
37218,4
37219,4
37220,4
37221,4
37222,4
37223,4
37224,4
37225,4
37226,3
37227,4
37228,4
37229,4
37230,4
37231,4
37232,4
37233,4
37234,4
37235,4
37236,4
37237,4
37238,4
37239,4
37240,4
37241,4
37242,4
37243,4
37244,4
37245,4
37246,4
37247,4
37248,4
37249,4
37250,4
37251,4
37252,4
37253,4
37254,4
37255,4
37256,4
37257,4
37258,4
37259,4
37260,4
37261,4
37262,4
37263,4
37264,4
37265,4
37266,4
37267,4
37268,4
37269,4
37270,4
37271,4
37272,4
37273,4
37274,4
37275,4
37276,4
37277,4
37278,4
37279,4
37280,4
37281,4
37282,4
37283,4
37284,4
37285,4
37286,4
37287,4
37288,4
37289,4
37290,4
37291,4
37292,4
37293,4
37294,4
37295,4
37296,4
37297,4
37298,4
37299,4
37300,4
37301,4
37302,4
37303,4
37304,4
37305,4
37306,4
37307,4
37308,4
37309,4
37310,4
37311,4
37312,4
37313,4
37314,4
37315,4
37316,4
37317,4
37318,4
37319,4
37320,4
37321,4
37322,4
37323,4
37324,4
37325,4
37326,4
37327,4
37328,4
37329,4
37330,4
37331,4
37332,4
37333,4
37334,4
37335,4
37336,4
37337,4
37338,4
37339,4
37340,4
37341,4
37342,4
37343,4
37344,4
37345,4
37346,4
37347,4
37348,4
37349,4
37350,3
37351,4
37352,4
37353,4
37354,4
37355,4
37356,4
37357,4
37358,4
37359,4
37360,4
37361,4
37362,4
37363,4
37364,4
37365,4
37366,4
37367,4
37368,4
37369,4
37370,4
37371,3
37372,4
37373,4
37374,3
37375,4
37376,4
37377,4
37378,4
37379,4
37380,4
37381,4
37382,4
37383,4
37384,4
37385,4
37386,4
37387,4
37388,4
37389,4
37390,4
37391,4
37392,4
37393,4
37394,4
37395,4
37396,4
37397,4
37398,4
37399,4
37400,4
37401,4
37402,4
37403,4
37404,4
37405,4
37406,4
37407,4
37408,4
37409,4
37410,4
37411,4
37412,4
37413,4
37414,4
37415,4
37416,4
37417,4
37418,4
37419,4
37420,4
37421,4
37422,4
37423,4
37424,4
37425,4
37426,4
37427,4
37428,4
37429,4
37430,4
37431,4
37432,4
37433,4
37434,4
37435,4
37436,4
37437,4
37438,4
37439,4
37440,4
37441,4
37442,4
37443,4
37444,4
37445,4
37446,4
37447,4
37448,4
37449,4
37450,4
37451,4
37452,4
37453,4
37454,4
37455,4
37456,4
37457,4
37458,4
37459,4
37460,4
37461,4
37462,4
37463,4
37464,4
37465,4
37466,4
37467,4
37468,4
37469,4
37470,4
37471,4
37472,4
37473,4
37474,4
37475,4
37476,4
37477,4
37478,4
37479,4
37480,4
37481,4
37482,4
37483,4
37484,4
37485,4
37486,4
37487,4
37488,4
37489,4
37490,4
37491,4
37492,4
37493,4
37494,4
37495,4
37496,4
37497,4
37498,4
37499,4
37500,4
37501,4
37502,4
37503,4
37504,4
37505,4
37506,4
37507,4
37508,4
37509,4
37510,4
37511,4
37512,4
37513,4
37514,4
37515,4
37516,4
37517,4
37518,4
37519,4
37520,4
37521,4
37522,4
37523,4
37524,4
37525,4
37526,4
37527,4
37528,4
37529,4
37530,4
37531,4
37532,4
37533,4
37534,4
37535,4
37536,4
37537,4
37538,4
37539,4
37540,4
37541,4
37542,4
37543,4
37544,4
37545,4
37546,4
37547,4
37548,4
37549,4
37550,4
37551,4
37552,4
37553,4
37554,4
37555,4
37556,4
37557,4
37558,4
37559,4
37560,4
37561,4
37562,4
37563,4
37564,4
37565,4
37566,4
37567,4
37568,4
37569,4
37570,4
37571,4
37572,4
37573,4
37574,4
37575,4
37576,4
37577,4
37578,4
37579,4
37580,4
37581,4
37582,4
37583,4
37584,3
37585,4
37586,4
37587,4
37588,4
37589,4
37590,4
37591,4
37592,4
37593,4
37594,4
37595,4
37596,4
37597,4
37598,4
37599,4
37600,4
37601,4
37602,4
37603,4
37604,4
37605,4
37606,4
37607,4
37608,4
37609,4
37610,4
37611,4
37612,4
37613,4
37614,4
37615,4
37616,4
37617,4
37618,4
37619,4
37620,4
37621,4
37622,4
37623,4
37624,4
37625,4
37626,4
37627,4
37628,4
37629,4
37630,4
37631,4
37632,4
37633,4
37634,4
37635,4
37636,4
37637,4
37638,4
37639,4
37640,4
37641,4
37642,4
37643,4
37644,4
37645,4
37646,4
37647,4
37648,4
37649,4
37650,4
37651,4
37652,4
37653,4
37654,4
37655,4
37656,4
37657,4
37658,4
37659,4
37660,4
37661,4
37662,4
37663,4
37664,4
37665,4
37666,4
37667,4
37668,4
37669,4
37670,4
37671,4
37672,4
37673,4
37674,4
37675,4
37676,4
37677,4
37678,4
37679,4
37680,4
37681,4
37682,4
37683,4
37684,4
37685,3
37686,4
37687,4
37688,4
37689,4
37690,3
37691,4
37692,4
37693,4
37694,4
37695,4
37696,4
37697,4
37698,4
37699,4
37700,4
37701,4
37702,4
37703,4
37704,4
37705,4
37706,4
37707,4
37708,4
37709,4
37710,4
37711,4
37712,4
37713,4
37714,4
37715,4
37716,4
37717,3
37718,4
37719,4
37720,4
37721,4
37722,4
37723,4
37724,4
37725,4
37726,4
37727,4
37728,4
37729,4
37730,4
37731,4
37732,4
37733,4
37734,4
37735,4
37736,4
37737,4
37738,4
37739,4
37740,4
37741,4
37742,4
37743,4
37744,4
37745,4
37746,4
37747,4
37748,4
37749,4
37750,4
37751,4
37752,4
37753,4
37754,4
37755,4
37756,4
37757,4
37758,4
37759,4
37760,4
37761,4
37762,4
37763,4
37764,4
37765,4
37766,4
37767,4
37768,4
37769,4
37770,4
37771,4
37772,4
37773,4
37774,4
37775,4
37776,4
37777,4
37778,4
37779,4
37780,4
37781,4
37782,4
37783,4
37784,4
37785,4
37786,4
37787,4
37788,4
37789,4
37790,4
37791,4
37792,4
37793,4
37794,4
37795,4
37796,4
37797,4
37798,4
37799,4
37800,4
37801,4
37802,4
37803,4
37804,4
37805,4
37806,4
37807,4
37808,4
37809,4
37810,4
37811,4
37812,4
37813,4
37814,4
37815,4
37816,4
37817,4
37818,4
37819,4
37820,4
37821,4
37822,4
37823,4
37824,4
37825,4
37826,4
37827,4
37828,4
37829,4
37830,4
37831,4
37832,4
37833,4
37834,4
37835,4
37836,4
37837,4
37838,4
37839,4
37840,4
37841,4
37842,4
37843,4
37844,4
37845,4
37846,4
37847,4
37848,4
37849,4
37850,4
37851,4
37852,4
37853,4
37854,4
37855,4
37856,4
37857,4
37858,4
37859,4
37860,4
37861,4
37862,4
37863,4
37864,4
37865,4
37866,4
37867,4
37868,4
37869,4
37870,4
37871,4
37872,4
37873,4
37874,4
37875,4
37876,4
37877,4
37878,4
37879,4
37880,4
37881,4
37882,4
37883,4
37884,4
37885,4
37886,4
37887,4
37888,4
37889,4
37890,4
37891,4
37892,4
37893,4
37894,4
37895,4
37896,4
37897,4
37898,3
37899,4
37900,4
37901,4
37902,4
37903,4
37904,4
37905,4
37906,4
37907,4
37908,4
37909,4
37910,4
37911,4
37912,4
37913,4
37914,4
37915,4
37916,4
37917,4
37918,4
37919,4
37920,4
37921,4
37922,4
37923,4
37924,4
37925,4
37926,4
37927,4
37928,4
37929,4
37930,4
37931,4
37932,4
37933,4
37934,4
37935,4
37936,4
37937,4
37938,4
37939,4
37940,4
37941,4
37942,4
37943,4
37944,4
37945,4
37946,4
37947,4
37948,4
37949,4
37950,4
37951,4
37952,4
37953,4
37954,4
37955,4
37956,4
37957,4
37958,4
37959,4
37960,4
37961,4
37962,4
37963,4
37964,4
37965,4
37966,4
37967,4
37968,4
37969,4
37970,4
37971,4
37972,4
37973,4
37974,4
37975,4
37976,4
37977,4
37978,4
37979,4
37980,4
37981,4
37982,4
37983,4
37984,4
37985,4
37986,4
37987,4
37988,4
37989,4
37990,4
37991,4
37992,4
37993,4
37994,4
37995,4
37996,4
37997,4
37998,4
37999,4
38000,4
38001,4
38002,4
38003,4
38004,4
38005,4
38006,4
38007,4
38008,4
38009,4
38010,4
38011,4
38012,4
38013,4
38014,4
38015,4
38016,4
38017,4
38018,4
38019,4
38020,4
38021,4
38022,4
38023,4
38024,4
38025,4
38026,4
38027,4
38028,4
38029,4
38030,4
38031,4
38032,4
38033,4
38034,4
38035,4
38036,3
38037,4
38038,4
38039,4
38040,4
38041,4
38042,4
38043,4
38044,4
38045,4
38046,4
38047,4
38048,4
38049,4
38050,4
38051,4
38052,4
38053,4
38054,4
38055,4
38056,4
38057,4
38058,4
38059,4
38060,4
38061,4
38062,4
38063,4
38064,4
38065,4
38066,4
38067,4
38068,4
38069,4
38070,4
38071,4
38072,4
38073,4
38074,4
38075,4
38076,4
38077,3
38078,4
38079,4
38080,4
38081,4
38082,4
38083,4
38084,4
38085,4
38086,4
38087,4
38088,4
38089,4
38090,4
38091,4
38092,4
38093,4
38094,4
38095,4
38096,4
38097,4
38098,4
38099,4
38100,4
38101,4
38102,4
38103,4
38104,4
38105,4
38106,4
38107,4
38108,4
38109,4
38110,4
38111,4
38112,4
38113,4
38114,4
38115,4
38116,4
38117,4
38118,4
38119,4
38120,4
38121,4
38122,4
38123,4
38124,4
38125,4
38126,4
38127,4
38128,4
38129,4
38130,4
38131,4
38132,4
38133,4
38134,4
38135,4
38136,4
38137,4
38138,4
38139,4
38140,4
38141,4
38142,4
38143,4
38144,4
38145,4
38146,4
38147,4
38148,4
38149,4
38150,4
38151,4
38152,4
38153,4
38154,4
38155,4
38156,4
38157,4
38158,4
38159,4
38160,4
38161,4
38162,4
38163,4
38164,4
38165,4
38166,4
38167,4
38168,4
38169,4
38170,4
38171,4
38172,4
38173,4
38174,4
38175,4
38176,4
38177,4
38178,4
38179,4
38180,4
38181,4
38182,4
38183,4
38184,4
38185,4
38186,4
38187,4
38188,4
38189,4
38190,4
38191,4
38192,4
38193,4
38194,4
38195,4
38196,4
38197,4
38198,4
38199,4
38200,4
38201,4
38202,4
38203,4
38204,4
38205,4
38206,4
38207,4
38208,4
38209,4
38210,4
38211,4
38212,4
38213,4
38214,4
38215,4
38216,4
38217,4
38218,4
38219,4
38220,4
38221,4
38222,4
38223,4
38224,4
38225,4
38226,4
38227,4
38228,4
38229,4
38230,4
38231,4
38232,4
38233,4
38234,4
38235,4
38236,4
38237,4
38238,4
38239,4
38240,4
38241,4
38242,4
38243,4
38244,4
38245,4
38246,4
38247,4
38248,4
38249,4
38250,4
38251,4
38252,4
38253,4
38254,4
38255,4
38256,4
38257,4
38258,4
38259,4
38260,4
38261,4
38262,4
38263,4
38264,4
38265,4
38266,4
38267,4
38268,4
38269,4
38270,4
38271,4
38272,4
38273,4
38274,4
38275,4
38276,4
38277,4
38278,4
38279,4
38280,4
38281,4
38282,4
38283,4
38284,3
38285,4
38286,4
38287,4
38288,4
38289,4
38290,4
38291,4
38292,4
38293,4
38294,4
38295,4
38296,4
38297,4
38298,4
38299,4
38300,4
38301,4
38302,4
38303,4
38304,4
38305,4
38306,4
38307,4
38308,4
38309,4
38310,4
38311,4
38312,4
38313,4
38314,4
38315,4
38316,4
38317,4
38318,4
38319,4
38320,4
38321,4
38322,4
38323,4
38324,4
38325,4
38326,4
38327,4
38328,4
38329,4
38330,4
38331,4
38332,4
38333,4
38334,3
38335,4
38336,4
38337,4
38338,4
38339,3
38340,4
38341,4
38342,4
38343,4
38344,4
38345,4
38346,4
38347,4
38348,4
38349,4
38350,4
38351,4
38352,4
38353,4
38354,4
38355,4
38356,4
38357,4
38358,4
38359,4
38360,4
38361,4
38362,4
38363,4
38364,4
38365,4
38366,4
38367,4
38368,4
38369,4
38370,4
38371,4
38372,4
38373,4
38374,4
38375,4
38376,4
38377,4
38378,4
38379,4
38380,4
38381,4
38382,4
38383,4
38384,4
38385,4
38386,4
38387,4
38388,4
38389,4
38390,4
38391,4
38392,4
38393,3
38394,4
38395,4
38396,4
38397,4
38398,4
38399,4
38400,4
38401,4
38402,4
38403,4
38404,4
38405,3
38406,4
38407,4
38408,4
38409,4
38410,4
38411,4
38412,4
38413,4
38414,4
38415,4
38416,4
38417,4
38418,4
38419,4
38420,4
38421,4
38422,4
38423,4
38424,4
38425,4
38426,4
38427,4
38428,4
38429,4
38430,4
38431,4
38432,4
38433,4
38434,4
38435,4
38436,4
38437,4
38438,4
38439,4
38440,4
38441,4
38442,4
38443,4
38444,4
38445,4
38446,4
38447,4
38448,4
38449,4
38450,4
38451,4
38452,4
38453,4
38454,4
38455,4
38456,4
38457,4
38458,4
38459,4
38460,4
38461,4
38462,3
38463,4
38464,4
38465,4
38466,4
38467,4
38468,4
38469,4
38470,4
38471,4
38472,4
38473,4
38474,4
38475,4
38476,4
38477,4
38478,4
38479,4
38480,4
38481,4
38482,4
38483,4
38484,4
38485,4
38486,4
38487,4
38488,4
38489,4
38490,4
38491,4
38492,4
38493,4
38494,4
38495,4
38496,4
38497,4
38498,4
38499,4
38500,4
38501,4
38502,4
38503,4
38504,4
38505,4
38506,4
38507,4
38508,4
38509,4
38510,4
38511,4
38512,4
38513,4
38514,4
38515,4
38516,4
38517,4
38518,4
38519,4
38520,4
38521,4
38522,4
38523,4
38524,4
38525,4
38526,4
38527,4
38528,4
38529,4
38530,4
38531,4
38532,4
38533,4
38534,4
38535,4
38536,4
38537,4
38538,4
38539,4
38540,4
38541,4
38542,4
38543,4
38544,4
38545,4
38546,4
38547,4
38548,4
38549,4
38550,4
38551,4
38552,4
38553,4
38554,4
38555,4
38556,4
38557,4
38558,4
38559,4
38560,4
38561,4
38562,4
38563,4
38564,4
38565,4
38566,4
38567,4
38568,4
38569,4
38570,4
38571,4
38572,4
38573,4
38574,4
38575,4
38576,4
38577,4
38578,4
38579,4
38580,4
38581,4
38582,4
38583,4
38584,4
38585,4
38586,4
38587,4
38588,4
38589,4
38590,4
38591,4
38592,4
38593,4
38594,4
38595,4
38596,4
38597,4
38598,4
38599,4
38600,4
38601,4
38602,4
38603,4
38604,4
38605,4
38606,4
38607,4
38608,4
38609,4
38610,4
38611,4
38612,4
38613,4
38614,4
38615,4
38616,4
38617,4
38618,4
38619,4
38620,4
38621,4
38622,4
38623,4
38624,4
38625,4
38626,4
38627,4
38628,4
38629,4
38630,4
38631,4
38632,4
38633,4
38634,4
38635,4
38636,4
38637,4
38638,4
38639,4
38640,4
38641,4
38642,4
38643,4
38644,4
38645,4
38646,4
38647,4
38648,4
38649,4
38650,4
38651,4
38652,4
38653,4
38654,4
38655,4
38656,4
38657,4
38658,4
38659,4
38660,4
38661,4
38662,4
38663,4
38664,4
38665,4
38666,4
38667,4
38668,4
38669,4
38670,4
38671,4
38672,4
38673,4
38674,4
38675,4
38676,4
38677,4
38678,4
38679,4
38680,4
38681,4
38682,4
38683,4
38684,4
38685,4
38686,4
38687,4
38688,4
38689,4
38690,4
38691,4
38692,4
38693,4
38694,4
38695,4
38696,4
38697,4
38698,4
38699,4
38700,4
38701,4
38702,4
38703,4
38704,4
38705,4
38706,4
38707,4
38708,4
38709,4
38710,4
38711,4
38712,4
38713,4
38714,4
38715,4
38716,4
38717,4
38718,4
38719,4
38720,4
38721,4
38722,4
38723,4
38724,4
38725,4
38726,4
38727,4
38728,4
38729,4
38730,4
38731,4
38732,4
38733,4
38734,4
38735,4
38736,4
38737,4
38738,4
38739,4
38740,4
38741,4
38742,4
38743,4
38744,4
38745,4
38746,4
38747,4
38748,4
38749,4
38750,4
38751,4
38752,4
38753,3
38754,4
38755,4
38756,4
38757,4
38758,4
38759,4
38760,4
38761,4
38762,4
38763,4
38764,4
38765,4
38766,4
38767,4
38768,4
38769,4
38770,4
38771,4
38772,4
38773,4
38774,4
38775,4
38776,4
38777,4
38778,4
38779,4
38780,4
38781,4
38782,4
38783,4
38784,4
38785,4
38786,4
38787,4
38788,4
38789,4
38790,4
38791,4
38792,4
38793,4
38794,4
38795,4
38796,4
38797,4
38798,4
38799,4
38800,4
38801,4
38802,4
38803,4
38804,4
38805,4
38806,4
38807,4
38808,4
38809,4
38810,4
38811,4
38812,4
38813,4
38814,4
38815,4
38816,4
38817,4
38818,4
38819,4
38820,4
38821,4
38822,4
38823,4
38824,4
38825,4
38826,4
38827,4
38828,4
38829,4
38830,4
38831,4
38832,4
38833,4
38834,4
38835,4
38836,4
38837,4
38838,4
38839,4
38840,4
38841,4
38842,4
38843,4
38844,4
38845,4
38846,4
38847,4
38848,4
38849,4
38850,4
38851,4
38852,4
38853,4
38854,4
38855,4
38856,4
38857,4
38858,4
38859,4
38860,4
38861,4
38862,4
38863,4
38864,4
38865,3
38866,4
38867,4
38868,4
38869,4
38870,4
38871,4
38872,4
38873,4
38874,4
38875,4
38876,4
38877,4
38878,4
38879,4
38880,4
38881,4
38882,4
38883,4
38884,4
38885,4
38886,4
38887,4
38888,4
38889,4
38890,4
38891,4
38892,4
38893,4
38894,4
38895,4
38896,4
38897,4
38898,4
38899,4
38900,4
38901,4
38902,4
38903,4
38904,4
38905,4
38906,4
38907,4
38908,4
38909,4
38910,4
38911,4
38912,4
38913,4
38914,4
38915,4
38916,4
38917,4
38918,4
38919,4
38920,4
38921,4
38922,4
38923,4
38924,4
38925,4
38926,4
38927,4
38928,4
38929,4
38930,4
38931,4
38932,4
38933,4
38934,4
38935,4
38936,4
38937,4
38938,4
38939,4
38940,4
38941,4
38942,4
38943,4
38944,4
38945,4
38946,4
38947,4
38948,4
38949,4
38950,4
38951,4
38952,4
38953,4
38954,4
38955,4
38956,4
38957,4
38958,4
38959,4
38960,4
38961,4
38962,4
38963,4
38964,4
38965,4
38966,4
38967,4
38968,4
38969,4
38970,4
38971,4
38972,4
38973,4
38974,4
38975,4
38976,4
38977,4
38978,4
38979,4
38980,4
38981,3
38982,4
38983,4
38984,4
38985,4
38986,4
38987,4
38988,4
38989,4
38990,4
38991,4
38992,4
38993,4
38994,4
38995,4
38996,4
38997,4
38998,4
38999,4
39000,4
39001,4
39002,4
39003,4
39004,4
39005,4
39006,4
39007,4
39008,4
39009,4
39010,4
39011,4
39012,4
39013,4
39014,4
39015,4
39016,4
39017,4
39018,4
39019,4
39020,4
39021,4
39022,4
39023,4
39024,4
39025,4
39026,4
39027,4
39028,4
39029,4
39030,4
39031,4
39032,4
39033,4
39034,4
39035,4
39036,4
39037,4
39038,4
39039,4
39040,4
39041,4
39042,4
39043,4
39044,4
39045,4
39046,4
39047,4
39048,4
39049,4
39050,4
39051,4
39052,4
39053,4
39054,4
39055,4
39056,4
39057,4
39058,4
39059,4
39060,4
39061,4
39062,4
39063,4
39064,4
39065,4
39066,4
39067,4
39068,4
39069,4
39070,4
39071,4
39072,4
39073,4
39074,4
39075,4
39076,4
39077,4
39078,4
39079,4
39080,4
39081,4
39082,4
39083,4
39084,4
39085,4
39086,4
39087,4
39088,4
39089,4
39090,4
39091,4
39092,4
39093,4
39094,4
39095,4
39096,4
39097,4
39098,4
39099,4
39100,4
39101,4
39102,4
39103,4
39104,4
39105,4
39106,4
39107,4
39108,4
39109,4
39110,4
39111,4
39112,4
39113,4
39114,4
39115,4
39116,4
39117,4
39118,4
39119,4
39120,4
39121,4
39122,4
39123,4
39124,4
39125,4
39126,4
39127,4
39128,4
39129,4
39130,4
39131,4
39132,4
39133,4
39134,4
39135,4
39136,3
39137,4
39138,4
39139,4
39140,4
39141,4
39142,4
39143,4
39144,4
39145,4
39146,4
39147,4
39148,4
39149,4
39150,4
39151,4
39152,4
39153,4
39154,4
39155,4
39156,4
39157,4
39158,4
39159,4
39160,4
39161,4
39162,4
39163,4
39164,4
39165,4
39166,4
39167,4
39168,4
39169,4
39170,4
39171,4
39172,4
39173,4
39174,4
39175,4
39176,4
39177,4
39178,4
39179,4
39180,4
39181,4
39182,4
39183,4
39184,4
39185,4
39186,3
39187,4
39188,4
39189,4
39190,4
39191,4
39192,4
39193,4
39194,4
39195,4
39196,4
39197,4
39198,4
39199,4
39200,4
39201,4
39202,4
39203,4
39204,4
39205,4
39206,4
39207,4
39208,4
39209,4
39210,4
39211,4
39212,4
39213,4
39214,4
39215,4
39216,4
39217,4
39218,4
39219,4
39220,4
39221,4
39222,4
39223,4
39224,4
39225,4
39226,4
39227,4
39228,4
39229,4
39230,4
39231,4
39232,4
39233,4
39234,4
39235,4
39236,4
39237,4
39238,4
39239,3
39240,4
39241,4
39242,4
39243,4
39244,4
39245,4
39246,4
39247,4
39248,4
39249,4
39250,4
39251,4
39252,4
39253,4
39254,4
39255,3
39256,4
39257,4
39258,4
39259,4
39260,4
39261,4
39262,4
39263,4
39264,4
39265,4
39266,4
39267,4
39268,4
39269,4
39270,4
39271,4
39272,4
39273,4
39274,4
39275,4
39276,4
39277,4
39278,4
39279,4
39280,4
39281,4
39282,4
39283,4
39284,4
39285,4
39286,4
39287,4
39288,4
39289,4
39290,4
39291,4
39292,4
39293,4
39294,4
39295,4
39296,4
39297,4
39298,4
39299,4
39300,4
39301,4
39302,4
39303,4
39304,4
39305,4
39306,4
39307,4
39308,4
39309,4
39310,4
39311,4
39312,4
39313,4
39314,4
39315,4
39316,4
39317,4
39318,4
39319,4
39320,4
39321,4
39322,4
39323,4
39324,4
39325,4
39326,4
39327,4
39328,4
39329,4
39330,4
39331,4
39332,4
39333,4
39334,4
39335,4
39336,4
39337,4
39338,4
39339,4
39340,4
39341,4
39342,4
39343,4
39344,4
39345,4
39346,4
39347,4
39348,4
39349,4
39350,4
39351,4
39352,4
39353,4
39354,4
39355,4
39356,4
39357,4
39358,4
39359,4
39360,4
39361,4
39362,4
39363,4
39364,4
39365,4
39366,4
39367,4
39368,4
39369,3
39370,4
39371,4
39372,4
39373,4
39374,4
39375,4
39376,4
39377,4
39378,4
39379,4
39380,4
39381,4
39382,4
39383,4
39384,4
39385,4
39386,4
39387,4
39388,4
39389,4
39390,4
39391,3
39392,4
39393,4
39394,4
39395,4
39396,4
39397,4
39398,4
39399,4
39400,4
39401,4
39402,4
39403,4
39404,4
39405,3
39406,4
39407,4
39408,4
39409,4
39410,4
39411,4
39412,4
39413,4
39414,4
39415,4
39416,4
39417,4
39418,4
39419,4
39420,4
39421,4
39422,4
39423,4
39424,4
39425,4
39426,4
39427,4
39428,4
39429,4
39430,4
39431,4
39432,4
39433,4
39434,4
39435,4
39436,4
39437,4
39438,4
39439,4
39440,4
39441,4
39442,4
39443,4
39444,4
39445,4
39446,4
39447,4
39448,4
39449,4
39450,4
39451,4
39452,4
39453,4
39454,4
39455,4
39456,4
39457,4
39458,4
39459,4
39460,4
39461,4
39462,4
39463,4
39464,4
39465,4
39466,4
39467,4
39468,4
39469,4
39470,4
39471,4
39472,4
39473,4
39474,4
39475,4
39476,4
39477,4
39478,4
39479,4
39480,4
39481,4
39482,4
39483,4
39484,4
39485,4
39486,4
39487,4
39488,4
39489,4
39490,4
39491,4
39492,4
39493,4
39494,4
39495,4
39496,4
39497,4
39498,4
39499,4
39500,4
39501,4
39502,4
39503,4
39504,4
39505,4
39506,4
39507,4
39508,4
39509,4
39510,4
39511,4
39512,4
39513,4
39514,4
39515,4
39516,4
39517,4
39518,4
39519,4
39520,4
39521,4
39522,4
39523,4
39524,4
39525,4
39526,4
39527,4
39528,4
39529,4
39530,4
39531,4
39532,4
39533,4
39534,4
39535,4
39536,4
39537,4
39538,4
39539,4
39540,4
39541,4
39542,4
39543,4
39544,4
39545,4
39546,4
39547,4
39548,4
39549,4
39550,4
39551,4
39552,4
39553,4
39554,4
39555,4
39556,4
39557,4
39558,4
39559,4
39560,4
39561,4
39562,4
39563,4
39564,4
39565,4
39566,4
39567,4
39568,4
39569,4
39570,4
39571,4
39572,4
39573,4
39574,4
39575,4
39576,4
39577,3
39578,4
39579,4
39580,4
39581,4
39582,4
39583,4
39584,4
39585,4
39586,4
39587,3
39588,4
39589,4
39590,4
39591,4
39592,4
39593,4
39594,4
39595,3
39596,4
39597,4
39598,4
39599,4
39600,4
39601,4
39602,4
39603,3
39604,4
39605,4
39606,4
39607,4
39608,4
39609,4
39610,3
39611,4
39612,4
39613,4
39614,4
39615,4
39616,4
39617,4
39618,4
39619,4
39620,4
39621,4
39622,3
39623,4
39624,4
39625,4
39626,3
39627,4
39628,4
39629,4
39630,3
39631,4
39632,4
39633,4
39634,4
39635,4
39636,4
39637,4
39638,4
39639,4
39640,4
39641,4
39642,4
39643,4
39644,4
39645,4
39646,4
39647,4
39648,4
39649,4
39650,4
39651,4
39652,4
39653,4
39654,3
39655,3
39656,4
39657,4
39658,4
39659,4
39660,3
39661,4
39662,4
39663,4
39664,4
39665,4
39666,4
39667,4
39668,4
39669,4
39670,4
39671,4
39672,4
39673,4
39674,4
39675,4
39676,4
39677,4
39678,4
39679,4
39680,4
39681,4
39682,4
39683,4
39684,4
39685,4
39686,4
39687,4
39688,4
39689,3
39690,4
39691,4
39692,4
39693,3
39694,4
39695,4
39696,4
39697,4
39698,4
39699,4
39700,4
39701,4
39702,4
39703,4
39704,4
39705,3
39706,4
39707,4
39708,4
39709,4
39710,3
39711,4
39712,4
39713,4
39714,4
39715,4
39716,4
39717,4
39718,4
39719,4
39720,4
39721,4
39722,4
39723,4
39724,4
39725,4
39726,4
39727,4
39728,4
39729,4
39730,4
39731,4
39732,4
39733,4
39734,4
39735,4
39736,4
39737,4
39738,4
39739,3
39740,4
39741,4
39742,4
39743,4
39744,4
39745,4
39746,3
39747,4
39748,4
39749,4
39750,4
39751,4
39752,4
39753,4
39754,4
39755,4
39756,4
39757,4
39758,4
39759,3
39760,4
39761,4
39762,4
39763,4
39764,4
39765,4
39766,4
39767,4
39768,4
39769,4
39770,4
39771,4
39772,4
39773,4
39774,4
39775,4
39776,4
39777,3
39778,4
39779,4
39780,4
39781,4
39782,4
39783,4
39784,4
39785,4
39786,4
39787,4
39788,4
39789,4
39790,4
39791,4
39792,4
39793,4
39794,4
39795,4
39796,4
39797,4
39798,4
39799,4
39800,4
39801,4
39802,3
39803,4
39804,4
39805,4
39806,4
39807,4
39808,4
39809,3
39810,4
39811,4
39812,4
39813,4
39814,4
39815,4
39816,4
39817,4
39818,4
39819,4
39820,4
39821,4
39822,4
39823,4
39824,4
39825,4
39826,4
39827,4
39828,4
39829,4
39830,4
39831,4
39832,4
39833,4
39834,4
39835,4
39836,4
39837,4
39838,4
39839,4
39840,4
39841,4
39842,4
39843,3
39844,4
39845,4
39846,4
39847,4
39848,4
39849,4
39850,4
39851,4
39852,4
39853,4
39854,3
39855,4
39856,4
39857,4
39858,4
39859,3
39860,4
39861,4
39862,4
39863,4
39864,4
39865,4
39866,4
39867,4
39868,4
39869,4
39870,4
39871,4
39872,3
39873,4
39874,4
39875,4
39876,4
39877,3
39878,4
39879,4
39880,4
39881,4
39882,4
39883,4
39884,4
39885,4
39886,4
39887,4
39888,4
39889,4
39890,4
39891,4
39892,4
39893,4
39894,4
39895,4
39896,4
39897,4
39898,4
39899,4
39900,4
39901,4
39902,4
39903,4
39904,4
39905,4
39906,4
39907,4
39908,4
39909,3
39910,4
39911,3
39912,4
39913,4
39914,4
39915,3
39916,4
39917,4
39918,4
39919,4
39920,4
39921,3
39922,4
39923,4
39924,3
39925,3
39926,4
39927,4
39928,4
39929,4
39930,4
39931,4
39932,4
39933,4
39934,4
39935,4
39936,4
39937,4
39938,4
39939,4
39940,4
39941,4
39942,4
39943,4
39944,4
39945,4
39946,4
39947,4
39948,4
39949,4
39950,4
39951,4
39952,4
39953,4
39954,4
39955,4
39956,4
39957,4
39958,4
39959,4
39960,4
39961,4
39962,4
39963,4
39964,4
39965,4
39966,4
39967,4
39968,4
39969,4
39970,4
39971,4
39972,4
39973,4
39974,4
39975,4
39976,4
39977,4
39978,4
39979,3
39980,4
39981,4
39982,4
39983,4
39984,4
39985,3
39986,3
39987,4
39988,4
39989,3
39990,4
39991,4
39992,4
39993,4
39994,4
39995,4
39996,4
39997,4
39998,4
39999,3
40000,4
40001,3
40002,4
40003,4
40004,4
40005,4
40006,4
40007,4
40008,4
40009,4
40010,4
40011,4
40012,4
40013,4
40014,4
40015,4
40016,4
40017,4
40018,4
40019,4
40020,3
40021,4
40022,4
40023,4
40024,4
40025,3
40026,4
40027,4
40028,4
40029,3
40030,3
40031,4
40032,3
40033,4
40034,4
40035,4
40036,4
40037,4
40038,4
40039,4
40040,4
40041,4
40042,4
40043,4
40044,4
40045,4
40046,4
40047,4
40048,4
40049,3
40050,4
40051,4
40052,4
40053,4
40054,4
40055,4
40056,4
40057,4
40058,4
40059,4
40060,3
40061,3
40062,3
40063,4
40064,3
40065,4
40066,4
40067,4
40068,4
40069,4
40070,4
40071,4
40072,4
40073,4
40074,4
40075,4
40076,3
40077,4
40078,4
40079,4
40080,4
40081,4
40082,4
40083,4
40084,4
40085,4
40086,4
40087,4
40088,4
40089,3
40090,4
40091,4
40092,4
40093,4
40094,4
40095,3
40096,4
40097,4
40098,4
40099,4
40100,4
40101,4
40102,4
40103,4
40104,4
40105,4
40106,4
40107,4
40108,4
40109,4
40110,4
40111,4
40112,4
40113,4
40114,4
40115,4
40116,3
40117,4
40118,4
40119,4
40120,4
40121,4
40122,4
40123,4
40124,4
40125,4
40126,3
40127,4
40128,3
40129,4
40130,4
40131,4
40132,4
40133,3
40134,4
40135,4
40136,4
40137,4
40138,4
40139,4
40140,4
40141,4
40142,4
40143,4
40144,4
40145,4
40146,4
40147,4
40148,4
40149,4
40150,4
40151,4
40152,4
40153,4
40154,4
40155,4
40156,4
40157,4
40158,4
40159,4
40160,4
40161,4
40162,3
40163,4
40164,4
40165,3
40166,3
40167,4
40168,3
40169,4
40170,4
40171,4
40172,4
40173,4
40174,4
40175,4
40176,4
40177,4
40178,3
40179,4
40180,4
40181,3
40182,4
40183,4
40184,4
40185,4
40186,4
40187,4
40188,4
40189,4
40190,4
40191,4
40192,4
40193,4
40194,4
40195,4
40196,4
40197,3
40198,4
40199,3
40200,3
40201,4
40202,4
40203,4
40204,4
40205,4
40206,3
40207,4
40208,4
40209,4
40210,4
40211,4
40212,4
40213,4
40214,4
40215,4
40216,4
40217,4
40218,4
40219,3
40220,4
40221,4
40222,3
40223,4
40224,4
40225,4
40226,4
40227,4
40228,4
40229,4
40230,4
40231,4
40232,4
40233,4
40234,3
40235,3
40236,3
40237,4
40238,4
40239,4
40240,4
40241,4
40242,4
40243,4
40244,3
40245,4
40246,4
40247,4
40248,3
40249,4
40250,4
40251,4
40252,4
40253,3
40254,4
40255,4
40256,4
40257,4
40258,3
40259,4
40260,4
40261,4
40262,4
40263,4
40264,4
40265,4
40266,4
40267,4
40268,4
40269,4
40270,4
40271,4
40272,3
40273,4
40274,3
40275,4
40276,4
40277,4
40278,4
40279,4
40280,3
40281,4
40282,4
40283,4
40284,4
40285,3
40286,3
40287,4
40288,4
40289,4
40290,4
40291,4
40292,4
40293,3
40294,4
40295,4
40296,3
40297,4
40298,4
40299,4
40300,4
40301,4
40302,4
40303,4
40304,3
40305,4
40306,4
40307,4
40308,4
40309,4
40310,4
40311,3
40312,3
40313,3
40314,4
40315,4
40316,4
40317,4
40318,4
40319,4
40320,4
40321,3
40322,4
40323,4
40324,4
40325,4
40326,4
40327,4
40328,4
40329,4
40330,4
40331,4
40332,3
40333,4
40334,3
40335,4
40336,3
40337,3
40338,3
40339,4
40340,4
40341,4
40342,4
40343,4
40344,3
40345,4
40346,4
40347,4
40348,4
40349,4
40350,4
40351,4
40352,4
40353,4
40354,4
40355,4
40356,3
40357,4
40358,3
40359,4
40360,3
40361,4
40362,4
40363,4
40364,4
40365,4
40366,4
40367,3
40368,4
40369,4
40370,4
40371,4
40372,4
40373,4
40374,3
40375,4
40376,4
40377,4
40378,4
40379,4
40380,4
40381,4
40382,4
40383,4
40384,4
40385,3
40386,3
40387,4
40388,3
40389,4
40390,4
40391,4
40392,3
40393,4
40394,4
40395,3
40396,4
40397,4
40398,4
40399,4
40400,4
40401,4
40402,4
40403,4
40404,3
40405,3
40406,4
40407,4
40408,4
40409,3
40410,3
40411,4
40412,3
40413,4
40414,4
40415,4
40416,4
40417,4
40418,4
40419,4
40420,3
40421,4
40422,4
40423,4
40424,3
40425,4
40426,3
40427,4
40428,4
40429,4
40430,4
40431,4
40432,4
40433,4
40434,4
40435,4
40436,4
40437,4
40438,4
40439,4
40440,4
40441,4
40442,3
40443,4
40444,4
40445,3
40446,4
40447,3
40448,4
40449,4
40450,3
40451,3
40452,4
40453,4
40454,4
40455,4
40456,4
40457,4
40458,4
40459,4
40460,4
40461,3
40462,4
40463,4
40464,4
40465,4
40466,3
40467,3
40468,4
40469,4
40470,4
40471,3
40472,4
40473,4
40474,4
40475,4
40476,3
40477,4
40478,4
40479,4
40480,4
40481,4
40482,3
40483,4
40484,4
40485,4
40486,4
40487,4
40488,4
40489,4
40490,3
40491,4
40492,4
40493,4
40494,4
40495,4
40496,4
40497,4
40498,4
40499,4
40500,4
40501,4
40502,4
40503,4
40504,4
40505,4
40506,4
40507,4
40508,4
40509,3
40510,3
40511,4
40512,3
40513,4
40514,4
40515,4
40516,3
40517,4
40518,4
40519,4
40520,4
40521,4
40522,4
40523,3
40524,4
40525,3
40526,4
40527,4
40528,4
40529,4
40530,3
40531,3
40532,4
40533,3
40534,4
40535,4
40536,4
40537,4
40538,4
40539,4
40540,3
40541,4
40542,4
40543,4
40544,4
40545,4
40546,4
40547,4
40548,3
40549,4
40550,3
40551,4
40552,3
40553,4
40554,4
40555,4
40556,4
40557,4
40558,4
40559,4
40560,4
40561,4
40562,4
40563,4
40564,4
40565,4
40566,4
40567,3
40568,4
40569,4
40570,3
40571,4
40572,4
40573,3
40574,4
40575,4
40576,4
40577,4
40578,4
40579,3
40580,4
40581,4
40582,4
40583,4
40584,4
40585,3
40586,3
40587,4
40588,4
40589,4
40590,4
40591,3
40592,4
40593,4
40594,4
40595,3
40596,3
40597,4
40598,4
40599,4
40600,4
40601,4
40602,4
40603,4
40604,4
40605,4
40606,3
40607,4
40608,4
40609,4
40610,4
40611,4
40612,3
40613,3
40614,4
40615,4
40616,4
40617,4
40618,4
40619,4
40620,4
40621,4
40622,4
40623,4
40624,4
40625,4
40626,4
40627,4
40628,3
40629,4
40630,3
40631,3
40632,4
40633,4
40634,4
40635,4
40636,4
40637,4
40638,3
40639,3
40640,3
40641,4
40642,3
40643,4
40644,4
40645,3
40646,4
40647,3
40648,3
40649,3
40650,3
40651,3
40652,4
40653,4
40654,3
40655,4
40656,3
40657,4
40658,4
40659,4
40660,3
40661,4
40662,4
40663,4
40664,4
40665,4
40666,3
40667,4
40668,3
40669,4
40670,4
40671,4
40672,3
40673,4
40674,4
40675,4
40676,4
40677,4
40678,4
40679,4
40680,4
40681,4
40682,4
40683,4
40684,4
40685,4
40686,4
40687,4
40688,4
40689,4
40690,4
40691,4
40692,4
40693,4
40694,4
40695,4
40696,4
40697,4
40698,4
40699,4
40700,4
40701,4
40702,4
40703,4
40704,4
40705,4
40706,3
40707,3
40708,4
40709,4
40710,3
40711,4
40712,4
40713,4
40714,4
40715,4
40716,3
40717,4
40718,4
40719,4
40720,4
40721,4
40722,4
40723,4
40724,4
40725,4
40726,4
40727,4
40728,4
40729,4
40730,4
40731,4
40732,4
40733,4
40734,4
40735,4
40736,3
40737,4
40738,4
40739,4
40740,4
40741,3
40742,4
40743,4
40744,4
40745,3
40746,4
40747,4
40748,4
40749,4
40750,4
40751,4
40752,4
40753,4
40754,4
40755,4
40756,3
40757,3
40758,3
40759,4
40760,5
40761,5
40762,5
40763,1
40764,1
40765,5
40766,5
40767,5
40768,5
40769,5
40770,5
40771,5
40772,5
40773,5
40774,5
40775,5
40776,5
40777,5
40778,5
40779,5
40780,5
40781,5
40782,5
40783,5
40784,5
40785,5
40786,5
40787,5
40788,5
40789,5
40790,5
40791,5
40792,5
40793,5
40794,5
40795,5
40796,5
40797,5
40798,5
40799,5
40800,5
40801,5
40802,5
40803,5
40804,5
40805,5
40806,5
40807,5
40808,5
40809,5
40810,5
40811,5
40812,5
40813,5
40814,5
40815,5
40816,5
40817,5
40818,5
40819,5
40820,5
40821,5
40822,5
40823,5
40824,5
40825,5
40826,5
40827,5
40828,5
40829,5
40830,5
40831,5
40832,5
40833,5
40834,5
40835,5
40836,5
40837,5
40838,5
40839,5
40840,5
40841,5
40842,5
40843,5
40844,5
40845,5
40846,5
40847,5
40848,5
40849,5
40850,5
40851,5
40852,5
40853,5
40854,5
40855,5
40856,5
40857,1
40858,1
40859,3
40860,3
40861,5
40862,5
40863,5
40864,1
40865,1
40866,5
40867,1
40868,1
40869,1
40870,1
40871,1
40872,1
40873,1
40874,1
40875,1
40876,1
40877,5
40878,1
40879,5
40880,5
40881,5
40882,5
40883,5
40884,5
40885,5
40886,5
40887,5
40888,5
40889,5
40890,1
40891,1
40892,1
40893,1
40894,1
40895,1
40896,1
40897,1
40898,1
40899,5
40900,1
40901,1
40902,1
40903,1
40904,1
40905,1
40906,5
40907,1
40908,1
40909,1
40910,3
40911,5
40912,5
40913,5
40914,5
40915,5
40916,1
40917,1
40918,1
40919,1
40920,1
40921,3
40922,5
40923,1
40924,1
40925,1
40926,5
40927,1
40928,1
40929,1
40930,5
40931,5
40932,5
40933,5
40934,5
40935,1
40936,5
40937,5
40938,5
40939,5
40940,5
40941,5
40942,5
40943,1
40944,5
40945,5
40946,5
40947,5
40948,5
40949,5
40950,5
40951,5
40952,5
40953,5
40954,5
40955,5
40956,5
40957,5
40958,5
40959,5
40960,5
40961,5
40962,5
40963,5
40964,5
40965,5
40966,5
40967,5
40968,5
40969,5
40970,5
40971,5
40972,5
40973,5
40974,1
40975,5
40976,5
40977,5
40978,3
40979,5
40980,5
40981,5
40982,5
40983,1
40984,5
40985,5
40986,5
40987,5
40988,5
40989,5
40990,5
40991,5
40992,5
40993,5
40994,5
40995,5
40996,5
40997,1
40998,5
40999,1
41000,5
41001,5
41002,1
41003,1
41004,5
41005,5
41006,1
41007,5
41008,5
41009,5
41010,1
41011,5
41012,5
41013,5
41014,5
41015,5
41016,5
41017,5
41018,5
41019,5
41020,1
41021,1
41022,5
41023,5
41024,1
41025,1
41026,5
41027,5
41028,1
41029,5
41030,1
41031,5
41032,5
41033,5
41034,5
41035,5
41036,1
41037,5
41038,1
41039,1
41040,5
41041,5
41042,5
41043,5
41044,5
41045,1
41046,5
41047,1
41048,1
41049,1
41050,1
41051,5
41052,5
41053,5
41054,5
41055,5
41056,5
41057,5
41058,5
41059,1
41060,1
41061,5
41062,1
41063,5
41064,1
41065,3
41066,5
41067,5
41068,5
41069,5
41070,5
41071,5
41072,5
41073,5
41074,5
41075,5
41076,5
41077,5
41078,5
41079,5
41080,5
41081,5
41082,5
41083,5
41084,1
41085,1
41086,1
41087,5
41088,5
41089,5
41090,5
41091,5
41092,5
41093,5
41094,1
41095,1
41096,5
41097,5
41098,5
41099,5
41100,5
41101,5
41102,5
41103,5
41104,5
41105,1
41106,1
41107,5
41108,5
41109,1
41110,5
41111,1
41112,5
41113,1
41114,5
41115,1
41116,3
41117,1
41118,1
41119,1
41120,5
41121,1
41122,5
41123,1
41124,5
41125,5
41126,5
41127,5
41128,5
41129,5
41130,5
41131,5
41132,5
41133,5
41134,1
41135,5
41136,1
41137,5
41138,5
41139,1
41140,5
41141,5
41142,5
41143,5
41144,5
41145,1
41146,5
41147,1
41148,5
41149,5
41150,1
41151,5
41152,5
41153,1
41154,1
41155,5
41156,5
41157,5
41158,5
41159,5
41160,5
41161,5
41162,5
41163,5
41164,5
41165,5
41166,5
41167,5
41168,5
41169,5
41170,5
41171,5
41172,5
41173,5
41174,1
41175,1
41176,1
41177,1
41178,1
41179,1
41180,5
41181,5
41182,5
41183,5
41184,5
41185,5
41186,5
41187,5
41188,5
41189,5
41190,5
41191,5
41192,5
41193,5
41194,5
41195,5
41196,5
41197,5
41198,5
41199,1
41200,5
41201,1
41202,5
41203,3
41204,1
41205,1
41206,1
41207,1
41208,5
41209,5
41210,1
41211,5
41212,1
41213,5
41214,1
41215,1
41216,5
41217,5
41218,5
41219,5
41220,5
41221,5
41222,5
41223,5
41224,5
41225,1
41226,5
41227,1
41228,1
41229,5
41230,1
41231,5
41232,1
41233,1
41234,1
41235,5
41236,1
41237,5
41238,5
41239,5
41240,5
41241,1
41242,5
41243,1
41244,5
41245,5
41246,5
41247,1
41248,5
41249,1
41250,5
41251,5
41252,5
41253,5
41254,5
41255,5
41256,5
41257,5
41258,5
41259,5
41260,5
41261,5
41262,5
41263,1
41264,1
41265,5
41266,1
41267,1
41268,5
41269,5
41270,5
41271,1
41272,1
41273,5
41274,1
41275,3
41276,1
41277,1
41278,1
41279,5
41280,5
41281,5
41282,5
41283,5
41284,5
41285,5
41286,5
41287,5
41288,5
41289,5
41290,5
41291,5
41292,5
41293,5
41294,5
41295,5
41296,1
41297,1
41298,1
41299,1
41300,1
41301,1
41302,5
41303,1
41304,5
41305,1
41306,1
41307,1
41308,5
41309,1
41310,5
41311,1
41312,5
41313,1
41314,5
41315,5
41316,5
41317,5
41318,5
41319,5
41320,5
41321,5
41322,5
41323,5
41324,5
41325,5
41326,5
41327,5
41328,5
41329,5
41330,5
41331,5
41332,1
41333,5
41334,1
41335,5
41336,5
41337,5
41338,5
41339,1
41340,3
41341,1
41342,1
41343,5
41344,3
41345,1
41346,5
41347,5
41348,5
41349,5
41350,5
41351,5
41352,5
41353,5
41354,5
41355,5
41356,5
41357,5
41358,5
41359,5
41360,5
41361,5
41362,5
41363,5
41364,5
41365,1
41366,5
41367,1
41368,1
41369,1
41370,1
41371,5
41372,1
41373,1
41374,1
41375,1
41376,5
41377,5
41378,5
41379,5
41380,5
41381,1
41382,5
41383,5
41384,1
41385,1
41386,5
41387,5
41388,5
41389,1
41390,1
41391,5
41392,5
41393,5
41394,5
41395,1
41396,5
41397,5
41398,5
41399,5
41400,5
41401,5
41402,5
41403,5
41404,5
41405,5
41406,1
41407,1
41408,5
41409,5
41410,5
41411,5
41412,5
41413,5
41414,5
41415,5
41416,5
41417,5
41418,5
41419,5
41420,1
41421,1
41422,1
41423,1
41424,1
41425,1
41426,1
41427,3
41428,1
41429,1
41430,5
41431,1
41432,1
41433,1
41434,1
41435,1
41436,1
41437,1
41438,5
41439,5
41440,1
41441,5
41442,1
41443,5
41444,5
41445,5
41446,5
41447,5
41448,1
41449,1
41450,1
41451,5
41452,1
41453,5
41454,5
41455,1
41456,5
41457,5
41458,5
41459,5
41460,5
41461,5
41462,5
41463,5
41464,1
41465,1
41466,5
41467,1
41468,5
41469,1
41470,1
41471,1
41472,1
41473,5
41474,5
41475,5
41476,5
41477,5
41478,1
41479,1
41480,5
41481,1
41482,5
41483,5
41484,5
41485,1
41486,1
41487,5
41488,5
41489,5
41490,5
41491,5
41492,5
41493,5
41494,5
41495,5
41496,5
41497,5
41498,5
41499,5
41500,5
41501,1
41502,5
41503,1
41504,1
41505,1
41506,1
41507,5
41508,1
41509,5
41510,5
41511,5
41512,1
41513,5
41514,1
41515,5
41516,1
41517,5
41518,1
41519,1
41520,5
41521,5
41522,5
41523,5
41524,5
41525,5
41526,5
41527,5
41528,5
41529,5
41530,5
41531,5
41532,5
41533,5
41534,5
41535,5
41536,5
41537,1
41538,5
41539,5
41540,1
41541,1
41542,5
41543,5
41544,5
41545,1
41546,5
41547,5
41548,5
41549,5
41550,1
41551,5
41552,5
41553,5
41554,5
41555,5
41556,5
41557,5
41558,5
41559,5
41560,5
41561,5
41562,1
41563,5
41564,1
41565,5
41566,1
41567,5
41568,5
41569,1
41570,5
41571,1
41572,5
41573,1
41574,5
41575,5
41576,1
41577,1
41578,1
41579,1
41580,5
41581,5
41582,5
41583,5
41584,5
41585,5
41586,1
41587,5
41588,5
41589,5
41590,5
41591,5
41592,5
41593,5
41594,5
41595,5
41596,5
41597,5
41598,5
41599,1
41600,1
41601,1
41602,1
41603,5
41604,1
41605,5
41606,1
41607,1
41608,5
41609,1
41610,1
41611,1
41612,1
41613,5
41614,1
41615,5
41616,5
41617,5
41618,1
41619,5
41620,5
41621,1
41622,5
41623,5
41624,5
41625,5
41626,5
41627,5
41628,1
41629,5
41630,1
41631,1
41632,1
41633,1
41634,1
41635,1
41636,1
41637,5
41638,1
41639,1
41640,5
41641,5
41642,1
41643,1
41644,1
41645,5
41646,5
41647,5
41648,5
41649,5
41650,5
41651,5
41652,5
41653,5
41654,5
41655,5
41656,5
41657,5
41658,5
41659,5
41660,5
41661,5
41662,5
41663,5
41664,5
41665,5
41666,5
41667,5
41668,5
41669,1
41670,5
41671,1
41672,1
41673,1
41674,1
41675,1
41676,1
41677,1
41678,1
41679,1
41680,1
41681,5
41682,5
41683,5
41684,5
41685,5
41686,1
41687,5
41688,1
41689,5
41690,5
41691,1
41692,5
41693,5
41694,5
41695,5
41696,5
41697,5
41698,5
41699,5
41700,5
41701,5
41702,5
41703,5
41704,5
41705,5
41706,5
41707,5
41708,1
41709,1
41710,5
41711,5
41712,5
41713,1
41714,1
41715,5
41716,1
41717,5
41718,1
41719,1
41720,5
41721,5
41722,5
41723,5
41724,5
41725,5
41726,5
41727,5
41728,1
41729,5
41730,5
41731,5
41732,5
41733,5
41734,5
41735,5
41736,5
41737,5
41738,5
41739,5
41740,5
41741,5
41742,5
41743,1
41744,5
41745,1
41746,5
41747,1
41748,5
41749,1
41750,5
41751,1
41752,5
41753,1
41754,1
41755,1
41756,1
41757,1
41758,1
41759,1
41760,1
41761,5
41762,1
41763,1
41764,1
41765,1
41766,1
41767,1
41768,1
41769,5
41770,5
41771,1
41772,5
41773,5
41774,5
41775,5
41776,1
41777,5
41778,5
41779,5
41780,5
41781,5
41782,5
41783,5
41784,5
41785,5
41786,5
41787,5
41788,1
41789,1
41790,5
41791,1
41792,1
41793,1
41794,5
41795,5
41796,1
41797,5
41798,1
41799,1
41800,1
41801,5
41802,5
41803,5
41804,5
41805,1
41806,1
41807,5
41808,5
41809,5
41810,5
41811,1
41812,5
41813,5
41814,5
41815,5
41816,1
41817,1
41818,5
41819,1
41820,1
41821,5
41822,1
41823,5
41824,5
41825,5
41826,1
41827,1
41828,5
41829,1
41830,5
41831,1
41832,5
41833,5
41834,5
41835,5
41836,1
41837,1
41838,5
41839,5
41840,5
41841,5
41842,5
41843,5
41844,5
41845,5
41846,5
41847,5
41848,5
41849,5
41850,5
41851,5
41852,5
41853,5
41854,5
41855,5
41856,5
41857,5
41858,1
41859,1
41860,1
41861,5
41862,1
41863,1
41864,1
41865,5
41866,1
41867,5
41868,5
41869,1
41870,5
41871,1
41872,5
41873,5
41874,1
41875,5
41876,5
41877,1
41878,5
41879,5
41880,5
41881,5
41882,5
41883,5
41884,5
41885,5
41886,5
41887,5
41888,5
41889,5
41890,3
41891,5
41892,1
41893,5
41894,1
41895,1
41896,1
41897,1
41898,1
41899,1
41900,5
41901,5
41902,5
41903,1
41904,5
41905,1
41906,5
41907,1
41908,5
41909,5
41910,1
41911,5
41912,1
41913,1
41914,5
41915,5
41916,5
41917,5
41918,5
41919,5
41920,5
41921,5
41922,5
41923,5
41924,5
41925,5
41926,5
41927,5
41928,5
41929,5
41930,5
41931,5
41932,5
41933,5
41934,1
41935,1
41936,1
41937,1
41938,5
41939,5
41940,5
41941,1
41942,5
41943,5
41944,5
41945,1
41946,1
41947,5
41948,3
41949,5
41950,1
41951,5
41952,1
41953,5
41954,5
41955,5
41956,5
41957,5
41958,5
41959,5
41960,5
41961,5
41962,1
41963,1
41964,1
41965,5
41966,5
41967,1
41968,1
41969,5
41970,5
41971,5
41972,1
41973,5
41974,5
41975,5
41976,1
41977,1
41978,1
41979,5
41980,5
41981,1
41982,1
41983,5
41984,5
41985,5
41986,5
41987,5
41988,5
41989,5
41990,5
41991,5
41992,5
41993,5
41994,5
41995,5
41996,5
41997,5
41998,5
41999,5
42000,5
42001,5
42002,5
42003,5
42004,5
42005,5
42006,5
42007,5
42008,5
42009,5
42010,5
42011,5
42012,5
42013,5
42014,5
42015,5
42016,1
42017,1
42018,1
42019,1
42020,1
42021,1
42022,1
42023,1
42024,1
42025,5
42026,1
42027,1
42028,1
42029,1
42030,5
42031,1
42032,5
42033,5
42034,5
42035,5
42036,5
42037,1
42038,5
42039,1
42040,5
42041,1
42042,5
42043,1
42044,5
42045,5
42046,5
42047,5
42048,5
42049,5
42050,3
42051,5
42052,5
42053,5
42054,5
42055,5
42056,5
42057,5
42058,5
42059,1
42060,1
42061,5
42062,1
42063,1
42064,1
42065,5
42066,5
42067,1
42068,5
42069,5
42070,1
42071,5
42072,1
42073,1
42074,5
42075,1
42076,1
42077,5
42078,1
42079,5
42080,1
42081,5
42082,5
42083,5
42084,3
42085,5
42086,5
42087,5
42088,5
42089,5
42090,5
42091,5
42092,5
42093,5
42094,5
42095,1
42096,5
42097,5
42098,5
42099,5
42100,5
42101,1
42102,1
42103,5
42104,5
42105,5
42106,1
42107,1
42108,1
42109,1
42110,1
42111,1
42112,5
42113,5
42114,5
42115,5
42116,1
42117,1
42118,1
42119,1
42120,1
42121,5
42122,5
42123,5
42124,5
42125,5
42126,5
42127,5
42128,3
42129,5
42130,1
42131,1
42132,5
42133,5
42134,1
42135,5
42136,5
42137,1
42138,5
42139,5
42140,5
42141,1
42142,5
42143,5
42144,5
42145,5
42146,5
42147,5
42148,5
42149,5
42150,5
42151,5
42152,5
42153,5
42154,5
42155,5
42156,5
42157,5
42158,1
42159,1
42160,1
42161,5
42162,1
42163,1
42164,5
42165,5
42166,5
42167,1
42168,5
42169,5
42170,1
42171,3
42172,1
42173,5
42174,5
42175,5
42176,3
42177,5
42178,5
42179,1
42180,1
42181,5
42182,1
42183,5
42184,5
42185,5
42186,5
42187,5
42188,5
42189,5
42190,5
42191,5
42192,5
42193,5
42194,1
42195,1
42196,1
42197,1
42198,1
42199,1
42200,1
42201,1
42202,1
42203,5
42204,1
42205,1
42206,1
42207,5
42208,5
42209,5
42210,5
42211,5
42212,1
42213,3
42214,3
42215,1
42216,1
42217,5
42218,5
42219,1
42220,5
42221,5
42222,1
42223,3
42224,5
42225,5
42226,5
42227,5
42228,5
42229,5
42230,5
42231,5
42232,5
42233,5
42234,5
42235,1
42236,1
42237,1
42238,1
42239,5
42240,1
42241,1
42242,1
42243,1
42244,1
42245,1
42246,1
42247,1
42248,1
42249,5
42250,1
42251,1
42252,5
42253,1
42254,3
42255,1
42256,1
42257,1
42258,5
42259,5
42260,5
42261,5
42262,5
42263,5
42264,5
42265,5
42266,1
42267,1
42268,1
42269,5
42270,1
42271,5
42272,5
42273,5
42274,5
42275,5
42276,5
42277,1
42278,5
42279,1
42280,5
42281,1
42282,5
42283,1
42284,5
42285,1
42286,5
42287,1
42288,5
42289,5
42290,5
42291,1
42292,1
42293,1
42294,5
42295,5
42296,1
42297,5
42298,1
42299,5
42300,3
42301,3
42302,5
42303,5
42304,5
42305,5
42306,5
42307,5
42308,5
42309,5
42310,5
42311,5
42312,5
42313,1
42314,1
42315,5
42316,1
42317,1
42318,5
42319,5
42320,1
42321,5
42322,1
42323,5
42324,1
42325,1
42326,5
42327,1
42328,5
42329,1
42330,5
42331,1
42332,1
42333,5
42334,1
42335,5
42336,1
42337,5
42338,3
42339,1
42340,1
42341,5
42342,5
42343,5
42344,1
42345,5
42346,1
42347,1
42348,5
42349,5
42350,5
42351,5
42352,5
42353,5
42354,5
42355,5
42356,5
42357,1
42358,3
42359,5
42360,1
42361,1
42362,5
42363,5
42364,5
42365,1
42366,1
42367,5
42368,1
42369,1
42370,5
42371,5
42372,5
42373,1
42374,1
42375,5
42376,1
42377,1
42378,5
42379,1
42380,1
42381,5
42382,1
42383,5
42384,1
42385,1
42386,5
42387,5
42388,5
42389,1
42390,1
42391,5
42392,5
42393,1
42394,1
42395,1
42396,1
42397,5
42398,1
42399,5
42400,5
42401,1
42402,1
42403,1
42404,1
42405,1
42406,1
42407,5
42408,1
42409,1
42410,1
42411,5
42412,5
42413,1
42414,1
42415,5
42416,1
42417,5
42418,3
42419,5
42420,5
42421,1
42422,5
42423,5
42424,1
42425,5
42426,5
42427,1
42428,5
42429,1
42430,3
42431,5
42432,5
42433,5
42434,5
42435,1
42436,5
42437,5
42438,5
42439,1
42440,5
42441,1
42442,5
42443,1
42444,5
42445,1
42446,1
42447,1
42448,1
42449,1
42450,5
42451,1
42452,1
42453,5
42454,5
42455,5
42456,1
42457,1
42458,1
42459,5
42460,1
42461,5
42462,1
42463,5
42464,5
42465,5
42466,5
42467,1
42468,5
42469,5
42470,5
42471,5
42472,5
42473,5
42474,5
42475,5
42476,5
42477,5
42478,5
42479,5
42480,5
42481,5
42482,5
42483,1
42484,1
42485,1
42486,5
42487,1
42488,5
42489,1
42490,1
42491,1
42492,1
42493,3
42494,1
42495,5
42496,5
42497,1
42498,5
42499,1
42500,1
42501,5
42502,1
42503,1
42504,1
42505,5
42506,1
42507,5
42508,5
42509,1
42510,1
42511,5
42512,1
42513,5
42514,1
42515,1
42516,5
42517,5
42518,5
42519,1
42520,1
42521,5
42522,5
42523,5
42524,5
42525,5
42526,5
42527,5
42528,5
42529,5
42530,5
42531,5
42532,5
42533,1
42534,1
42535,1
42536,1
42537,1
42538,5
42539,1
42540,5
42541,5
42542,5
42543,1
42544,5
42545,1
42546,5
42547,1
42548,5
42549,1
42550,5
42551,1
42552,1
42553,1
42554,1
42555,1
42556,1
42557,1
42558,1
42559,5
42560,1
42561,1
42562,5
42563,5
42564,1
42565,5
42566,1
42567,5
42568,5
42569,1
42570,5
42571,5
42572,1
42573,1
42574,1
42575,5
42576,1
42577,1
42578,1
42579,5
42580,1
42581,5
42582,1
42583,5
42584,1
42585,1
42586,1
42587,5
42588,5
42589,5
42590,1
42591,5
42592,1
42593,5
42594,5
42595,1
42596,1
42597,1
42598,1
42599,5
42600,1
42601,5
42602,5
42603,1
42604,5
42605,1
42606,1
42607,5
42608,5
42609,5
42610,5
42611,1
42612,5
42613,1
42614,5
42615,5
42616,5
42617,5
42618,5
42619,5
42620,5
42621,5
42622,5
42623,1
42624,1
42625,1
42626,1
42627,5
42628,1
42629,5
42630,5
42631,1
42632,1
42633,5
42634,5
42635,5
42636,5
42637,1
42638,1
42639,1
42640,1
42641,5
42642,5
42643,1
42644,1
42645,5
42646,5
42647,5
42648,5
42649,5
42650,5
42651,1
42652,1
42653,1
42654,1
42655,1
42656,1
42657,3
42658,3
42659,5
42660,5
42661,5
42662,5
42663,1
42664,5
42665,5
42666,3
42667,5
42668,5
42669,5
42670,5
42671,5
42672,5
42673,5
42674,5
42675,1
42676,1
42677,5
42678,1
42679,1
42680,5
42681,1
42682,1
42683,5
42684,5
42685,1
42686,5
42687,1
42688,1
42689,1
42690,5
42691,1
42692,1
42693,5
42694,1
42695,1
42696,1
42697,5
42698,1
42699,1
42700,5
42701,1
42702,5
42703,5
42704,5
42705,5
42706,5
42707,5
42708,5
42709,5
42710,5
42711,5
42712,5
42713,5
42714,5
42715,5
42716,5
42717,5
42718,5
42719,5
42720,5
42721,5
42722,5
42723,5
42724,1
42725,5
42726,1
42727,1
42728,1
42729,1
42730,1
42731,5
42732,1
42733,1
42734,5
42735,1
42736,1
42737,5
42738,1
42739,5
42740,5
42741,1
42742,1
42743,1
42744,1
42745,5
42746,5
42747,1
42748,5
42749,1
42750,1
42751,5
42752,1
42753,5
42754,1
42755,5
42756,5
42757,5
42758,5
42759,5
42760,1
42761,5
42762,5
42763,5
42764,1
42765,5
42766,5
42767,1
42768,5
42769,5
42770,5
42771,5
42772,5
42773,5
42774,5
42775,5
42776,1
42777,5
42778,5
42779,1
42780,5
42781,1
42782,1
42783,1
42784,1
42785,1
42786,5
42787,5
42788,5
42789,1
42790,5
42791,1
42792,5
42793,5
42794,5
42795,5
42796,1
42797,1
42798,5
42799,5
42800,5
42801,5
42802,5
42803,5
42804,5
42805,5
42806,5
42807,5
42808,5
42809,1
42810,5
42811,5
42812,1
42813,5
42814,5
42815,5
42816,1
42817,5
42818,1
42819,5
42820,1
42821,5
42822,5
42823,1
42824,1
42825,5
42826,1
42827,1
42828,1
42829,1
42830,5
42831,1
42832,1
42833,1
42834,5
42835,5
42836,5
42837,5
42838,1
42839,5
42840,5
42841,1
42842,1
42843,5
42844,5
42845,5
42846,5
42847,5
42848,5
42849,5
42850,5
42851,5
42852,5
42853,5
42854,5
42855,1
42856,1
42857,5
42858,5
42859,1
42860,1
42861,1
42862,1
42863,1
42864,1
42865,5
42866,1
42867,5
42868,5
42869,1
42870,1
42871,1
42872,5
42873,1
42874,5
42875,1
42876,5
42877,1
42878,1
42879,5
42880,1
42881,5
42882,5
42883,1
42884,5
42885,1
42886,5
42887,5
42888,5
42889,1
42890,5
42891,5
42892,5
42893,5
42894,5
42895,5
42896,5
42897,1
42898,1
42899,5
42900,1
42901,5
42902,1
42903,5
42904,5
42905,1
42906,5
42907,1
42908,5
42909,1
42910,5
42911,1
42912,5
42913,1
42914,1
42915,1
42916,1
42917,1
42918,1
42919,5
42920,1
42921,5
42922,5
42923,5
42924,5
42925,1
42926,3
42927,5
42928,1
42929,5
42930,5
42931,5
42932,5
42933,1
42934,1
42935,1
42936,5
42937,5
42938,5
42939,5
42940,5
42941,5
42942,5
42943,5
42944,5
42945,5
42946,1
42947,5
42948,1
42949,1
42950,5
42951,1
42952,1
42953,1
42954,5
42955,1
42956,5
42957,1
42958,1
42959,5
42960,5
42961,5
42962,1
42963,1
42964,1
42965,1
42966,1
42967,1
42968,5
42969,1
42970,5
42971,1
42972,1
42973,5
42974,1
42975,1
42976,5
42977,1
42978,1
42979,5
42980,1
42981,1
42982,5
42983,5
42984,5
42985,5
42986,5
42987,5
42988,1
42989,1
42990,1
42991,5
42992,1
42993,1
42994,1
42995,1
42996,1
42997,5
42998,1
42999,1
43000,1
43001,1
43002,1
43003,1
43004,5
43005,5
43006,1
43007,5
43008,1
43009,3
43010,5
43011,5
43012,5
43013,5
43014,1
43015,1
43016,5
43017,5
43018,5
43019,5
43020,5
43021,5
43022,5
43023,5
43024,5
43025,5
43026,5
43027,5
43028,5
43029,1
43030,5
43031,5
43032,5
43033,5
43034,5
43035,1
43036,1
43037,1
43038,1
43039,1
43040,1
43041,1
43042,1
43043,5
43044,1
43045,5
43046,5
43047,1
43048,1
43049,1
43050,1
43051,5
43052,5
43053,5
43054,1
43055,5
43056,1
43057,5
43058,1
43059,1
43060,1
43061,5
43062,1
43063,1
43064,5
43065,1
43066,1
43067,1
43068,5
43069,5
43070,5
43071,5
43072,5
43073,5
43074,5
43075,5
43076,5
43077,5
43078,5
43079,1
43080,1
43081,5
43082,1
43083,1
43084,1
43085,5
43086,5
43087,1
43088,5
43089,5
43090,5
43091,1
43092,5
43093,5
43094,1
43095,5
43096,1
43097,5
43098,5
43099,5
43100,5
43101,5
43102,5
43103,5
43104,1
43105,3
43106,5
43107,5
43108,5
43109,5
43110,5
43111,5
43112,5
43113,5
43114,5
43115,5
43116,1
43117,1
43118,1
43119,5
43120,1
43121,1
43122,1
43123,5
43124,1
43125,5
43126,5
43127,1
43128,5
43129,1
43130,5
43131,5
43132,5
43133,5
43134,1
43135,1
43136,1
43137,5
43138,5
43139,5
43140,5
43141,5
43142,5
43143,5
43144,5
43145,5
43146,5
43147,5
43148,5
43149,5
43150,5
43151,5
43152,3
43153,1
43154,1
43155,1
43156,5
43157,1
43158,1
43159,5
43160,5
43161,5
43162,5
43163,5
43164,5
43165,5
43166,1
43167,1
43168,5
43169,5
43170,1
43171,5
43172,5
43173,5
43174,5
43175,1
43176,1
43177,5
43178,5
43179,1
43180,5
43181,5
43182,5
43183,5
43184,5
43185,5
43186,1
43187,5
43188,5
43189,1
43190,1
43191,1
43192,1
43193,1
43194,5
43195,5
43196,1
43197,5
43198,5
43199,1
43200,1
43201,5
43202,1
43203,5
43204,5
43205,1
43206,1
43207,5
43208,1
43209,1
43210,1
43211,5
43212,1
43213,1
43214,1
43215,5
43216,5
43217,5
43218,1
43219,5
43220,1
43221,5
43222,5
43223,5
43224,5
43225,5
43226,5
43227,5
43228,5
43229,5
43230,5
43231,5
43232,5
43233,5
43234,1
43235,1
43236,1
43237,1
43238,5
43239,1
43240,1
43241,5
43242,1
43243,1
43244,5
43245,1
43246,1
43247,1
43248,1
43249,5
43250,1
43251,5
43252,5
43253,5
43254,5
43255,1
43256,5
43257,1
43258,5
43259,5
43260,1
43261,5
43262,5
43263,5
43264,5
43265,5
43266,5
43267,1
43268,5
43269,5
43270,1
43271,5
43272,5
43273,1
43274,5
43275,5
43276,5
43277,5
43278,5
43279,5
43280,5
43281,1
43282,5
43283,1
43284,1
43285,5
43286,5
43287,5
43288,5
43289,5
43290,1
43291,5
43292,5
43293,5
43294,5
43295,1
43296,1
43297,1
43298,5
43299,5
43300,5
43301,5
43302,1
43303,5
43304,5
43305,1
43306,1
43307,5
43308,1
43309,1
43310,5
43311,5
43312,5
43313,1
43314,5
43315,5
43316,1
43317,1
43318,1
43319,1
43320,5
43321,5
43322,5
43323,5
43324,1
43325,5
43326,5
43327,3
43328,1
43329,5
43330,5
43331,5
43332,5
43333,5
43334,5
43335,1
43336,1
43337,5
43338,5
43339,1
43340,5
43341,1
43342,5
43343,1
43344,5
43345,5
43346,5
43347,1
43348,3
43349,5
43350,5
43351,1
43352,1
43353,5
43354,1
43355,1
43356,5
43357,1
43358,1
43359,5
43360,5
43361,5
43362,1
43363,5
43364,5
43365,3
43366,1
43367,5
43368,5
43369,5
43370,5
43371,5
43372,5
43373,5
43374,5
43375,1
43376,1
43377,1
43378,5
43379,5
43380,5
43381,5
43382,5
43383,5
43384,1
43385,5
43386,5
43387,5
43388,5
43389,5
43390,5
43391,1
43392,5
43393,1
43394,1
43395,1
43396,1
43397,5
43398,1
43399,1
43400,1
43401,5
43402,5
43403,1
43404,5
43405,5
43406,5
43407,5
43408,5
43409,5
43410,1
43411,5
43412,5
43413,5
43414,5
43415,5
43416,5
43417,1
43418,1
43419,1
43420,1
43421,1
43422,1
43423,5
43424,1
43425,1
43426,1
43427,1
43428,3
43429,1
43430,5
43431,1
43432,5
43433,5
43434,5
43435,5
43436,1
43437,3
43438,1
43439,1
43440,5
43441,5
43442,5
43443,1
43444,5
43445,5
43446,1
43447,5
43448,5
43449,5
43450,5
43451,5
43452,5
43453,5
43454,3
43455,5
43456,5
43457,5
43458,1
43459,1
43460,5
43461,5
43462,5
43463,1
43464,5
43465,1
43466,1
43467,1
43468,5
43469,1
43470,5
43471,1
43472,5
43473,5
43474,1
43475,5
43476,1
43477,5
43478,5
43479,5
43480,5
43481,5
43482,5
43483,5
43484,5
43485,1
43486,5
43487,5
43488,5
43489,5
43490,5
43491,5
43492,1
43493,5
43494,1
43495,5
43496,5
43497,5
43498,5
43499,5
43500,5
43501,1
43502,1
43503,1
43504,1
43505,5
43506,5
43507,1
43508,1
43509,5
43510,5
43511,5
43512,3
43513,1
43514,5
43515,1
43516,1
43517,5
43518,1
43519,1
43520,5
43521,5
43522,5
43523,5
43524,5
43525,5
43526,1
43527,5
43528,1
43529,1
43530,1
43531,1
43532,1
43533,1
43534,5
43535,1
43536,5
43537,1
43538,1
43539,1
43540,1
43541,1
43542,5
43543,5
43544,1
43545,5
43546,1
43547,1
43548,5
43549,3
43550,5
43551,5
43552,5
43553,1
43554,5
43555,1
43556,1
43557,5
43558,5
43559,1
43560,1
43561,5
43562,5
43563,5
43564,5
43565,3
43566,5
43567,5
43568,5
43569,5
43570,1
43571,5
43572,1
43573,5
43574,1
43575,1
43576,1
43577,5
43578,1
43579,5
43580,1
43581,1
43582,1
43583,1
43584,5
43585,5
43586,1
43587,5
43588,1
43589,1
43590,1
43591,5
43592,3
43593,5
43594,5
43595,1
43596,1
43597,5
43598,3
43599,1
43600,1
43601,5
43602,1
43603,1
43604,5
43605,5
43606,5
43607,1
43608,5
43609,5
43610,5
43611,3
43612,5
43613,5
43614,1
43615,5
43616,1
43617,1
43618,1
43619,1
43620,5
43621,1
43622,1
43623,5
43624,1
43625,1
43626,1
43627,1
43628,1
43629,5
43630,5
43631,1
43632,5
43633,1
43634,1
43635,1
43636,1
43637,1
43638,1
43639,1
43640,1
43641,1
43642,1
43643,1
43644,1
43645,5
43646,5
43647,5
43648,5
43649,1
43650,5
43651,1
43652,1
43653,5
43654,5
43655,5
43656,5
43657,1
43658,5
43659,5
43660,5
43661,5
43662,5
43663,5
43664,5
43665,1
43666,1
43667,1
43668,1
43669,5
43670,5
43671,5
43672,5
43673,5
43674,1
43675,1
43676,5
43677,1
43678,5
43679,5
43680,5
43681,1
43682,1
43683,5
43684,5
43685,1
43686,5
43687,5
43688,3
43689,1
43690,5
43691,5
43692,1
43693,5
43694,5
43695,5
43696,5
43697,1
43698,5
43699,5
43700,5
43701,1
43702,5
43703,1
43704,5
43705,1
43706,5
43707,1
43708,5
43709,1
43710,1
43711,1
43712,5
43713,5
43714,5
43715,5
43716,1
43717,5
43718,1
43719,5
43720,1
43721,1
43722,5
43723,5
43724,1
43725,5
43726,5
43727,1
43728,5
43729,5
43730,1
43731,1
43732,1
43733,5
43734,5
43735,3
43736,5
43737,5
43738,5
43739,5
43740,5
43741,5
43742,5
43743,5
43744,5
43745,5
43746,5
43747,1
43748,1
43749,1
43750,1
43751,5
43752,5
43753,1
43754,1
43755,5
43756,5
43757,5
43758,1
43759,3
43760,5
43761,5
43762,5
43763,1
43764,1
43765,5
43766,1
43767,1
43768,5
43769,1
43770,1
43771,3
43772,5
43773,1
43774,5
43775,5
43776,5
43777,5
43778,1
43779,5
43780,5
43781,5
43782,1
43783,5
43784,5
43785,5
43786,5
43787,5
43788,1
43789,1
43790,1
43791,5
43792,1
43793,1
43794,5
43795,1
43796,5
43797,1
43798,5
43799,1
43800,5
43801,1
43802,1
43803,1
43804,5
43805,1
43806,5
43807,5
43808,5
43809,5
43810,1
43811,1
43812,5
43813,5
43814,5
43815,5
43816,3
43817,1
43818,5
43819,5
43820,5
43821,5
43822,5
43823,1
43824,5
43825,5
43826,5
43827,5
43828,5
43829,5
43830,5
43831,5
43832,5
43833,5
43834,5
43835,5
43836,5
43837,1
43838,5
43839,5
43840,5
43841,1
43842,1
43843,1
43844,5
43845,1
43846,1
43847,1
43848,5
43849,5
43850,1
43851,5
43852,1
43853,5
43854,1
43855,1
43856,1
43857,5
43858,5
43859,1
43860,1
43861,5
43862,1
43863,1
43864,1
43865,5
43866,1
43867,5
43868,5
43869,5
43870,1
43871,1
43872,5
43873,5
43874,5
43875,5
43876,5
43877,1
43878,5
43879,1
43880,5
43881,5
43882,5
43883,5
43884,1
43885,5
43886,5
43887,5
43888,5
43889,5
43890,5
43891,5
43892,5
43893,5
43894,5
43895,5
43896,1
43897,5
43898,1
43899,1
43900,1
43901,5
43902,1
43903,5
43904,5
43905,5
43906,1
43907,1
43908,1
43909,1
43910,5
43911,5
43912,3
43913,5
43914,5
43915,1
43916,5
43917,5
43918,5
43919,5
43920,5
43921,1
43922,1
43923,1
43924,5
43925,5
43926,1
43927,5
43928,1
43929,5
43930,5
43931,3
43932,5
43933,1
43934,5
43935,5
43936,5
43937,5
43938,1
43939,5
43940,5
43941,1
43942,1
43943,1
43944,1
43945,5
43946,1
43947,1
43948,1
43949,1
43950,1
43951,1
43952,1
43953,5
43954,1
43955,1
43956,1
43957,1
43958,1
43959,5
43960,1
43961,1
43962,5
43963,5
43964,1
43965,5
43966,1
43967,5
43968,5
43969,1
43970,5
43971,1
43972,5
43973,5
43974,5
43975,5
43976,5
43977,5
43978,5
43979,3
43980,5
43981,5
43982,5
43983,5
43984,5
43985,5
43986,5
43987,5
43988,5
43989,5
43990,5
43991,1
43992,1
43993,1
43994,1
43995,1
43996,1
43997,5
43998,5
43999,5
44000,5
44001,5
44002,5
44003,5
44004,1
44005,5
44006,1
44007,5
44008,5
44009,5
44010,1
44011,5
44012,1
44013,1
44014,5
44015,1
44016,5
44017,5
44018,1
44019,5
44020,5
44021,1
44022,5
44023,1
44024,5
44025,5
44026,5
44027,5
44028,5
44029,1
44030,5
44031,5
44032,5
44033,5
44034,5
44035,5
44036,5
44037,5
44038,1
44039,1
44040,1
44041,1
44042,1
44043,1
44044,1
44045,5
44046,1
44047,1
44048,5
44049,5
44050,1
44051,1
44052,5
44053,1
44054,1
44055,5
44056,1
44057,5
44058,5
44059,1
44060,5
44061,1
44062,5
44063,5
44064,5
44065,5
44066,5
44067,5
44068,5
44069,5
44070,5
44071,1
44072,1
44073,1
44074,5
44075,5
44076,1
44077,1
44078,1
44079,1
44080,5
44081,1
44082,1
44083,1
44084,5
44085,5
44086,1
44087,5
44088,1
44089,1
44090,1
44091,1
44092,1
44093,1
44094,5
44095,1
44096,5
44097,1
44098,5
44099,5
44100,5
44101,5
44102,5
44103,5
44104,5
44105,5
44106,5
44107,5
44108,5
44109,1
44110,1
44111,1
44112,5
44113,1
44114,5
44115,1
44116,5
44117,1
44118,1
44119,1
44120,1
44121,1
44122,1
44123,1
44124,5
44125,1
44126,1
44127,1
44128,5
44129,5
44130,1
44131,5
44132,1
44133,1
44134,5
44135,5
44136,3
44137,5
44138,1
44139,5
44140,1
44141,1
44142,5
44143,5
44144,5
44145,5
44146,5
44147,5
44148,5
44149,1
44150,1
44151,1
44152,5
44153,5
44154,5
44155,5
44156,1
44157,1
44158,1
44159,1
44160,5
44161,1
44162,5
44163,5
44164,5
44165,1
44166,5
44167,5
44168,1
44169,5
44170,5
44171,5
44172,1
44173,5
44174,1
44175,5
44176,1
44177,5
44178,5
44179,5
44180,5
44181,5
44182,5
44183,1
44184,5
44185,5
44186,5
44187,1
44188,5
44189,5
44190,5
44191,5
44192,5
44193,5
44194,1
44195,5
44196,5
44197,5
44198,5
44199,5
44200,1
44201,5
44202,5
44203,5
44204,1
44205,5
44206,5
44207,1
44208,1
44209,1
44210,1
44211,1
44212,1
44213,5
44214,5
44215,1
44216,1
44217,1
44218,5
44219,5
44220,5
44221,1
44222,5
44223,5
44224,1
44225,1
44226,5
44227,1
44228,1
44229,1
44230,5
44231,1
44232,5
44233,5
44234,3
44235,5
44236,1
44237,5
44238,5
44239,5
44240,5
44241,5
44242,5
44243,5
44244,5
44245,5
44246,1
44247,5
44248,5
44249,5
44250,1
44251,5
44252,1
44253,1
44254,1
44255,1
44256,5
44257,1
44258,1
44259,1
44260,1
44261,1
44262,1
44263,1
44264,1
44265,1
44266,1
44267,5
44268,5
44269,1
44270,5
44271,1
44272,5
44273,5
44274,5
44275,1
44276,1
44277,5
44278,5
44279,1
44280,1
44281,1
44282,5
44283,5
44284,5
44285,5
44286,5
44287,5
44288,5
44289,5
44290,5
44291,5
44292,5
44293,5
44294,5
44295,5
44296,5
44297,5
44298,5
44299,5
44300,5
44301,1
44302,1
44303,5
44304,1
44305,1
44306,1
44307,5
44308,1
44309,5
44310,5
44311,1
44312,5
44313,1
44314,5
44315,5
44316,5
44317,5
44318,5
44319,5
44320,1
44321,5
44322,5
44323,5
44324,1
44325,5
44326,5
44327,5
44328,5
44329,5
44330,5
44331,5
44332,5
44333,5
44334,5
44335,5
44336,5
44337,5
44338,5
44339,5
44340,5
44341,5
44342,1
44343,1
44344,5
44345,5
44346,1
44347,5
44348,5
44349,5
44350,1
44351,5
44352,5
44353,1
44354,5
44355,5
44356,1
44357,5
44358,5
44359,5
44360,1
44361,1
44362,5
44363,1
44364,1
44365,1
44366,5
44367,5
44368,5
44369,1
44370,5
44371,5
44372,5
44373,5
44374,5
44375,5
44376,5
44377,1
44378,1
44379,5
44380,1
44381,1
44382,1
44383,1
44384,5
44385,5
44386,1
44387,5
44388,1
44389,5
44390,1
44391,1
44392,1
44393,5
44394,1
44395,1
44396,1
44397,1
44398,1
44399,1
44400,1
44401,5
44402,1
44403,1
44404,5
44405,1
44406,5
44407,5
44408,1
44409,1
44410,1
44411,5
44412,5
44413,5
44414,1
44415,5
44416,5
44417,5
44418,5
44419,5
44420,5
44421,5
44422,1
44423,5
44424,1
44425,5
44426,1
44427,5
44428,5
44429,5
44430,5
44431,5
44432,5
44433,5
44434,5
44435,5
44436,5
44437,5
44438,5
44439,5
44440,5
44441,5
44442,5
44443,5
44444,5
44445,1
44446,1
44447,5
44448,1
44449,1
44450,5
44451,1
44452,1
44453,1
44454,1
44455,1
44456,1
44457,1
44458,5
44459,1
44460,1
44461,1
44462,5
44463,5
44464,5
44465,5
44466,5
44467,1
44468,1
44469,1
44470,1
44471,5
44472,5
44473,1
44474,1
44475,5
44476,5
44477,1
44478,1
44479,1
44480,1
44481,5
44482,5
44483,5
44484,1
44485,5
44486,5
44487,5
44488,5
44489,5
44490,5
44491,5
44492,5
44493,5
44494,5
44495,5
44496,5
44497,5
44498,5
44499,1
44500,5
44501,1
44502,1
44503,5
44504,5
44505,5
44506,1
44507,1
44508,1
44509,1
44510,1
44511,1
44512,1
44513,1
44514,1
44515,5
44516,5
44517,1
44518,3
44519,5
44520,1
44521,5
44522,5
44523,1
44524,5
44525,5
44526,5
44527,1
44528,5
44529,1
44530,5
44531,1
44532,5
44533,5
44534,5
44535,5
44536,5
44537,5
44538,5
44539,5
44540,1
44541,1
44542,5
44543,5
44544,5
44545,5
44546,5
44547,5
44548,3
44549,5
44550,5
44551,5
44552,5
44553,1
44554,5
44555,5
44556,1
44557,1
44558,5
44559,1
44560,1
44561,1
44562,5
44563,1
44564,5
44565,1
44566,5
44567,1
44568,5
44569,5
44570,1
44571,3
44572,1
44573,1
44574,5
44575,5
44576,1
44577,1
44578,5
44579,5
44580,5
44581,5
44582,5
44583,5
44584,5
44585,1
44586,5
44587,5
44588,1
44589,5
44590,5
44591,5
44592,5
44593,1
44594,1
44595,1
44596,5
44597,5
44598,1
44599,5
44600,5
44601,5
44602,5
44603,5
44604,1
44605,1
44606,5
44607,1
44608,5
44609,1
44610,1
44611,1
44612,1
44613,5
44614,3
44615,5
44616,1
44617,5
44618,1
44619,5
44620,1
44621,5
44622,1
44623,5
44624,5
44625,1
44626,1
44627,1
44628,1
44629,5
44630,1
44631,5
44632,5
44633,5
44634,5
44635,5
44636,1
44637,5
44638,5
44639,5
44640,5
44641,1
44642,5
44643,5
44644,5
44645,5
44646,5
44647,5
44648,1
44649,5
44650,5
44651,1
44652,1
44653,5
44654,1
44655,1
44656,5
44657,1
44658,1
44659,1
44660,5
44661,1
44662,1
44663,1
44664,5
44665,5
44666,1
44667,5
44668,5
44669,5
44670,1
44671,5
44672,5
44673,5
44674,1
44675,1
44676,1
44677,5
44678,5
44679,5
44680,5
44681,5
44682,5
44683,5
44684,5
44685,1
44686,1
44687,1
44688,1
44689,1
44690,5
44691,1
44692,1
44693,1
44694,1
44695,1
44696,1
44697,5
44698,1
44699,5
44700,1
44701,5
44702,1
44703,3
44704,1
44705,1
44706,5
44707,5
44708,5
44709,1
44710,5
44711,5
44712,1
44713,5
44714,5
44715,1
44716,1
44717,5
44718,5
44719,5
44720,5
44721,1
44722,5
44723,5
44724,5
44725,5
44726,1
44727,5
44728,5
44729,5
44730,5
44731,5
44732,5
44733,5
44734,5
44735,5
44736,1
44737,1
44738,1
44739,1
44740,1
44741,1
44742,3
44743,1
44744,1
44745,5
44746,5
44747,5
44748,1
44749,1
44750,1
44751,5
44752,1
44753,1
44754,1
44755,1
44756,5
44757,5
44758,1
44759,1
44760,5
44761,5
44762,1
44763,1
44764,1
44765,1
44766,5
44767,1
44768,5
44769,1
44770,1
44771,5
44772,5
44773,5
44774,5
44775,5
44776,5
44777,1
44778,5
44779,5
44780,5
44781,5
44782,5
44783,5
44784,5
44785,5
44786,1
44787,5
44788,1
44789,1
44790,1
44791,5
44792,1
44793,1
44794,1
44795,5
44796,5
44797,5
44798,5
44799,5
44800,5
44801,1
44802,5
44803,1
44804,1
44805,1
44806,1
44807,5
44808,1
44809,5
44810,5
44811,1
44812,5
44813,1
44814,1
44815,5
44816,5
44817,5
44818,5
44819,1
44820,5
44821,5
44822,5
44823,1
44824,5
44825,5
44826,5
44827,5
44828,5
44829,5
44830,5
44831,5
44832,5
44833,1
44834,5
44835,1
44836,5
44837,5
44838,1
44839,1
44840,1
44841,5
44842,1
44843,1
44844,1
44845,1
44846,1
44847,1
44848,5
44849,3
44850,1
44851,1
44852,5
44853,5
44854,1
44855,5
44856,1
44857,1
44858,5
44859,1
44860,5
44861,1
44862,5
44863,5
44864,5
44865,5
44866,1
44867,1
44868,5
44869,5
44870,5
44871,1
44872,1
44873,5
44874,5
44875,5
44876,5
44877,5
44878,1
44879,5
44880,5
44881,5
44882,5
44883,5
44884,5
44885,1
44886,5
44887,5
44888,1
44889,1
44890,5
44891,1
44892,1
44893,5
44894,5
44895,5
44896,1
44897,5
44898,1
44899,3
44900,1
44901,5
44902,1
44903,1
44904,5
44905,1
44906,5
44907,5
44908,1
44909,5
44910,1
44911,5
44912,5
44913,5
44914,5
44915,5
44916,5
44917,1
44918,5
44919,1
44920,1
44921,5
44922,5
44923,1
44924,5
44925,5
44926,5
44927,5
44928,5
44929,5
44930,5
44931,1
44932,5
44933,5
44934,5
44935,1
44936,5
44937,5
44938,5
44939,1
44940,5
44941,5
44942,5
44943,5
44944,5
44945,1
44946,1
44947,1
44948,5
44949,1
44950,1
44951,1
44952,1
44953,1
44954,1
44955,1
44956,1
44957,5
44958,5
44959,1
44960,1
44961,5
44962,1
44963,1
44964,5
44965,1
44966,5
44967,1
44968,1
44969,1
44970,1
44971,5
44972,1
44973,1
44974,5
44975,5
44976,3
44977,1
44978,5
44979,5
44980,5
44981,5
44982,1
44983,5
44984,1
44985,3
44986,5
44987,5
44988,5
44989,5
44990,5
44991,5
44992,1
44993,1
44994,1
44995,1
44996,1
44997,1
44998,1
44999,1
45000,1
45001,5
45002,5
45003,5
45004,1
45005,1
45006,5
45007,1
45008,5
45009,1
45010,1
45011,5
45012,1
45013,5
45014,5
45015,5
45016,1
45017,1
45018,1
45019,1
45020,5
45021,5
45022,5
45023,5
45024,5
45025,5
45026,5
45027,1
45028,5
45029,5
45030,5
45031,5
45032,1
45033,1
45034,5
45035,1
45036,1
45037,1
45038,5
45039,1
45040,5
45041,1
45042,5
45043,1
45044,5
45045,3
45046,5
45047,1
45048,1
45049,1
45050,1
45051,5
45052,1
45053,5
45054,5
45055,5
45056,5
45057,5
45058,5
45059,1
45060,5
45061,1
45062,5
45063,5
45064,1
45065,5
45066,5
45067,1
45068,5
45069,5
45070,5
45071,1
45072,5
45073,1
45074,1
45075,5
45076,5
45077,5
45078,5
45079,5
45080,5
45081,5
45082,5
45083,5
45084,1
45085,1
45086,1
45087,1
45088,1
45089,1
45090,5
45091,5
45092,1
45093,1
45094,1
45095,1
45096,1
45097,1
45098,1
45099,1
45100,1
45101,5
45102,5
45103,5
45104,5
45105,5
45106,1
45107,5
45108,1
45109,5
45110,5
45111,5
45112,5
45113,5
45114,1
45115,5
45116,5
45117,1
45118,5
45119,5
45120,5
45121,5
45122,5
45123,1
45124,3
45125,5
45126,1
45127,5
45128,1
45129,1
45130,5
45131,5
45132,5
45133,1
45134,5
45135,1
45136,1
45137,1
45138,5
45139,5
45140,1
45141,1
45142,1
45143,1
45144,5
45145,5
45146,5
45147,5
45148,1
45149,5
45150,5
45151,5
45152,5
45153,1
45154,5
45155,5
45156,1
45157,3
45158,5
45159,5
45160,5
45161,5
45162,1
45163,5
45164,1
45165,3
45166,1
45167,5
45168,5
45169,1
45170,5
45171,5
45172,5
45173,5
45174,5
45175,5
45176,5
45177,5
45178,5
45179,5
45180,1
45181,5
45182,5
45183,5
45184,1
45185,1
45186,1
45187,1
45188,5
45189,1
45190,5
45191,1
45192,1
45193,1
45194,1
45195,5
45196,1
45197,5
45198,1
45199,1
45200,1
45201,1
45202,1
45203,5
45204,5
45205,5
45206,1
45207,5
45208,5
45209,1
45210,5
45211,5
45212,1
45213,1
45214,5
45215,5
45216,1
45217,5
45218,1
45219,3
45220,1
45221,1
45222,5
45223,5
45224,1
45225,5
45226,5
45227,5
45228,1
45229,5
45230,5
45231,5
45232,5
45233,1
45234,5
45235,5
45236,5
45237,5
45238,5
45239,5
45240,5
45241,5
45242,5
45243,1
45244,1
45245,5
45246,1
45247,5
45248,5
45249,1
45250,1
45251,5
45252,1
45253,1
45254,5
45255,5
45256,1
45257,5
45258,1
45259,1
45260,5
45261,1
45262,1
45263,5
45264,1
45265,1
45266,5
45267,1
45268,5
45269,5
45270,5
45271,1
45272,5
45273,5
45274,5
45275,1
45276,5
45277,1
45278,5
45279,5
45280,5
45281,1
45282,1
45283,5
45284,1
45285,1
45286,5
45287,5
45288,1
45289,1
45290,1
45291,5
45292,1
45293,1
45294,5
45295,1
45296,1
45297,1
45298,1
45299,5
45300,1
45301,5
45302,5
45303,5
45304,5
45305,5
45306,5
45307,5
45308,1
45309,5
45310,5
45311,1
45312,5
45313,5
45314,1
45315,5
45316,5
45317,1
45318,5
45319,1
45320,5
45321,5
45322,5
45323,5
45324,5
45325,5
45326,5
45327,5
45328,5
45329,5
45330,5
45331,5
45332,5
45333,5
45334,5
45335,1
45336,5
45337,5
45338,1
45339,1
45340,1
45341,1
45342,5
45343,1
45344,5
45345,5
45346,5
45347,1
45348,1
45349,1
45350,1
45351,5
45352,1
45353,5
45354,5
45355,5
45356,5
45357,5
45358,5
45359,5
45360,5
45361,5
45362,1
45363,5
45364,1
45365,5
45366,1
45367,1
45368,5
45369,3
45370,5
45371,5
45372,5
45373,5
45374,5
45375,1
45376,5
45377,5
45378,5
45379,5
45380,5
45381,1
45382,1
45383,1
45384,5
45385,1
45386,5
45387,1
45388,1
45389,5
45390,5
45391,5
45392,1
45393,1
45394,5
45395,5
45396,1
45397,3
45398,5
45399,1
45400,1
45401,5
45402,1
45403,1
45404,1
45405,5
45406,1
45407,5
45408,1
45409,1
45410,5
45411,1
45412,5
45413,5
45414,5
45415,5
45416,5
45417,5
45418,5
45419,5
45420,5
45421,5
45422,5
45423,5
45424,5
45425,5
45426,5
45427,1
45428,5
45429,5
45430,1
45431,1
45432,1
45433,1
45434,5
45435,1
45436,1
45437,5
45438,1
45439,1
45440,1
45441,5
45442,1
45443,5
45444,1
45445,5
45446,5
45447,1
45448,5
45449,5
45450,1
45451,3
45452,5
45453,1
45454,5
45455,5
45456,1
45457,1
45458,3
45459,1
45460,5
45461,5
45462,1
45463,5
45464,1
45465,5
45466,5
45467,5
45468,5
45469,5
45470,5
45471,5
45472,5
45473,5
45474,5
45475,5
45476,5
45477,5
45478,5
45479,5
45480,5
45481,5
45482,1
45483,5
45484,5
45485,5
45486,5
45487,1
45488,5
45489,5
45490,5
45491,5
45492,1
45493,1
45494,1
45495,5
45496,5
45497,1
45498,5
45499,1
45500,1
45501,1
45502,5
45503,1
45504,1
45505,1
45506,1
45507,1
45508,5
45509,1
45510,5
45511,1
45512,1
45513,5
45514,5
45515,5
45516,1
45517,5
45518,5
45519,1
45520,5
45521,1
45522,5
45523,5
45524,1
45525,5
45526,5
45527,5
45528,1
45529,1
45530,5
45531,5
45532,5
45533,5
45534,5
45535,1
45536,1
45537,1
45538,5
45539,5
45540,5
45541,5
45542,1
45543,1
45544,1
45545,5
45546,5
45547,1
45548,1
45549,5
45550,3
45551,5
45552,5
45553,1
45554,1
45555,1
45556,1
45557,1
45558,5
45559,5
45560,1
45561,5
45562,5
45563,5
45564,5
45565,5
45566,5
45567,5
45568,5
45569,1
45570,5
45571,5
45572,5
45573,1
45574,5
45575,5
45576,3
45577,5
45578,5
45579,1
45580,5
45581,5
45582,5
45583,5
45584,5
45585,5
45586,5
45587,5
45588,5
45589,5
45590,5
45591,5
45592,1
45593,5
45594,1
45595,5
45596,5
45597,5
45598,5
45599,1
45600,1
45601,5
45602,1
45603,5
45604,5
45605,5
45606,5
45607,5
45608,1
45609,1
45610,5
45611,1
45612,1
45613,1
45614,1
45615,1
45616,1
45617,1
45618,5
45619,5
45620,5
45621,1
45622,1
45623,1
45624,5
45625,5
45626,5
45627,1
45628,5
45629,3
45630,1
45631,5
45632,5
45633,5
45634,1
45635,5
45636,1
45637,5
45638,5
45639,5
45640,5
45641,5
45642,5
45643,5
45644,5
45645,5
45646,5
45647,1
45648,1
45649,1
45650,5
45651,1
45652,1
45653,5
45654,5
45655,1
45656,1
45657,5
45658,5
45659,5
45660,5
45661,1
45662,5
45663,1
45664,5
45665,5
45666,1
45667,5
45668,1
45669,5
45670,5
45671,5
45672,3
45673,1
45674,5
45675,1
45676,5
45677,5
45678,1
45679,5
45680,5
45681,5
45682,5
45683,5
45684,5
45685,5
45686,5
45687,5
45688,5
45689,5
45690,5
45691,1
45692,5
45693,1
45694,1
45695,5
45696,5
45697,1
45698,1
45699,1
45700,1
45701,1
45702,1
45703,3
45704,5
45705,5
45706,1
45707,1
45708,1
45709,1
45710,3
45711,1
45712,5
45713,5
45714,3
45715,1
45716,5
45717,5
45718,5
45719,5
45720,5
45721,1
45722,1
45723,5
45724,5
45725,5
45726,1
45727,5
45728,5
45729,5
45730,5
45731,1
45732,5
45733,5
45734,5
45735,5
45736,5
45737,1
45738,1
45739,1
45740,1
45741,1
45742,5
45743,5
45744,5
45745,1
45746,5
45747,1
45748,5
45749,5
45750,1
45751,5
45752,1
45753,5
45754,5
45755,1
45756,5
45757,1
45758,1
45759,5
45760,5
45761,5
45762,5
45763,5
45764,1
45765,5
45766,5
45767,5
45768,5
45769,5
45770,5
45771,5
45772,5
45773,5
45774,1
45775,1
45776,5
45777,1
45778,1
45779,1
45780,1
45781,1
45782,5
45783,1
45784,5
45785,1
45786,5
45787,1
45788,5
45789,5
45790,1
45791,1
45792,1
45793,1
45794,1
45795,3
45796,5
45797,1
45798,5
45799,5
45800,5
45801,5
45802,1
45803,5
45804,3
45805,5
45806,1
45807,5
45808,1
45809,5
45810,5
45811,5
45812,5
45813,5
45814,5
45815,5
45816,1
45817,5
45818,5
45819,5
45820,5
45821,5
45822,5
45823,1
45824,5
45825,1
45826,5
45827,5
45828,5
45829,5
45830,5
45831,1
45832,1
45833,5
45834,1
45835,5
45836,5
45837,5
45838,5
45839,1
45840,1
45841,5
45842,3
45843,1
45844,1
45845,5
45846,1
45847,1
45848,5
45849,1
45850,1
45851,1
45852,1
45853,5
45854,1
45855,1
45856,5
45857,1
45858,5
45859,5
45860,5
45861,5
45862,1
45863,1
45864,5
45865,5
45866,1
45867,5
45868,5
45869,5
45870,5
45871,5
45872,5
45873,5
45874,5
45875,5
45876,5
45877,1
45878,1
45879,5
45880,1
45881,5
45882,1
45883,1
45884,1
45885,1
45886,1
45887,5
45888,1
45889,1
45890,1
45891,5
45892,1
45893,1
45894,1
45895,1
45896,5
45897,1
45898,5
45899,5
45900,5
45901,1
45902,3
45903,5
45904,1
45905,5
45906,1
45907,1
45908,5
45909,1
45910,5
45911,1
45912,1
45913,5
45914,5
45915,5
45916,1
45917,5
45918,5
45919,5
45920,1
45921,1
45922,5
45923,5
45924,5
45925,5
45926,5
45927,5
45928,5
45929,5
45930,5
45931,5
45932,5
45933,1
45934,1
45935,1
45936,1
45937,1
45938,1
45939,1
45940,1
45941,1
45942,5
45943,5
45944,3
45945,5
45946,1
45947,1
45948,5
45949,5
45950,5
45951,1
45952,5
45953,5
45954,5
45955,1
45956,5
45957,5
45958,5
45959,5
45960,5
45961,5
45962,5
45963,1
45964,5
45965,5
45966,5
45967,5
45968,5
45969,1
45970,5
45971,5
45972,1
45973,5
45974,1
45975,1
45976,5
45977,5
45978,5
45979,1
45980,1
45981,1
45982,5
45983,5
45984,1
45985,1
45986,5
45987,1
45988,5
45989,5
45990,5
45991,1
45992,5
45993,5
45994,1
45995,5
45996,5
45997,5
45998,1
45999,1
46000,1
46001,5
46002,5
46003,3
46004,5
46005,5
46006,5
46007,5
46008,5
46009,5
46010,5
46011,5
46012,5
46013,5
46014,5
46015,1
46016,5
46017,1
46018,1
46019,1
46020,1
46021,5
46022,5
46023,5
46024,5
46025,1
46026,5
46027,1
46028,5
46029,5
46030,5
46031,1
46032,1
46033,5
46034,1
46035,1
46036,5
46037,1
46038,5
46039,5
46040,5
46041,1
46042,1
46043,5
46044,5
46045,1
46046,5
46047,1
46048,1
46049,1
46050,1
46051,1
46052,5
46053,1
46054,5
46055,5
46056,5
46057,5
46058,5
46059,5
46060,1
46061,1
46062,5
46063,5
46064,5
46065,5
46066,5
46067,5
46068,1
46069,1
46070,5
46071,5
46072,5
46073,5
46074,1
46075,1
46076,1
46077,1
46078,1
46079,5
46080,1
46081,1
46082,1
46083,5
46084,1
46085,5
46086,5
46087,5
46088,5
46089,1
46090,5
46091,1
46092,1
46093,1
46094,5
46095,5
46096,1
46097,1
46098,1
46099,5
46100,5
46101,5
46102,5
46103,5
46104,3
46105,5
46106,5
46107,5
46108,5
46109,5
46110,5
46111,5
46112,5
46113,5
46114,5
46115,5
46116,5
46117,5
46118,5
46119,5
46120,5
46121,5
46122,1
46123,5
46124,5
46125,5
46126,5
46127,1
46128,1
46129,1
46130,1
46131,1
46132,1
46133,1
46134,5
46135,5
46136,1
46137,1
46138,5
46139,5
46140,5
46141,1
46142,5
46143,1
46144,1
46145,3
46146,5
46147,1
46148,5
46149,5
46150,1
46151,1
46152,1
46153,1
46154,5
46155,1
46156,5
46157,5
46158,1
46159,5
46160,5
46161,5
46162,1
46163,5
46164,5
46165,5
46166,5
46167,1
46168,5
46169,1
46170,3
46171,5
46172,5
46173,5
46174,5
46175,5
46176,5
46177,5
46178,5
46179,5
46180,5
46181,5
46182,5
46183,5
46184,1
46185,1
46186,5
46187,1
46188,1
46189,5
46190,5
46191,5
46192,1
46193,1
46194,1
46195,5
46196,1
46197,1
46198,5
46199,5
46200,1
46201,5
46202,3
46203,1
46204,1
46205,1
46206,1
46207,1
46208,5
46209,5
46210,5
46211,1
46212,1
46213,1
46214,1
46215,5
46216,1
46217,1
46218,5
46219,5
46220,5
46221,1
46222,5
46223,1
46224,5
46225,5
46226,1
46227,5
46228,3
46229,5
46230,1
46231,5
46232,5
46233,5
46234,5
46235,5
46236,1
46237,1
46238,1
46239,1
46240,1
46241,5
46242,5
46243,1
46244,1
46245,1
46246,5
46247,5
46248,5
46249,5
46250,1
46251,1
46252,1
46253,1
46254,5
46255,5
46256,1
46257,1
46258,5
46259,1
46260,5
46261,1
46262,1
46263,1
46264,5
46265,5
46266,5
46267,5
46268,5
46269,5
46270,1
46271,1
46272,5
46273,1
46274,5
46275,5
46276,1
46277,3
46278,5
46279,5
46280,5
46281,5
46282,5
46283,1
46284,5
46285,5
46286,5
46287,5
46288,5
46289,1
46290,5
46291,1
46292,1
46293,5
46294,1
46295,1
46296,1
46297,5
46298,1
46299,1
46300,1
46301,5
46302,1
46303,5
46304,1
46305,1
46306,1
46307,5
46308,5
46309,5
46310,5
46311,5
46312,5
46313,1
46314,5
46315,5
46316,5
46317,5
46318,5
46319,1
46320,5
46321,1
46322,1
46323,5
46324,5
46325,5
46326,5
46327,5
46328,5
46329,5
46330,5
46331,5
46332,5
46333,1
46334,5
46335,5
46336,1
46337,1
46338,1
46339,1
46340,1
46341,1
46342,5
46343,1
46344,1
46345,1
46346,5
46347,5
46348,1
46349,1
46350,1
46351,1
46352,1
46353,1
46354,5
46355,5
46356,1
46357,5
46358,1
46359,5
46360,1
46361,1
46362,1
46363,5
46364,1
46365,5
46366,1
46367,1
46368,5
46369,5
46370,5
46371,1
46372,5
46373,5
46374,5
46375,5
46376,5
46377,1
46378,5
46379,5
46380,1
46381,5
46382,1
46383,1
46384,5
46385,1
46386,5
46387,5
46388,1
46389,1
46390,1
46391,5
46392,1
46393,1
46394,1
46395,5
46396,1
46397,1
46398,1
46399,5
46400,1
46401,1
46402,5
46403,5
46404,1
46405,5
46406,1
46407,5
46408,1
46409,1
46410,1
46411,5
46412,1
46413,1
46414,3
46415,5
46416,5
46417,5
46418,5
46419,5
46420,5
46421,5
46422,5
46423,5
46424,5
46425,5
46426,5
46427,5
46428,5
46429,5
46430,5
46431,5
46432,5
46433,5
46434,5
46435,5
46436,1
46437,5
46438,1
46439,1
46440,1
46441,1
46442,1
46443,1
46444,5
46445,5
46446,1
46447,1
46448,1
46449,1
46450,1
46451,1
46452,1
46453,5
46454,1
46455,5
46456,1
46457,5
46458,5
46459,5
46460,5
46461,5
46462,3
46463,1
46464,5
46465,1
46466,5
46467,5
46468,5
46469,5
46470,5
46471,5
46472,5
46473,5
46474,5
46475,1
46476,1
46477,1
46478,1
46479,1
46480,5
46481,1
46482,1
46483,1
46484,1
46485,1
46486,5
46487,5
46488,1
46489,1
46490,1
46491,5
46492,5
46493,1
46494,1
46495,1
46496,1
46497,5
46498,1
46499,5
46500,5
46501,5
46502,5
46503,5
46504,1
46505,5
46506,5
46507,5
46508,5
46509,5
46510,5
46511,5
46512,5
46513,1
46514,5
46515,5
46516,1
46517,5
46518,5
46519,5
46520,3
46521,5
46522,5
46523,5
46524,5
46525,5
46526,5
46527,5
46528,5
46529,5
46530,5
46531,5
46532,5
46533,1
46534,5
46535,1
46536,5
46537,1
46538,1
46539,1
46540,1
46541,1
46542,1
46543,1
46544,5
46545,5
46546,5
46547,1
46548,5
46549,1
46550,3
46551,5
46552,5
46553,5
46554,1
46555,5
46556,1
46557,1
46558,1
46559,5
46560,5
46561,5
46562,5
46563,5
46564,1
46565,1
46566,5
46567,5
46568,5
46569,5
46570,5
46571,5
46572,5
46573,5
46574,5
46575,1
46576,3
46577,5
46578,5
46579,5
46580,5
46581,5
46582,5
46583,1
46584,5
46585,1
46586,5
46587,5
46588,1
46589,1
46590,5
46591,1
46592,5
46593,5
46594,5
46595,1
46596,5
46597,5
46598,1
46599,5
46600,1
46601,5
46602,1
46603,1
46604,5
46605,5
46606,5
46607,1
46608,5
46609,5
46610,1
46611,1
46612,5
46613,5
46614,1
46615,1
46616,5
46617,1
46618,5
46619,1
46620,5
46621,5
46622,1
46623,5
46624,5
46625,5
46626,5
46627,5
46628,5
46629,5
46630,1
46631,5
46632,1
46633,5
46634,5
46635,1
46636,5
46637,5
46638,5
46639,1
46640,1
46641,5
46642,1
46643,1
46644,1
46645,1
46646,5
46647,1
46648,5
46649,1
46650,1
46651,5
46652,1
46653,5
46654,1
46655,1
46656,5
46657,1
46658,5
46659,5
46660,5
46661,5
46662,5
46663,5
46664,5
46665,1
46666,5
46667,1
46668,5
46669,5
46670,5
46671,5
46672,1
46673,1
46674,1
46675,1
46676,5
46677,5
46678,5
46679,5
46680,5
46681,5
46682,5
46683,5
46684,5
46685,1
46686,1
46687,1
46688,1
46689,5
46690,1
46691,3
46692,1
46693,1
46694,5
46695,5
46696,1
46697,5
46698,5
46699,5
46700,1
46701,5
46702,5
46703,5
46704,5
46705,5
46706,5
46707,5
46708,1
46709,5
46710,5
46711,5
46712,5
46713,5
46714,5
46715,5
46716,5
46717,5
46718,5
46719,5
46720,5
46721,5
46722,1
46723,1
46724,5
46725,1
46726,1
46727,1
46728,1
46729,1
46730,1
46731,1
46732,5
46733,5
46734,1
46735,5
46736,1
46737,5
46738,1
46739,1
46740,5
46741,5
46742,5
46743,1
46744,1
46745,5
46746,1
46747,5
46748,1
46749,5
46750,1
46751,5
46752,5
46753,3
46754,5
46755,5
46756,5
46757,5
46758,5
46759,5
46760,5
46761,5
46762,5
46763,5
46764,5
46765,5
46766,5
46767,1
46768,1
46769,1
46770,5
46771,5
46772,5
46773,1
46774,1
46775,1
46776,1
46777,5
46778,5
46779,5
46780,1
46781,1
46782,1
46783,5
46784,5
46785,5
46786,1
46787,1
46788,5
46789,1
46790,5
46791,1
46792,1
46793,1
46794,5
46795,1
46796,1
46797,1
46798,1
46799,5
46800,5
46801,1
46802,5
46803,5
46804,1
46805,5
46806,1
46807,1
46808,5
46809,1
46810,5
46811,5
46812,5
46813,5
46814,5
46815,5
46816,1
46817,5
46818,5
46819,5
46820,5
46821,1
46822,1
46823,1
46824,1
46825,1
46826,1
46827,1
46828,5
46829,1
46830,5
46831,5
46832,1
46833,5
46834,5
46835,1
46836,5
46837,5
46838,1
46839,1
46840,5
46841,3
46842,5
46843,1
46844,5
46845,5
46846,1
46847,1
46848,5
46849,5
46850,1
46851,5
46852,5
46853,1
46854,5
46855,5
46856,5
46857,5
46858,1
46859,5
46860,5
46861,5
46862,5
46863,1
46864,5
46865,5
46866,5
46867,5
46868,5
46869,5
46870,1
46871,5
46872,1
46873,1
46874,1
46875,1
46876,1
46877,5
46878,1
46879,1
46880,5
46881,1
46882,5
46883,5
46884,5
46885,5
46886,5
46887,5
46888,5
46889,5
46890,5
46891,1
46892,3
46893,5
46894,5
46895,5
46896,5
46897,1
46898,5
46899,5
46900,5
46901,1
46902,5
46903,1
46904,5
46905,5
46906,5
46907,5
46908,5
46909,5
46910,5
46911,5
46912,5
46913,5
46914,5
46915,5
46916,1
46917,1
46918,5
46919,5
46920,1
46921,5
46922,1
46923,1
46924,5
46925,5
46926,5
46927,5
46928,5
46929,1
46930,1
46931,5
46932,5
46933,5
46934,1
46935,5
46936,5
46937,1
46938,5
46939,5
46940,5
46941,5
46942,5
46943,5
46944,5
46945,1
46946,5
46947,5
46948,1
46949,5
46950,5
46951,5
46952,5
46953,5
46954,5
46955,5
46956,5
46957,5
46958,5
46959,5
46960,5
46961,1
46962,1
46963,1
46964,1
46965,1
46966,5
46967,5
46968,5
46969,1
46970,1
46971,1
46972,1
46973,1
46974,1
46975,5
46976,5
46977,5
46978,5
46979,5
46980,5
46981,5
46982,5
46983,1
46984,5
46985,5
46986,5
46987,5
46988,1
46989,5
46990,5
46991,1
46992,5
46993,1
46994,5
46995,5
46996,5
46997,1
46998,1
46999,5
47000,5
47001,5
47002,5
47003,5
47004,5
47005,5
47006,5
47007,5
47008,5
47009,5
47010,5
47011,5
47012,1
47013,1
47014,5
47015,5
47016,1
47017,5
47018,5
47019,1
47020,1
47021,1
47022,5
47023,1
47024,5
47025,1
47026,1
47027,5
47028,1
47029,5
47030,1
47031,5
47032,5
47033,5
47034,1
47035,5
47036,5
47037,5
47038,5
47039,5
47040,5
47041,5
47042,1
47043,5
47044,5
47045,5
47046,5
47047,5
47048,5
47049,5
47050,5
47051,5
47052,5
47053,1
47054,5
47055,1
47056,5
47057,5
47058,5
47059,5
47060,5
47061,5
47062,1
47063,5
47064,1
47065,1
47066,1
47067,5
47068,5
47069,5
47070,1
47071,5
47072,1
47073,5
47074,1
47075,1
47076,1
47077,1
47078,5
47079,5
47080,1
47081,5
47082,5
47083,5
47084,5
47085,5
47086,5
47087,5
47088,1
47089,5
47090,5
47091,1
47092,5
47093,1
47094,1
47095,5
47096,5
47097,5
47098,5
47099,5
47100,5
47101,5
47102,5
47103,5
47104,5
47105,5
47106,5
47107,5
47108,5
47109,5
47110,5
47111,5
47112,5
47113,5
47114,5
47115,5
47116,5
47117,3
47118,3
47119,1
47120,1
47121,1
47122,1
47123,1
47124,1
47125,5
47126,1
47127,1
47128,1
47129,3
47130,5
47131,5
47132,1
47133,1
47134,5
47135,3
47136,5
47137,5
47138,5
47139,1
47140,1
47141,1
47142,1
47143,1
47144,5
47145,1
47146,1
47147,5
47148,5
47149,1
47150,5
47151,5
47152,5
47153,5
47154,5
47155,5
47156,1
47157,5
47158,3
47159,1
47160,5
47161,1
47162,5
47163,1
47164,5
47165,5
47166,5
47167,5
47168,5
47169,5
47170,5
47171,5
47172,5
47173,5
47174,5
47175,1
47176,1
47177,5
47178,5
47179,1
47180,1
47181,5
47182,1
47183,1
47184,1
47185,5
47186,5
47187,5
47188,5
47189,1
47190,1
47191,1
47192,1
47193,5
47194,5
47195,1
47196,1
47197,1
47198,5
47199,5
47200,1
47201,1
47202,1
47203,1
47204,5
47205,5
47206,1
47207,1
47208,5
47209,5
47210,1
47211,1
47212,5
47213,1
47214,1
47215,5
47216,5
47217,5
47218,5
47219,5
47220,5
47221,5
47222,5
47223,5
47224,1
47225,1
47226,5
47227,5
47228,5
47229,5
47230,1
47231,5
47232,5
47233,5
47234,1
47235,1
47236,5
47237,1
47238,5
47239,1
47240,5
47241,5
47242,5
47243,5
47244,1
47245,1
47246,5
47247,1
47248,5
47249,1
47250,5
47251,1
47252,5
47253,5
47254,5
47255,5
47256,5
47257,5
47258,5
47259,1
47260,1
47261,1
47262,5
47263,5
47264,5
47265,5
47266,5
47267,5
47268,5
47269,5
47270,5
47271,1
47272,1
47273,1
47274,1
47275,1
47276,5
47277,1
47278,5
47279,5
47280,1
47281,1
47282,5
47283,5
47284,3
47285,1
47286,1
47287,5
47288,5
47289,5
47290,5
47291,5
47292,5
47293,5
47294,1
47295,5
47296,5
47297,1
47298,1
47299,1
47300,1
47301,5
47302,1
47303,5
47304,5
47305,5
47306,1
47307,1
47308,5
47309,5
47310,1
47311,5
47312,5
47313,5
47314,5
47315,1
47316,5
47317,5
47318,5
47319,5
47320,5
47321,1
47322,5
47323,5
47324,5
47325,5
47326,3
47327,5
47328,5
47329,5
47330,5
47331,5
47332,1
47333,5
47334,1
47335,5
47336,1
47337,1
47338,5
47339,5
47340,1
47341,1
47342,1
47343,5
47344,1
47345,5
47346,1
47347,3
47348,5
47349,5
47350,1
47351,5
47352,5
47353,5
47354,5
47355,1
47356,1
47357,1
47358,1
47359,5
47360,5
47361,1
47362,5
47363,5
47364,5
47365,5
47366,1
47367,5
47368,5
47369,5
47370,5
47371,1
47372,5
47373,5
47374,5
47375,5
47376,5
47377,5
47378,5
47379,5
47380,5
47381,5
47382,5
47383,5
47384,5
47385,1
47386,5
47387,1
47388,1
47389,5
47390,1
47391,1
47392,1
47393,5
47394,1
47395,5
47396,5
47397,5
47398,1
47399,1
47400,5
47401,5
47402,5
47403,1
47404,5
47405,1
47406,1
47407,5
47408,1
47409,1
47410,1
47411,5
47412,1
47413,5
47414,5
47415,1
47416,1
47417,5
47418,1
47419,5
47420,5
47421,5
47422,5
47423,5
47424,5
47425,1
47426,1
47427,5
47428,5
47429,5
47430,5
47431,1
47432,1
47433,5
47434,5
47435,5
47436,5
47437,5
47438,5
47439,5
47440,5
47441,5
47442,5
47443,5
47444,5
47445,1
47446,1
47447,5
47448,1
47449,1
47450,1
47451,1
47452,1
47453,1
47454,1
47455,5
47456,1
47457,5
47458,1
47459,1
47460,1
47461,1
47462,1
47463,1
47464,1
47465,1
47466,5
47467,1
47468,1
47469,5
47470,5
47471,1
47472,5
47473,5
47474,1
47475,5
47476,5
47477,5
47478,5
47479,5
47480,5
47481,1
47482,1
47483,5
47484,1
47485,5
47486,5
47487,1
47488,5
47489,5
47490,5
47491,5
47492,5
47493,5
47494,5
47495,1
47496,1
47497,1
47498,5
47499,1
47500,5
47501,5
47502,5
47503,1
47504,1
47505,5
47506,5
47507,5
47508,5
47509,1
47510,1
47511,5
47512,5
47513,5
47514,5
47515,5
47516,1
47517,1
47518,1
47519,1
47520,5
47521,5
47522,1
47523,5
47524,5
47525,5
47526,1
47527,5
47528,5
47529,5
47530,1
47531,5
47532,1
47533,1
47534,5
47535,5
47536,5
47537,5
47538,1
47539,1
47540,1
47541,5
47542,1
47543,1
47544,1
47545,5
47546,1
47547,1
47548,1
47549,5
47550,1
47551,1
47552,1
47553,5
47554,1
47555,5
47556,5
47557,1
47558,5
47559,1
47560,5
47561,5
47562,5
47563,1
47564,5
47565,1
47566,1
47567,1
47568,1
47569,5
47570,5
47571,1
47572,1
47573,5
47574,5
47575,1
47576,1
47577,1
47578,5
47579,5
47580,1
47581,5
47582,5
47583,5
47584,5
47585,5
47586,5
47587,5
47588,5
47589,5
47590,5
47591,5
47592,5
47593,5
47594,5
47595,5
47596,5
47597,1
47598,1
47599,1
47600,5
47601,1
47602,1
47603,1
47604,5
47605,1
47606,1
47607,1
47608,1
47609,5
47610,5
47611,5
47612,1
47613,5
47614,5
47615,5
47616,5
47617,1
47618,3
47619,5
47620,1
47621,5
47622,1
47623,1
47624,5
47625,5
47626,5
47627,1
47628,5
47629,5
47630,1
47631,5
47632,5
47633,5
47634,1
47635,5
47636,1
47637,5
47638,5
47639,5
47640,5
47641,1
47642,5
47643,5
47644,5
47645,5
47646,5
47647,1
47648,1
47649,5
47650,1
47651,5
47652,1
47653,1
47654,5
47655,1
47656,5
47657,1
47658,1
47659,1
47660,1
47661,1
47662,1
47663,1
47664,1
47665,5
47666,5
47667,1
47668,1
47669,5
47670,5
47671,1
47672,5
47673,5
47674,5
47675,5
47676,1
47677,5
47678,5
47679,1
47680,5
47681,5
47682,5
47683,1
47684,5
47685,5
47686,5
47687,5
47688,1
47689,5
47690,5
47691,5
47692,1
47693,5
47694,1
47695,5
47696,1
47697,3
47698,5
47699,5
47700,5
47701,5
47702,5
47703,5
47704,5
47705,1
47706,5
47707,1
47708,1
47709,5
47710,1
47711,5
47712,1
47713,3
47714,1
47715,1
47716,5
47717,1
47718,1
47719,5
47720,1
47721,5
47722,5
47723,1
47724,5
47725,1
47726,5
47727,5
47728,5
47729,1
47730,5
47731,1
47732,5
47733,5
47734,5
47735,5
47736,5
47737,5
47738,5
47739,5
47740,5
47741,5
47742,5
47743,1
47744,5
47745,1
47746,5
47747,5
47748,5
47749,5
47750,5
47751,5
47752,1
47753,5
47754,5
47755,5
47756,5
47757,5
47758,5
47759,1
47760,5
47761,5
47762,1
47763,1
47764,5
47765,1
47766,5
47767,5
47768,5
47769,5
47770,1
47771,5
47772,1
47773,5
47774,5
47775,1
47776,1
47777,5
47778,1
47779,5
47780,5
47781,5
47782,5
47783,5
47784,5
47785,5
47786,5
47787,5
47788,5
47789,1
47790,5
47791,5
47792,5
47793,5
47794,5
47795,5
47796,5
47797,5
47798,1
47799,5
47800,5
47801,5
47802,5
47803,5
47804,1
47805,1
47806,5
47807,1
47808,1
47809,5
47810,1
47811,1
47812,1
47813,1
47814,5
47815,1
47816,1
47817,5
47818,5
47819,1
47820,5
47821,1
47822,1
47823,5
47824,5
47825,5
47826,5
47827,1
47828,5
47829,1
47830,5
47831,5
47832,5
47833,1
47834,5
47835,5
47836,5
47837,5
47838,5
47839,5
47840,1
47841,5
47842,5
47843,5
47844,5
47845,5
47846,1
47847,1
47848,5
47849,1
47850,1
47851,5
47852,1
47853,1
47854,3
47855,5
47856,1
47857,1
47858,5
47859,5
47860,1
47861,5
47862,1
47863,1
47864,5
47865,1
47866,5
47867,5
47868,1
47869,5
47870,5
47871,5
47872,5
47873,5
47874,5
47875,5
47876,5
47877,5
47878,1
47879,5
47880,1
47881,5
47882,5
47883,5
47884,5
47885,5
47886,5
47887,5
47888,5
47889,5
47890,5
47891,5
47892,5
47893,5
47894,5
47895,5
47896,5
47897,5
47898,5
47899,1
47900,1
47901,1
47902,5
47903,1
47904,1
47905,1
47906,1
47907,5
47908,1
47909,1
47910,1
47911,5
47912,3
47913,1
47914,5
47915,1
47916,1
47917,1
47918,5
47919,5
47920,1
47921,5
47922,1
47923,5
47924,1
47925,1
47926,5
47927,1
47928,5
47929,5
47930,5
47931,5
47932,5
47933,5
47934,1
47935,1
47936,5
47937,1
47938,5
47939,5
47940,5
47941,5
47942,1
47943,5
47944,5
47945,5
47946,5
47947,1
47948,5
47949,1
47950,5
47951,5
47952,3
47953,5
47954,5
47955,5
47956,5
47957,5
47958,5
47959,1
47960,5
47961,1
47962,1
47963,1
47964,1
47965,1
47966,5
47967,1
47968,1
47969,5
47970,1
47971,5
47972,5
47973,5
47974,1
47975,1
47976,5
47977,5
47978,5
47979,5
47980,1
47981,5
47982,5
47983,5
47984,5
47985,5
47986,1
47987,5
47988,5
47989,5
47990,5
47991,1
47992,1
47993,5
47994,1
47995,1
47996,5
47997,1
47998,1
47999,5
48000,5
48001,5
48002,5
48003,1
48004,5
48005,5
48006,5
48007,5
48008,5
48009,1
48010,1
48011,1
48012,1
48013,5
48014,1
48015,5
48016,1
48017,1
48018,1
48019,1
48020,1
48021,5
48022,1
48023,1
48024,5
48025,1
48026,5
48027,5
48028,1
48029,1
48030,5
48031,1
48032,1
48033,1
48034,1
48035,5
48036,1
48037,1
48038,5
48039,5
48040,1
48041,5
48042,5
48043,5
48044,5
48045,1
48046,5
48047,5
48048,5
48049,5
48050,5
48051,5
48052,5
48053,5
48054,5
48055,5
48056,5
48057,5
48058,5
48059,5
48060,5
48061,5
48062,1
48063,1
48064,1
48065,5
48066,5
48067,1
48068,1
48069,1
48070,1
48071,5
48072,1
48073,1
48074,1
48075,1
48076,1
48077,1
48078,1
48079,5
48080,5
48081,1
48082,5
48083,1
48084,1
48085,5
48086,1
48087,5
48088,5
48089,1
48090,5
48091,5
48092,5
48093,1
48094,5
48095,5
48096,5
48097,1
48098,1
48099,5
48100,5
48101,1
48102,5
48103,5
48104,5
48105,1
48106,5
48107,1
48108,5
48109,1
48110,5
48111,5
48112,1
48113,1
48114,5
48115,5
48116,1
48117,1
48118,5
48119,5
48120,5
48121,5
48122,1
48123,5
48124,5
48125,5
48126,5
48127,5
48128,5
48129,1
48130,5
48131,5
48132,1
48133,1
48134,1
48135,5
48136,1
48137,1
48138,1
48139,5
48140,1
48141,1
48142,1
48143,5
48144,5
48145,5
48146,1
48147,1
48148,1
48149,1
48150,5
48151,1
48152,1
48153,1
48154,1
48155,1
48156,5
48157,5
48158,5
48159,5
48160,5
48161,5
48162,5
48163,5
48164,5
48165,5
48166,5
48167,5
48168,5
48169,5
48170,5
48171,5
48172,5
48173,5
48174,5
48175,1
48176,5
48177,1
48178,1
48179,1
48180,5
48181,1
48182,5
48183,1
48184,1
48185,5
48186,5
48187,1
48188,1
48189,5
48190,5
48191,5
48192,1
48193,1
48194,1
48195,1
48196,1
48197,1
48198,5
48199,1
48200,1
48201,1
48202,5
48203,3
48204,5
48205,1
48206,5
48207,1
48208,5
48209,5
48210,1
48211,5
48212,5
48213,5
48214,5
48215,5
48216,5
48217,5
48218,5
48219,5
48220,5
48221,5
48222,5
48223,5
48224,5
48225,5
48226,5
48227,5
48228,5
48229,5
48230,5
48231,5
48232,5
48233,5
48234,5
48235,5
48236,5
48237,5
48238,5
48239,5
48240,5
48241,1
48242,5
48243,5
48244,1
48245,1
48246,5
48247,5
48248,1
48249,1
48250,1
48251,1
48252,5
48253,5
48254,1
48255,5
48256,5
48257,5
48258,1
48259,1
48260,1
48261,3
48262,5
48263,5
48264,1
48265,5
48266,5
48267,1
48268,1
48269,1
48270,1
48271,5
48272,1
48273,1
48274,1
48275,5
48276,1
48277,5
48278,5
48279,5
48280,5
48281,5
48282,5
48283,5
48284,5
48285,5
48286,1
48287,5
48288,5
48289,1
48290,1
48291,1
48292,1
48293,1
48294,1
48295,1
48296,5
48297,1
48298,5
48299,5
48300,1
48301,1
48302,5
48303,5
48304,1
48305,5
48306,1
48307,5
48308,1
48309,5
48310,5
48311,1
48312,5
48313,1
48314,1
48315,5
48316,1
48317,5
48318,1
48319,5
48320,5
48321,5
48322,5
48323,1
48324,5
48325,5
48326,5
48327,5
48328,1
48329,5
48330,5
48331,5
48332,1
48333,1
48334,5
48335,1
48336,5
48337,5
48338,1
48339,1
48340,5
48341,5
48342,5
48343,5
48344,5
48345,1
48346,1
48347,1
48348,1
48349,1
48350,1
48351,1
48352,1
48353,5
48354,5
48355,5
48356,5
48357,3
48358,1
48359,5
48360,1
48361,1
48362,1
48363,5
48364,1
48365,5
48366,1
48367,5
48368,5
48369,1
48370,5
48371,5
48372,5
48373,5
48374,5
48375,5
48376,5
48377,5
48378,5
48379,5
48380,5
48381,5
48382,5
48383,5
48384,5
48385,5
48386,1
48387,1
48388,1
48389,1
48390,1
48391,1
48392,5
48393,1
48394,1
48395,1
48396,1
48397,1
48398,5
48399,1
48400,5
48401,1
48402,5
48403,5
48404,1
48405,1
48406,1
48407,1
48408,1
48409,5
48410,5
48411,1
48412,1
48413,5
48414,1
48415,5
48416,1
48417,5
48418,5
48419,5
48420,1
48421,5
48422,1
48423,5
48424,5
48425,5
48426,1
48427,5
48428,5
48429,5
48430,5
48431,5
48432,5
48433,5
48434,5
48435,5
48436,5
48437,5
48438,5
48439,5
48440,5
48441,1
48442,5
48443,1
48444,1
48445,1
48446,1
48447,1
48448,5
48449,1
48450,1
48451,1
48452,1
48453,1
48454,5
48455,1
48456,1
48457,5
48458,1
48459,5
48460,5
48461,5
48462,5
48463,1
48464,5
48465,5
48466,5
48467,5
48468,5
48469,5
48470,5
48471,1
48472,5
48473,5
48474,5
48475,5
48476,5
48477,5
48478,5
48479,5
48480,5
48481,5
48482,5
48483,5
48484,5
48485,5
48486,5
48487,5
48488,5
48489,5
48490,1
48491,1
48492,1
48493,1
48494,1
48495,5
48496,1
48497,1
48498,5
48499,5
48500,5
48501,1
48502,1
48503,5
48504,3
48505,5
48506,1
48507,5
48508,1
48509,5
48510,1
48511,5
48512,1
48513,5
48514,5
48515,1
48516,5
48517,5
48518,1
48519,5
48520,1
48521,5
48522,5
48523,5
48524,1
48525,5
48526,5
48527,5
48528,1
48529,1
48530,5
48531,5
48532,5
48533,1
48534,1
48535,5
48536,5
48537,1
48538,5
48539,1
48540,5
48541,1
48542,1
48543,1
48544,5
48545,1
48546,1
48547,5
48548,1
48549,3
48550,5
48551,5
48552,5
48553,1
48554,5
48555,1
48556,5
48557,5
48558,5
48559,5
48560,1
48561,5
48562,5
48563,5
48564,1
48565,5
48566,5
48567,5
48568,5
48569,5
48570,5
48571,5
48572,1
48573,1
48574,5
48575,5
48576,5
48577,5
48578,1
48579,5
48580,3
48581,1
48582,5
48583,5
48584,1
48585,5
48586,1
48587,1
48588,1
48589,5
48590,1
48591,5
48592,1
48593,5
48594,1
48595,1
48596,1
48597,1
48598,5
48599,1
48600,5
48601,5
48602,1
48603,5
48604,5
48605,1
48606,1
48607,5
48608,5
48609,5
48610,3
48611,5
48612,5
48613,5
48614,5
48615,5
48616,5
48617,5
48618,3
48619,5
48620,5
48621,5
48622,5
48623,5
48624,5
48625,5
48626,5
48627,5
48628,5
48629,1
48630,5
48631,5
48632,1
48633,1
48634,1
48635,5
48636,1
48637,5
48638,1
48639,5
48640,5
48641,5
48642,5
48643,1
48644,1
48645,5
48646,5
48647,5
48648,1
48649,5
48650,5
48651,5
48652,5
48653,5
48654,5
48655,1
48656,5
48657,5
48658,1
48659,5
48660,5
48661,5
48662,5
48663,1
48664,5
48665,5
48666,5
48667,5
48668,5
48669,1
48670,1
48671,1
48672,5
48673,1
48674,1
48675,5
48676,5
48677,5
48678,1
48679,5
48680,1
48681,1
48682,1
48683,1
48684,1
48685,1
48686,5
48687,1
48688,5
48689,1
48690,1
48691,5
48692,3
48693,1
48694,1
48695,1
48696,1
48697,5
48698,5
48699,1
48700,1
48701,1
48702,5
48703,1
48704,5
48705,1
48706,1
48707,1
48708,1
48709,1
48710,1
48711,5
48712,5
48713,1
48714,1
48715,5
48716,1
48717,1
48718,5
48719,5
48720,5
48721,5
48722,5
48723,5
48724,5
48725,5
48726,5
48727,3
48728,1
48729,1
48730,1
48731,5
48732,5
48733,5
48734,5
48735,5
48736,5
48737,5
48738,5
48739,5
48740,5
48741,5
48742,5
48743,5
48744,5
48745,5
48746,1
48747,1
48748,1
48749,1
48750,5
48751,1
48752,5
48753,5
48754,1
48755,5
48756,1
48757,5
48758,5
48759,5
48760,1
48761,1
48762,1
48763,1
48764,1
48765,1
48766,1
48767,1
48768,5
48769,5
48770,1
48771,1
48772,1
48773,5
48774,1
48775,1
48776,5
48777,1
48778,5
48779,5
48780,5
48781,1
48782,5
48783,5
48784,1
48785,5
48786,5
48787,5
48788,5
48789,1
48790,5
48791,1
48792,5
48793,5
48794,5
48795,5
48796,5
48797,5
48798,5
48799,5
48800,5
48801,1
48802,5
48803,5
48804,5
48805,5
48806,1
48807,1
48808,1
48809,1
48810,1
48811,1
48812,5
48813,5
48814,5
48815,1
48816,1
48817,5
48818,5
48819,5
48820,5
48821,1
48822,5
48823,1
48824,1
48825,1
48826,1
48827,5
48828,1
48829,1
48830,1
48831,5
48832,1
48833,1
48834,5
48835,1
48836,5
48837,3
48838,1
48839,1
48840,5
48841,5
48842,5
48843,5
48844,5
48845,1
48846,5
48847,5
48848,5
48849,5
48850,5
48851,5
48852,5
48853,1
48854,5
48855,5
48856,5
48857,1
48858,1
48859,1
48860,5
48861,5
48862,1
48863,1
48864,5
48865,5
48866,5
48867,5
48868,5
48869,1
48870,1
48871,5
48872,5
48873,5
48874,5
48875,1
48876,1
48877,5
48878,1
48879,1
48880,5
48881,5
48882,5
48883,5
48884,1
48885,5
48886,5
48887,1
48888,5
48889,5
48890,5
48891,1
48892,1
48893,5
48894,5
48895,5
48896,5
48897,1
48898,5
48899,5
48900,5
48901,5
48902,5
48903,5
48904,5
48905,5
48906,1
48907,1
48908,1
48909,5
48910,1
48911,1
48912,1
48913,1
48914,5
48915,5
48916,1
48917,1
48918,5
48919,1
48920,5
48921,1
48922,1
48923,1
48924,5
48925,5
48926,1
48927,1
48928,5
48929,1
48930,1
48931,1
48932,1
48933,1
48934,1
48935,5
48936,5
48937,1
48938,5
48939,1
48940,5
48941,1
48942,5
48943,5
48944,5
48945,5
48946,5
48947,5
48948,5
48949,5
48950,5
48951,1
48952,1
48953,5
48954,5
48955,5
48956,5
48957,5
48958,3
48959,5
48960,5
48961,5
48962,5
48963,5
48964,5
48965,5
48966,5
48967,5
48968,5
48969,1
48970,1
48971,1
48972,5
48973,5
48974,1
48975,5
48976,1
48977,5
48978,1
48979,5
48980,1
48981,5
48982,5
48983,1
48984,1
48985,1
48986,1
48987,5
48988,5
48989,1
48990,1
48991,5
48992,5
48993,5
48994,1
48995,5
48996,1
48997,1
48998,5
48999,5
49000,1
49001,3
49002,1
49003,5
49004,5
49005,5
49006,5
49007,5
49008,1
49009,1
49010,1
49011,5
49012,1
49013,5
49014,5
49015,5
49016,5
49017,5
49018,5
49019,5
49020,5
49021,5
49022,3
49023,5
49024,5
49025,5
49026,5
49027,1
49028,1
49029,1
49030,5
49031,1
49032,1
49033,1
49034,1
49035,1
49036,5
49037,5
49038,1
49039,1
49040,5
49041,5
49042,5
49043,5
49044,1
49045,5
49046,1
49047,1
49048,5
49049,1
49050,1
49051,5
49052,1
49053,5
49054,1
49055,5
49056,1
49057,1
49058,5
49059,5
49060,5
49061,5
49062,5
49063,5
49064,5
49065,5
49066,1
49067,1
49068,5
49069,5
49070,1
49071,5
49072,5
49073,1
49074,5
49075,5
49076,5
49077,5
49078,5
49079,5
49080,5
49081,1
49082,1
49083,5
49084,5
49085,5
49086,5
49087,5
49088,5
49089,5
49090,5
49091,5
49092,1
49093,1
49094,5
49095,1
49096,5
49097,1
49098,1
49099,5
49100,1
49101,1
49102,1
49103,1
49104,5
49105,1
49106,5
49107,1
49108,1
49109,1
49110,5
49111,5
49112,1
49113,1
49114,5
49115,5
49116,5
49117,1
49118,5
49119,5
49120,5
49121,1
49122,5
49123,1
49124,5
49125,5
49126,5
49127,5
49128,3
49129,5
49130,5
49131,5
49132,5
49133,5
49134,5
49135,5
49136,5
49137,5
49138,5
49139,5
49140,5
49141,5
49142,1
49143,1
49144,1
49145,1
49146,1
49147,1
49148,5
49149,5
49150,1
49151,5
49152,5
49153,1
49154,1
49155,1
49156,5
49157,5
49158,5
49159,5
49160,5
49161,1
49162,5
49163,1
49164,5
49165,5
49166,1
49167,5
49168,5
49169,1
49170,5
49171,5
49172,5
49173,1
49174,5
49175,5
49176,5
49177,5
49178,1
49179,5
49180,5
49181,5
49182,1
49183,5
49184,5
49185,5
49186,5
49187,5
49188,1
49189,5
49190,1
49191,5
49192,1
49193,5
49194,5
49195,5
49196,5
49197,1
49198,5
49199,1
49200,1
49201,1
49202,5
49203,1
49204,1
49205,1
49206,1
49207,1
49208,1
49209,1
49210,5
49211,1
49212,5
49213,1
49214,1
49215,1
49216,1
49217,5
49218,3
49219,1
49220,1
49221,1
49222,5
49223,5
49224,5
49225,1
49226,1
49227,3
49228,1
49229,1
49230,5
49231,1
49232,1
49233,1
49234,5
49235,5
49236,5
49237,5
49238,5
49239,3
49240,1
49241,5
49242,1
49243,5
49244,1
49245,5
49246,1
49247,5
49248,5
49249,5
49250,5
49251,5
49252,5
49253,1
49254,3
49255,5
49256,5
49257,5
49258,5
49259,5
49260,5
49261,5
49262,5
49263,5
49264,5
49265,5
49266,5
49267,1
49268,1
49269,1
49270,5
49271,5
49272,5
49273,5
49274,5
49275,5
49276,1
49277,1
49278,1
49279,1
49280,1
49281,5
49282,1
49283,1
49284,5
49285,5
49286,5
49287,1
49288,5
49289,5
49290,1
49291,1
49292,5
49293,5
49294,5
49295,5
49296,5
49297,5
49298,5
49299,5
49300,5
49301,5
49302,5
49303,1
49304,5
49305,5
49306,5
49307,5
49308,5
49309,5
49310,5
49311,5
49312,5
49313,5
49314,5
49315,5
49316,5
49317,5
49318,5
49319,5
49320,5
49321,5
49322,5
49323,5
49324,5
49325,5
49326,1
49327,1
49328,5
49329,5
49330,5
49331,5
49332,5
49333,1
49334,5
49335,1
49336,1
49337,3
49338,1
49339,1
49340,5
49341,5
49342,1
49343,1
49344,5
49345,5
49346,5
49347,5
49348,5
49349,1
49350,5
49351,5
49352,1
49353,1
49354,5
49355,1
49356,5
49357,5
49358,5
49359,1
49360,5
49361,1
49362,5
49363,5
49364,5
49365,5
49366,5
49367,5
49368,5
49369,5
49370,5
49371,5
49372,5
49373,5
49374,5
49375,1
49376,1
49377,5
49378,1
49379,1
49380,1
49381,1
49382,5
49383,1
49384,5
49385,5
49386,5
49387,1
49388,5
49389,5
49390,1
49391,1
49392,5
49393,1
49394,1
49395,3
49396,5
49397,5
49398,1
49399,1
49400,1
49401,1
49402,1
49403,5
49404,5
49405,5
49406,5
49407,5
49408,5
49409,5
49410,5
49411,5
49412,5
49413,5
49414,1
49415,5
49416,5
49417,5
49418,5
49419,5
49420,1
49421,1
49422,5
49423,5
49424,1
49425,1
49426,1
49427,5
49428,1
49429,5
49430,1
49431,1
49432,5
49433,5
49434,5
49435,1
49436,3
49437,5
49438,1
49439,5
49440,5
49441,5
49442,5
49443,5
49444,5
49445,5
49446,1
49447,5
49448,1
49449,1
49450,1
49451,5
49452,5
49453,5
49454,5
49455,5
49456,5
49457,1
49458,1
49459,1
49460,1
49461,1
49462,1
49463,1
49464,1
49465,5
49466,5
49467,1
49468,1
49469,1
49470,1
49471,5
49472,5
49473,5
49474,5
49475,1
49476,5
49477,1
49478,1
49479,5
49480,1
49481,1
49482,5
49483,5
49484,1
49485,5
49486,5
49487,5
49488,5
49489,5
49490,1
49491,5
49492,1
49493,5
49494,5
49495,5
49496,5
49497,5
49498,3
49499,1
49500,1
49501,1
49502,5
49503,1
49504,1
49505,5
49506,1
49507,1
49508,5
49509,5
49510,1
49511,1
49512,5
49513,5
49514,5
49515,5
49516,5
49517,1
49518,1
49519,5
49520,1
49521,5
49522,1
49523,5
49524,1
49525,5
49526,1
49527,5
49528,5
49529,5
49530,1
49531,5
49532,5
49533,1
49534,5
49535,5
49536,5
49537,5
49538,5
49539,5
49540,5
49541,3
49542,3
49543,5
49544,5
49545,5
49546,5
49547,5
49548,5
49549,5
49550,5
49551,5
49552,5
49553,1
49554,5
49555,5
49556,1
49557,1
49558,1
49559,1
49560,1
49561,5
49562,1
49563,1
49564,1
49565,1
49566,5
49567,5
49568,5
49569,1
49570,1
49571,5
49572,5
49573,1
49574,1
49575,1
49576,5
49577,5
49578,5
49579,5
49580,5
49581,5
49582,5
49583,5
49584,5
49585,5
49586,5
49587,5
49588,5
49589,5
49590,5
49591,5
49592,5
49593,1
49594,5
49595,1
49596,5
49597,1
49598,5
49599,1
49600,5
49601,1
49602,5
49603,1
49604,5
49605,5
49606,5
49607,5
49608,1
49609,5
49610,5
49611,5
49612,5
49613,5
49614,5
49615,1
49616,5
49617,5
49618,5
49619,5
49620,1
49621,5
49622,1
49623,5
49624,5
49625,5
49626,5
49627,1
49628,5
49629,5
49630,5
49631,5
49632,5
49633,5
49634,5
49635,5
49636,5
49637,5
49638,1
49639,1
49640,5
49641,1
49642,1
49643,1
49644,5
49645,1
49646,1
49647,1
49648,5
49649,5
49650,5
49651,1
49652,5
49653,1
49654,5
49655,1
49656,1
49657,1
49658,5
49659,3
49660,1
49661,5
49662,1
49663,5
49664,5
49665,5
49666,5
49667,1
49668,5
49669,5
49670,5
49671,5
49672,1
49673,5
49674,5
49675,5
49676,5
49677,3
49678,5
49679,5
49680,5
49681,5
49682,5
49683,5
49684,5
49685,5
49686,5
49687,5
49688,5
49689,5
49690,5
49691,5
49692,5
49693,5
49694,5
49695,5
49696,1
49697,1
49698,1
49699,1
49700,1
49701,1
49702,5
49703,1
49704,1
49705,1
49706,1
49707,5
49708,5
49709,5
49710,1
49711,1
49712,1
49713,1
49714,1
49715,1
49716,1
49717,1
49718,1
49719,1
49720,1
49721,5
49722,1
49723,1
49724,1
49725,1
49726,5
49727,5
49728,1
49729,5
49730,5
49731,5
49732,1
49733,1
49734,5
49735,5
49736,5
49737,5
49738,5
49739,1
49740,5
49741,5
49742,5
49743,5
49744,5
49745,5
49746,5
49747,5
49748,1
49749,5
49750,5
49751,5
49752,1
49753,5
49754,1
49755,5
49756,1
49757,1
49758,5
49759,1
49760,1
49761,5
49762,1
49763,1
49764,1
49765,1
49766,5
49767,1
49768,1
49769,1
49770,3
49771,1
49772,1
49773,5
49774,1
49775,3
49776,1
49777,5
49778,5
49779,5
49780,1
49781,5
49782,1
49783,1
49784,5
49785,1
49786,5
49787,1
49788,5
49789,5
49790,5
49791,5
49792,5
49793,5
49794,5
49795,5
49796,5
49797,5
49798,5
49799,5
49800,3
49801,5
49802,5
49803,5
49804,5
49805,5
49806,5
49807,5
49808,5
49809,5
49810,5
49811,5
49812,5
49813,5
49814,5
49815,5
49816,5
49817,1
49818,5
49819,1
49820,1
49821,1
49822,1
49823,5
49824,1
49825,5
49826,5
49827,1
49828,1
49829,1
49830,5
49831,1
49832,5
49833,5
49834,5
49835,3
49836,5
49837,5
49838,5
49839,5
49840,5
49841,1
49842,5
49843,1
49844,5
49845,5
49846,5
49847,5
49848,5
49849,5
49850,5
49851,1
49852,5
49853,5
49854,3
49855,3
49856,5
49857,5
49858,5
49859,5
49860,5
49861,5
49862,5
49863,5
49864,3
49865,5
49866,5
49867,5
49868,5
49869,3
49870,5
49871,5
49872,1
49873,5
49874,5
49875,1
49876,1
49877,5
49878,1
49879,5
49880,1
49881,5
49882,5
49883,5
49884,1
49885,1
49886,1
49887,1
49888,5
49889,5
49890,1
49891,1
49892,5
49893,1
49894,1
49895,1
49896,5
49897,5
49898,1
49899,5
49900,1
49901,5
49902,5
49903,5
49904,5
49905,5
49906,5
49907,5
49908,1
49909,5
49910,5
49911,5
49912,5
49913,5
49914,5
49915,1
49916,5
49917,5
49918,5
49919,5
49920,5
49921,5
49922,5
49923,1
49924,5
49925,1
49926,1
49927,1
49928,1
49929,1
49930,1
49931,1
49932,1
49933,5
49934,5
49935,5
49936,1
49937,1
49938,5
49939,1
49940,5
49941,5
49942,5
49943,1
49944,1
49945,1
49946,5
49947,3
49948,5
49949,5
49950,1
49951,5
49952,5
49953,1
49954,1
49955,5
49956,5
49957,1
49958,1
49959,5
49960,5
49961,5
49962,5
49963,5
49964,5
49965,1
49966,5
49967,5
49968,5
49969,5
49970,5
49971,5
49972,5
49973,5
49974,5
49975,1
49976,5
49977,5
49978,5
49979,5
49980,5
49981,5
49982,5
49983,5
49984,1
49985,1
49986,5
49987,1
49988,1
49989,1
49990,5
49991,1
49992,1
49993,1
49994,5
49995,1
49996,1
49997,1
49998,5
49999,5
50000,1
50001,5
50002,3
50003,1
50004,1
50005,5
50006,5
50007,5
50008,1
50009,1
50010,5
50011,5
50012,5
50013,5
50014,5
50015,5
50016,5
50017,5
50018,5
50019,5
50020,5
50021,5
50022,5
50023,5
50024,5
50025,1
50026,5
50027,5
50028,1
50029,5
50030,5
50031,1
50032,1
50033,1
50034,5
50035,5
50036,3
50037,1
50038,5
50039,5
50040,1
50041,5
50042,1
50043,1
50044,1
50045,1
50046,5
50047,1
50048,5
50049,1
50050,5
50051,1
50052,5
50053,5
50054,5
50055,5
50056,5
50057,5
50058,5
50059,1
50060,5
50061,1
50062,3
50063,5
50064,5
50065,5
50066,5
50067,5
50068,5
50069,5
50070,1
50071,5
50072,5
50073,5
50074,5
50075,5
50076,5
50077,5
50078,5
50079,5
50080,5
50081,5
50082,1
50083,5
50084,1
50085,5
50086,1
50087,1
50088,1
50089,1
50090,5
50091,1
50092,5
50093,1
50094,1
50095,1
50096,1
50097,1
50098,1
50099,1
50100,5
50101,5
50102,1
50103,1
50104,5
50105,1
50106,1
50107,5
50108,5
50109,5
50110,1
50111,5
50112,3
50113,5
50114,5
50115,5
50116,5
50117,5
50118,5
50119,5
50120,5
50121,3
50122,5
50123,1
50124,1
50125,5
50126,5
50127,5
50128,5
50129,5
50130,5
50131,5
50132,5
50133,5
50134,5
50135,1
50136,1
50137,1
50138,5
50139,5
50140,5
50141,1
50142,1
50143,1
50144,1
50145,1
50146,1
50147,5
50148,1
50149,5
50150,1
50151,5
50152,1
50153,1
50154,5
50155,5
50156,1
50157,5
50158,1
50159,1
50160,5
50161,5
50162,1
50163,1
50164,1
50165,5
50166,1
50167,5
50168,1
50169,5
50170,5
50171,5
50172,3
50173,1
50174,5
50175,5
50176,5
50177,5
50178,5
50179,5
50180,5
50181,5
50182,5
50183,5
50184,5
50185,5
50186,5
50187,5
50188,1
50189,1
50190,5
50191,1
50192,1
50193,5
50194,1
50195,5
50196,1
50197,1
50198,1
50199,5
50200,1
50201,1
50202,1
50203,5
50204,3
50205,5
50206,1
50207,5
50208,5
50209,5
50210,5
50211,5
50212,5
50213,5
50214,1
50215,5
50216,5
50217,5
50218,5
50219,5
50220,5
50221,5
50222,5
50223,1
50224,5
50225,5
50226,1
50227,5
50228,5
50229,5
50230,5
50231,5
50232,5
50233,5
50234,5
50235,5
50236,5
50237,5
50238,5
50239,5
50240,5
50241,1
50242,1
50243,1
50244,1
50245,5
50246,5
50247,1
50248,5
50249,5
50250,1
50251,5
50252,5
50253,5
50254,1
50255,5
50256,5
50257,5
50258,5
50259,5
50260,5
50261,5
50262,1
50263,1
50264,1
50265,1
50266,5
50267,5
50268,5
50269,5
50270,1
50271,5
50272,1
50273,5
50274,5
50275,5
50276,3
50277,5
50278,5
50279,5
50280,5
50281,5
50282,5
50283,5
50284,5
50285,5
50286,1
50287,5
50288,5
50289,1
50290,1
50291,1
50292,1
50293,1
50294,1
50295,1
50296,1
50297,1
50298,1
50299,1
50300,5
50301,5
50302,5
50303,1
50304,5
50305,3
50306,5
50307,5
50308,5
50309,5
50310,3
50311,5
50312,5
50313,1
50314,5
50315,1
50316,5
50317,1
50318,1
50319,5
50320,5
50321,3
50322,5
50323,5
50324,5
50325,1
50326,5
50327,5
50328,5
50329,5
50330,5
50331,1
50332,5
50333,1
50334,1
50335,5
50336,5
50337,1
50338,1
50339,5
50340,5
50341,5
50342,1
50343,1
50344,5
50345,5
50346,1
50347,1
50348,1
50349,1
50350,1
50351,5
50352,5
50353,1
50354,1
50355,5
50356,5
50357,5
50358,1
50359,5
50360,1
50361,5
50362,5
50363,5
50364,5
50365,5
50366,5
50367,5
50368,5
50369,5
50370,5
50371,5
50372,3
50373,5
50374,1
50375,5
50376,5
50377,1
50378,5
50379,5
50380,5
50381,1
50382,5
50383,5
50384,5
50385,1
50386,1
50387,1
50388,1
50389,5
50390,1
50391,1
50392,1
50393,1
50394,5
50395,5
50396,1
50397,5
50398,5
50399,1
50400,1
50401,1
50402,1
50403,5
50404,5
50405,1
50406,1
50407,5
50408,1
50409,5
50410,5
50411,5
50412,5
50413,1
50414,5
50415,5
50416,5
50417,5
50418,5
50419,5
50420,5
50421,5
50422,5
50423,5
50424,5
50425,5
50426,5
50427,5
50428,5
50429,5
50430,1
50431,5
50432,1
50433,1
50434,5
50435,1
50436,1
50437,1
50438,5
50439,1
50440,1
50441,1
50442,1
50443,1
50444,1
50445,1
50446,5
50447,5
50448,1
50449,5
50450,1
50451,1
50452,5
50453,1
50454,5
50455,5
50456,3
50457,5
50458,5
50459,5
50460,5
50461,5
50462,5
50463,5
50464,5
50465,5
50466,5
50467,5
50468,5
50469,1
50470,1
50471,1
50472,1
50473,5
50474,1
50475,1
50476,1
50477,1
50478,5
50479,5
50480,5
50481,5
50482,5
50483,1
50484,5
50485,1
50486,3
50487,5
50488,5
50489,1
50490,5
50491,5
50492,1
50493,5
50494,1
50495,5
50496,5
50497,5
50498,5
50499,5
50500,5
50501,5
50502,1
50503,5
50504,5
50505,5
50506,5
50507,5
50508,5
50509,5
50510,5
50511,5
50512,5
50513,5
50514,5
50515,5
50516,5
50517,5
50518,5
50519,1
50520,1
50521,1
50522,5
50523,5
50524,1
50525,1
50526,5
50527,1
50528,5
50529,5
50530,5
50531,1
50532,1
50533,5
50534,5
50535,1
50536,5
50537,1
50538,5
50539,1
50540,5
50541,1
50542,5
50543,5
50544,1
50545,5
50546,1
50547,5
50548,1
50549,1
50550,3
50551,5
50552,5
50553,1
50554,1
50555,5
50556,5
50557,5
50558,5
50559,5
50560,5
50561,5
50562,5
50563,5
50564,5
50565,5
50566,5
50567,5
50568,1
50569,5
50570,1
50571,1
50572,1
50573,1
50574,1
50575,5
50576,5
50577,1
50578,1
50579,5
50580,5
50581,1
50582,5
50583,5
50584,5
50585,5
50586,1
50587,5
50588,5
50589,5
50590,1
50591,1
50592,1
50593,5
50594,5
50595,1
50596,5
50597,5
50598,5
50599,5
50600,5
50601,5
50602,1
50603,5
50604,5
50605,5
50606,1
50607,5
50608,5
50609,1
50610,5
50611,5
50612,5
50613,5
50614,5
50615,5
50616,5
50617,5
50618,1
50619,1
50620,1
50621,1
50622,5
50623,1
50624,1
50625,5
50626,1
50627,1
50628,1
50629,1
50630,1
50631,1
50632,1
50633,1
50634,5
50635,5
50636,5
50637,1
50638,1
50639,5
50640,5
50641,1
50642,1
50643,5
50644,1
50645,5
50646,5
50647,5
50648,1
50649,5
50650,5
50651,1
50652,5
50653,5
50654,5
50655,5
50656,5
50657,5
50658,5
50659,1
50660,1
50661,1
50662,5
50663,3
50664,5
50665,5
50666,5
50667,5
50668,5
50669,5
50670,5
50671,5
50672,5
50673,1
50674,1
50675,1
50676,1
50677,1
50678,5
50679,1
50680,1
50681,1
50682,1
50683,1
50684,1
50685,1
50686,5
50687,5
50688,1
50689,1
50690,1
50691,3
50692,1
50693,5
50694,3
50695,1
50696,5
50697,5
50698,1
50699,1
50700,5
50701,5
50702,1
50703,3
50704,1
50705,1
50706,5
50707,1
50708,5
50709,5
50710,1
50711,5
50712,5
50713,5
50714,5
50715,5
50716,5
50717,5
50718,5
50719,5
50720,5
50721,5
50722,1
50723,1
50724,1
50725,1
50726,5
50727,1
50728,5
50729,5
50730,1
50731,1
50732,1
50733,5
50734,1
50735,1
50736,1
50737,1
50738,5
50739,5
50740,1
50741,1
50742,5
50743,3
50744,5
50745,1
50746,5
50747,1
50748,5
50749,5
50750,1
50751,5
50752,5
50753,1
50754,1
50755,3
50756,1
50757,5
50758,5
50759,5
50760,5
50761,3
50762,5
50763,5
50764,5
50765,1
50766,5
50767,5
50768,5
50769,5
50770,5
50771,5
50772,5
50773,1
50774,1
50775,1
50776,1
50777,1
50778,5
50779,5
50780,5
50781,5
50782,1
50783,5
50784,5
50785,5
50786,5
50787,5
50788,1
50789,1
50790,1
50791,5
50792,5
50793,1
50794,5
50795,5
50796,3
50797,5
50798,3
50799,1
50800,5
50801,5
50802,5
50803,5
50804,5
50805,5
50806,5
50807,5
50808,5
50809,3
50810,1
50811,5
50812,5
50813,5
50814,5
50815,5
50816,5
50817,5
50818,5
50819,5
50820,5
50821,5
50822,5
50823,5
50824,5
50825,5
50826,5
50827,5
50828,1
50829,5
50830,1
50831,1
50832,1
50833,1
50834,5
50835,5
50836,5
50837,5
50838,5
50839,1
50840,1
50841,1
50842,1
50843,1
50844,1
50845,1
50846,1
50847,5
50848,1
50849,5
50850,5
50851,5
50852,1
50853,1
50854,5
50855,5
50856,5
50857,5
50858,5
50859,5
50860,5
50861,1
50862,5
50863,5
50864,5
50865,5
50866,5
50867,5
50868,5
50869,5
50870,5
50871,5
50872,5
50873,5
50874,1
50875,5
50876,1
50877,1
50878,1
50879,1
50880,5
50881,1
50882,1
50883,1
50884,5
50885,1
50886,1
50887,1
50888,1
50889,5
50890,1
50891,1
50892,1
50893,5
50894,5
50895,1
50896,5
50897,1
50898,5
50899,1
50900,1
50901,5
50902,1
50903,5
50904,1
50905,5
50906,5
50907,5
50908,1
50909,1
50910,5
50911,5
50912,1
50913,1
50914,1
50915,5
50916,5
50917,5
50918,5
50919,5
50920,5
50921,5
50922,5
50923,3
50924,5
50925,1
50926,1
50927,1
50928,1
50929,5
50930,1
50931,5
50932,1
50933,5
50934,1
50935,5
50936,5
50937,3
50938,5
50939,5
50940,5
50941,5
50942,5
50943,1
50944,1
50945,1
50946,1
50947,1
50948,5
50949,5
50950,1
50951,5
50952,5
50953,1
50954,1
50955,1
50956,5
50957,5
50958,5
50959,5
50960,5
50961,5
50962,5
50963,5
50964,5
50965,5
50966,1
50967,1
50968,5
50969,1
50970,1
50971,5
50972,1
50973,1
50974,5
50975,1
50976,1
50977,1
50978,1
50979,1
50980,5
50981,1
50982,1
50983,5
50984,1
50985,1
50986,1
50987,5
50988,5
50989,5
50990,1
50991,1
50992,5
50993,1
50994,1
50995,1
50996,1
50997,5
50998,5
50999,1
51000,1
51001,1
51002,1
51003,5
51004,5
51005,5
51006,5
51007,5
51008,5
51009,5
51010,5
51011,3
51012,1
51013,5
51014,5
51015,1
51016,5
51017,3
51018,5
51019,5
51020,5
51021,5
51022,5
51023,5
51024,5
51025,5
51026,5
51027,5
51028,1
51029,1
51030,1
51031,1
51032,5
51033,1
51034,1
51035,1
51036,1
51037,1
51038,1
51039,1
51040,5
51041,1
51042,1
51043,1
51044,5
51045,1
51046,1
51047,1
51048,1
51049,5
51050,1
51051,5
51052,5
51053,5
51054,3
51055,1
51056,5
51057,1
51058,5
51059,5
51060,5
51061,5
51062,5
51063,5
51064,5
51065,5
51066,5
51067,5
51068,5
51069,5
51070,5
51071,1
51072,5
51073,1
51074,1
51075,1
51076,5
51077,1
51078,1
51079,5
51080,1
51081,1
51082,1
51083,1
51084,1
51085,5
51086,5
51087,1
51088,5
51089,5
51090,1
51091,1
51092,5
51093,3
51094,5
51095,5
51096,5
51097,5
51098,1
51099,5
51100,5
51101,1
51102,1
51103,5
51104,1
51105,1
51106,5
51107,5
51108,1
51109,5
51110,5
51111,5
51112,5
51113,5
51114,5
51115,5
51116,5
51117,5
51118,5
51119,5
51120,5
51121,5
51122,5
51123,5
51124,1
51125,1
51126,5
51127,1
51128,1
51129,1
51130,1
51131,1
51132,1
51133,1
51134,1
51135,5
51136,5
51137,5
51138,5
51139,1
51140,5
51141,1
51142,5
51143,1
51144,1
51145,1
51146,1
51147,5
51148,1
51149,5
51150,1
51151,5
51152,1
51153,1
51154,5
51155,1
51156,1
51157,1
51158,5
51159,5
51160,5
51161,5
51162,1
51163,5
51164,1
51165,5
51166,5
51167,5
51168,5
51169,5
51170,5
51171,5
51172,1
51173,1
51174,5
51175,5
51176,5
51177,5
51178,5
51179,5
51180,5
51181,5
51182,5
51183,5
51184,5
51185,5
51186,5
51187,5
51188,1
51189,5
51190,1
51191,1
51192,1
51193,1
51194,5
51195,5
51196,5
51197,1
51198,1
51199,5
51200,5
51201,1
51202,5
51203,1
51204,1
51205,1
51206,5
51207,1
51208,1
51209,5
51210,5
51211,1
51212,5
51213,5
51214,5
51215,5
51216,1
51217,1
51218,1
51219,5
51220,5
51221,1
51222,5
51223,5
51224,5
51225,1
51226,5
51227,1
51228,5
51229,5
51230,5
51231,1
51232,5
51233,3
51234,5
51235,5
51236,5
51237,5
51238,5
51239,5
51240,5
51241,5
51242,5
51243,5
51244,5
51245,5
51246,5
51247,1
51248,5
51249,1
51250,1
51251,5
51252,5
51253,1
51254,1
51255,5
51256,5
51257,1
51258,1
51259,5
51260,1
51261,5
51262,1
51263,1
51264,5
51265,1
51266,1
51267,1
51268,5
51269,1
51270,1
51271,5
51272,5
51273,5
51274,5
51275,1
51276,1
51277,5
51278,5
51279,5
51280,5
51281,5
51282,1
51283,3
51284,1
51285,5
51286,5
51287,3
51288,5
51289,5
51290,5
51291,5
51292,5
51293,5
51294,5
51295,5
51296,5
51297,5
51298,1
51299,5
51300,5
51301,1
51302,1
51303,5
51304,5
51305,5
51306,5
51307,1
51308,5
51309,5
51310,1
51311,5
51312,1
51313,1
51314,1
51315,1
51316,1
51317,1
51318,5
51319,1
51320,5
51321,5
51322,5
51323,1
51324,1
51325,5
51326,5
51327,5
51328,5
51329,5
51330,5
51331,5
51332,5
51333,1
51334,5
51335,5
51336,5
51337,5
51338,5
51339,5
51340,5
51341,5
51342,5
51343,1
51344,1
51345,1
51346,1
51347,1
51348,5
51349,1
51350,1
51351,1
51352,1
51353,1
51354,5
51355,5
51356,1
51357,1
51358,1
51359,1
51360,1
51361,1
51362,1
51363,1
51364,5
51365,1
51366,5
51367,5
51368,5
51369,1
51370,5
51371,5
51372,1
51373,5
51374,1
51375,1
51376,5
51377,5
51378,5
51379,5
51380,1
51381,5
51382,5
51383,5
51384,1
51385,5
51386,5
51387,1
51388,5
51389,5
51390,5
51391,5
51392,1
51393,5
51394,5
51395,5
51396,5
51397,5
51398,5
51399,5
51400,5
51401,5
51402,1
51403,1
51404,1
51405,5
51406,1
51407,1
51408,1
51409,1
51410,1
51411,1
51412,1
51413,5
51414,1
51415,1
51416,1
51417,5
51418,1
51419,5
51420,5
51421,1
51422,1
51423,1
51424,5
51425,5
51426,1
51427,1
51428,1
51429,5
51430,5
51431,1
51432,5
51433,5
51434,5
51435,5
51436,5
51437,5
51438,5
51439,5
51440,5
51441,1
51442,5
51443,5
51444,5
51445,5
51446,5
51447,5
51448,1
51449,5
51450,5
51451,5
51452,5
51453,5
51454,5
51455,5
51456,5
51457,1
51458,5
51459,1
51460,1
51461,1
51462,1
51463,1
51464,1
51465,5
51466,1
51467,1
51468,5
51469,5
51470,5
51471,1
51472,1
51473,1
51474,1
51475,1
51476,1
51477,5
51478,1
51479,5
51480,1
51481,5
51482,3
51483,5
51484,5
51485,1
51486,5
51487,5
51488,5
51489,5
51490,5
51491,5
51492,5
51493,5
51494,5
51495,5
51496,5
51497,5
51498,5
51499,1
51500,1
51501,1
51502,1
51503,5
51504,5
51505,1
51506,5
51507,1
51508,1
51509,1
51510,1
51511,5
51512,1
51513,1
51514,5
51515,1
51516,5
51517,5
51518,3
51519,5
51520,1
51521,1
51522,1
51523,5
51524,1
51525,1
51526,1
51527,1
51528,1
51529,5
51530,5
51531,5
51532,5
51533,5
51534,5
51535,5
51536,5
51537,5
51538,5
51539,5
51540,5
51541,5
51542,5
51543,5
51544,5
51545,5
51546,3
51547,5
51548,5
51549,3
51550,1
51551,1
51552,5
51553,1
51554,1
51555,1
51556,1
51557,5
51558,1
51559,5
51560,1
51561,5
51562,1
51563,5
51564,5
51565,5
51566,1
51567,5
51568,1
51569,1
51570,1
51571,1
51572,5
51573,5
51574,1
51575,5
51576,1
51577,5
51578,5
51579,5
51580,5
51581,5
51582,5
51583,1
51584,5
51585,5
51586,5
51587,5
51588,5
51589,5
51590,3
51591,5
51592,5
51593,5
51594,1
51595,5
51596,5
51597,1
51598,5
51599,5
51600,1
51601,1
51602,1
51603,1
51604,1
51605,1
51606,1
51607,1
51608,1
51609,1
51610,1
51611,5
51612,5
51613,5
51614,5
51615,1
51616,5
51617,1
51618,5
51619,5
51620,1
51621,5
51622,5
51623,5
51624,5
51625,3
51626,5
51627,1
51628,1
51629,5
51630,5
51631,5
51632,5
51633,5
51634,1
51635,5
51636,5
51637,5
51638,5
51639,1
51640,5
51641,5
51642,1
51643,1
51644,5
51645,5
51646,1
51647,1
51648,5
51649,5
51650,5
51651,5
51652,5
51653,1
51654,1
51655,1
51656,5
51657,5
51658,1
51659,5
51660,1
51661,1
51662,1
51663,1
51664,1
51665,5
51666,5
51667,1
51668,1
51669,1
51670,5
51671,5
51672,5
51673,5
51674,5
51675,5
51676,5
51677,5
51678,5
51679,5
51680,5
51681,5
51682,5
51683,1
51684,5
51685,1
51686,1
51687,1
51688,5
51689,1
51690,1
51691,1
51692,1
51693,5
51694,5
51695,1
51696,1
51697,5
51698,1
51699,1
51700,5
51701,5
51702,1
51703,1
51704,1
51705,5
51706,1
51707,5
51708,5
51709,5
51710,5
51711,5
51712,5
51713,5
51714,1
51715,3
51716,5
51717,1
51718,1
51719,1
51720,5
51721,5
51722,5
51723,5
51724,5
51725,5
51726,5
51727,5
51728,1
51729,5
51730,5
51731,5
51732,5
51733,5
51734,5
51735,5
51736,5
51737,5
51738,1
51739,5
51740,1
51741,1
51742,1
51743,1
51744,1
51745,1
51746,1
51747,1
51748,1
51749,5
51750,5
51751,1
51752,5
51753,1
51754,1
51755,1
51756,1
51757,5
51758,1
51759,1
51760,1
51761,1
51762,1
51763,5
51764,1
51765,3
51766,5
51767,5
51768,5
51769,5
51770,1
51771,5
51772,5
51773,5
51774,5
51775,5
51776,5
51777,5
51778,5
51779,5
51780,5
51781,5
51782,5
51783,1
51784,1
51785,1
51786,1
51787,5
51788,1
51789,5
51790,5
51791,5
51792,5
51793,1
51794,1
51795,1
51796,1
51797,5
51798,5
51799,5
51800,5
51801,1
51802,1
51803,1
51804,1
51805,5
51806,5
51807,5
51808,1
51809,1
51810,5
51811,5
51812,5
51813,5
51814,3
51815,5
51816,1
51817,5
51818,5
51819,5
51820,5
51821,1
51822,5
51823,1
51824,5
51825,5
51826,5
51827,5
51828,5
51829,5
51830,3
51831,5
51832,1
51833,1
51834,1
51835,1
51836,1
51837,1
51838,5
51839,1
51840,5
51841,1
51842,5
51843,5
51844,1
51845,1
51846,1
51847,1
51848,5
51849,1
51850,1
51851,5
51852,1
51853,5
51854,1
51855,5
51856,1
51857,5
51858,5
51859,5
51860,5
51861,5
51862,3
51863,1
51864,1
51865,1
51866,1
51867,1
51868,1
51869,5
51870,5
51871,5
51872,1
51873,1
51874,5
51875,5
51876,5
51877,5
51878,5
51879,5
51880,5
51881,5
51882,5
51883,5
51884,5
51885,5
51886,5
51887,5
51888,5
51889,5
51890,5
51891,1
51892,5
51893,5
51894,5
51895,5
51896,1
51897,1
51898,1
51899,1
51900,1
51901,1
51902,5
51903,1
51904,5
51905,3
51906,5
51907,1
51908,5
51909,1
51910,5
51911,1
51912,1
51913,1
51914,5
51915,1
51916,5
51917,5
51918,5
51919,1
51920,1
51921,1
51922,5
51923,5
51924,5
51925,5
51926,5
51927,5
51928,5
51929,5
51930,1
51931,5
51932,5
51933,1
51934,1
51935,5
51936,1
51937,5
51938,5
51939,5
51940,5
51941,5
51942,5
51943,5
51944,5
51945,5
51946,1
51947,1
51948,1
51949,1
51950,1
51951,1
51952,1
51953,5
51954,1
51955,5
51956,1
51957,1
51958,1
51959,1
51960,5
51961,1
51962,5
51963,1
51964,1
51965,1
51966,1
51967,5
51968,5
51969,5
51970,5
51971,5
51972,1
51973,1
51974,5
51975,5
51976,3
51977,5
51978,1
51979,3
51980,1
51981,1
51982,5
51983,5
51984,1
51985,5
51986,5
51987,5
51988,1
51989,5
51990,5
51991,5
51992,5
51993,5
51994,5
51995,1
51996,5
51997,5
51998,5
51999,5
52000,5
52001,5
52002,5
52003,5
52004,5
52005,5
52006,1
52007,1
52008,5
52009,1
52010,1
52011,5
52012,5
52013,1
52014,1
52015,5
52016,1
52017,1
52018,5
52019,1
52020,1
52021,5
52022,1
52023,1
52024,5
52025,1
52026,5
52027,5
52028,5
52029,1
52030,5
52031,5
52032,5
52033,5
52034,5
52035,5
52036,5
52037,5
52038,5
52039,5
52040,5
52041,5
52042,5
52043,5
52044,5
52045,5
52046,5
52047,1
52048,5
52049,1
52050,5
52051,5
52052,1
52053,5
52054,1
52055,1
52056,5
52057,1
52058,1
52059,1
52060,1
52061,5
52062,1
52063,5
52064,1
52065,1
52066,1
52067,5
52068,5
52069,1
52070,5
52071,5
52072,5
52073,1
52074,1
52075,1
52076,5
52077,5
52078,1
52079,1
52080,5
52081,5
52082,1
52083,5
52084,5
52085,5
52086,5
52087,5
52088,1
52089,5
52090,1
52091,1
52092,3
52093,5
52094,5
52095,5
52096,5
52097,5
52098,5
52099,5
52100,5
52101,5
52102,5
52103,5
52104,5
52105,1
52106,5
52107,5
52108,5
52109,5
52110,1
52111,1
52112,5
52113,5
52114,5
52115,1
52116,5
52117,1
52118,1
52119,5
52120,1
52121,5
52122,5
52123,1
52124,5
52125,1
52126,5
52127,5
52128,5
52129,5
52130,1
52131,5
52132,5
52133,1
52134,3
52135,5
52136,3
52137,5
52138,5
52139,3
52140,1
52141,5
52142,5
52143,1
52144,5
52145,5
52146,5
52147,5
52148,1
52149,5
52150,1
52151,5
52152,5
52153,5
52154,5
52155,5
52156,1
52157,1
52158,5
52159,1
52160,1
52161,1
52162,5
52163,5
52164,1
52165,1
52166,5
52167,5
52168,1
52169,1
52170,5
52171,1
52172,1
52173,1
52174,1
52175,5
52176,5
52177,5
52178,1
52179,1
52180,5
52181,5
52182,5
52183,1
52184,5
52185,1
52186,5
52187,5
52188,5
52189,5
52190,5
52191,5
52192,5
52193,5
52194,1
52195,5
52196,1
52197,5
52198,5
52199,5
52200,5
52201,5
52202,1
52203,5
52204,5
52205,5
52206,5
52207,5
52208,1
52209,5
52210,1
52211,1
52212,1
52213,1
52214,1
52215,1
52216,1
52217,1
52218,5
52219,1
52220,1
52221,1
52222,5
52223,5
52224,5
52225,1
52226,5
52227,1
52228,1
52229,5
52230,5
52231,5
52232,5
52233,1
52234,1
52235,1
52236,5
52237,5
52238,1
52239,1
52240,5
52241,5
52242,5
52243,5
52244,1
52245,5
52246,5
52247,5
52248,1
52249,1
52250,5
52251,5
52252,5
52253,5
52254,5
52255,5
52256,5
52257,5
52258,1
52259,5
52260,5
52261,1
52262,1
52263,1
52264,5
52265,1
52266,5
52267,5
52268,5
52269,1
52270,5
52271,1
52272,5
52273,3
52274,5
52275,5
52276,1
52277,1
52278,5
52279,5
52280,5
52281,5
52282,1
52283,1
52284,1
52285,5
52286,1
52287,5
52288,5
52289,5
52290,1
52291,5
52292,5
52293,5
52294,5
52295,5
52296,1
52297,3
52298,1
52299,5
52300,5
52301,5
52302,5
52303,5
52304,5
52305,5
52306,5
52307,5
52308,5
52309,5
52310,1
52311,5
52312,1
52313,5
52314,5
52315,1
52316,1
52317,5
52318,1
52319,1
52320,5
52321,1
52322,1
52323,1
52324,5
52325,1
52326,1
52327,1
52328,1
52329,1
52330,1
52331,1
52332,1
52333,5
52334,1
52335,1
52336,1
52337,5
52338,5
52339,1
52340,1
52341,5
52342,5
52343,5
52344,1
52345,5
52346,1
52347,1
52348,5
52349,1
52350,5
52351,1
52352,1
52353,1
52354,1
52355,3
52356,5
52357,5
52358,5
52359,5
52360,5
52361,5
52362,5
52363,5
52364,5
52365,5
52366,5
52367,5
52368,5
52369,5
52370,5
52371,5
52372,5
52373,5
52374,5
52375,1
52376,1
52377,1
52378,1
52379,1
52380,5
52381,1
52382,1
52383,1
52384,1
52385,1
52386,1
52387,1
52388,5
52389,1
52390,1
52391,1
52392,1
52393,5
52394,1
52395,1
52396,5
52397,1
52398,1
52399,5
52400,5
52401,5
52402,1
52403,1
52404,5
52405,5
52406,5
52407,1
52408,5
52409,5
52410,5
52411,1
52412,5
52413,5
52414,5
52415,5
52416,5
52417,1
52418,5
52419,5
52420,5
52421,1
52422,1
52423,5
52424,1
52425,1
52426,1
52427,5
52428,1
52429,1
52430,5
52431,5
52432,1
52433,1
52434,5
52435,5
52436,1
52437,5
52438,3
52439,1
52440,5
52441,5
52442,5
52443,5
52444,5
52445,5
52446,5
52447,5
52448,5
52449,5
52450,5
52451,5
52452,5
52453,5
52454,5
52455,5
52456,5
52457,5
52458,5
52459,5
52460,5
52461,1
52462,1
52463,5
52464,5
52465,1
52466,1
52467,1
52468,5
52469,5
52470,1
52471,3
52472,1
52473,1
52474,1
52475,1
52476,1
52477,5
52478,1
52479,5
52480,5
52481,5
52482,5
52483,1
52484,1
52485,5
52486,5
52487,5
52488,5
52489,5
52490,5
52491,5
52492,5
52493,5
52494,1
52495,5
52496,5
52497,5
52498,5
52499,5
52500,1
52501,1
52502,5
52503,1
52504,1
52505,1
52506,5
52507,5
52508,1
52509,5
52510,5
52511,1
52512,1
52513,5
52514,1
52515,5
52516,1
52517,1
52518,5
52519,5
52520,1
52521,5
52522,3
52523,5
52524,5
52525,5
52526,5
52527,5
52528,5
52529,5
52530,1
52531,5
52532,5
52533,5
52534,5
52535,5
52536,1
52537,5
52538,5
52539,5
52540,5
52541,1
52542,1
52543,5
52544,5
52545,1
52546,1
52547,5
52548,5
52549,1
52550,1
52551,1
52552,1
52553,1
52554,5
52555,5
52556,1
52557,5
52558,1
52559,5
52560,5
52561,5
52562,5
52563,1
52564,5
52565,3
52566,5
52567,1
52568,1
52569,5
52570,5
52571,5
52572,3
52573,5
52574,5
52575,5
52576,5
52577,5
52578,5
52579,1
52580,5
52581,5
52582,5
52583,5
52584,5
52585,3
52586,5
52587,5
52588,1
52589,1
52590,5
52591,1
52592,1
52593,1
52594,1
52595,1
52596,1
52597,1
52598,1
52599,1
52600,5
52601,5
52602,5
52603,1
52604,1
52605,1
52606,1
52607,5
52608,1
52609,5
52610,1
52611,5
52612,1
52613,5
52614,5
52615,1
52616,5
52617,5
52618,5
52619,5
52620,3
52621,3
52622,5
52623,5
52624,5
52625,5
52626,5
52627,5
52628,5
52629,5
52630,5
52631,1
52632,1
52633,1
52634,1
52635,1
52636,1
52637,5
52638,1
52639,1
52640,1
52641,1
52642,1
52643,1
52644,1
52645,1
52646,1
52647,1
52648,5
52649,5
52650,1
52651,1
52652,1
52653,1
52654,1
52655,5
52656,5
52657,5
52658,5
52659,1
52660,5
52661,5
52662,5
52663,1
52664,5
52665,5
52666,5
52667,5
52668,5
52669,5
52670,5
52671,1
52672,5
52673,5
52674,5
52675,5
52676,5
52677,5
52678,5
52679,5
52680,5
52681,5
52682,1
52683,1
52684,1
52685,5
52686,1
52687,5
52688,5
52689,1
52690,5
52691,5
52692,5
52693,1
52694,5
52695,5
52696,5
52697,5
52698,1
52699,1
52700,1
52701,5
52702,5
52703,1
52704,5
52705,1
52706,5
52707,5
52708,5
52709,5
52710,5
52711,5
52712,5
52713,5
52714,5
52715,5
52716,5
52717,5
52718,5
52719,5
52720,3
52721,5
52722,1
52723,5
52724,5
52725,5
52726,5
52727,5
52728,5
52729,5
52730,5
52731,5
52732,5
52733,5
52734,5
52735,5
52736,1
52737,5
52738,5
52739,5
52740,1
52741,1
52742,1
52743,1
52744,1
52745,1
52746,1
52747,1
52748,1
52749,5
52750,1
52751,5
52752,1
52753,1
52754,1
52755,5
52756,1
52757,1
52758,1
52759,1
52760,1
52761,1
52762,1
52763,5
52764,5
52765,1
52766,5
52767,5
52768,1
52769,1
52770,5
52771,5
52772,5
52773,5
52774,5
52775,5
52776,5
52777,1
52778,5
52779,5
52780,1
52781,5
52782,3
52783,5
52784,5
52785,5
52786,5
52787,1
52788,5
52789,5
52790,5
52791,5
52792,5
52793,5
52794,5
52795,5
52796,1
52797,1
52798,1
52799,1
52800,1
52801,1
52802,5
52803,1
52804,5
52805,1
52806,1
52807,5
52808,5
52809,5
52810,5
52811,5
52812,1
52813,1
52814,5
52815,1
52816,1
52817,5
52818,5
52819,1
52820,1
52821,5
52822,5
52823,5
52824,1
52825,5
52826,5
52827,1
52828,5
52829,1
52830,5
52831,5
52832,5
52833,5
52834,5
52835,1
52836,5
52837,5
52838,1
52839,1
52840,1
52841,5
52842,1
52843,1
52844,1
52845,1
52846,1
52847,1
52848,1
52849,5
52850,1
52851,1
52852,1
52853,1
52854,5
52855,1
52856,5
52857,5
52858,5
52859,5
52860,5
52861,1
52862,1
52863,1
52864,5
52865,1
52866,1
52867,1
52868,5
52869,3
52870,5
52871,5
52872,5
52873,5
52874,5
52875,5
52876,5
52877,5
52878,3
52879,5
52880,1
52881,5
52882,5
52883,1
52884,1
52885,1
52886,1
52887,1
52888,1
52889,1
52890,1
52891,5
52892,1
52893,1
52894,1
52895,1
52896,1
52897,5
52898,1
52899,1
52900,5
52901,5
52902,5
52903,1
52904,1
52905,5
52906,5
52907,5
52908,1
52909,1
52910,5
52911,5
52912,5
52913,5
52914,1
52915,1
52916,5
52917,5
52918,5
52919,5
52920,5
52921,5
52922,5
52923,5
52924,3
52925,5
52926,5
52927,5
52928,5
52929,5
52930,5
52931,5
52932,5
52933,1
52934,5
52935,1
52936,1
52937,1
52938,1
52939,5
52940,1
52941,1
52942,1
52943,1
52944,1
52945,5
52946,5
52947,1
52948,5
52949,1
52950,1
52951,1
52952,1
52953,1
52954,5
52955,5
52956,1
52957,1
52958,1
52959,1
52960,5
52961,1
52962,1
52963,5
52964,3
52965,1
52966,5
52967,1
52968,5
52969,5
52970,5
52971,1
52972,5
52973,5
52974,5
52975,5
52976,5
52977,1
52978,5
52979,1
52980,1
52981,1
52982,1
52983,1
52984,1
52985,1
52986,1
52987,1
52988,1
52989,1
52990,1
52991,1
52992,5
52993,1
52994,5
52995,1
52996,1
52997,5
52998,1
52999,1
53000,1
53001,1
53002,1
53003,5
53004,1
53005,1
53006,5
53007,1
53008,1
53009,1
53010,5
53011,5
53012,5
53013,5
53014,3
53015,5
53016,5
53017,5
53018,5
53019,5
53020,5
53021,5
53022,5
53023,5
53024,5
53025,5
53026,5
53027,5
53028,5
53029,5
53030,5
53031,1
53032,1
53033,1
53034,5
53035,5
53036,1
53037,1
53038,1
53039,5
53040,5
53041,1
53042,1
53043,5
53044,1
53045,1
53046,3
53047,1
53048,5
53049,1
53050,1
53051,5
53052,5
53053,5
53054,5
53055,5
53056,1
53057,5
53058,1
53059,5
53060,5
53061,3
53062,5
53063,5
53064,5
53065,1
53066,1
53067,5
53068,5
53069,5
53070,5
53071,5
53072,5
53073,5
53074,5
53075,1
53076,1
53077,1
53078,5
53079,1
53080,5
53081,1
53082,1
53083,5
53084,1
53085,1
53086,5
53087,1
53088,5
53089,1
53090,1
53091,1
53092,1
53093,1
53094,5
53095,1
53096,1
53097,1
53098,5
53099,5
53100,1
53101,5
53102,1
53103,3
53104,5
53105,1
53106,1
53107,5
53108,5
53109,3
53110,5
53111,5
53112,5
53113,1
53114,5
53115,5
53116,5
53117,5
53118,1
53119,5
53120,5
53121,1
53122,5
53123,3
53124,5
53125,5
53126,3
53127,1
53128,1
53129,5
53130,1
53131,5
53132,5
53133,5
53134,5
53135,5
53136,5
53137,5
53138,5
53139,1
53140,1
53141,1
53142,1
53143,1
53144,1
53145,1
53146,1
53147,1
53148,1
53149,1
53150,1
53151,1
53152,5
53153,5
53154,1
53155,5
53156,5
53157,5
53158,5
53159,5
53160,1
53161,1
53162,5
53163,1
53164,1
53165,1
53166,5
53167,5
53168,5
53169,5
53170,5
53171,1
53172,3
53173,5
53174,5
53175,5
53176,5
53177,5
53178,5
53179,5
53180,5
53181,5
53182,1
53183,1
53184,1
53185,1
53186,1
53187,1
53188,1
53189,1
53190,1
53191,1
53192,1
53193,1
53194,5
53195,1
53196,5
53197,5
53198,1
53199,5
53200,1
53201,5
53202,5
53203,5
53204,1
53205,1
53206,1
53207,5
53208,5
53209,5
53210,1
53211,5
53212,5
53213,5
53214,5
53215,5
53216,5
53217,5
53218,5
53219,5
53220,5
53221,5
53222,5
53223,5
53224,5
53225,5
53226,5
53227,5
53228,5
53229,5
53230,5
53231,5
53232,1
53233,5
53234,1
53235,1
53236,1
53237,1
53238,1
53239,1
53240,1
53241,5
53242,5
53243,5
53244,1
53245,1
53246,5
53247,3
53248,1
53249,1
53250,1
53251,5
53252,5
53253,5
53254,5
53255,5
53256,1
53257,1
53258,1
53259,5
53260,1
53261,5
53262,1
53263,5
53264,5
53265,1
53266,5
53267,3
53268,5
53269,5
53270,5
53271,5
53272,5
53273,5
53274,5
53275,5
53276,5
53277,5
53278,5
53279,5
53280,5
53281,1
53282,1
53283,5
53284,1
53285,1
53286,1
53287,5
53288,1
53289,5
53290,1
53291,1
53292,5
53293,1
53294,5
53295,1
53296,5
53297,1
53298,1
53299,5
53300,1
53301,1
53302,5
53303,1
53304,5
53305,1
53306,5
53307,3
53308,5
53309,5
53310,5
53311,1
53312,5
53313,5
53314,5
53315,5
53316,5
53317,5
53318,5
53319,5
53320,5
53321,1
53322,5
53323,5
53324,5
53325,5
53326,5
53327,5
53328,1
53329,1
53330,1
53331,1
53332,1
53333,5
53334,1
53335,1
53336,1
53337,5
53338,1
53339,1
53340,1
53341,1
53342,1
53343,1
53344,1
53345,1
53346,1
53347,5
53348,5
53349,5
53350,1
53351,1
53352,5
53353,1
53354,1
53355,5
53356,5
53357,1
53358,5
53359,5
53360,5
53361,5
53362,1
53363,5
53364,5
53365,5
53366,5
53367,5
53368,5
53369,5
53370,5
53371,1
53372,5
53373,5
53374,5
53375,5
53376,5
53377,5
53378,1
53379,5
53380,5
53381,5
53382,5
53383,3
53384,5
53385,1
53386,1
53387,1
53388,1
53389,5
53390,1
53391,1
53392,1
53393,1
53394,1
53395,5
53396,1
53397,5
53398,1
53399,5
53400,1
53401,1
53402,5
53403,1
53404,5
53405,1
53406,1
53407,1
53408,1
53409,5
53410,5
53411,5
53412,5
53413,5
53414,5
53415,5
53416,1
53417,5
53418,1
53419,3
53420,5
53421,5
53422,5
53423,5
53424,5
53425,5
53426,5
53427,5
53428,5
53429,5
53430,5
53431,5
53432,5
53433,1
53434,5
53435,1
53436,5
53437,1
53438,1
53439,1
53440,1
53441,1
53442,5
53443,1
53444,5
53445,1
53446,1
53447,1
53448,1
53449,1
53450,1
53451,1
53452,1
53453,1
53454,1
53455,5
53456,1
53457,5
53458,1
53459,5
53460,5
53461,1
53462,5
53463,5
53464,1
53465,1
53466,1
53467,5
53468,1
53469,5
53470,5
53471,5
53472,5
53473,5
53474,3
53475,5
53476,1
53477,5
53478,5
53479,3
53480,3
53481,5
53482,5
53483,5
53484,5
53485,5
53486,5
53487,5
53488,5
53489,5
53490,5
53491,5
53492,1
53493,5
53494,5
53495,5
53496,5
53497,5
53498,5
53499,1
53500,1
53501,1
53502,1
53503,1
53504,1
53505,1
53506,1
53507,1
53508,1
53509,1
53510,1
53511,5
53512,5
53513,1
53514,1
53515,1
53516,5
53517,1
53518,5
53519,5
53520,5
53521,1
53522,1
53523,5
53524,5
53525,5
53526,5
53527,1
53528,5
53529,5
53530,5
53531,1
53532,5
53533,5
53534,1
53535,5
53536,5
53537,5
53538,5
53539,5
53540,5
53541,5
53542,5
53543,3
53544,1
53545,1
53546,1
53547,1
53548,1
53549,1
53550,1
53551,1
53552,1
53553,5
53554,1
53555,1
53556,1
53557,1
53558,1
53559,1
53560,5
53561,5
53562,1
53563,1
53564,1
53565,1
53566,3
53567,1
53568,5
53569,1
53570,5
53571,1
53572,5
53573,5
53574,5
53575,1
53576,5
53577,5
53578,5
53579,1
53580,5
53581,5
53582,5
53583,5
53584,5
53585,5
53586,5
53587,5
53588,5
53589,5
53590,5
53591,5
53592,5
53593,5
53594,5
53595,5
53596,5
53597,5
53598,1
53599,1
53600,1
53601,1
53602,1
53603,1
53604,5
53605,1
53606,1
53607,5
53608,5
53609,1
53610,1
53611,5
53612,3
53613,1
53614,5
53615,5
53616,5
53617,5
53618,5
53619,1
53620,3
53621,5
53622,1
53623,5
53624,3
53625,5
53626,5
53627,5
53628,5
53629,5
53630,5
53631,5
53632,1
53633,1
53634,1
53635,1
53636,1
53637,1
53638,1
53639,5
53640,1
53641,1
53642,5
53643,1
53644,1
53645,5
53646,5
53647,3
53648,5
53649,1
53650,5
53651,1
53652,5
53653,1
53654,1
53655,5
53656,1
53657,1
53658,3
53659,1
53660,1
53661,1
53662,1
53663,5
53664,1
53665,5
53666,1
53667,5
53668,5
53669,5
53670,5
53671,5
53672,5
53673,5
53674,5
53675,5
53676,5
53677,5
53678,5
53679,5
53680,5
53681,5
53682,1
53683,1
53684,5
53685,1
53686,5
53687,1
53688,1
53689,1
53690,1
53691,5
53692,1
53693,1
53694,1
53695,1
53696,1
53697,1
53698,5
53699,5
53700,5
53701,1
53702,5
53703,5
53704,5
53705,1
53706,1
53707,1
53708,5
53709,1
53710,1
53711,5
53712,5
53713,1
53714,5
53715,5
53716,5
53717,5
53718,5
53719,1
53720,5
53721,5
53722,5
53723,1
53724,5
53725,5
53726,5
53727,5
53728,5
53729,5
53730,5
53731,5
53732,5
53733,5
53734,1
53735,5
53736,1
53737,1
53738,1
53739,1
53740,1
53741,5
53742,1
53743,1
53744,1
53745,1
53746,1
53747,1
53748,1
53749,5
53750,5
53751,1
53752,1
53753,1
53754,1
53755,1
53756,1
53757,5
53758,5
53759,5
53760,1
53761,1
53762,5
53763,1
53764,5
53765,5
53766,1
53767,5
53768,5
53769,5
53770,5
53771,5
53772,5
53773,5
53774,5
53775,1
53776,5
53777,5
53778,1
53779,5
53780,5
53781,5
53782,5
53783,1
53784,5
53785,5
53786,5
53787,1
53788,5
53789,5
53790,1
53791,1
53792,1
53793,1
53794,5
53795,5
53796,1
53797,1
53798,1
53799,1
53800,1
53801,1
53802,1
53803,5
53804,1
53805,5
53806,5
53807,5
53808,5
53809,1
53810,5
53811,1
53812,5
53813,5
53814,5
53815,5
53816,5
53817,5
53818,5
53819,5
53820,5
53821,5
53822,5
53823,3
53824,5
53825,5
53826,5
53827,5
53828,1
53829,5
53830,5
53831,1
53832,1
53833,1
53834,1
53835,1
53836,1
53837,1
53838,5
53839,1
53840,5
53841,1
53842,5
53843,1
53844,1
53845,5
53846,5
53847,1
53848,1
53849,5
53850,1
53851,1
53852,5
53853,1
53854,5
53855,1
53856,1
53857,5
53858,5
53859,5
53860,5
53861,5
53862,1
53863,5
53864,5
53865,5
53866,5
53867,5
53868,5
53869,1
53870,5
53871,5
53872,5
53873,5
53874,1
53875,1
53876,1
53877,1
53878,1
53879,1
53880,1
53881,1
53882,5
53883,1
53884,1
53885,1
53886,1
53887,1
53888,5
53889,1
53890,5
53891,1
53892,1
53893,1
53894,1
53895,1
53896,1
53897,1
53898,1
53899,1
53900,5
53901,1
53902,5
53903,1
53904,5
53905,5
53906,5
53907,5
53908,5
53909,5
53910,5
53911,5
53912,5
53913,5
53914,5
53915,5
53916,5
53917,5
53918,5
53919,5
53920,5
53921,5
53922,5
53923,5
53924,1
53925,1
53926,1
53927,1
53928,5
53929,1
53930,1
53931,1
53932,1
53933,1
53934,1
53935,1
53936,5
53937,5
53938,5
53939,5
53940,1
53941,1
53942,1
53943,1
53944,5
53945,1
53946,1
53947,1
53948,5
53949,5
53950,1
53951,5
53952,5
53953,5
53954,5
53955,1
53956,5
53957,5
53958,5
53959,5
53960,5
53961,5
53962,5
53963,5
53964,5
53965,5
53966,5
53967,5
53968,5
53969,5
53970,1
53971,1
53972,1
53973,1
53974,1
53975,1
53976,1
53977,1
53978,1
53979,1
53980,1
53981,1
53982,5
53983,1
53984,1
53985,1
53986,1
53987,5
53988,1
53989,1
53990,5
53991,1
53992,3
53993,5
53994,3
53995,1
53996,5
53997,5
53998,5
53999,5
54000,5
54001,3
54002,5
54003,5
54004,5
54005,5
54006,5
54007,1
54008,5
54009,5
54010,1
54011,5
54012,1
54013,1
54014,1
54015,1
54016,1
54017,1
54018,1
54019,1
54020,1
54021,1
54022,1
54023,1
54024,1
54025,1
54026,1
54027,1
54028,1
54029,1
54030,1
54031,1
54032,1
54033,1
54034,5
54035,5
54036,3
54037,5
54038,1
54039,1
54040,1
54041,1
54042,5
54043,1
54044,1
54045,5
54046,1
54047,5
54048,5
54049,5
54050,1
54051,5
54052,5
54053,3
54054,5
54055,5
54056,5
54057,5
54058,5
54059,1
54060,1
54061,3
54062,5
54063,5
54064,1
54065,1
54066,1
54067,1
54068,1
54069,1
54070,1
54071,1
54072,1
54073,5
54074,1
54075,1
54076,1
54077,1
54078,1
54079,5
54080,1
54081,1
54082,5
54083,5
54084,1
54085,1
54086,5
54087,5
54088,3
54089,5
54090,5
54091,1
54092,5
54093,1
54094,5
54095,1
54096,1
54097,5
54098,5
54099,5
54100,1
54101,5
54102,5
54103,5
54104,5
54105,5
54106,5
54107,5
54108,5
54109,5
54110,1
54111,5
54112,5
54113,5
54114,5
54115,5
54116,5
54117,5
54118,5
54119,1
54120,5
54121,5
54122,1
54123,5
54124,1
54125,1
54126,1
54127,1
54128,1
54129,1
54130,1
54131,1
54132,1
54133,1
54134,5
54135,1
54136,1
54137,5
54138,1
54139,1
54140,3
54141,1
54142,1
54143,5
54144,1
54145,1
54146,5
54147,1
54148,1
54149,1
54150,5
54151,5
54152,5
54153,5
54154,5
54155,5
54156,5
54157,5
54158,1
54159,5
54160,5
54161,5
54162,5
54163,5
54164,1
54165,1
54166,5
54167,5
54168,5
54169,1
54170,1
54171,1
54172,1
54173,1
54174,1
54175,1
54176,1
54177,5
54178,1
54179,1
54180,1
54181,5
54182,1
54183,1
54184,1
54185,1
54186,1
54187,1
54188,5
54189,1
54190,1
54191,5
54192,5
54193,5
54194,3
54195,1
54196,5
54197,5
54198,5
54199,1
54200,1
54201,5
54202,5
54203,5
54204,5
54205,5
54206,5
54207,1
54208,5
54209,5
54210,1
54211,5
54212,1
54213,1
54214,5
54215,5
54216,5
54217,5
54218,5
54219,1
54220,1
54221,5
54222,5
54223,1
54224,5
54225,1
54226,1
54227,5
54228,1
54229,3
54230,5
54231,1
54232,5
54233,3
54234,5
54235,5
54236,5
54237,5
54238,1
54239,5
54240,5
54241,5
54242,1
54243,5
54244,5
54245,5
54246,5
54247,1
54248,5
54249,1
54250,1
54251,1
54252,1
54253,1
54254,1
54255,1
54256,1
54257,1
54258,1
54259,1
54260,1
54261,5
54262,1
54263,1
54264,5
54265,5
54266,5
54267,1
54268,1
54269,5
54270,5
54271,5
54272,5
54273,5
54274,5
54275,1
54276,5
54277,5
54278,1
54279,5
54280,1
54281,5
54282,5
54283,5
54284,5
54285,5
54286,5
54287,5
54288,5
54289,5
54290,5
54291,5
54292,1
54293,1
54294,1
54295,1
54296,1
54297,5
54298,1
54299,1
54300,1
54301,1
54302,1
54303,1
54304,1
54305,1
54306,1
54307,1
54308,1
54309,1
54310,1
54311,5
54312,1
54313,1
54314,3
54315,3
54316,1
54317,5
54318,5
54319,5
54320,1
54321,1
54322,1
54323,5
54324,1
54325,1
54326,5
54327,1
54328,5
54329,1
54330,1
54331,5
54332,5
54333,5
54334,5
54335,1
54336,5
54337,5
54338,5
54339,1
54340,1
54341,1
54342,1
54343,1
54344,1
54345,1
54346,5
54347,1
54348,1
54349,1
54350,1
54351,1
54352,5
54353,1
54354,5
54355,1
54356,1
54357,1
54358,1
54359,5
54360,1
54361,1
54362,5
54363,1
54364,5
54365,5
54366,1
54367,1
54368,5
54369,5
54370,5
54371,5
54372,1
54373,5
54374,5
54375,1
54376,5
54377,5
54378,5
54379,1
54380,5
54381,3
54382,5
54383,5
54384,5
54385,5
54386,5
54387,5
54388,5
54389,5
54390,5
54391,5
54392,5
54393,5
54394,5
54395,5
54396,1
54397,1
54398,1
54399,1
54400,1
54401,5
54402,5
54403,1
54404,1
54405,1
54406,1
54407,5
54408,1
54409,1
54410,1
54411,1
54412,1
54413,5
54414,1
54415,5
54416,1
54417,5
54418,1
54419,5
54420,1
54421,3
54422,5
54423,5
54424,5
54425,5
54426,5
54427,5
54428,5
54429,5
54430,5
54431,3
54432,5
54433,1
54434,5
54435,1
54436,1
54437,1
54438,1
54439,1
54440,5
54441,1
54442,1
54443,1
54444,1
54445,1
54446,1
54447,1
54448,1
54449,1
54450,1
54451,1
54452,5
54453,1
54454,1
54455,1
54456,5
54457,1
54458,1
54459,5
54460,5
54461,5
54462,1
54463,3
54464,5
54465,5
54466,5
54467,5
54468,1
54469,5
54470,5
54471,5
54472,5
54473,1
54474,1
54475,5
54476,5
54477,3
54478,5
54479,5
54480,5
54481,1
54482,1
54483,1
54484,5
54485,5
54486,1
54487,1
54488,1
54489,1
54490,1
54491,1
54492,5
54493,1
54494,1
54495,1
54496,5
54497,1
54498,1
54499,1
54500,1
54501,1
54502,5
54503,1
54504,1
54505,1
54506,1
54507,1
54508,1
54509,1
54510,5
54511,5
54512,5
54513,5
54514,5
54515,5
54516,1
54517,1
54518,5
54519,5
54520,5
54521,5
54522,5
54523,5
54524,5
54525,5
54526,5
54527,5
54528,5
54529,5
54530,5
54531,5
54532,5
54533,1
54534,1
54535,1
54536,1
54537,1
54538,5
54539,1
54540,1
54541,1
54542,1
54543,1
54544,1
54545,1
54546,1
54547,1
54548,1
54549,1
54550,1
54551,1
54552,5
54553,5
54554,5
54555,5
54556,5
54557,1
54558,1
54559,1
54560,1
54561,1
54562,1
54563,5
54564,1
54565,5
54566,5
54567,1
54568,5
54569,5
54570,5
54571,1
54572,5
54573,1
54574,5
54575,5
54576,5
54577,5
54578,1
54579,5
54580,5
54581,5
54582,5
54583,5
54584,5
54585,1
54586,5
54587,1
54588,1
54589,1
54590,1
54591,1
54592,1
54593,1
54594,1
54595,1
54596,1
54597,5
54598,1
54599,1
54600,1
54601,5
54602,5
54603,5
54604,1
54605,5
54606,1
54607,5
54608,1
54609,1
54610,1
54611,1
54612,5
54613,5
54614,1
54615,5
54616,5
54617,1
54618,5
54619,3
54620,5
54621,1
54622,5
54623,5
54624,1
54625,5
54626,1
54627,1
54628,5
54629,5
54630,1
54631,1
54632,5
54633,5
54634,3
54635,5
54636,3
54637,5
54638,5
54639,5
54640,5
54641,5
54642,5
54643,1
54644,5
54645,1
54646,1
54647,1
54648,1
54649,1
54650,1
54651,1
54652,1
54653,1
54654,1
54655,1
54656,1
54657,1
54658,5
54659,1
54660,5
54661,5
54662,1
54663,5
54664,3
54665,1
54666,5
54667,1
54668,5
54669,5
54670,5
54671,5
54672,5
54673,5
54674,5
54675,5
54676,1
54677,1
54678,5
54679,5
54680,5
54681,5
54682,5
54683,5
54684,5
54685,1
54686,5
54687,5
54688,5
54689,5
54690,5
54691,5
54692,1
54693,1
54694,5
54695,1
54696,5
54697,5
54698,1
54699,1
54700,5
54701,1
54702,5
54703,1
54704,5
54705,1
54706,5
54707,5
54708,5
54709,5
54710,5
54711,1
54712,3
54713,5
54714,5
54715,5
54716,5
54717,5
54718,5
54719,5
54720,3
54721,5
54722,5
54723,1
54724,5
54725,5
54726,5
54727,1
54728,1
54729,1
54730,1
54731,1
54732,5
54733,5
54734,5
54735,5
54736,1
54737,5
54738,5
54739,5
54740,1
54741,1
54742,5
54743,5
54744,5
54745,1
54746,5
54747,5
54748,5
54749,5
54750,1
54751,5
54752,5
54753,5
54754,1
54755,5
54756,5
54757,5
54758,5
54759,5
54760,5
54761,5
54762,5
54763,5
54764,5
54765,5
54766,5
54767,5
54768,5
54769,1
54770,1
54771,1
54772,1
54773,1
54774,1
54775,1
54776,1
54777,1
54778,1
54779,5
54780,1
54781,1
54782,1
54783,5
54784,1
54785,5
54786,1
54787,3
54788,1
54789,1
54790,1
54791,5
54792,1
54793,5
54794,5
54795,5
54796,5
54797,5
54798,5
54799,5
54800,5
54801,5
54802,5
54803,5
54804,5
54805,5
54806,5
54807,1
54808,5
54809,5
54810,5
54811,5
54812,5
54813,5
54814,5
54815,5
54816,1
54817,1
54818,1
54819,1
54820,1
54821,1
54822,5
54823,1
54824,1
54825,1
54826,1
54827,5
54828,1
54829,1
54830,5
54831,1
54832,1
54833,5
54834,5
54835,1
54836,1
54837,1
54838,5
54839,1
54840,5
54841,5
54842,5
54843,5
54844,5
54845,5
54846,3
54847,5
54848,5
54849,1
54850,5
54851,5
54852,5
54853,5
54854,5
54855,5
54856,5
54857,5
54858,5
54859,1
54860,1
54861,1
54862,1
54863,1
54864,1
54865,1
54866,1
54867,1
54868,1
54869,1
54870,5
54871,1
54872,1
54873,1
54874,1
54875,5
54876,5
54877,1
54878,1
54879,1
54880,1
54881,1
54882,1
54883,1
54884,1
54885,1
54886,5
54887,5
54888,5
54889,5
54890,1
54891,1
54892,3
54893,1
54894,5
54895,5
54896,5
54897,5
54898,5
54899,5
54900,3
54901,5
54902,5
54903,5
54904,5
54905,5
54906,5
54907,5
54908,5
54909,5
54910,1
54911,1
54912,1
54913,1
54914,1
54915,1
54916,5
54917,1
54918,1
54919,5
54920,1
54921,5
54922,1
54923,1
54924,1
54925,5
54926,1
54927,5
54928,1
54929,1
54930,1
54931,1
54932,1
54933,1
54934,5
54935,1
54936,5
54937,1
54938,5
54939,5
54940,5
54941,5
54942,5
54943,3
54944,5
54945,5
54946,5
54947,5
54948,5
54949,5
54950,1
54951,5
54952,5
54953,5
54954,5
54955,5
54956,5
54957,5
54958,5
54959,5
54960,5
54961,5
54962,5
54963,1
54964,1
54965,1
54966,1
54967,1
54968,1
54969,5
54970,1
54971,5
54972,1
54973,5
54974,5
54975,5
54976,5
54977,1
54978,5
54979,1
54980,1
54981,5
54982,1
54983,1
54984,5
54985,5
54986,5
54987,5
54988,5
54989,5
54990,3
54991,1
54992,5
54993,1
54994,5
54995,5
54996,5
54997,5
54998,5
54999,5
55000,1
55001,1
55002,1
55003,1
55004,5
55005,1
55006,1
55007,1
55008,1
55009,1
55010,1
55011,1
55012,1
55013,1
55014,1
55015,1
55016,5
55017,1
55018,1
55019,1
55020,5
55021,1
55022,1
55023,5
55024,5
55025,5
55026,5
55027,5
55028,5
55029,5
55030,1
55031,5
55032,3
55033,5
55034,5
55035,1
55036,5
55037,1
55038,5
55039,1
55040,1
55041,1
55042,1
55043,1
55044,1
55045,1
55046,1
55047,1
55048,5
55049,1
55050,5
55051,1
55052,5
55053,5
55054,5
55055,1
55056,5
55057,5
55058,1
55059,1
55060,5
55061,5
55062,5
55063,1
55064,1
55065,1
55066,5
55067,5
55068,1
55069,5
55070,5
55071,5
55072,5
55073,5
55074,5
55075,1
55076,5
55077,1
55078,1
55079,1
55080,1
55081,1
55082,1
55083,1
55084,5
55085,1
55086,1
55087,1
55088,1
55089,1
55090,1
55091,1
55092,1
55093,1
55094,5
55095,1
55096,5
55097,1
55098,5
55099,1
55100,5
55101,5
55102,5
55103,5
55104,5
55105,5
55106,1
55107,5
55108,5
55109,5
55110,5
55111,1
55112,1
55113,1
55114,1
55115,1
55116,1
55117,5
55118,1
55119,1
55120,1
55121,1
55122,1
55123,1
55124,1
55125,5
55126,1
55127,1
55128,1
55129,1
55130,5
55131,5
55132,5
55133,5
55134,5
55135,5
55136,1
55137,1
55138,5
55139,5
55140,3
55141,5
55142,5
55143,5
55144,5
55145,5
55146,5
55147,5
55148,5
55149,5
55150,5
55151,5
55152,5
55153,5
55154,1
55155,1
55156,5
55157,1
55158,1
55159,1
55160,1
55161,1
55162,1
55163,1
55164,1
55165,1
55166,1
55167,5
55168,5
55169,5
55170,1
55171,1
55172,1
55173,1
55174,5
55175,1
55176,5
55177,5
55178,1
55179,5
55180,5
55181,5
55182,1
55183,5
55184,5
55185,5
55186,1
55187,5
55188,5
55189,5
55190,5
55191,5
55192,5
55193,5
55194,1
55195,1
55196,1
55197,1
55198,1
55199,1
55200,1
55201,1
55202,1
55203,1
55204,1
55205,1
55206,1
55207,1
55208,1
55209,5
55210,1
55211,1
55212,1
55213,1
55214,1
55215,1
55216,1
55217,5
55218,5
55219,1
55220,1
55221,1
55222,1
55223,5
55224,5
55225,5
55226,5
55227,5
55228,5
55229,5
55230,5
55231,5
55232,5
55233,5
55234,5
55235,5
55236,5
55237,5
55238,1
55239,1
55240,5
55241,1
55242,1
55243,1
55244,1
55245,1
55246,1
55247,1
55248,1
55249,1
55250,1
55251,5
55252,1
55253,1
55254,5
55255,1
55256,1
55257,1
55258,1
55259,5
55260,1
55261,5
55262,5
55263,1
55264,5
55265,5
55266,5
55267,1
55268,5
55269,5
55270,5
55271,5
55272,5
55273,5
55274,5
55275,5
55276,5
55277,5
55278,5
55279,5
55280,1
55281,5
55282,1
55283,1
55284,1
55285,1
55286,1
55287,1
55288,1
55289,1
55290,5
55291,1
55292,1
55293,1
55294,5
55295,1
55296,1
55297,1
55298,1
55299,1
55300,1
55301,1
55302,1
55303,1
55304,1
55305,1
55306,1
55307,1
55308,1
55309,1
55310,5
55311,5
55312,5
55313,5
55314,5
55315,5
55316,5
55317,1
55318,5
55319,5
55320,5
55321,5
55322,5
55323,5
55324,1
55325,1
55326,5
55327,5
55328,5
55329,5
55330,5
55331,5
55332,5
55333,5
55334,1
55335,1
55336,5
55337,1
55338,1
55339,1
55340,1
55341,1
55342,1
55343,1
55344,1
55345,1
55346,1
55347,1
55348,1
55349,1
55350,1
55351,5
55352,1
55353,1
55354,1
55355,1
55356,1
55357,3
55358,1
55359,5
55360,5
55361,5
55362,5
55363,5
55364,5
55365,5
55366,1
55367,5
55368,5
55369,5
55370,5
55371,5
55372,5
55373,5
55374,5
55375,5
55376,5
55377,5
55378,5
55379,1
55380,1
55381,5
55382,1
55383,1
55384,1
55385,1
55386,1
55387,1
55388,5
55389,1
55390,3
55391,1
55392,1
55393,1
55394,1
55395,1
55396,1
55397,5
55398,5
55399,5
55400,1
55401,1
55402,5
55403,5
55404,5
55405,1
55406,3
55407,1
55408,5
55409,5
55410,5
55411,5
55412,5
55413,5
55414,1
55415,5
55416,5
55417,5
55418,1
55419,5
55420,5
55421,5
55422,5
55423,5
55424,5
55425,1
55426,1
55427,1
55428,5
55429,1
55430,1
55431,1
55432,1
55433,1
55434,1
55435,1
55436,1
55437,1
55438,1
55439,1
55440,1
55441,5
55442,5
55443,1
55444,5
55445,3
55446,5
55447,5
55448,1
55449,5
55450,5
55451,1
55452,5
55453,5
55454,1
55455,5
55456,5
55457,5
55458,5
55459,5
55460,5
55461,5
55462,5
55463,1
55464,1
55465,1
55466,1
55467,1
55468,1
55469,1
55470,1
55471,1
55472,1
55473,1
55474,1
55475,1
55476,5
55477,5
55478,1
55479,1
55480,5
55481,5
55482,1
55483,5
55484,5
55485,5
55486,5
55487,1
55488,5
55489,5
55490,5
55491,5
55492,1
55493,1
55494,1
55495,1
55496,1
55497,1
55498,1
55499,1
55500,1
55501,1
55502,1
55503,1
55504,1
55505,1
55506,5
55507,1
55508,1
55509,1
55510,1
55511,1
55512,1
55513,1
55514,1
55515,1
55516,1
55517,1
55518,1
55519,1
55520,1
55521,5
55522,5
55523,5
55524,5
55525,1
55526,5
55527,5
55528,5
55529,5
55530,5
55531,1
55532,1
55533,5
55534,5
55535,5
55536,5
55537,5
55538,5
55539,5
55540,5
55541,5
55542,5
55543,5
55544,5
55545,5
55546,1
55547,1
55548,1
55549,1
55550,1
55551,1
55552,1
55553,1
55554,1
55555,1
55556,1
55557,5
55558,1
55559,1
55560,5
55561,1
55562,1
55563,1
55564,1
55565,1
55566,1
55567,1
55568,1
55569,1
55570,1
55571,1
55572,5
55573,5
55574,5
55575,5
55576,5
55577,5
55578,5
55579,5
55580,5
55581,5
55582,5
55583,5
55584,1
55585,1
55586,1
55587,1
55588,1
55589,1
55590,5
55591,1
55592,1
55593,1
55594,1
55595,1
55596,1
55597,1
55598,5
55599,1
55600,1
55601,1
55602,5
55603,1
55604,1
55605,5
55606,5
55607,1
55608,1
55609,5
55610,5
55611,5
55612,5
55613,5
55614,5
55615,5
55616,5
55617,1
55618,1
55619,1
55620,1
55621,1
55622,5
55623,1
55624,1
55625,1
55626,1
55627,1
55628,1
55629,1
55630,1
55631,1
55632,1
55633,1
55634,1
55635,1
55636,5
55637,5
55638,5
55639,3
55640,5
55641,5
55642,5
55643,5
55644,5
55645,5
55646,1
55647,1
55648,1
55649,1
55650,5
55651,5
55652,1
55653,1
55654,1
55655,1
55656,1
55657,3
55658,1
55659,1
55660,1
55661,5
55662,3
55663,5
55664,1
55665,5
55666,5
55667,1
55668,5
55669,5
55670,5
55671,5
55672,5
55673,5
55674,5
55675,5
55676,5
55677,5
55678,1
55679,1
55680,1
55681,1
55682,1
55683,1
55684,1
55685,1
55686,1
55687,1
55688,1
55689,1
55690,1
55691,1
55692,1
55693,1
55694,1
55695,1
55696,1
55697,1
55698,1
55699,1
55700,1
55701,1
55702,1
55703,5
55704,1
55705,5
55706,5
55707,5
55708,5
55709,5
55710,5
55711,5
55712,5
55713,5
55714,5
55715,1
55716,5
55717,5
55718,5
55719,5
55720,5
55721,5
55722,5
55723,5
55724,1
55725,1
55726,1
55727,1
55728,1
55729,5
55730,5
55731,1
55732,1
55733,1
55734,1
55735,1
55736,1
55737,1
55738,1
55739,1
55740,1
55741,5
55742,1
55743,1
55744,1
55745,5
55746,5
55747,1
55748,5
55749,1
55750,1
55751,5
55752,1
55753,5
55754,5
55755,5
55756,5
55757,1
55758,1
55759,1
55760,1
55761,1
55762,1
55763,1
55764,1
55765,1
55766,1
55767,1
55768,5
55769,1
55770,1
55771,1
55772,5
55773,1
55774,5
55775,5
55776,1
55777,5
55778,1
55779,5
55780,1
55781,5
55782,5
55783,5
55784,5
55785,5
55786,5
55787,1
55788,1
55789,1
55790,1
55791,1
55792,1
55793,1
55794,3
55795,1
55796,1
55797,1
55798,1
55799,1
55800,1
55801,1
55802,1
55803,5
55804,5
55805,5
55806,1
55807,5
55808,5
55809,5
55810,5
55811,5
55812,5
55813,1
55814,5
55815,1
55816,5
55817,5
55818,5
55819,5
55820,5
55821,5
55822,5
55823,5
55824,5
55825,5
55826,5
55827,5
55828,5
55829,5
55830,5
55831,1
55832,1
55833,1
55834,1
55835,5
55836,1
55837,1
55838,5
55839,1
55840,5
55841,1
55842,1
55843,1
55844,1
55845,1
55846,1
55847,5
55848,5
55849,1
55850,5
55851,1
55852,5
55853,5
55854,5
55855,5
55856,5
55857,5
55858,5
55859,1
55860,1
55861,1
55862,1
55863,1
55864,1
55865,1
55866,1
55867,1
55868,1
55869,1
55870,1
55871,1
55872,1
55873,5
55874,1
55875,1
55876,1
55877,1
55878,5
55879,5
55880,5
55881,5
55882,5
55883,5
55884,5
55885,5
55886,5
55887,1
55888,5
55889,5
55890,5
55891,1
55892,1
55893,1
55894,1
55895,1
55896,1
55897,1
55898,1
55899,1
55900,1
55901,1
55902,1
55903,1
55904,1
55905,1
55906,1
55907,1
55908,1
55909,5
55910,1
55911,5
55912,5
55913,5
55914,5
55915,5
55916,5
55917,5
55918,5
55919,5
55920,5
55921,5
55922,5
55923,5
55924,5
55925,5
55926,1
55927,3
55928,1
55929,1
55930,1
55931,1
55932,1
55933,1
55934,1
55935,1
55936,1
55937,1
55938,1
55939,1
55940,1
55941,1
55942,1
55943,5
55944,1
55945,1
55946,1
55947,1
55948,1
55949,1
55950,5
55951,5
55952,5
55953,5
55954,5
55955,5
55956,1
55957,5
55958,5
55959,1
55960,5
55961,5
55962,5
55963,5
55964,5
55965,5
55966,5
55967,5
55968,5
55969,5
55970,5
55971,1
55972,1
55973,5
55974,1
55975,1
55976,1
55977,1
55978,1
55979,1
55980,1
55981,1
55982,1
55983,1
55984,1
55985,1
55986,3
55987,5
55988,1
55989,5
55990,3
55991,1
55992,5
55993,5
55994,5
55995,1
55996,5
55997,5
55998,1
55999,5
56000,5
56001,5
56002,1
56003,1
56004,1
56005,1
56006,1
56007,1
56008,1
56009,1
56010,1
56011,1
56012,1
56013,1
56014,1
56015,1
56016,1
56017,1
56018,1
56019,1
56020,1
56021,1
56022,5
56023,5
56024,5
56025,5
56026,5
56027,5
56028,5
56029,5
56030,5
56031,5
56032,1
56033,5
56034,5
56035,5
56036,5
56037,1
56038,1
56039,1
56040,1
56041,1
56042,1
56043,1
56044,1
56045,1
56046,1
56047,1
56048,1
56049,1
56050,5
56051,1
56052,1
56053,1
56054,5
56055,5
56056,5
56057,5
56058,1
56059,5
56060,5
56061,5
56062,5
56063,5
56064,1
56065,1
56066,1
56067,1
56068,1
56069,1
56070,1
56071,1
56072,1
56073,1
56074,1
56075,1
56076,1
56077,1
56078,1
56079,1
56080,1
56081,1
56082,1
56083,1
56084,1
56085,1
56086,1
56087,1
56088,5
56089,5
56090,5
56091,5
56092,3
56093,5
56094,5
56095,5
56096,5
56097,5
56098,1
56099,5
56100,1
56101,1
56102,1
56103,1
56104,1
56105,1
56106,1
56107,1
56108,1
56109,1
56110,1
56111,1
56112,1
56113,1
56114,1
56115,1
56116,1
56117,1
56118,5
56119,1
56120,1
56121,1
56122,5
56123,5
56124,5
56125,5
56126,5
56127,5
56128,5
56129,1
56130,5
56131,1
56132,5
56133,5
56134,1
56135,1
56136,1
56137,1
56138,1
56139,1
56140,1
56141,5
56142,1
56143,5
56144,1
56145,1
56146,1
56147,1
56148,1
56149,1
56150,5
56151,5
56152,3
56153,5
56154,5
56155,5
56156,5
56157,5
56158,5
56159,5
56160,1
56161,1
56162,1
56163,1
56164,1
56165,1
56166,1
56167,1
56168,5
56169,1
56170,1
56171,1
56172,1
56173,1
56174,5
56175,5
56176,1
56177,1
56178,1
56179,1
56180,5
56181,5
56182,5
56183,5
56184,1
56185,5
56186,3
56187,1
56188,5
56189,1
56190,1
56191,1
56192,1
56193,1
56194,1
56195,1
56196,1
56197,1
56198,5
56199,5
56200,5
56201,5
56202,1
56203,5
56204,1
56205,1
56206,1
56207,5
56208,5
56209,5
56210,5
56211,1
56212,5
56213,5
56214,5
56215,5
56216,5
56217,5
56218,5
56219,5
56220,1
56221,1
56222,1
56223,1
56224,1
56225,1
56226,1
56227,1
56228,1
56229,1
56230,1
56231,1
56232,5
56233,1
56234,5
56235,5
56236,5
56237,5
56238,5
56239,1
56240,5
56241,1
56242,5
56243,5
56244,5
56245,1
56246,1
56247,1
56248,1
56249,1
56250,1
56251,5
56252,1
56253,1
56254,1
56255,1
56256,1
56257,1
56258,1
56259,1
56260,1
56261,1
56262,1
56263,5
56264,1
56265,1
56266,1
56267,5
56268,5
56269,5
56270,5
56271,5
56272,5
56273,5
56274,5
56275,5
56276,1
56277,1
56278,1
56279,1
56280,1
56281,1
56282,1
56283,1
56284,1
56285,1
56286,1
56287,1
56288,1
56289,1
56290,1
56291,1
56292,1
56293,5
56294,1
56295,5
56296,5
56297,1
56298,5
56299,5
56300,5
56301,5
56302,1
56303,5
56304,1
56305,1
56306,1
56307,1
56308,5
56309,1
56310,1
56311,1
56312,1
56313,1
56314,1
56315,1
56316,1
56317,5
56318,1
56319,1
56320,3
56321,5
56322,1
56323,1
56324,1
56325,5
56326,5
56327,5
56328,5
56329,5
56330,5
56331,5
56332,5
56333,5
56334,1
56335,1
56336,1
56337,1
56338,1
56339,1
56340,1
56341,1
56342,1
56343,1
56344,1
56345,1
56346,1
56347,1
56348,1
56349,5
56350,1
56351,1
56352,5
56353,5
56354,5
56355,5
56356,5
56357,5
56358,5
56359,5
56360,5
56361,5
56362,3
56363,1
56364,1
56365,1
56366,1
56367,1
56368,1
56369,1
56370,1
56371,1
56372,1
56373,1
56374,1
56375,1
56376,1
56377,3
56378,5
56379,1
56380,5
56381,1
56382,1
56383,1
56384,1
56385,1
56386,5
56387,1
56388,5
56389,1
56390,1
56391,1
56392,1
56393,5
56394,5
56395,5
56396,5
56397,5
56398,5
56399,1
56400,1
56401,1
56402,1
56403,1
56404,1
56405,1
56406,1
56407,1
56408,1
56409,1
56410,1
56411,1
56412,3
56413,5
56414,5
56415,1
56416,5
56417,5
56418,5
56419,5
56420,1
56421,5
56422,5
56423,5
56424,5
56425,1
56426,1
56427,1
56428,1
56429,1
56430,1
56431,1
56432,1
56433,1
56434,5
56435,1
56436,1
56437,1
56438,1
56439,5
56440,1
56441,1
56442,5
56443,1
56444,1
56445,1
56446,1
56447,5
56448,5
56449,5
56450,5
56451,5
56452,5
56453,5
56454,5
56455,1
56456,5
56457,5
56458,1
56459,1
56460,1
56461,1
56462,1
56463,1
56464,1
56465,1
56466,1
56467,1
56468,1
56469,1
56470,1
56471,1
56472,5
56473,1
56474,1
56475,5
56476,5
56477,1
56478,5
56479,5
56480,1
56481,1
56482,5
56483,5
56484,5
56485,5
56486,5
56487,5
56488,1
56489,5
56490,5
56491,1
56492,1
56493,1
56494,1
56495,1
56496,1
56497,1
56498,1
56499,1
56500,1
56501,1
56502,1
56503,1
56504,1
56505,1
56506,5
56507,1
56508,5
56509,1
56510,5
56511,1
56512,5
56513,5
56514,5
56515,5
56516,5
56517,5
56518,5
56519,5
56520,1
56521,5
56522,1
56523,1
56524,1
56525,1
56526,1
56527,1
56528,1
56529,1
56530,5
56531,1
56532,1
56533,1
56534,1
56535,1
56536,1
56537,1
56538,1
56539,1
56540,1
56541,5
56542,1
56543,1
56544,5
56545,5
56546,5
56547,1
56548,5
56549,5
56550,5
56551,1
56552,1
56553,1
56554,1
56555,1
56556,1
56557,1
56558,1
56559,1
56560,1
56561,1
56562,1
56563,1
56564,5
56565,1
56566,1
56567,5
56568,5
56569,5
56570,1
56571,5
56572,5
56573,5
56574,5
56575,5
56576,5
56577,5
56578,1
56579,1
56580,1
56581,1
56582,1
56583,1
56584,1
56585,1
56586,1
56587,1
56588,1
56589,1
56590,1
56591,1
56592,1
56593,5
56594,5
56595,3
56596,5
56597,5
56598,5
56599,5
56600,5
56601,5
56602,5
56603,5
56604,5
56605,5
56606,1
56607,5
56608,1
56609,1
56610,1
56611,1
56612,1
56613,1
56614,1
56615,1
56616,1
56617,1
56618,1
56619,1
56620,1
56621,1
56622,1
56623,1
56624,5
56625,1
56626,1
56627,1
56628,1
56629,1
56630,1
56631,5
56632,5
56633,1
56634,5
56635,5
56636,5
56637,5
56638,5
56639,5
56640,1
56641,1
56642,1
56643,1
56644,1
56645,5
56646,5
56647,1
56648,1
56649,1
56650,3
56651,5
56652,5
56653,5
56654,5
56655,5
56656,5
56657,5
56658,5
56659,1
56660,1
56661,1
56662,1
56663,1
56664,1
56665,1
56666,1
56667,1
56668,1
56669,1
56670,5
56671,1
56672,1
56673,5
56674,1
56675,3
56676,5
56677,5
56678,5
56679,1
56680,5
56681,3
56682,5
56683,5
56684,5
56685,5
56686,5
56687,5
56688,1
56689,1
56690,1
56691,1
56692,1
56693,1
56694,1
56695,5
56696,1
56697,5
56698,5
56699,1
56700,5
56701,1
56702,1
56703,1
56704,5
56705,1
56706,5
56707,5
56708,5
56709,1
56710,5
56711,5
56712,1
56713,5
56714,5
56715,1
56716,5
56717,5
56718,5
56719,5
56720,5
56721,5
56722,1
56723,1
56724,1
56725,1
56726,5
56727,5
56728,1
56729,5
56730,5
56731,1
56732,1
56733,1
56734,1
56735,1
56736,1
56737,5
56738,1
56739,5
56740,5
56741,5
56742,5
56743,5
56744,5
56745,5
56746,1
56747,1
56748,1
56749,1
56750,1
56751,1
56752,1
56753,1
56754,1
56755,1
56756,1
56757,1
56758,1
56759,1
56760,1
56761,1
56762,1
56763,1
56764,1
56765,5
56766,5
56767,1
56768,1
56769,5
56770,1
56771,5
56772,3
56773,1
56774,5
56775,5
56776,5
56777,5
56778,5
56779,1
56780,1
56781,1
56782,5
56783,1
56784,1
56785,1
56786,1
56787,1
56788,1
56789,1
56790,1
56791,1
56792,5
56793,5
56794,1
56795,1
56796,1
56797,1
56798,1
56799,1
56800,1
56801,3
56802,1
56803,1
56804,5
56805,5
56806,3
56807,5
56808,1
56809,1
56810,5
56811,5
56812,5
56813,1
56814,1
56815,1
56816,1
56817,1
56818,1
56819,1
56820,1
56821,5
56822,1
56823,5
56824,1
56825,5
56826,5
56827,5
56828,1
56829,1
56830,5
56831,1
56832,5
56833,5
56834,5
56835,5
56836,5
56837,5
56838,1
56839,1
56840,1
56841,1
56842,1
56843,1
56844,1
56845,1
56846,1
56847,1
56848,1
56849,5
56850,5
56851,1
56852,1
56853,1
56854,1
56855,1
56856,5
56857,5
56858,5
56859,5
56860,5
56861,5
56862,5
56863,5
56864,5
56865,5
56866,5
56867,5
56868,5
56869,5
56870,1
56871,1
56872,1
56873,1
56874,1
56875,1
56876,1
56877,1
56878,1
56879,1
56880,1
56881,1
56882,5
56883,1
56884,1
56885,5
56886,1
56887,1
56888,5
56889,5
56890,5
56891,5
56892,1
56893,1
56894,1
56895,5
56896,5
56897,1
56898,5
56899,1
56900,1
56901,1
56902,5
56903,1
56904,1
56905,1
56906,1
56907,3
56908,5
56909,5
56910,5
56911,5
56912,5
56913,3
56914,1
56915,1
56916,5
56917,5
56918,5
56919,5
56920,5
56921,1
56922,1
56923,1
56924,1
56925,1
56926,1
56927,1
56928,1
56929,1
56930,5
56931,1
56932,1
56933,1
56934,1
56935,1
56936,1
56937,5
56938,1
56939,5
56940,5
56941,5
56942,5
56943,5
56944,1
56945,1
56946,1
56947,1
56948,5
56949,1
56950,1
56951,1
56952,5
56953,5
56954,5
56955,5
56956,1
56957,5
56958,5
56959,5
56960,1
56961,1
56962,1
56963,1
56964,1
56965,1
56966,1
56967,5
56968,1
56969,5
56970,5
56971,5
56972,5
56973,5
56974,1
56975,5
56976,5
56977,5
56978,5
56979,5
56980,1
56981,5
56982,5
56983,5
56984,1
56985,1
56986,1
56987,1
56988,1
56989,1
56990,1
56991,1
56992,5
56993,1
56994,1
56995,5
56996,5
56997,5
56998,5
56999,5
57000,5
57001,5
57002,5
57003,5
57004,1
57005,1
57006,1
57007,1
57008,1
57009,1
57010,5
57011,5
57012,1
57013,1
57014,1
57015,1
57016,5
57017,1
57018,1
57019,1
57020,1
57021,1
57022,5
57023,5
57024,5
57025,1
57026,5
57027,5
57028,5
57029,5
57030,1
57031,1
57032,1
57033,1
57034,1
57035,1
57036,5
57037,1
57038,1
57039,5
57040,1
57041,1
57042,1
57043,1
57044,5
57045,5
57046,5
57047,5
57048,1
57049,5
57050,5
57051,5
57052,5
57053,5
57054,5
57055,5
57056,1
57057,5
57058,1
57059,1
57060,5
57061,1
57062,3
57063,1
57064,5
57065,1
57066,5
57067,1
57068,3
57069,5
57070,5
57071,5
57072,5
57073,1
57074,5
57075,1
57076,1
57077,1
57078,1
57079,1
57080,1
57081,1
57082,1
57083,1
57084,1
57085,1
57086,5
57087,5
57088,5
57089,1
57090,5
57091,5
57092,3
57093,5
57094,5
57095,1
57096,5
57097,5
57098,1
57099,1
57100,1
57101,5
57102,1
57103,5
57104,1
57105,1
57106,5
57107,1
57108,5
57109,1
57110,1
57111,5
57112,3
57113,1
57114,1
57115,5
57116,5
57117,5
57118,5
57119,5
57120,5
57121,5
57122,1
57123,1
57124,1
57125,1
57126,5
57127,1
57128,5
57129,1
57130,1
57131,5
57132,5
57133,1
57134,1
57135,1
57136,1
57137,5
57138,1
57139,5
57140,5
57141,5
57142,5
57143,5
57144,5
57145,1
57146,5
57147,5
57148,1
57149,1
57150,5
57151,1
57152,1
57153,5
57154,5
57155,1
57156,1
57157,1
57158,1
57159,5
57160,1
57161,1
57162,1
57163,1
57164,1
57165,1
57166,1
57167,5
57168,1
57169,1
57170,5
57171,5
57172,5
57173,5
57174,5
57175,3
57176,1
57177,1
57178,1
57179,1
57180,5
57181,1
57182,5
57183,1
57184,1
57185,1
57186,5
57187,1
57188,1
57189,3
57190,5
57191,5
57192,1
57193,5
57194,5
57195,5
57196,1
57197,1
57198,1
57199,5
57200,5
57201,1
57202,5
57203,1
57204,1
57205,5
57206,5
57207,5
57208,5
57209,5
57210,5
57211,1
57212,1
57213,1
57214,1
57215,5
57216,5
57217,1
57218,1
57219,5
57220,5
57221,5
57222,1
57223,1
57224,1
57225,1
57226,5
57227,5
57228,1
57229,1
57230,1
57231,1
57232,5
57233,5
57234,1
57235,3
57236,5
57237,1
57238,5
57239,5
57240,5
57241,5
57242,5
57243,5
57244,1
57245,1
57246,1
57247,1
57248,1
57249,1
57250,5
57251,5
57252,5
57253,5
57254,1
57255,1
57256,1
57257,1
57258,1
57259,5
57260,1
57261,5
57262,5
57263,3
57264,1
57265,5
57266,5
57267,1
57268,5
57269,1
57270,1
57271,5
57272,1
57273,1
57274,1
57275,1
57276,1
57277,1
57278,5
57279,5
57280,5
57281,5
57282,1
57283,1
57284,5
57285,1
57286,5
57287,1
57288,1
57289,5
57290,5
57291,5
57292,5
57293,1
57294,5
57295,1
57296,1
57297,1
57298,5
57299,5
57300,5
57301,1
57302,5
57303,5
57304,5
57305,5
57306,5
57307,5
57308,1
57309,5
57310,1
57311,1
57312,1
57313,1
57314,5
57315,1
57316,5
57317,5
57318,5
57319,5
57320,1
57321,5
57322,5
57323,5
57324,1
57325,1
57326,5
57327,5
57328,5
57329,1
57330,5
57331,1
57332,1
57333,1
57334,1
57335,1
57336,5
57337,1
57338,1
57339,5
57340,5
57341,5
57342,1
57343,1
57344,5
57345,1
57346,5
57347,1
57348,5
57349,1
57350,1
57351,5
57352,5
57353,5
57354,3
57355,1
57356,1
57357,1
57358,5
57359,1
57360,1
57361,5
57362,5
57363,5
57364,1
57365,1
57366,5
57367,1
57368,1
57369,1
57370,1
57371,1
57372,5
57373,5
57374,5
57375,5
57376,1
57377,1
57378,5
57379,5
57380,5
57381,1
57382,5
57383,5
57384,1
57385,1
57386,5
57387,1
57388,1
57389,1
57390,1
57391,5
57392,5
57393,5
57394,5
57395,3
57396,5
57397,1
57398,5
57399,5
57400,5
57401,5
57402,1
57403,5
57404,1
57405,1
57406,1
57407,5
57408,5
57409,5
57410,1
57411,1
57412,5
57413,1
57414,3
57415,1
57416,1
57417,5
57418,5
57419,5
57420,3
57421,5
57422,5
57423,5
57424,4
57425,4
57426,4
57427,1
57428,1
57429,1
57430,4
57431,4
57432,1
57433,1
57434,4
57435,1
57436,4
57437,4
57438,1
57439,4
57440,4
57441,4
57442,1
57443,4
57444,1
57445,1
57446,1
57447,1
57448,1
57449,1
57450,1
57451,4
57452,1
57453,1
57454,1
57455,1
57456,1
57457,4
57458,4
57459,4
57460,4
57461,4
57462,4
57463,4
57464,4
57465,1
57466,1
57467,1
57468,1
57469,4
57470,4
57471,1
57472,1
57473,4
57474,1
57475,1
57476,1
57477,4
57478,4
57479,4
57480,3
57481,1
57482,1
57483,1
57484,1
57485,1
57486,1
57487,1
57488,1
57489,1
57490,1
57491,1
57492,1
57493,1
57494,4
57495,1
57496,1
57497,1
57498,1
57499,4
57500,4
57501,1
57502,4
57503,1
57504,1
57505,1
57506,1
57507,1
57508,1
57509,1
57510,1
57511,1
57512,1
57513,1
57514,1
57515,1
57516,1
57517,1
57518,1
57519,1
57520,4
57521,4
57522,1
57523,1
57524,1
57525,1
57526,1
57527,1
57528,1
57529,1
57530,1
57531,1
57532,1
57533,1
57534,1
57535,1
57536,1
57537,1
57538,1
57539,1
57540,1
57541,1
57542,1
57543,1
57544,4
57545,1
57546,4
57547,1
57548,4
57549,1
57550,4
57551,4
57552,4
57553,3
57554,1
57555,1
57556,4
57557,4
57558,1
57559,1
57560,1
57561,4
57562,4
57563,1
57564,4
57565,4
57566,1
57567,4
57568,1
57569,1
57570,4
57571,1
57572,1
57573,1
57574,4
57575,1
57576,1
57577,1
57578,1
57579,4
57580,1
57581,1
57582,1
57583,1
57584,1
57585,1
57586,4
57587,4
57588,4
57589,4
57590,1
57591,1
57592,4
57593,4
57594,1
57595,1
57596,1
57597,1
57598,1
57599,1
57600,1
57601,1
57602,1
57603,4
57604,1
57605,1
57606,4
57607,4
57608,1
57609,1
57610,1
57611,1
57612,1
57613,1
57614,1
57615,1
57616,1
57617,4
57618,1
57619,1
57620,1
57621,1
57622,1
57623,1
57624,1
57625,1
57626,4
57627,1
57628,1
57629,1
57630,3
57631,1
57632,1
57633,4
57634,1
57635,1
57636,1
57637,1
57638,4
57639,1
57640,1
57641,1
57642,4
57643,1
57644,4
57645,1
57646,4
57647,4
57648,4
57649,1
57650,1
57651,1
57652,1
57653,1
57654,1
57655,1
57656,1
57657,1
57658,4
57659,1
57660,1
57661,1
57662,1
57663,1
57664,1
57665,1
57666,1
57667,1
57668,1
57669,1
57670,1
57671,1
57672,1
57673,4
57674,4
57675,1
57676,1
57677,4
57678,1
57679,1
57680,1
57681,4
57682,1
57683,1
57684,1
57685,1
57686,1
57687,4
57688,1
57689,1
57690,4
57691,1
57692,1
57693,1
57694,1
57695,4
57696,1
57697,1
57698,4
57699,1
57700,1
57701,4
57702,4
57703,1
57704,4
57705,1
57706,1
57707,1
57708,1
57709,4
57710,1
57711,1
57712,1
57713,1
57714,1
57715,1
57716,1
57717,1
57718,4
57719,1
57720,1
57721,1
57722,3
57723,4
57724,1
57725,1
57726,1
57727,1
57728,1
57729,1
57730,1
57731,1
57732,1
57733,1
57734,4
57735,4
57736,1
57737,4
57738,1
57739,1
57740,1
57741,1
57742,1
57743,4
57744,1
57745,4
57746,4
57747,1
57748,1
57749,4
57750,1
57751,4
57752,1
57753,1
57754,1
57755,1
57756,1
57757,4
57758,1
57759,1
57760,1
57761,1
57762,1
57763,1
57764,1
57765,1
57766,1
57767,1
57768,1
57769,1
57770,1
57771,1
57772,1
57773,1
57774,1
57775,1
57776,1
57777,1
57778,1
57779,1
57780,1
57781,1
57782,1
57783,1
57784,1
57785,4
57786,1
57787,4
57788,1
57789,1
57790,1
57791,1
57792,1
57793,1
57794,1
57795,1
57796,1
57797,1
57798,1
57799,1
57800,1
57801,1
57802,1
57803,1
57804,4
57805,1
57806,1
57807,1
57808,1
57809,4
57810,1
57811,1
57812,1
57813,1
57814,1
57815,1
57816,3
57817,4
57818,1
57819,1
57820,1
57821,1
57822,4
57823,1
57824,1
57825,1
57826,1
57827,1
57828,4
57829,1
57830,1
57831,4
57832,4
57833,1
57834,1
57835,1
57836,1
57837,1
57838,1
57839,1
57840,1
57841,1
57842,1
57843,1
57844,1
57845,4
57846,1
57847,4
57848,1
57849,1
57850,4
57851,1
57852,4
57853,1
57854,4
57855,1
57856,1
57857,1
57858,1
57859,1
57860,3
57861,1
57862,1
57863,1
57864,1
57865,1
57866,1
57867,1
57868,1
57869,4
57870,1
57871,1
57872,1
57873,1
57874,4
57875,1
57876,4
57877,1
57878,1
57879,1
57880,1
57881,1
57882,1
57883,1
57884,1
57885,1
57886,1
57887,1
57888,1
57889,1
57890,1
57891,1
57892,1
57893,1
57894,4
57895,1
57896,1
57897,4
57898,1
57899,1
57900,1
57901,4
57902,1
57903,1
57904,1
57905,1
57906,4
57907,1
57908,1
57909,1
57910,1
57911,1
57912,1
57913,1
57914,1
57915,1
57916,1
57917,1
57918,1
57919,1
57920,1
57921,1
57922,1
57923,1
57924,1
57925,1
57926,1
57927,1
57928,1
57929,1
57930,1
57931,1
57932,1
57933,1
57934,1
57935,1
57936,1
57937,1
57938,1
57939,1
57940,1
57941,1
57942,1
57943,1
57944,1
57945,1
57946,1
57947,1
57948,1
57949,1
57950,1
57951,1
57952,1
57953,1
57954,1
57955,1
57956,1
57957,1
57958,1
57959,1
57960,1
57961,1
57962,1
57963,1
57964,1
57965,1
57966,1
57967,4
57968,1
57969,1
57970,3
57971,1
57972,1
57973,1
57974,1
57975,1
57976,1
57977,1
57978,1
57979,1
57980,1
57981,1
57982,1
57983,1
57984,1
57985,1
57986,1
57987,1
57988,1
57989,1
57990,1
57991,1
57992,1
57993,4
57994,1
57995,1
57996,1
57997,1
57998,1
57999,1
58000,1
58001,1
58002,1
58003,1
58004,1
58005,1
58006,1
58007,1
58008,1
58009,1
58010,1
58011,1
58012,1
58013,4
58014,1
58015,1
58016,4
58017,1
58018,1
58019,1
58020,1
58021,1
58022,1
58023,1
58024,1
58025,1
58026,1
58027,1
58028,1
58029,1
58030,1
58031,1
58032,1
58033,1
58034,4
58035,1
58036,1
58037,1
58038,1
58039,1
58040,1
58041,1
58042,1
58043,1
58044,1
58045,1
58046,1
58047,1
58048,1
58049,1
58050,1
58051,1
58052,1
58053,1
58054,1
58055,1
58056,1
58057,4
58058,1
58059,1
58060,1
58061,1
58062,1
58063,1
58064,1
58065,4
58066,1
58067,1
58068,1
58069,1
58070,1
58071,1
58072,1
58073,1
58074,1
58075,1
58076,1
58077,1
58078,1
58079,1
58080,1
58081,1
58082,1
58083,1
58084,1
58085,1
58086,1
58087,1
58088,1
58089,1
58090,4
58091,1
58092,4
58093,1
58094,4
58095,4
58096,1
58097,1
58098,1
58099,1
58100,1
58101,1
58102,1
58103,1
58104,1
58105,1
58106,1
58107,1
58108,4
58109,1
58110,1
58111,1
58112,1
58113,1
58114,1
58115,1
58116,1
58117,1
58118,1
58119,1
58120,1
58121,1
58122,1
58123,1
58124,1
58125,1
58126,1
58127,4
58128,1
58129,1
58130,1
58131,1
58132,1
58133,1
58134,4
58135,1
58136,1
58137,4
58138,1
58139,1
58140,1
58141,1
58142,1
58143,4
58144,1
58145,1
58146,1
58147,1
58148,1
58149,1
58150,1
58151,4
58152,3
58153,1
58154,4
58155,1
58156,1
58157,1
58158,1
58159,1
58160,1
58161,1
58162,1
58163,1
58164,1
58165,1
58166,4
58167,1
58168,1
58169,1
58170,1
58171,4
58172,1
58173,1
58174,1
58175,1
58176,4
58177,1
58178,4
58179,1
58180,1
58181,1
58182,1
58183,1
58184,1
58185,1
58186,1
58187,1
58188,1
58189,1
58190,1
58191,1
58192,1
58193,1
58194,1
58195,4
58196,4
58197,1
58198,4
58199,1
58200,1
58201,4
58202,1
58203,1
58204,1
58205,1
58206,4
58207,1
58208,1
58209,1
58210,1
58211,1
58212,1
58213,1
58214,1
58215,1
58216,4
58217,1
58218,1
58219,1
58220,1
58221,4
58222,1
58223,1
58224,1
58225,1
58226,1
58227,1
58228,1
58229,1
58230,1
58231,1
58232,3
58233,1
58234,1
58235,1
58236,1
58237,4
58238,1
58239,1
58240,1
58241,1
58242,1
58243,1
58244,1
58245,1
58246,1
58247,1
58248,1
58249,1
58250,1
58251,4
58252,1
58253,1
58254,1
58255,1
58256,1
58257,1
58258,1
58259,1
58260,1
58261,1
58262,1
58263,1
58264,1
58265,1
58266,1
58267,1
58268,1
58269,1
58270,1
58271,1
58272,4
58273,1
58274,1
58275,1
58276,1
58277,1
58278,1
58279,4
58280,1
58281,1
58282,1
58283,1
58284,1
58285,1
58286,1
58287,4
58288,4
58289,1
58290,1
58291,1
58292,4
58293,1
58294,1
58295,1
58296,1
58297,3
58298,1
58299,4
58300,1
58301,4
58302,1
58303,1
58304,1
58305,4
58306,1
58307,1
58308,1
58309,1
58310,1
58311,1
58312,1
58313,1
58314,4
58315,1
58316,1
58317,1
58318,1
58319,1
58320,1
58321,1
58322,1
58323,1
58324,1
58325,1
58326,1
58327,1
58328,1
58329,1
58330,1
58331,4
58332,1
58333,1
58334,1
58335,4
58336,1
58337,1
58338,1
58339,1
58340,1
58341,1
58342,1
58343,1
58344,1
58345,1
58346,1
58347,1
58348,1
58349,1
58350,1
58351,1
58352,1
58353,1
58354,1
58355,1
58356,1
58357,1
58358,1
58359,4
58360,1
58361,1
58362,1
58363,1
58364,3
58365,1
58366,1
58367,1
58368,1
58369,1
58370,1
58371,1
58372,1
58373,1
58374,1
58375,1
58376,1
58377,1
58378,1
58379,1
58380,1
58381,1
58382,1
58383,4
58384,1
58385,1
58386,1
58387,1
58388,1
58389,1
58390,1
58391,1
58392,1
58393,1
58394,1
58395,1
58396,1
58397,1
58398,1
58399,4
58400,1
58401,1
58402,1
58403,1
58404,1
58405,4
58406,1
58407,1
58408,1
58409,4
58410,1
58411,1
58412,1
58413,1
58414,1
58415,4
58416,1
58417,1
58418,1
58419,1
58420,1
58421,1
58422,1
58423,1
58424,4
58425,1
58426,1
58427,1
58428,1
58429,1
58430,1
58431,4
58432,1
58433,1
58434,1
58435,1
58436,1
58437,1
58438,1
58439,1
58440,1
58441,1
58442,1
58443,1
58444,1
58445,1
58446,1
58447,1
58448,1
58449,1
58450,4
58451,1
58452,1
58453,1
58454,1
58455,4
58456,1
58457,1
58458,1
58459,1
58460,1
58461,4
58462,1
58463,1
58464,3
58465,4
58466,1
58467,4
58468,1
58469,1
58470,1
58471,1
58472,1
58473,1
58474,1
58475,4
58476,1
58477,1
58478,1
58479,1
58480,1
58481,1
58482,1
58483,1
58484,1
58485,1
58486,1
58487,4
58488,1
58489,1
58490,1
58491,1
58492,1
58493,1
58494,1
58495,1
58496,1
58497,1
58498,1
58499,1
58500,1
58501,1
58502,1
58503,1
58504,1
58505,1
58506,4
58507,1
58508,4
58509,1
58510,4
58511,1
58512,1
58513,1
58514,1
58515,3
58516,1
58517,1
58518,1
58519,1
58520,1
58521,4
58522,1
58523,1
58524,1
58525,1
58526,1
58527,1
58528,1
58529,1
58530,1
58531,1
58532,1
58533,1
58534,1
58535,4
58536,1
58537,1
58538,1
58539,3
58540,1
58541,1
58542,1
58543,4
58544,1
58545,1
58546,1
58547,1
58548,1
58549,4
58550,1
58551,1
58552,1
58553,1
58554,1
58555,1
58556,1
58557,4
58558,4
58559,4
58560,1
58561,1
58562,1
58563,1
58564,1
58565,3
58566,1
58567,1
58568,1
58569,1
58570,1
58571,1
58572,1
58573,1
58574,1
58575,1
58576,1
58577,1
58578,1
58579,1
58580,1
58581,1
58582,1
58583,1
58584,1
58585,1
58586,4
58587,1
58588,1
58589,1
58590,1
58591,1
58592,1
58593,1
58594,1
58595,1
58596,1
58597,1
58598,1
58599,1
58600,4
58601,1
58602,1
58603,1
58604,1
58605,1
58606,1
58607,1
58608,1
58609,1
58610,1
58611,1
58612,1
58613,1
58614,1
58615,1
58616,1
58617,1
58618,1
58619,1
58620,1
58621,1
58622,1
58623,1
58624,1
58625,1
58626,1
58627,1
58628,1
58629,1
58630,1
58631,1
58632,1
58633,1
58634,1
58635,1
58636,1
58637,1
58638,1
58639,4
58640,1
58641,1
58642,1
58643,1
58644,1
58645,1
58646,1
58647,1
58648,4
58649,4
58650,4
58651,1
58652,1
58653,1
58654,4
58655,1
58656,1
58657,1
58658,1
58659,1
58660,4
58661,1
58662,4
58663,1
58664,1
58665,1
58666,1
58667,1
58668,1
58669,1
58670,1
58671,1
58672,1
58673,1
58674,1
58675,1
58676,1
58677,1
58678,1
58679,1
58680,1
58681,4
58682,1
58683,1
58684,1
58685,1
58686,1
58687,3
58688,1
58689,1
58690,1
58691,1
58692,1
58693,4
58694,3
58695,1
58696,4
58697,1
58698,3
58699,1
58700,1
58701,4
58702,1
58703,1
58704,4
58705,1
58706,1
58707,1
58708,1
58709,1
58710,1
58711,1
58712,1
58713,1
58714,1
58715,1
58716,1
58717,1
58718,1
58719,1
58720,1
58721,1
58722,1
58723,1
58724,1
58725,1
58726,1
58727,4
58728,1
58729,1
58730,1
58731,1
58732,1
58733,1
58734,1
58735,1
58736,1
58737,1
58738,1
58739,1
58740,1
58741,1
58742,1
58743,1
58744,1
58745,1
58746,1
58747,1
58748,1
58749,1
58750,1
58751,4
58752,1
58753,1
58754,4
58755,3
58756,1
58757,4
58758,1
58759,1
58760,1
58761,1
58762,1
58763,1
58764,1
58765,1
58766,1
58767,4
58768,1
58769,1
58770,1
58771,1
58772,1
58773,1
58774,1
58775,1
58776,1
58777,1
58778,1
58779,1
58780,4
58781,1
58782,1
58783,3
58784,4
58785,1
58786,1
58787,1
58788,1
58789,1
58790,4
58791,1
58792,1
58793,4
58794,4
58795,1
58796,1
58797,1
58798,1
58799,1
58800,3
58801,1
58802,4
58803,1
58804,1
58805,1
58806,1
58807,1
58808,1
58809,1
58810,1
58811,1
58812,1
58813,1
58814,1
58815,1
58816,1
58817,1
58818,1
58819,1
58820,1
58821,1
58822,1
58823,1
58824,4
58825,1
58826,1
58827,4
58828,4
58829,4
58830,1
58831,1
58832,1
58833,1
58834,1
58835,1
58836,1
58837,1
58838,1
58839,1
58840,4
58841,1
58842,1
58843,1
58844,1
58845,1
58846,1
58847,1
58848,1
58849,1
58850,1
58851,1
58852,1
58853,1
58854,1
58855,1
58856,4
58857,1
58858,1
58859,1
58860,4
58861,1
58862,4
58863,1
58864,1
58865,1
58866,1
58867,1
58868,1
58869,1
58870,1
58871,3
58872,1
58873,4
58874,1
58875,1
58876,1
58877,1
58878,1
58879,1
58880,1
58881,1
58882,1
58883,1
58884,1
58885,1
58886,1
58887,1
58888,4
58889,1
58890,1
58891,1
58892,1
58893,1
58894,1
58895,4
58896,1
58897,1
58898,1
58899,4
58900,1
58901,4
58902,3
58903,1
58904,1
58905,3
58906,1
58907,1
58908,1
58909,3
58910,4
58911,1
58912,1
58913,1
58914,1
58915,4
58916,3
58917,1
58918,1
58919,1
58920,1
58921,1
58922,1
58923,1
58924,1
58925,1
58926,1
58927,1
58928,4
58929,4
58930,1
58931,1
58932,1
58933,1
58934,1
58935,1
58936,1
58937,1
58938,3
58939,1
58940,1
58941,1
58942,1
58943,4
58944,1
58945,1
58946,1
58947,1
58948,4
58949,1
58950,1
58951,4
58952,1
58953,1
58954,1
58955,1
58956,1
58957,1
58958,1
58959,4
58960,1
58961,1
58962,3
58963,1
58964,1
58965,1
58966,1
58967,1
58968,1
58969,1
58970,1
58971,1
58972,1
58973,4
58974,1
58975,1
58976,1
58977,1
58978,1
58979,3
58980,1
58981,1
58982,1
58983,3
58984,1
58985,1
58986,1
58987,4
58988,1
58989,1
58990,1
58991,1
58992,1
58993,1
58994,1
58995,1
58996,1
58997,1
58998,1
58999,1
59000,1
59001,1
59002,1
59003,1
59004,1
59005,1
59006,1
59007,1
59008,1
59009,1
59010,1
59011,1
59012,4
59013,1
59014,4
59015,1
59016,1
59017,1
59018,1
59019,1
59020,4
59021,1
59022,1
59023,4
59024,1
59025,1
59026,1
59027,1
59028,1
59029,4
59030,4
59031,1
59032,1
59033,1
59034,1
59035,1
59036,1
59037,1
59038,1
59039,4
59040,1
59041,1
59042,1
59043,1
59044,1
59045,1
59046,1
59047,1
59048,1
59049,1
59050,1
59051,4
59052,4
59053,1
59054,1
59055,1
59056,4
59057,4
59058,1
59059,1
59060,1
59061,1
59062,1
59063,1
59064,1
59065,4
59066,1
59067,1
59068,1
59069,1
59070,4
59071,1
59072,1
59073,4
59074,1
59075,1
59076,3
59077,1
59078,4
59079,1
59080,4
59081,1
59082,1
59083,1
59084,1
59085,1
59086,1
59087,1
59088,1
59089,1
59090,1
59091,1
59092,1
59093,1
59094,1
59095,4
59096,4
59097,1
59098,4
59099,4
59100,1
59101,1
59102,1
59103,4
59104,1
59105,4
59106,1
59107,1
59108,1
59109,4
59110,1
59111,1
59112,4
59113,1
59114,1
59115,1
59116,1
59117,4
59118,1
59119,1
59120,1
59121,1
59122,1
59123,1
59124,4
59125,1
59126,1
59127,1
59128,1
59129,1
59130,1
59131,1
59132,1
59133,1
59134,1
59135,1
59136,1
59137,1
59138,1
59139,1
59140,4
59141,1
59142,1
59143,4
59144,1
59145,4
59146,1
59147,1
59148,1
59149,4
59150,4
59151,1
59152,1
59153,4
59154,1
59155,1
59156,1
59157,1
59158,1
59159,4
59160,1
59161,1
59162,1
59163,1
59164,1
59165,1
59166,1
59167,1
59168,1
59169,4
59170,1
59171,1
59172,4
59173,1
59174,1
59175,1
59176,1
59177,1
59178,4
59179,1
59180,1
59181,1
59182,1
59183,1
59184,4
59185,1
59186,1
59187,1
59188,1
59189,4
59190,1
59191,1
59192,4
59193,1
59194,4
59195,1
59196,4
59197,4
59198,1
59199,1
59200,1
59201,1
59202,1
59203,4
59204,1
59205,1
59206,1
59207,1
59208,1
59209,1
59210,1
59211,1
59212,1
59213,1
59214,1
59215,1
59216,1
59217,1
59218,4
59219,1
59220,1
59221,1
59222,1
59223,1
59224,4
59225,4
59226,1
59227,1
59228,1
59229,1
59230,1
59231,1
59232,1
59233,1
59234,1
59235,1
59236,1
59237,1
59238,1
59239,4
59240,1
59241,4
59242,1
59243,1
59244,1
59245,1
59246,4
59247,1
59248,4
59249,1
59250,4
59251,1
59252,1
59253,1
59254,1
59255,1
59256,1
59257,1
59258,1
59259,1
59260,1
59261,4
59262,1
59263,4
59264,1
59265,1
59266,1
59267,4
59268,1
59269,1
59270,1
59271,1
59272,1
59273,1
59274,1
59275,1
59276,1
59277,1
59278,1
59279,1
59280,1
59281,1
59282,4
59283,1
59284,1
59285,1
59286,1
59287,1
59288,1
59289,1
59290,1
59291,4
59292,4
59293,1
59294,1
59295,4
59296,1
59297,1
59298,4
59299,4
59300,4
59301,1
59302,1
59303,1
59304,1
59305,1
59306,1
59307,1
59308,1
59309,1
59310,4
59311,4
59312,1
59313,1
59314,4
59315,1
59316,1
59317,1
59318,1
59319,4
59320,1
59321,1
59322,4
59323,1
59324,4
59325,4
59326,4
59327,1
59328,1
59329,1
59330,1
59331,1
59332,1
59333,1
59334,1
59335,1
59336,4
59337,1
59338,1
59339,1
59340,1
59341,1
59342,3
59343,1
59344,4
59345,1
59346,4
59347,1
59348,1
59349,3
59350,1
59351,1
59352,1
59353,1
59354,1
59355,4
59356,1
59357,4
59358,1
59359,1
59360,1
59361,1
59362,1
59363,4
59364,4
59365,4
59366,4
59367,1
59368,1
59369,4
59370,1
59371,1
59372,1
59373,4
59374,4
59375,4
59376,1
59377,4
59378,4
59379,1
59380,1
59381,1
59382,1
59383,1
59384,1
59385,4
59386,1
59387,1
59388,1
59389,3
59390,1
59391,1
59392,4
59393,1
59394,4
59395,1
59396,1
59397,1
59398,1
59399,1
59400,4
59401,1
59402,1
59403,4
59404,1
59405,1
59406,1
59407,4
59408,1
59409,1
59410,1
59411,4
59412,4
59413,1
59414,1
59415,4
59416,1
59417,4
59418,1
59419,4
59420,1
59421,1
59422,1
59423,1
59424,4
59425,4
59426,1
59427,4
59428,1
59429,1
59430,1
59431,1
59432,1
59433,4
59434,1
59435,1
59436,1
59437,1
59438,1
59439,1
59440,1
59441,1
59442,3
59443,1
59444,1
59445,1
59446,1
59447,1
59448,1
59449,1
59450,1
59451,1
59452,1
59453,1
59454,1
59455,4
59456,1
59457,1
59458,4
59459,4
59460,4
59461,4
59462,1
59463,1
59464,1
59465,4
59466,4
59467,1
59468,4
59469,1
59470,1
59471,1
59472,1
59473,1
59474,1
59475,1
59476,4
59477,1
59478,1
59479,1
59480,4
59481,1
59482,1
59483,1
59484,1
59485,1
59486,1
59487,4
59488,4
59489,4
59490,1
59491,1
59492,4
59493,1
59494,1
59495,4
59496,1
59497,1
59498,4
59499,1
59500,1
59501,1
59502,1
59503,1
59504,1
59505,1
59506,1
59507,4
59508,1
59509,1
59510,4
59511,1
59512,1
59513,1
59514,1
59515,4
59516,4
59517,4
59518,4
59519,1
59520,1
59521,4
59522,1
59523,4
59524,1
59525,1
59526,1
59527,1
59528,4
59529,1
59530,1
59531,1
59532,4
59533,4
59534,1
59535,1
59536,1
59537,4
59538,1
59539,1
59540,4
59541,4
59542,1
59543,4
59544,1
59545,1
59546,1
59547,1
59548,1
59549,4
59550,1
59551,1
59552,1
59553,4
59554,1
59555,4
59556,4
59557,4
59558,1
59559,4
59560,1
59561,1
59562,1
59563,1
59564,4
59565,1
59566,1
59567,1
59568,4
59569,1
59570,4
59571,4
59572,1
59573,4
59574,4
59575,1
59576,1
59577,4
59578,1
59579,1
59580,1
59581,4
59582,1
59583,1
59584,1
59585,1
59586,1
59587,1
59588,4
59589,3
59590,1
59591,1
59592,1
59593,1
59594,4
59595,1
59596,1
59597,1
59598,1
59599,1
59600,4
59601,1
59602,1
59603,4
59604,1
59605,1
59606,1
59607,4
59608,1
59609,1
59610,1
59611,1
59612,1
59613,1
59614,1
59615,1
59616,1
59617,1
59618,1
59619,1
59620,1
59621,1
59622,1
59623,1
59624,1
59625,1
59626,1
59627,4
59628,1
59629,1
59630,4
59631,4
59632,1
59633,1
59634,1
59635,1
59636,1
59637,1
59638,1
59639,4
59640,4
59641,1
59642,4
59643,4
59644,1
59645,1
59646,1
59647,1
59648,1
59649,1
59650,4
59651,1
59652,1
59653,1
59654,3
59655,1
59656,1
59657,1
59658,4
59659,4
59660,4
59661,4
59662,1
59663,1
59664,1
59665,4
59666,4
59667,1
59668,1
59669,1
59670,1
59671,4
59672,1
59673,1
59674,1
59675,1
59676,1
59677,1
59678,1
59679,4
59680,4
59681,1
59682,4
59683,4
59684,4
59685,1
59686,1
59687,1
59688,4
59689,1
59690,1
59691,4
59692,4
59693,1
59694,1
59695,1
59696,4
59697,4
59698,3
59699,1
59700,1
59701,1
59702,1
59703,1
59704,4
59705,1
59706,1
59707,1
59708,1
59709,4
59710,1
59711,1
59712,1
59713,1
59714,1
59715,1
59716,1
59717,4
59718,1
59719,4
59720,1
59721,1
59722,1
59723,1
59724,1
59725,4
59726,3
59727,4
59728,4
59729,1
59730,1
59731,1
59732,1
59733,4
59734,1
59735,1
59736,4
59737,1
59738,1
59739,1
59740,1
59741,4
59742,1
59743,4
59744,4
59745,1
59746,1
59747,4
59748,4
59749,1
59750,1
59751,4
59752,1
59753,1
59754,4
59755,1
59756,4
59757,4
59758,1
59759,1
59760,4
59761,1
59762,4
59763,1
59764,1
59765,1
59766,4
59767,1
59768,1
59769,1
59770,1
59771,1
59772,4
59773,1
59774,1
59775,1
59776,4
59777,1
59778,4
59779,1
59780,1
59781,1
59782,1
59783,4
59784,1
59785,1
59786,1
59787,1
59788,1
59789,4
59790,1
59791,1
59792,1
59793,1
59794,1
59795,1
59796,1
59797,4
59798,1
59799,1
59800,1
59801,1
59802,1
59803,1
59804,1
59805,1
59806,1
59807,1
59808,1
59809,1
59810,1
59811,4
59812,1
59813,1
59814,4
59815,1
59816,1
59817,1
59818,3
59819,1
59820,1
59821,1
59822,1
59823,1
59824,1
59825,1
59826,1
59827,1
59828,1
59829,1
59830,4
59831,3
59832,4
59833,1
59834,4
59835,4
59836,1
59837,4
59838,4
59839,1
59840,4
59841,1
59842,1
59843,1
59844,1
59845,1
59846,1
59847,1
59848,4
59849,1
59850,1
59851,4
59852,4
59853,1
59854,1
59855,4
59856,4
59857,1
59858,1
59859,4
59860,1
59861,1
59862,1
59863,1
59864,1
59865,1
59866,4
59867,1
59868,1
59869,1
59870,1
59871,1
59872,1
59873,1
59874,1
59875,4
59876,1
59877,4
59878,1
59879,1
59880,1
59881,1
59882,1
59883,1
59884,1
59885,1
59886,1
59887,4
59888,1
59889,1
59890,4
59891,4
59892,4
59893,4
59894,4
59895,4
59896,4
59897,4
59898,4
59899,1
59900,4
59901,1
59902,1
59903,1
59904,1
59905,4
59906,4
59907,4
59908,4
59909,1
59910,1
59911,1
59912,4
59913,4
59914,1
59915,1
59916,4
59917,1
59918,1
59919,4
59920,1
59921,4
59922,4
59923,1
59924,1
59925,1
59926,1
59927,1
59928,1
59929,1
59930,1
59931,1
59932,1
59933,1
59934,4
59935,1
59936,4
59937,4
59938,1
59939,1
59940,1
59941,4
59942,1
59943,1
59944,1
59945,1
59946,3
59947,1
59948,1
59949,4
59950,1
59951,1
59952,4
59953,4
59954,4
59955,1
59956,1
59957,1
59958,1
59959,1
59960,1
59961,1
59962,1
59963,1
59964,1
59965,4
59966,1
59967,1
59968,4
59969,1
59970,1
59971,1
59972,1
59973,3
59974,1
59975,1
59976,1
59977,4
59978,1
59979,4
59980,1
59981,4
59982,1
59983,4
59984,1
59985,1
59986,3
59987,1
59988,4
59989,1
59990,1
59991,1
59992,1
59993,4
59994,4
59995,4
59996,1
59997,4
59998,1
59999,1
60000,1
60001,4
60002,1
60003,1
60004,1
60005,1
60006,1
60007,4
60008,4
60009,1
60010,1
60011,1
60012,1
60013,1
60014,3
60015,1
60016,4
60017,4
60018,3
60019,4
60020,1
60021,4
60022,4
60023,4
60024,1
60025,4
60026,1
60027,4
60028,1
60029,4
60030,1
60031,3
60032,1
60033,3
60034,1
60035,1
60036,1
60037,1
60038,1
60039,4
60040,4
60041,1
60042,4
60043,4
60044,1
60045,4
60046,4
60047,1
60048,1
60049,4
60050,1
60051,1
60052,4
60053,4
60054,1
60055,1
60056,1
60057,1
60058,4
60059,4
60060,4
60061,1
60062,4
60063,4
60064,1
60065,3
60066,4
60067,1
60068,1
60069,1
60070,1
60071,1
60072,1
60073,1
60074,1
60075,1
60076,1
60077,1
60078,1
60079,1
60080,1
60081,1
60082,4
60083,1
60084,4
60085,4
60086,1
60087,4
60088,1
60089,1
60090,1
60091,3
60092,1
60093,4
60094,4
60095,1
60096,1
60097,4
60098,1
60099,3
60100,1
60101,1
60102,1
60103,4
60104,1
60105,4
60106,4
60107,4
60108,4
60109,1
60110,4
60111,4
60112,4
60113,1
60114,1
60115,4
60116,1
60117,4
60118,1
60119,4
60120,1
60121,1
60122,1
60123,1
60124,4
60125,4
60126,1
60127,1
60128,4
60129,4
60130,1
60131,1
60132,1
60133,3
60134,1
60135,3
60136,1
60137,4
60138,4
60139,1
60140,3
60141,1
60142,1
60143,1
60144,1
60145,1
60146,1
60147,1
60148,1
60149,4
60150,4
60151,4
60152,1
60153,4
60154,1
60155,1
60156,4
60157,1
60158,4
60159,1
60160,1
60161,4
60162,4
60163,1
60164,1
60165,1
60166,1
60167,1
60168,1
60169,1
60170,1
60171,4
60172,1
60173,4
60174,1
60175,1
60176,4
60177,1
60178,1
60179,1
60180,1
60181,1
60182,1
60183,1
60184,1
60185,1
60186,3
60187,1
60188,4
60189,4
60190,4
60191,4
60192,1
60193,1
60194,1
60195,1
60196,1
60197,1
60198,1
60199,1
60200,4
60201,1
60202,1
60203,1
60204,1
60205,1
60206,1
60207,1
60208,1
60209,4
60210,1
60211,1
60212,4
60213,1
60214,1
60215,4
60216,4
60217,3
60218,4
60219,4
60220,1
60221,1
60222,4
60223,4
60224,4
60225,4
60226,4
60227,4
60228,1
60229,4
60230,1
60231,4
60232,4
60233,1
60234,1
60235,1
60236,4
60237,1
60238,1
60239,1
60240,1
60241,4
60242,1
60243,1
60244,1
60245,1
60246,4
60247,4
60248,1
60249,1
60250,4
60251,1
60252,1
60253,3
60254,1
60255,1
60256,3
60257,4
60258,4
60259,3
60260,1
60261,1
60262,1
60263,4
60264,1
60265,1
60266,1
60267,4
60268,4
60269,4
60270,1
60271,1
60272,1
60273,1
60274,1
60275,1
60276,1
60277,1
60278,1
60279,1
60280,1
60281,4
60282,1
60283,4
60284,1
60285,4
60286,1
60287,4
60288,4
60289,1
60290,4
60291,1
60292,1
60293,4
60294,1
60295,1
60296,1
60297,1
60298,4
60299,1
60300,1
60301,4
60302,1
60303,1
60304,1
60305,1
60306,1
60307,1
60308,4
60309,4
60310,1
60311,1
60312,4
60313,1
60314,4
60315,1
60316,1
60317,1
60318,1
60319,4
60320,4
60321,1
60322,1
60323,4
60324,4
60325,1
60326,1
60327,1
60328,1
60329,1
60330,4
60331,4
60332,1
60333,1
60334,1
60335,1
60336,1
60337,1
60338,1
60339,1
60340,1
60341,4
60342,1
60343,1
60344,4
60345,1
60346,1
60347,4
60348,1
60349,4
60350,4
60351,4
60352,4
60353,1
60354,4
60355,4
60356,1
60357,1
60358,1
60359,1
60360,4
60361,1
60362,4
60363,4
60364,1
60365,1
60366,1
60367,1
60368,4
60369,1
60370,1
60371,1
60372,1
60373,1
60374,4
60375,4
60376,1
60377,4
60378,4
60379,1
60380,4
60381,4
60382,1
60383,1
60384,1
60385,1
60386,1
60387,4
60388,1
60389,1
60390,1
60391,1
60392,1
60393,4
60394,1
60395,1
60396,1
60397,4
60398,4
60399,4
60400,4
60401,4
60402,4
60403,4
60404,4
60405,4
60406,1
60407,1
60408,1
60409,1
60410,1
60411,1
60412,1
60413,1
60414,4
60415,1
60416,1
60417,1
60418,1
60419,4
60420,1
60421,4
60422,4
60423,1
60424,4
60425,1
60426,4
60427,4
60428,1
60429,4
60430,1
60431,1
60432,1
60433,4
60434,4
60435,1
60436,4
60437,1
60438,1
60439,1
60440,1
60441,4
60442,1
60443,1
60444,1
60445,4
60446,1
60447,1
60448,4
60449,1
60450,4
60451,4
60452,3
60453,4
60454,1
60455,1
60456,1
60457,1
60458,4
60459,4
60460,4
60461,1
60462,1
60463,4
60464,1
60465,1
60466,1
60467,1
60468,1
60469,1
60470,1
60471,4
60472,1
60473,4
60474,1
60475,1
60476,1
60477,4
60478,1
60479,1
60480,1
60481,1
60482,1
60483,1
60484,1
60485,1
60486,1
60487,4
60488,1
60489,1
60490,4
60491,3
60492,4
60493,3
60494,4
60495,4
60496,4
60497,1
60498,4
60499,4
60500,1
60501,4
60502,1
60503,1
60504,1
60505,1
60506,4
60507,1
60508,1
60509,1
60510,1
60511,1
60512,1
60513,1
60514,1
60515,1
60516,1
60517,4
60518,4
60519,4
60520,4
60521,4
60522,1
60523,1
60524,1
60525,1
60526,1
60527,1
60528,1
60529,4
60530,1
60531,1
60532,4
60533,1
60534,1
60535,1
60536,1
60537,4
60538,1
60539,4
60540,4
60541,1
60542,1
60543,1
60544,4
60545,4
60546,1
60547,4
60548,1
60549,4
60550,1
60551,1
60552,4
60553,1
60554,1
60555,1
60556,4
60557,1
60558,1
60559,1
60560,1
60561,1
60562,1
60563,1
60564,1
60565,1
60566,1
60567,1
60568,4
60569,4
60570,4
60571,1
60572,1
60573,1
60574,4
60575,1
60576,1
60577,1
60578,1
60579,4
60580,1
60581,1
60582,4
60583,4
60584,4
60585,1
60586,1
60587,3
60588,1
60589,4
60590,1
60591,1
60592,4
60593,1
60594,1
60595,4
60596,4
60597,1
60598,1
60599,1
60600,1
60601,1
60602,4
60603,1
60604,1
60605,4
60606,1
60607,4
60608,1
60609,1
60610,1
60611,4
60612,1
60613,1
60614,1
60615,1
60616,1
60617,4
60618,1
60619,4
60620,1
60621,1
60622,1
60623,4
60624,1
60625,4
60626,4
60627,4
60628,1
60629,4
60630,4
60631,1
60632,1
60633,1
60634,4
60635,1
60636,1
60637,1
60638,1
60639,4
60640,4
60641,1
60642,1
60643,4
60644,1
60645,1
60646,4
60647,4
60648,1
60649,1
60650,4
60651,1
60652,1
60653,4
60654,4
60655,1
60656,1
60657,1
60658,4
60659,4
60660,1
60661,4
60662,4
60663,1
60664,1
60665,1
60666,1
60667,1
60668,4
60669,4
60670,1
60671,1
60672,1
60673,1
60674,1
60675,1
60676,1
60677,1
60678,1
60679,1
60680,1
60681,4
60682,1
60683,4
60684,1
60685,4
60686,4
60687,1
60688,4
60689,1
60690,4
60691,3
60692,4
60693,1
60694,4
60695,4
60696,1
60697,1
60698,1
60699,1
60700,1
60701,4
60702,1
60703,1
60704,4
60705,4
60706,4
60707,4
60708,1
60709,1
60710,1
60711,1
60712,1
60713,4
60714,4
60715,1
60716,1
60717,1
60718,1
60719,1
60720,4
60721,1
60722,1
60723,1
60724,4
60725,4
60726,1
60727,4
60728,4
60729,1
60730,4
60731,1
60732,1
60733,4
60734,1
60735,4
60736,1
60737,1
60738,1
60739,4
60740,1
60741,1
60742,4
60743,1
60744,4
60745,4
60746,4
60747,1
60748,1
60749,3
60750,4
60751,1
60752,1
60753,1
60754,1
60755,1
60756,4
60757,1
60758,1
60759,1
60760,4
60761,1
60762,1
60763,1
60764,1
60765,1
60766,1
60767,1
60768,1
60769,3
60770,3
60771,1
60772,1
60773,1
60774,1
60775,4
60776,1
60777,4
60778,4
60779,3
60780,4
60781,1
60782,4
60783,3
60784,4
60785,1
60786,4
60787,4
60788,1
60789,1
60790,1
60791,4
60792,1
60793,1
60794,4
60795,4
60796,1
60797,4
60798,4
60799,4
60800,1
60801,1
60802,4
60803,1
60804,4
60805,4
60806,4
60807,1
60808,1
60809,3
60810,4
60811,4
60812,4
60813,1
60814,1
60815,4
60816,1
60817,1
60818,1
60819,1
60820,4
60821,1
60822,1
60823,1
60824,1
60825,1
60826,4
60827,4
60828,1
60829,1
60830,1
60831,1
60832,1
60833,4
60834,1
60835,1
60836,1
60837,1
60838,1
60839,1
60840,1
60841,4
60842,1
60843,1
60844,3
60845,1
60846,1
60847,3
60848,1
60849,1
60850,1
60851,1
60852,1
60853,1
60854,1
60855,1
60856,1
60857,1
60858,1
60859,4
60860,1
60861,1
60862,4
60863,1
60864,1
60865,4
60866,1
60867,4
60868,1
60869,4
60870,1
60871,4
60872,1
60873,1
60874,1
60875,4
60876,1
60877,4
60878,4
60879,1
60880,4
60881,1
60882,1
60883,1
60884,1
60885,4
60886,1
60887,1
60888,4
60889,4
60890,4
60891,1
60892,1
60893,4
60894,1
60895,1
60896,1
60897,1
60898,1
60899,4
60900,1
60901,1
60902,1
60903,1
60904,1
60905,1
60906,4
60907,4
60908,1
60909,4
60910,1
60911,4
60912,1
60913,4
60914,1
60915,1
60916,1
60917,1
60918,4
60919,1
60920,1
60921,4
60922,1
60923,1
60924,1
60925,1
60926,4
60927,4
60928,4
60929,1
60930,1
60931,1
60932,1
60933,1
60934,1
60935,1
60936,4
60937,1
60938,4
60939,4
60940,1
60941,4
60942,4
60943,4
60944,1
60945,4
60946,1
60947,4
60948,4
60949,1
60950,1
60951,4
60952,1
60953,1
60954,1
60955,4
60956,4
60957,4
60958,4
60959,4
60960,1
60961,1
60962,4
60963,4
60964,4
60965,1
60966,1
60967,4
60968,4
60969,1
60970,4
60971,1
60972,1
60973,4
60974,1
60975,1
60976,4
60977,1
60978,4
60979,4
60980,1
60981,3
60982,1
60983,4
60984,4
60985,4
60986,4
60987,1
60988,1
60989,1
60990,4
60991,1
60992,4
60993,4
60994,1
60995,4
60996,1
60997,1
60998,1
60999,1
61000,1
61001,1
61002,1
61003,1
61004,4
61005,1
61006,1
61007,1
61008,4
61009,4
61010,1
61011,1
61012,4
61013,1
61014,1
61015,1
61016,1
61017,1
61018,1
61019,1
61020,1
61021,1
61022,4
61023,1
61024,1
61025,1
61026,4
61027,1
61028,1
61029,1
61030,1
61031,4
61032,4
61033,4
61034,1
61035,4
61036,4
61037,1
61038,1
61039,4
61040,3
61041,4
61042,4
61043,1
61044,1
61045,1
61046,1
61047,1
61048,1
61049,1
61050,1
61051,4
61052,1
61053,1
61054,4
61055,4
61056,1
61057,1
61058,4
61059,1
61060,1
61061,1
61062,4
61063,1
61064,4
61065,4
61066,4
61067,1
61068,4
61069,4
61070,1
61071,4
61072,4
61073,1
61074,1
61075,1
61076,1
61077,1
61078,1
61079,1
61080,1
61081,1
61082,1
61083,1
61084,1
61085,1
61086,1
61087,1
61088,1
61089,3
61090,1
61091,1
61092,1
61093,1
61094,1
61095,4
61096,1
61097,4
61098,1
61099,1
61100,4
61101,1
61102,1
61103,1
61104,4
61105,4
61106,1
61107,4
61108,1
61109,4
61110,4
61111,4
61112,1
61113,1
61114,1
61115,4
61116,3
61117,3
61118,1
61119,1
61120,1
61121,1
61122,1
61123,3
61124,4
61125,1
61126,4
61127,4
61128,1
61129,4
61130,4
61131,4
61132,4
61133,3
61134,1
61135,1
61136,1
61137,1
61138,1
61139,4
61140,1
61141,1
61142,1
61143,1
61144,1
61145,4
61146,1
61147,1
61148,4
61149,1
61150,1
61151,1
61152,4
61153,1
61154,1
61155,1
61156,1
61157,1
61158,4
61159,4
61160,1
61161,1
61162,1
61163,1
61164,1
61165,1
61166,4
61167,1
61168,1
61169,1
61170,1
61171,4
61172,1
61173,4
61174,4
61175,1
61176,4
61177,1
61178,1
61179,4
61180,1
61181,4
61182,4
61183,1
61184,4
61185,4
61186,1
61187,1
61188,1
61189,1
61190,1
61191,1
61192,4
61193,4
61194,1
61195,1
61196,4
61197,1
61198,1
61199,1
61200,1
61201,4
61202,4
61203,4
61204,1
61205,1
61206,4
61207,1
61208,1
61209,1
61210,4
61211,1
61212,4
61213,4
61214,4
61215,4
61216,4
61217,1
61218,4
61219,4
61220,4
61221,1
61222,4
61223,4
61224,1
61225,1
61226,1
61227,1
61228,1
61229,1
61230,4
61231,1
61232,4
61233,1
61234,1
61235,1
61236,1
61237,1
61238,4
61239,1
61240,1
61241,4
61242,4
61243,4
61244,1
61245,1
61246,1
61247,4
61248,1
61249,1
61250,4
61251,4
61252,1
61253,1
61254,4
61255,4
61256,1
61257,1
61258,4
61259,1
61260,4
61261,1
61262,4
61263,4
61264,1
61265,4
61266,4
61267,1
61268,4
61269,4
61270,1
61271,4
61272,1
61273,4
61274,4
61275,4
61276,4
61277,1
61278,4
61279,1
61280,1
61281,1
61282,4
61283,1
61284,1
61285,4
61286,1
61287,1
61288,1
61289,1
61290,1
61291,1
61292,1
61293,1
61294,1
61295,1
61296,1
61297,1
61298,4
61299,4
61300,4
61301,1
61302,1
61303,1
61304,4
61305,1
61306,1
61307,1
61308,4
61309,4
61310,1
61311,1
61312,4
61313,4
61314,4
61315,4
61316,4
61317,4
61318,4
61319,1
61320,1
61321,1
61322,1
61323,4
61324,1
61325,1
61326,1
61327,1
61328,1
61329,4
61330,1
61331,1
61332,1
61333,1
61334,1
61335,4
61336,1
61337,4
61338,1
61339,1
61340,1
61341,4
61342,4
61343,1
61344,4
61345,1
61346,1
61347,1
61348,1
61349,1
61350,1
61351,1
61352,1
61353,4
61354,4
61355,4
61356,4
61357,4
61358,1
61359,1
61360,1
61361,1
61362,1
61363,4
61364,4
61365,1
61366,1
61367,1
61368,1
61369,1
61370,4
61371,1
61372,1
61373,1
61374,1
61375,1
61376,4
61377,4
61378,1
61379,4
61380,4
61381,4
61382,4
61383,4
61384,1
61385,4
61386,1
61387,4
61388,1
61389,1
61390,1
61391,4
61392,1
61393,1
61394,4
61395,1
61396,4
61397,1
61398,1
61399,4
61400,1
61401,4
61402,1
61403,4
61404,1
61405,4
61406,1
61407,1
61408,1
61409,1
61410,1
61411,1
61412,4
61413,4
61414,4
61415,1
61416,1
61417,3
61418,4
61419,4
61420,1
61421,1
61422,1
61423,1
61424,1
61425,1
61426,1
61427,1
61428,1
61429,4
61430,1
61431,1
61432,1
61433,1
61434,4
61435,1
61436,1
61437,1
61438,1
61439,1
61440,1
61441,1
61442,1
61443,1
61444,4
61445,1
61446,1
61447,1
61448,1
61449,1
61450,1
61451,1
61452,1
61453,4
61454,4
61455,1
61456,4
61457,1
61458,1
61459,1
61460,1
61461,4
61462,4
61463,1
61464,4
61465,1
61466,1
61467,4
61468,1
61469,1
61470,1
61471,1
61472,4
61473,1
61474,4
61475,4
61476,1
61477,4
61478,1
61479,4
61480,4
61481,1
61482,1
61483,1
61484,1
61485,4
61486,1
61487,1
61488,4
61489,1
61490,4
61491,1
61492,1
61493,1
61494,4
61495,1
61496,4
61497,4
61498,1
61499,1
61500,1
61501,1
61502,1
61503,4
61504,4
61505,1
61506,1
61507,4
61508,1
61509,1
61510,1
61511,4
61512,1
61513,1
61514,1
61515,4
61516,1
61517,1
61518,1
61519,1
61520,1
61521,4
61522,1
61523,1
61524,3
61525,1
61526,4
61527,4
61528,1
61529,4
61530,4
61531,1
61532,4
61533,4
61534,1
61535,4
61536,1
61537,1
61538,4
61539,1
61540,1
61541,1
61542,1
61543,4
61544,4
61545,4
61546,4
61547,4
61548,4
61549,1
61550,1
61551,3
61552,4
61553,4
61554,1
61555,1
61556,1
61557,1
61558,1
61559,1
61560,4
61561,4
61562,1
61563,1
61564,1
61565,1
61566,3
61567,4
61568,4
61569,4
61570,4
61571,1
61572,4
61573,4
61574,1
61575,4
61576,4
61577,4
61578,4
61579,1
61580,1
61581,4
61582,4
61583,1
61584,1
61585,1
61586,4
61587,1
61588,4
61589,1
61590,1
61591,1
61592,4
61593,1
61594,1
61595,1
61596,1
61597,1
61598,1
61599,1
61600,1
61601,3
61602,1
61603,1
61604,4
61605,4
61606,1
61607,1
61608,4
61609,1
61610,1
61611,1
61612,1
61613,1
61614,4
61615,1
61616,1
61617,1
61618,1
61619,1
61620,1
61621,1
61622,1
61623,1
61624,1
61625,1
61626,1
61627,4
61628,4
61629,4
61630,4
61631,1
61632,1
61633,1
61634,1
61635,1
61636,1
61637,1
61638,1
61639,1
61640,1
61641,4
61642,1
61643,4
61644,4
61645,4
61646,1
61647,4
61648,4
61649,4
61650,4
61651,1
61652,1
61653,1
61654,1
61655,4
61656,1
61657,1
61658,4
61659,1
61660,1
61661,4
61662,1
61663,1
61664,1
61665,1
61666,4
61667,4
61668,4
61669,4
61670,4
61671,1
61672,4
61673,1
61674,4
61675,1
61676,1
61677,1
61678,1
61679,1
61680,1
61681,1
61682,1
61683,4
61684,1
61685,1
61686,1
61687,1
61688,4
61689,4
61690,1
61691,1
61692,1
61693,4
61694,4
61695,1
61696,1
61697,4
61698,1
61699,4
61700,1
61701,4
61702,4
61703,1
61704,4
61705,1
61706,1
61707,1
61708,4
61709,4
61710,1
61711,1
61712,1
61713,4
61714,1
61715,4
61716,4
61717,4
61718,4
61719,4
61720,1
61721,4
61722,1
61723,1
61724,4
61725,1
61726,4
61727,4
61728,4
61729,4
61730,1
61731,1
61732,1
61733,1
61734,4
61735,1
61736,1
61737,1
61738,4
61739,1
61740,1
61741,4
61742,1
61743,4
61744,4
61745,4
61746,1
61747,4
61748,1
61749,1
61750,1
61751,1
61752,4
61753,1
61754,1
61755,4
61756,1
61757,4
61758,1
61759,1
61760,4
61761,1
61762,3
61763,1
61764,1
61765,1
61766,1
61767,1
61768,1
61769,1
61770,4
61771,1
61772,1
61773,1
61774,1
61775,1
61776,1
61777,4
61778,1
61779,4
61780,4
61781,4
61782,4
61783,4
61784,4
61785,1
61786,4
61787,4
61788,4
61789,1
61790,4
61791,4
61792,1
61793,4
61794,4
61795,1
61796,4
61797,1
61798,4
61799,4
61800,1
61801,4
61802,1
61803,4
61804,4
61805,4
61806,1
61807,1
61808,1
61809,1
61810,4
61811,4
61812,1
61813,4
61814,4
61815,4
61816,1
61817,4
61818,4
61819,4
61820,1
61821,1
61822,1
61823,4
61824,1
61825,4
61826,1
61827,4
61828,1
61829,1
61830,1
61831,1
61832,1
61833,1
61834,1
61835,1
61836,1
61837,1
61838,1
61839,1
61840,4
61841,1
61842,4
61843,1
61844,1
61845,1
61846,1
61847,1
61848,1
61849,4
61850,1
61851,1
61852,1
61853,4
61854,4
61855,4
61856,1
61857,4
61858,4
61859,1
61860,1
61861,4
61862,4
61863,4
61864,4
61865,1
61866,4
61867,4
61868,1
61869,4
61870,4
61871,1
61872,1
61873,1
61874,4
61875,1
61876,4
61877,4
61878,1
61879,4
61880,4
61881,1
61882,1
61883,1
61884,4
61885,4
61886,4
61887,1
61888,1
61889,4
61890,4
61891,1
61892,1
61893,4
61894,4
61895,4
61896,1
61897,4
61898,4
61899,1
61900,1
61901,4
61902,1
61903,4
61904,4
61905,1
61906,3
61907,1
61908,1
61909,1
61910,4
61911,4
61912,4
61913,1
61914,1
61915,1
61916,1
61917,4
61918,1
61919,1
61920,1
61921,4
61922,1
61923,1
61924,1
61925,1
61926,1
61927,1
61928,4
61929,1
61930,1
61931,1
61932,1
61933,1
61934,4
61935,4
61936,1
61937,4
61938,4
61939,4
61940,3
61941,1
61942,4
61943,4
61944,1
61945,1
61946,1
61947,1
61948,4
61949,4
61950,4
61951,4
61952,1
61953,4
61954,1
61955,1
61956,4
61957,3
61958,1
61959,4
61960,4
61961,4
61962,4
61963,4
61964,4
61965,1
61966,4
61967,1
61968,4
61969,4
61970,4
61971,4
61972,4
61973,4
61974,4
61975,4
61976,1
61977,1
61978,1
61979,4
61980,1
61981,1
61982,1
61983,1
61984,1
61985,1
61986,1
61987,1
61988,1
61989,1
61990,1
61991,1
61992,1
61993,1
61994,4
61995,1
61996,4
61997,1
61998,4
61999,4
62000,1
62001,1
62002,1
62003,4
62004,1
62005,1
62006,4
62007,4
62008,1
62009,1
62010,1
62011,1
62012,1
62013,4
62014,1
62015,4
62016,4
62017,4
62018,4
62019,4
62020,4
62021,1
62022,1
62023,4
62024,1
62025,4
62026,4
62027,1
62028,1
62029,4
62030,1
62031,1
62032,4
62033,4
62034,4
62035,4
62036,1
62037,4
62038,1
62039,4
62040,1
62041,4
62042,1
62043,4
62044,4
62045,4
62046,4
62047,1
62048,1
62049,1
62050,1
62051,1
62052,1
62053,1
62054,4
62055,1
62056,4
62057,4
62058,4
62059,4
62060,4
62061,4
62062,4
62063,1
62064,1
62065,4
62066,1
62067,1
62068,1
62069,1
62070,1
62071,4
62072,1
62073,1
62074,4
62075,4
62076,4
62077,4
62078,4
62079,1
62080,1
62081,1
62082,4
62083,4
62084,4
62085,4
62086,1
62087,4
62088,1
62089,1
62090,1
62091,1
62092,1
62093,1
62094,1
62095,1
62096,1
62097,1
62098,1
62099,1
62100,4
62101,1
62102,4
62103,1
62104,4
62105,4
62106,4
62107,1
62108,4
62109,1
62110,4
62111,1
62112,1
62113,1
62114,1
62115,1
62116,1
62117,4
62118,4
62119,4
62120,1
62121,1
62122,1
62123,1
62124,4
62125,4
62126,1
62127,4
62128,4
62129,1
62130,1
62131,1
62132,4
62133,4
62134,1
62135,4
62136,4
62137,1
62138,4
62139,1
62140,4
62141,4
62142,1
62143,1
62144,1
62145,1
62146,1
62147,1
62148,4
62149,1
62150,1
62151,4
62152,1
62153,4
62154,1
62155,1
62156,1
62157,1
62158,1
62159,1
62160,1
62161,1
62162,4
62163,1
62164,1
62165,4
62166,1
62167,1
62168,1
62169,1
62170,4
62171,4
62172,3
62173,1
62174,1
62175,1
62176,1
62177,1
62178,1
62179,1
62180,1
62181,1
62182,1
62183,1
62184,1
62185,1
62186,1
62187,1
62188,4
62189,1
62190,4
62191,4
62192,4
62193,4
62194,4
62195,1
62196,4
62197,1
62198,4
62199,1
62200,1
62201,1
62202,1
62203,1
62204,4
62205,1
62206,4
62207,4
62208,1
62209,4
62210,4
62211,4
62212,1
62213,4
62214,1
62215,4
62216,1
62217,4
62218,4
62219,4
62220,4
62221,4
62222,1
62223,1
62224,4
62225,1
62226,4
62227,1
62228,4
62229,4
62230,4
62231,4
62232,4
62233,1
62234,1
62235,1
62236,1
62237,4
62238,1
62239,4
62240,1
62241,1
62242,1
62243,4
62244,1
62245,1
62246,1
62247,4
62248,4
62249,1
62250,1
62251,1
62252,4
62253,1
62254,1
62255,4
62256,4
62257,4
62258,4
62259,4
62260,4
62261,4
62262,1
62263,4
62264,4
62265,4
62266,1
62267,1
62268,1
62269,4
62270,1
62271,4
62272,1
62273,1
62274,4
62275,4
62276,4
62277,1
62278,4
62279,1
62280,1
62281,1
62282,4
62283,4
62284,1
62285,1
62286,4
62287,4
62288,4
62289,4
62290,4
62291,1
62292,4
62293,1
62294,1
62295,4
62296,1
62297,4
62298,4
62299,1
62300,1
62301,1
62302,1
62303,1
62304,1
62305,1
62306,4
62307,4
62308,1
62309,4
62310,1
62311,1
62312,1
62313,1
62314,1
62315,1
62316,1
62317,1
62318,1
62319,1
62320,1
62321,1
62322,1
62323,1
62324,1
62325,1
62326,4
62327,1
62328,1
62329,1
62330,1
62331,4
62332,4
62333,4
62334,4
62335,4
62336,1
62337,1
62338,4
62339,4
62340,4
62341,4
62342,1
62343,1
62344,4
62345,1
62346,1
62347,4
62348,1
62349,4
62350,4
62351,1
62352,4
62353,4
62354,1
62355,1
62356,1
62357,4
62358,1
62359,4
62360,1
62361,1
62362,1
62363,1
62364,1
62365,1
62366,4
62367,4
62368,1
62369,1
62370,1
62371,1
62372,1
62373,4
62374,1
62375,4
62376,1
62377,1
62378,1
62379,3
62380,1
62381,1
62382,1
62383,1
62384,1
62385,1
62386,1
62387,1
62388,1
62389,1
62390,1
62391,1
62392,4
62393,4
62394,1
62395,1
62396,1
62397,1
62398,1
62399,1
62400,1
62401,1
62402,1
62403,1
62404,4
62405,4
62406,1
62407,1
62408,1
62409,1
62410,1
62411,1
62412,4
62413,1
62414,4
62415,1
62416,4
62417,4
62418,1
62419,1
62420,4
62421,1
62422,4
62423,1
62424,4
62425,1
62426,1
62427,4
62428,1
62429,1
62430,4
62431,4
62432,1
62433,4
62434,4
62435,4
62436,4
62437,4
62438,4
62439,1
62440,1
62441,1
62442,4
62443,1
62444,4
62445,3
62446,4
62447,1
62448,1
62449,4
62450,1
62451,4
62452,4
62453,1
62454,1
62455,4
62456,1
62457,4
62458,1
62459,1
62460,4
62461,4
62462,4
62463,1
62464,4
62465,1
62466,4
62467,1
62468,1
62469,1
62470,4
62471,1
62472,1
62473,1
62474,1
62475,1
62476,1
62477,1
62478,1
62479,1
62480,1
62481,1
62482,1
62483,4
62484,1
62485,1
62486,4
62487,4
62488,1
62489,1
62490,1
62491,4
62492,1
62493,4
62494,4
62495,4
62496,4
62497,1
62498,4
62499,1
62500,4
62501,4
62502,4
62503,1
62504,1
62505,4
62506,4
62507,4
62508,1
62509,1
62510,1
62511,4
62512,4
62513,4
62514,4
62515,4
62516,4
62517,4
62518,1
62519,4
62520,4
62521,1
62522,1
62523,1
62524,4
62525,4
62526,1
62527,1
62528,1
62529,1
62530,4
62531,1
62532,4
62533,4
62534,4
62535,1
62536,4
62537,1
62538,1
62539,1
62540,1
62541,4
62542,4
62543,4
62544,1
62545,4
62546,4
62547,1
62548,1
62549,4
62550,4
62551,1
62552,1
62553,1
62554,1
62555,1
62556,4
62557,1
62558,1
62559,4
62560,4
62561,1
62562,1
62563,1
62564,1
62565,1
62566,1
62567,1
62568,1
62569,4
62570,1
62571,1
62572,1
62573,1
62574,4
62575,4
62576,4
62577,1
62578,1
62579,1
62580,4
62581,1
62582,1
62583,1
62584,1
62585,1
62586,1
62587,4
62588,4
62589,4
62590,4
62591,1
62592,4
62593,1
62594,4
62595,4
62596,1
62597,1
62598,1
62599,4
62600,1
62601,4
62602,4
62603,4
62604,4
62605,1
62606,1
62607,1
62608,1
62609,1
62610,1
62611,1
62612,1
62613,3
62614,4
62615,4
62616,4
62617,4
62618,1
62619,1
62620,4
62621,4
62622,1
62623,1
62624,1
62625,1
62626,4
62627,1
62628,1
62629,1
62630,1
62631,4
62632,1
62633,4
62634,1
62635,4
62636,1
62637,1
62638,4
62639,1
62640,4
62641,1
62642,4
62643,1
62644,1
62645,1
62646,4
62647,1
62648,4
62649,1
62650,1
62651,1
62652,1
62653,1
62654,1
62655,1
62656,1
62657,1
62658,4
62659,1
62660,1
62661,1
62662,1
62663,1
62664,1
62665,1
62666,4
62667,4
62668,4
62669,4
62670,4
62671,1
62672,4
62673,4
62674,4
62675,4
62676,4
62677,1
62678,1
62679,1
62680,4
62681,4
62682,4
62683,1
62684,1
62685,4
62686,1
62687,1
62688,4
62689,1
62690,1
62691,4
62692,4
62693,4
62694,1
62695,1
62696,1
62697,1
62698,4
62699,1
62700,4
62701,4
62702,1
62703,4
62704,1
62705,1
62706,1
62707,4
62708,4
62709,1
62710,4
62711,4
62712,4
62713,1
62714,4
62715,1
62716,1
62717,4
62718,4
62719,1
62720,1
62721,1
62722,1
62723,4
62724,4
62725,1
62726,1
62727,1
62728,1
62729,1
62730,1
62731,4
62732,1
62733,1
62734,1
62735,1
62736,1
62737,4
62738,4
62739,1
62740,4
62741,1
62742,1
62743,1
62744,1
62745,1
62746,4
62747,1
62748,3
62749,4
62750,1
62751,1
62752,1
62753,1
62754,1
62755,1
62756,1
62757,1
62758,4
62759,1
62760,1
62761,1
62762,1
62763,1
62764,1
62765,4
62766,1
62767,1
62768,1
62769,1
62770,1
62771,4
62772,4
62773,1
62774,1
62775,4
62776,4
62777,1
62778,4
62779,1
62780,4
62781,4
62782,4
62783,1
62784,4
62785,4
62786,4
62787,1
62788,4
62789,1
62790,1
62791,4
62792,4
62793,1
62794,4
62795,1
62796,1
62797,4
62798,1
62799,1
62800,1
62801,4
62802,4
62803,4
62804,1
62805,4
62806,4
62807,4
62808,4
62809,1
62810,1
62811,1
62812,4
62813,1
62814,4
62815,4
62816,4
62817,4
62818,1
62819,1
62820,4
62821,1
62822,4
62823,1
62824,1
62825,1
62826,4
62827,1
62828,1
62829,1
62830,4
62831,1
62832,4
62833,4
62834,1
62835,1
62836,4
62837,1
62838,1
62839,4
62840,1
62841,1
62842,1
62843,1
62844,1
62845,1
62846,1
62847,4
62848,1
62849,1
62850,1
62851,4
62852,4
62853,4
62854,4
62855,1
62856,4
62857,4
62858,1
62859,1
62860,4
62861,1
62862,4
62863,4
62864,1
62865,1
62866,4
62867,1
62868,4
62869,1
62870,4
62871,1
62872,4
62873,1
62874,4
62875,4
62876,1
62877,1
62878,4
62879,1
62880,4
62881,4
62882,4
62883,4
62884,1
62885,4
62886,3
62887,4
62888,1
62889,4
62890,1
62891,4
62892,4
62893,4
62894,1
62895,1
62896,4
62897,4
62898,1
62899,4
62900,4
62901,4
62902,4
62903,1
62904,1
62905,4
62906,1
62907,4
62908,1
62909,4
62910,1
62911,1
62912,1
62913,1
62914,1
62915,1
62916,1
62917,1
62918,1
62919,1
62920,4
62921,3
62922,1
62923,1
62924,1
62925,1
62926,1
62927,4
62928,1
62929,1
62930,1
62931,1
62932,1
62933,3
62934,4
62935,1
62936,1
62937,4
62938,4
62939,1
62940,1
62941,1
62942,1
62943,1
62944,1
62945,4
62946,4
62947,4
62948,1
62949,4
62950,4
62951,4
62952,1
62953,1
62954,4
62955,1
62956,4
62957,4
62958,4
62959,4
62960,4
62961,1
62962,1
62963,4
62964,1
62965,1
62966,4
62967,4
62968,4
62969,1
62970,1
62971,4
62972,4
62973,1
62974,4
62975,1
62976,1
62977,4
62978,1
62979,4
62980,3
62981,4
62982,4
62983,1
62984,1
62985,1
62986,1
62987,4
62988,4
62989,1
62990,1
62991,1
62992,1
62993,4
62994,1
62995,4
62996,1
62997,1
62998,1
62999,3
63000,1
63001,1
63002,1
63003,1
63004,1
63005,4
63006,1
63007,4
63008,1
63009,1
63010,1
63011,1
63012,1
63013,4
63014,4
63015,1
63016,1
63017,1
63018,1
63019,1
63020,1
63021,1
63022,1
63023,1
63024,1
63025,4
63026,1
63027,4
63028,4
63029,4
63030,4
63031,1
63032,4
63033,4
63034,4
63035,4
63036,4
63037,4
63038,4
63039,1
63040,4
63041,4
63042,4
63043,4
63044,1
63045,1
63046,4
63047,4
63048,4
63049,1
63050,4
63051,1
63052,1
63053,4
63054,1
63055,1
63056,1
63057,4
63058,4
63059,4
63060,4
63061,4
63062,4
63063,4
63064,4
63065,1
63066,4
63067,4
63068,1
63069,1
63070,4
63071,1
63072,1
63073,1
63074,1
63075,4
63076,1
63077,4
63078,1
63079,4
63080,1
63081,1
63082,4
63083,1
63084,1
63085,1
63086,1
63087,1
63088,1
63089,4
63090,1
63091,1
63092,1
63093,4
63094,1
63095,1
63096,1
63097,4
63098,1
63099,1
63100,1
63101,1
63102,1
63103,4
63104,1
63105,1
63106,1
63107,1
63108,1
63109,4
63110,1
63111,4
63112,1
63113,4
63114,4
63115,4
63116,1
63117,1
63118,1
63119,4
63120,1
63121,1
63122,4
63123,1
63124,4
63125,4
63126,1
63127,4
63128,4
63129,4
63130,1
63131,1
63132,4
63133,1
63134,1
63135,1
63136,3
63137,1
63138,3
63139,4
63140,1
63141,1
63142,4
63143,1
63144,4
63145,4
63146,4
63147,1
63148,4
63149,4
63150,4
63151,4
63152,1
63153,1
63154,1
63155,1
63156,1
63157,4
63158,1
63159,1
63160,4
63161,1
63162,4
63163,1
63164,4
63165,1
63166,4
63167,4
63168,1
63169,1
63170,1
63171,1
63172,4
63173,1
63174,1
63175,1
63176,1
63177,1
63178,1
63179,1
63180,1
63181,1
63182,1
63183,1
63184,1
63185,1
63186,4
63187,1
63188,1
63189,1
63190,1
63191,1
63192,1
63193,1
63194,1
63195,4
63196,4
63197,1
63198,1
63199,1
63200,4
63201,4
63202,1
63203,1
63204,1
63205,1
63206,1
63207,1
63208,4
63209,3
63210,1
63211,1
63212,4
63213,4
63214,4
63215,4
63216,1
63217,4
63218,4
63219,1
63220,4
63221,4
63222,4
63223,1
63224,4
63225,4
63226,4
63227,4
63228,1
63229,4
63230,4
63231,1
63232,1
63233,1
63234,4
63235,4
63236,1
63237,4
63238,1
63239,1
63240,4
63241,4
63242,1
63243,4
63244,4
63245,1
63246,4
63247,4
63248,4
63249,1
63250,1
63251,1
63252,4
63253,1
63254,1
63255,4
63256,1
63257,1
63258,1
63259,4
63260,4
63261,4
63262,1
63263,1
63264,1
63265,4
63266,1
63267,4
63268,1
63269,1
63270,1
63271,1
63272,1
63273,4
63274,1
63275,1
63276,1
63277,1
63278,1
63279,4
63280,1
63281,1
63282,1
63283,4
63284,4
63285,1
63286,1
63287,4
63288,4
63289,1
63290,3
63291,1
63292,1
63293,1
63294,1
63295,4
63296,1
63297,4
63298,4
63299,1
63300,1
63301,4
63302,4
63303,1
63304,4
63305,1
63306,4
63307,1
63308,1
63309,1
63310,4
63311,1
63312,4
63313,1
63314,4
63315,1
63316,4
63317,4
63318,4
63319,1
63320,1
63321,4
63322,1
63323,4
63324,4
63325,1
63326,3
63327,4
63328,1
63329,1
63330,4
63331,1
63332,4
63333,1
63334,1
63335,1
63336,1
63337,4
63338,4
63339,4
63340,4
63341,1
63342,1
63343,1
63344,4
63345,1
63346,4
63347,1
63348,1
63349,1
63350,1
63351,1
63352,1
63353,1
63354,1
63355,1
63356,4
63357,4
63358,4
63359,4
63360,1
63361,4
63362,1
63363,4
63364,1
63365,4
63366,1
63367,1
63368,1
63369,4
63370,4
63371,4
63372,4
63373,1
63374,1
63375,4
63376,4
63377,1
63378,4
63379,1
63380,1
63381,4
63382,4
63383,1
63384,1
63385,4
63386,1
63387,4
63388,4
63389,1
63390,4
63391,4
63392,1
63393,4
63394,4
63395,1
63396,1
63397,4
63398,4
63399,4
63400,4
63401,1
63402,1
63403,1
63404,1
63405,4
63406,4
63407,4
63408,4
63409,1
63410,1
63411,4
63412,1
63413,4
63414,1
63415,1
63416,1
63417,1
63418,1
63419,1
63420,1
63421,1
63422,1
63423,1
63424,1
63425,1
63426,1
63427,1
63428,1
63429,1
63430,1
63431,4
63432,1
63433,1
63434,1
63435,1
63436,4
63437,1
63438,4
63439,4
63440,1
63441,4
63442,4
63443,4
63444,4
63445,1
63446,4
63447,4
63448,4
63449,4
63450,1
63451,3
63452,4
63453,4
63454,4
63455,4
63456,1
63457,4
63458,1
63459,4
63460,1
63461,1
63462,1
63463,1
63464,1
63465,4
63466,1
63467,1
63468,4
63469,4
63470,3
63471,4
63472,1
63473,4
63474,1
63475,1
63476,4
63477,4
63478,1
63479,4
63480,4
63481,4
63482,1
63483,1
63484,1
63485,1
63486,4
63487,1
63488,1
63489,1
63490,1
63491,1
63492,4
63493,4
63494,1
63495,1
63496,1
63497,4
63498,3
63499,1
63500,1
63501,1
63502,1
63503,1
63504,1
63505,1
63506,1
63507,1
63508,1
63509,1
63510,1
63511,1
63512,4
63513,1
63514,1
63515,4
63516,1
63517,1
63518,1
63519,1
63520,4
63521,1
63522,1
63523,1
63524,1
63525,4
63526,4
63527,1
63528,1
63529,1
63530,1
63531,1
63532,1
63533,1
63534,1
63535,4
63536,4
63537,4
63538,4
63539,4
63540,1
63541,4
63542,1
63543,4
63544,4
63545,4
63546,1
63547,1
63548,1
63549,1
63550,1
63551,4
63552,4
63553,4
63554,4
63555,4
63556,1
63557,3
63558,4
63559,4
63560,4
63561,4
63562,1
63563,1
63564,1
63565,1
63566,1
63567,1
63568,4
63569,4
63570,4
63571,1
63572,1
63573,4
63574,1
63575,1
63576,3
63577,4
63578,4
63579,1
63580,4
63581,1
63582,4
63583,1
63584,1
63585,1
63586,1
63587,1
63588,1
63589,1
63590,1
63591,1
63592,4
63593,1
63594,1
63595,1
63596,1
63597,1
63598,4
63599,4
63600,1
63601,4
63602,1
63603,1
63604,1
63605,4
63606,1
63607,1
63608,4
63609,1
63610,1
63611,1
63612,1
63613,4
63614,1
63615,4
63616,4
63617,1
63618,4
63619,4
63620,4
63621,4
63622,1
63623,4
63624,4
63625,4
63626,1
63627,4
63628,1
63629,4
63630,4
63631,1
63632,1
63633,1
63634,1
63635,4
63636,1
63637,4
63638,1
63639,1
63640,4
63641,1
63642,4
63643,4
63644,1
63645,1
63646,1
63647,1
63648,1
63649,4
63650,1
63651,4
63652,4
63653,1
63654,4
63655,1
63656,1
63657,4
63658,4
63659,4
63660,4
63661,1
63662,1
63663,4
63664,4
63665,1
63666,1
63667,4
63668,4
63669,4
63670,1
63671,1
63672,4
63673,4
63674,4
63675,4
63676,4
63677,4
63678,4
63679,1
63680,1
63681,1
63682,1
63683,1
63684,1
63685,1
63686,1
63687,4
63688,1
63689,1
63690,4
63691,1
63692,1
63693,1
63694,1
63695,1
63696,1
63697,1
63698,1
63699,1
63700,1
63701,1
63702,1
63703,1
63704,4
63705,1
63706,4
63707,4
63708,1
63709,1
63710,1
63711,1
63712,4
63713,4
63714,4
63715,4
63716,1
63717,4
63718,4
63719,1
63720,4
63721,4
63722,1
63723,4
63724,4
63725,4
63726,1
63727,1
63728,4
63729,4
63730,1
63731,1
63732,1
63733,1
63734,1
63735,4
63736,4
63737,4
63738,1
63739,4
63740,1
63741,1
63742,1
63743,4
63744,4
63745,1
63746,4
63747,1
63748,4
63749,4
63750,1
63751,4
63752,1
63753,4
63754,1
63755,1
63756,1
63757,1
63758,1
63759,1
63760,1
63761,1
63762,1
63763,1
63764,1
63765,1
63766,4
63767,1
63768,1
63769,3
63770,1
63771,4
63772,1
63773,1
63774,1
63775,1
63776,1
63777,1
63778,1
63779,1
63780,1
63781,1
63782,1
63783,1
63784,1
63785,1
63786,1
63787,1
63788,4
63789,1
63790,4
63791,4
63792,1
63793,1
63794,1
63795,4
63796,4
63797,4
63798,4
63799,4
63800,1
63801,1
63802,4
63803,4
63804,1
63805,1
63806,4
63807,1
63808,1
63809,1
63810,4
63811,4
63812,4
63813,1
63814,4
63815,4
63816,1
63817,1
63818,4
63819,4
63820,4
63821,4
63822,4
63823,4
63824,1
63825,1
63826,4
63827,4
63828,1
63829,4
63830,4
63831,1
63832,3
63833,4
63834,1
63835,1
63836,1
63837,4
63838,1
63839,4
63840,1
63841,1
63842,1
63843,4
63844,4
63845,4
63846,4
63847,1
63848,1
63849,1
63850,1
63851,4
63852,4
63853,1
63854,1
63855,3
63856,1
63857,1
63858,4
63859,1
63860,1
63861,1
63862,1
63863,1
63864,1
63865,1
63866,1
63867,1
63868,1
63869,1
63870,1
63871,4
63872,4
63873,4
63874,4
63875,4
63876,4
63877,1
63878,1
63879,1
63880,4
63881,1
63882,4
63883,4
63884,4
63885,1
63886,1
63887,1
63888,4
63889,4
63890,1
63891,1
63892,1
63893,4
63894,1
63895,1
63896,4
63897,4
63898,4
63899,1
63900,4
63901,4
63902,4
63903,4
63904,1
63905,4
63906,4
63907,1
63908,1
63909,4
63910,1
63911,4
63912,1
63913,4
63914,4
63915,4
63916,1
63917,4
63918,4
63919,4
63920,1
63921,1
63922,1
63923,4
63924,4
63925,4
63926,1
63927,4
63928,1
63929,1
63930,1
63931,4
63932,1
63933,1
63934,1
63935,4
63936,1
63937,1
63938,1
63939,1
63940,4
63941,1
63942,4
63943,4
63944,1
63945,1
63946,1
63947,3
63948,1
63949,1
63950,1
63951,1
63952,1
63953,1
63954,1
63955,1
63956,1
63957,4
63958,1
63959,1
63960,4
63961,4
63962,1
63963,1
63964,1
63965,4
63966,4
63967,4
63968,4
63969,4
63970,4
63971,1
63972,1
63973,1
63974,4
63975,4
63976,4
63977,1
63978,4
63979,4
63980,4
63981,4
63982,1
63983,1
63984,4
63985,1
63986,1
63987,4
63988,4
63989,1
63990,1
63991,4
63992,1
63993,1
63994,4
63995,4
63996,1
63997,1
63998,4
63999,4
64000,1
64001,1
64002,1
64003,1
64004,4
64005,1
64006,1
64007,4
64008,1
64009,1
64010,1
64011,4
64012,1
64013,4
64014,1
64015,1
64016,1
64017,4
64018,1
64019,1
64020,4
64021,4
64022,4
64023,4
64024,1
64025,1
64026,1
64027,1
64028,1
64029,1
64030,1
64031,1
64032,1
64033,1
64034,1
64035,1
64036,1
64037,1
64038,1
64039,1
64040,4
64041,1
64042,4
64043,1
64044,1
64045,1
64046,4
64047,1
64048,1
64049,4
64050,1
64051,1
64052,3
64053,4
64054,4
64055,4
64056,4
64057,4
64058,1
64059,1
64060,4
64061,4
64062,1
64063,1
64064,4
64065,1
64066,3
64067,1
64068,3
64069,4
64070,1
64071,4
64072,4
64073,4
64074,1
64075,4
64076,1
64077,4
64078,4
64079,1
64080,1
64081,1
64082,1
64083,4
64084,1
64085,1
64086,1
64087,1
64088,1
64089,1
64090,1
64091,4
64092,1
64093,1
64094,1
64095,1
64096,4
64097,4
64098,1
64099,4
64100,4
64101,1
64102,4
64103,1
64104,4
64105,4
64106,4
64107,1
64108,1
64109,1
64110,4
64111,1
64112,1
64113,1
64114,1
64115,4
64116,1
64117,1
64118,4
64119,1
64120,1
64121,1
64122,1
64123,1
64124,1
64125,1
64126,1
64127,1
64128,4
64129,4
64130,4
64131,4
64132,1
64133,4
64134,4
64135,1
64136,4
64137,1
64138,1
64139,4
64140,1
64141,1
64142,4
64143,1
64144,4
64145,1
64146,1
64147,4
64148,1
64149,4
64150,4
64151,4
64152,4
64153,1
64154,1
64155,1
64156,1
64157,4
64158,1
64159,1
64160,4
64161,4
64162,4
64163,1
64164,1
64165,4
64166,4
64167,1
64168,1
64169,3
64170,4
64171,4
64172,4
64173,1
64174,1
64175,4
64176,1
64177,4
64178,1
64179,1
64180,4
64181,1
64182,4
64183,4
64184,4
64185,1
64186,4
64187,1
64188,1
64189,1
64190,4
64191,4
64192,1
64193,1
64194,1
64195,4
64196,1
64197,1
64198,1
64199,1
64200,1
64201,1
64202,1
64203,1
64204,4
64205,1
64206,1
64207,1
64208,1
64209,4
64210,1
64211,1
64212,4
64213,1
64214,1
64215,4
64216,4
64217,4
64218,4
64219,4
64220,1
64221,4
64222,4
64223,1
64224,4
64225,1
64226,4
64227,4
64228,1
64229,1
64230,4
64231,4
64232,4
64233,1
64234,4
64235,4
64236,4
64237,4
64238,1
64239,1
64240,4
64241,4
64242,1
64243,4
64244,4
64245,4
64246,4
64247,1
64248,4
64249,4
64250,1
64251,4
64252,4
64253,4
64254,1
64255,1
64256,4
64257,4
64258,4
64259,4
64260,1
64261,4
64262,1
64263,4
64264,1
64265,1
64266,4
64267,1
64268,1
64269,4
64270,1
64271,1
64272,1
64273,1
64274,1
64275,4
64276,1
64277,1
64278,1
64279,4
64280,1
64281,1
64282,1
64283,1
64284,1
64285,1
64286,1
64287,1
64288,1
64289,1
64290,4
64291,1
64292,1
64293,1
64294,1
64295,1
64296,1
64297,1
64298,1
64299,4
64300,4
64301,1
64302,4
64303,4
64304,1
64305,4
64306,4
64307,4
64308,4
64309,1
64310,4
64311,4
64312,4
64313,4
64314,4
64315,1
64316,4
64317,4
64318,4
64319,4
64320,4
64321,1
64322,4
64323,4
64324,1
64325,1
64326,4
64327,4
64328,4
64329,4
64330,1
64331,1
64332,1
64333,1
64334,1
64335,4
64336,1
64337,1
64338,4
64339,1
64340,1
64341,4
64342,1
64343,1
64344,4
64345,4
64346,1
64347,4
64348,4
64349,4
64350,1
64351,1
64352,4
64353,1
64354,4
64355,1
64356,1
64357,1
64358,1
64359,1
64360,1
64361,1
64362,1
64363,1
64364,1
64365,1
64366,1
64367,1
64368,4
64369,1
64370,1
64371,1
64372,1
64373,4
64374,1
64375,1
64376,1
64377,1
64378,1
64379,1
64380,1
64381,1
64382,1
64383,1
64384,1
64385,1
64386,1
64387,3
64388,1
64389,1
64390,1
64391,4
64392,1
64393,4
64394,4
64395,4
64396,1
64397,1
64398,1
64399,4
64400,4
64401,4
64402,4
64403,4
64404,1
64405,4
64406,4
64407,1
64408,4
64409,4
64410,1
64411,1
64412,4
64413,4
64414,1
64415,1
64416,1
64417,1
64418,4
64419,4
64420,4
64421,4
64422,1
64423,1
64424,4
64425,1
64426,1
64427,1
64428,1
64429,4
64430,1
64431,1
64432,4
64433,1
64434,1
64435,4
64436,1
64437,1
64438,4
64439,1
64440,4
64441,1
64442,4
64443,1
64444,1
64445,1
64446,1
64447,1
64448,1
64449,1
64450,1
64451,1
64452,1
64453,1
64454,1
64455,1
64456,1
64457,1
64458,1
64459,1
64460,4
64461,1
64462,1
64463,1
64464,1
64465,1
64466,4
64467,4
64468,4
64469,4
64470,4
64471,4
64472,4
64473,1
64474,4
64475,4
64476,1
64477,4
64478,1
64479,4
64480,4
64481,1
64482,4
64483,3
64484,4
64485,4
64486,1
64487,4
64488,1
64489,4
64490,4
64491,4
64492,1
64493,4
64494,4
64495,4
64496,1
64497,4
64498,4
64499,1
64500,4
64501,1
64502,1
64503,1
64504,4
64505,1
64506,4
64507,4
64508,4
64509,1
64510,4
64511,1
64512,4
64513,1
64514,1
64515,4
64516,1
64517,4
64518,4
64519,1
64520,1
64521,4
64522,4
64523,4
64524,1
64525,1
64526,4
64527,1
64528,4
64529,1
64530,4
64531,1
64532,4
64533,1
64534,1
64535,1
64536,1
64537,1
64538,1
64539,4
64540,1
64541,1
64542,1
64543,1
64544,4
64545,1
64546,1
64547,1
64548,1
64549,1
64550,1
64551,1
64552,1
64553,1
64554,1
64555,1
64556,1
64557,1
64558,1
64559,4
64560,4
64561,4
64562,4
64563,4
64564,4
64565,4
64566,4
64567,4
64568,1
64569,4
64570,4
64571,4
64572,4
64573,4
64574,4
64575,4
64576,1
64577,1
64578,1
64579,1
64580,1
64581,1
64582,1
64583,4
64584,1
64585,4
64586,1
64587,4
64588,1
64589,4
64590,1
64591,4
64592,1
64593,1
64594,1
64595,1
64596,4
64597,1
64598,4
64599,1
64600,4
64601,1
64602,1
64603,4
64604,4
64605,1
64606,1
64607,1
64608,4
64609,1
64610,1
64611,4
64612,4
64613,1
64614,1
64615,1
64616,1
64617,1
64618,1
64619,1
64620,1
64621,1
64622,1
64623,1
64624,1
64625,1
64626,1
64627,1
64628,1
64629,1
64630,1
64631,1
64632,1
64633,1
64634,1
64635,1
64636,4
64637,1
64638,1
64639,3
64640,4
64641,1
64642,4
64643,4
64644,1
64645,4
64646,4
64647,1
64648,4
64649,1
64650,4
64651,4
64652,4
64653,4
64654,4
64655,4
64656,1
64657,4
64658,4
64659,1
64660,4
64661,4
64662,4
64663,1
64664,4
64665,1
64666,4
64667,4
64668,4
64669,1
64670,4
64671,1
64672,1
64673,4
64674,1
64675,1
64676,1
64677,3
64678,4
64679,4
64680,1
64681,1
64682,1
64683,1
64684,1
64685,4
64686,1
64687,4
64688,1
64689,4
64690,4
64691,4
64692,4
64693,1
64694,1
64695,1
64696,1
64697,1
64698,1
64699,1
64700,4
64701,1
64702,4
64703,1
64704,1
64705,1
64706,1
64707,1
64708,1
64709,1
64710,4
64711,1
64712,4
64713,1
64714,1
64715,1
64716,1
64717,1
64718,1
64719,1
64720,1
64721,1
64722,1
64723,1
64724,1
64725,1
64726,1
64727,1
64728,1
64729,4
64730,4
64731,1
64732,1
64733,1
64734,1
64735,1
64736,2
64737,1
64738,4
64739,3
64740,4
64741,1
64742,4
64743,4
64744,1
64745,4
64746,1
64747,1
64748,4
64749,4
64750,1
64751,4
64752,4
64753,1
64754,1
64755,4
64756,1
64757,1
64758,4
64759,1
64760,4
64761,4
64762,1
64763,4
64764,1
64765,4
64766,1
64767,4
64768,1
64769,4
64770,4
64771,1
64772,1
64773,4
64774,1
64775,1
64776,4
64777,1
64778,4
64779,1
64780,4
64781,4
64782,4
64783,1
64784,1
64785,4
64786,1
64787,4
64788,1
64789,4
64790,1
64791,1
64792,1
64793,1
64794,1
64795,1
64796,1
64797,1
64798,1
64799,1
64800,1
64801,1
64802,1
64803,1
64804,1
64805,1
64806,1
64807,1
64808,1
64809,1
64810,1
64811,1
64812,1
64813,1
64814,1
64815,1
64816,1
64817,1
64818,4
64819,1
64820,1
64821,4
64822,4
64823,1
64824,4
64825,1
64826,1
64827,1
64828,1
64829,4
64830,1
64831,1
64832,1
64833,1
64834,1
64835,1
64836,4
64837,4
64838,4
64839,1
64840,1
64841,4
64842,4
64843,4
64844,4
64845,4
64846,4
64847,1
64848,1
64849,1
64850,4
64851,4
64852,4
64853,1
64854,1
64855,4
64856,4
64857,4
64858,4
64859,4
64860,4
64861,1
64862,1
64863,4
64864,4
64865,4
64866,4
64867,4
64868,4
64869,1
64870,4
64871,1
64872,4
64873,1
64874,1
64875,1
64876,4
64877,1
64878,1
64879,1
64880,1
64881,1
64882,1
64883,1
64884,1
64885,1
64886,1
64887,1
64888,1
64889,1
64890,1
64891,1
64892,1
64893,1
64894,1
64895,1
64896,4
64897,1
64898,1
64899,1
64900,1
64901,1
64902,1
64903,4
64904,4
64905,1
64906,4
64907,1
64908,4
64909,1
64910,1
64911,1
64912,1
64913,1
64914,1
64915,1
64916,4
64917,4
64918,1
64919,4
64920,1
64921,1
64922,4
64923,1
64924,1
64925,1
64926,1
64927,1
64928,1
64929,4
64930,4
64931,1
64932,1
64933,1
64934,4
64935,1
64936,4
64937,4
64938,4
64939,1
64940,1
64941,1
64942,4
64943,4
64944,4
64945,1
64946,4
64947,3
64948,1
64949,1
64950,1
64951,4
64952,1
64953,4
64954,1
64955,1
64956,1
64957,1
64958,1
64959,1
64960,1
64961,1
64962,1
64963,1
64964,1
64965,1
64966,1
64967,4
64968,1
64969,1
64970,1
64971,1
64972,1
64973,1
64974,1
64975,1
64976,1
64977,1
64978,1
64979,1
64980,1
64981,1
64982,1
64983,1
64984,1
64985,1
64986,1
64987,4
64988,1
64989,1
64990,1
64991,1
64992,1
64993,1
64994,4
64995,4
64996,1
64997,1
64998,1
64999,4
65000,4
65001,1
65002,1
65003,1
65004,4
65005,1
65006,4
65007,1
65008,4
65009,1
65010,1
65011,1
65012,4
65013,1
65014,4
65015,4
65016,4
65017,4
65018,4
65019,4
65020,4
65021,1
65022,1
65023,1
65024,4
65025,1
65026,1
65027,4
65028,1
65029,1
65030,1
65031,4
65032,4
65033,4
65034,1
65035,1
65036,4
65037,1
65038,1
65039,1
65040,1
65041,1
65042,1
65043,4
65044,1
65045,1
65046,1
65047,1
65048,4
65049,1
65050,1
65051,1
65052,1
65053,1
65054,1
65055,1
65056,1
65057,1
65058,1
65059,1
65060,4
65061,1
65062,1
65063,1
65064,1
65065,1
65066,1
65067,4
65068,1
65069,4
65070,4
65071,1
65072,4
65073,4
65074,1
65075,4
65076,1
65077,4
65078,1
65079,4
65080,1
65081,4
65082,1
65083,1
65084,4
65085,4
65086,4
65087,4
65088,4
65089,1
65090,1
65091,4
65092,1
65093,4
65094,1
65095,4
65096,1
65097,1
65098,1
65099,4
65100,1
65101,4
65102,1
65103,4
65104,1
65105,4
65106,4
65107,1
65108,4
65109,1
65110,1
65111,1
65112,1
65113,1
65114,4
65115,4
65116,1
65117,1
65118,4
65119,4
65120,1
65121,4
65122,4
65123,4
65124,1
65125,4
65126,1
65127,4
65128,1
65129,1
65130,1
65131,1
65132,1
65133,1
65134,1
65135,1
65136,1
65137,1
65138,1
65139,1
65140,1
65141,1
65142,1
65143,1
65144,1
65145,1
65146,1
65147,1
65148,1
65149,1
65150,1
65151,4
65152,4
65153,4
65154,1
65155,1
65156,4
65157,4
65158,4
65159,1
65160,4
65161,1
65162,4
65163,4
65164,4
65165,4
65166,1
65167,1
65168,4
65169,1
65170,1
65171,4
65172,1
65173,4
65174,4
65175,1
65176,3
65177,4
65178,4
65179,1
65180,4
65181,4
65182,4
65183,1
65184,1
65185,1
65186,4
65187,1
65188,1
65189,4
65190,4
65191,1
65192,4
65193,1
65194,4
65195,4
65196,1
65197,1
65198,1
65199,1
65200,4
65201,4
65202,4
65203,1
65204,1
65205,1
65206,1
65207,1
65208,1
65209,1
65210,1
65211,1
65212,1
65213,1
65214,1
65215,1
65216,1
65217,1
65218,1
65219,1
65220,1
65221,1
65222,1
65223,1
65224,1
65225,4
65226,4
65227,4
65228,4
65229,4
65230,1
65231,4
65232,4
65233,4
65234,4
65235,1
65236,4
65237,4
65238,4
65239,4
65240,4
65241,4
65242,3
65243,1
65244,1
65245,4
65246,1
65247,4
65248,4
65249,4
65250,4
65251,1
65252,4
65253,4
65254,1
65255,4
65256,4
65257,1
65258,1
65259,1
65260,4
65261,4
65262,4
65263,1
65264,4
65265,1
65266,1
65267,1
65268,4
65269,1
65270,1
65271,1
65272,1
65273,1
65274,1
65275,1
65276,1
65277,4
65278,1
65279,1
65280,1
65281,1
65282,1
65283,1
65284,1
65285,1
65286,1
65287,1
65288,1
65289,1
65290,1
65291,1
65292,1
65293,1
65294,1
65295,1
65296,1
65297,4
65298,4
65299,4
65300,4
65301,4
65302,1
65303,4
65304,4
65305,4
65306,1
65307,4
65308,4
65309,1
65310,4
65311,1
65312,4
65313,1
65314,4
65315,4
65316,4
65317,4
65318,1
65319,1
65320,1
65321,1
65322,1
65323,1
65324,1
65325,4
65326,1
65327,1
65328,4
65329,1
65330,4
65331,4
65332,1
65333,4
65334,1
65335,1
65336,1
65337,4
65338,4
65339,1
65340,1
65341,4
65342,1
65343,4
65344,1
65345,4
65346,1
65347,1
65348,4
65349,1
65350,1
65351,4
65352,4
65353,1
65354,1
65355,1
65356,1
65357,1
65358,1
65359,1
65360,4
65361,1
65362,1
65363,1
65364,1
65365,1
65366,1
65367,1
65368,1
65369,1
65370,1
65371,1
65372,1
65373,1
65374,1
65375,1
65376,1
65377,1
65378,1
65379,1
65380,1
65381,1
65382,1
65383,1
65384,4
65385,4
65386,4
65387,4
65388,4
65389,4
65390,1
65391,4
65392,4
65393,1
65394,4
65395,4
65396,1
65397,1
65398,1
65399,1
65400,1
65401,4
65402,1
65403,1
65404,4
65405,1
65406,1
65407,1
65408,1
65409,1
65410,1
65411,1
65412,1
65413,4
65414,1
65415,1
65416,4
65417,1
65418,1
65419,1
65420,1
65421,1
65422,1
65423,4
65424,4
65425,1
65426,1
65427,1
65428,4
65429,1
65430,4
65431,4
65432,1
65433,4
65434,4
65435,4
65436,4
65437,1
65438,1
65439,1
65440,1
65441,4
65442,4
65443,1
65444,4
65445,1
65446,1
65447,1
65448,1
65449,1
65450,1
65451,1
65452,1
65453,1
65454,1
65455,1
65456,1
65457,1
65458,1
65459,1
65460,1
65461,1
65462,1
65463,1
65464,1
65465,4
65466,4
65467,4
65468,1
65469,1
65470,4
65471,4
65472,4
65473,4
65474,1
65475,1
65476,4
65477,4
65478,4
65479,4
65480,4
65481,1
65482,4
65483,1
65484,4
65485,1
65486,1
65487,1
65488,4
65489,1
65490,4
65491,1
65492,4
65493,1
65494,1
65495,1
65496,1
65497,4
65498,4
65499,1
65500,1
65501,1
65502,1
65503,1
65504,1
65505,4
65506,4
65507,4
65508,1
65509,3
65510,1
65511,1
65512,1
65513,4
65514,1
65515,1
65516,4
65517,1
65518,1
65519,1
65520,1
65521,1
65522,1
65523,1
65524,1
65525,1
65526,1
65527,1
65528,4
65529,1
65530,1
65531,1
65532,1
65533,1
65534,1
65535,1
65536,1
65537,1
65538,1
65539,1
65540,1
65541,1
65542,1
65543,1
65544,1
65545,4
65546,4
65547,1
65548,1
65549,1
65550,1
65551,1
65552,4
65553,1
65554,1
65555,4
65556,1
65557,4
65558,1
65559,1
65560,1
65561,1
65562,1
65563,1
65564,1
65565,4
65566,1
65567,1
65568,3
65569,4
65570,4
65571,1
65572,1
65573,4
65574,1
65575,1
65576,1
65577,1
65578,1
65579,1
65580,1
65581,4
65582,1
65583,4
65584,4
65585,1
65586,1
65587,4
65588,4
65589,4
65590,4
65591,1
65592,1
65593,1
65594,1
65595,1
65596,1
65597,1
65598,1
65599,1
65600,1
65601,1
65602,1
65603,1
65604,1
65605,1
65606,1
65607,1
65608,1
65609,4
65610,1
65611,1
65612,1
65613,4
65614,4
65615,1
65616,4
65617,4
65618,4
65619,1
65620,1
65621,4
65622,4
65623,1
65624,1
65625,1
65626,4
65627,4
65628,1
65629,1
65630,4
65631,4
65632,1
65633,1
65634,4
65635,1
65636,4
65637,4
65638,4
65639,4
65640,1
65641,4
65642,4
65643,4
65644,4
65645,1
65646,4
65647,1
65648,4
65649,1
65650,1
65651,4
65652,4
65653,4
65654,4
65655,1
65656,1
65657,4
65658,1
65659,1
65660,1
65661,1
65662,4
65663,4
65664,1
65665,1
65666,1
65667,4
65668,1
65669,1
65670,1
65671,1
65672,1
65673,1
65674,1
65675,1
65676,1
65677,1
65678,1
65679,1
65680,1
65681,1
65682,1
65683,1
65684,1
65685,1
65686,1
65687,1
65688,1
65689,1
65690,1
65691,1
65692,1
65693,1
65694,1
65695,1
65696,1
65697,1
65698,1
65699,1
65700,1
65701,1
65702,4
65703,4
65704,4
65705,1
65706,1
65707,1
65708,1
65709,1
65710,1
65711,1
65712,1
65713,4
65714,4
65715,4
65716,1
65717,4
65718,1
65719,1
65720,4
65721,1
65722,4
65723,4
65724,1
65725,1
65726,4
65727,1
65728,4
65729,1
65730,1
65731,4
65732,1
65733,3
65734,4
65735,4
65736,4
65737,1
65738,4
65739,4
65740,4
65741,1
65742,1
65743,1
65744,1
65745,1
65746,4
65747,1
65748,1
65749,1
65750,4
65751,1
65752,4
65753,4
65754,4
65755,1
65756,1
65757,1
65758,1
65759,1
65760,1
65761,4
65762,1
65763,4
65764,1
65765,1
65766,1
65767,1
65768,1
65769,1
65770,1
65771,1
65772,1
65773,1
65774,1
65775,1
65776,1
65777,1
65778,1
65779,1
65780,1
65781,1
65782,1
65783,1
65784,1
65785,1
65786,1
65787,1
65788,1
65789,1
65790,4
65791,4
65792,4
65793,3
65794,1
65795,1
65796,3
65797,1
65798,4
65799,1
65800,4
65801,1
65802,1
65803,1
65804,4
65805,1
65806,1
65807,4
65808,4
65809,4
65810,1
65811,4
65812,1
65813,4
65814,4
65815,1
65816,1
65817,1
65818,4
65819,1
65820,1
65821,4
65822,4
65823,1
65824,1
65825,1
65826,4
65827,1
65828,1
65829,4
65830,1
65831,1
65832,1
65833,4
65834,4
65835,1
65836,4
65837,4
65838,1
65839,4
65840,4
65841,1
65842,1
65843,4
65844,1
65845,4
65846,1
65847,1
65848,4
65849,1
65850,1
65851,4
65852,4
65853,4
65854,4
65855,1
65856,4
65857,4
65858,1
65859,1
65860,1
65861,1
65862,1
65863,4
65864,1
65865,1
65866,1
65867,1
65868,1
65869,1
65870,1
65871,1
65872,1
65873,1
65874,1
65875,4
65876,1
65877,1
65878,1
65879,1
65880,1
65881,4
65882,4
65883,1
65884,1
65885,1
65886,4
65887,1
65888,1
65889,4
65890,4
65891,4
65892,4
65893,1
65894,4
65895,1
65896,1
65897,4
65898,1
65899,1
65900,4
65901,4
65902,4
65903,4
65904,1
65905,1
65906,4
65907,4
65908,4
65909,4
65910,1
65911,1
65912,1
65913,4
65914,4
65915,4
65916,1
65917,1
65918,1
65919,1
65920,3
65921,1
65922,1
65923,4
65924,1
65925,1
65926,1
65927,4
65928,1
65929,4
65930,4
65931,4
65932,4
65933,1
65934,1
65935,4
65936,4
65937,4
65938,1
65939,1
65940,1
65941,1
65942,4
65943,1
65944,1
65945,1
65946,4
65947,1
65948,1
65949,1
65950,1
65951,1
65952,1
65953,1
65954,1
65955,1
65956,1
65957,1
65958,1
65959,1
65960,1
65961,1
65962,1
65963,1
65964,1
65965,1
65966,1
65967,1
65968,1
65969,4
65970,1
65971,4
65972,4
65973,4
65974,1
65975,4
65976,4
65977,4
65978,4
65979,4
65980,4
65981,1
65982,1
65983,1
65984,4
65985,4
65986,1
65987,1
65988,1
65989,1
65990,1
65991,4
65992,1
65993,4
65994,1
65995,4
65996,1
65997,1
65998,4
65999,4
66000,1
66001,4
66002,1
66003,4
66004,1
66005,4
66006,4
66007,4
66008,4
66009,3
66010,1
66011,1
66012,1
66013,4
66014,4
66015,4
66016,4
66017,1
66018,1
66019,1
66020,4
66021,4
66022,1
66023,1
66024,1
66025,4
66026,1
66027,1
66028,1
66029,1
66030,1
66031,1
66032,1
66033,1
66034,1
66035,4
66036,1
66037,1
66038,1
66039,1
66040,4
66041,1
66042,1
66043,1
66044,1
66045,4
66046,1
66047,1
66048,4
66049,1
66050,4
66051,4
66052,4
66053,1
66054,3
66055,1
66056,4
66057,4
66058,4
66059,4
66060,4
66061,1
66062,4
66063,4
66064,4
66065,1
66066,1
66067,1
66068,1
66069,1
66070,1
66071,1
66072,4
66073,4
66074,1
66075,1
66076,4
66077,4
66078,1
66079,4
66080,4
66081,4
66082,1
66083,1
66084,1
66085,1
66086,4
66087,1
66088,4
66089,1
66090,1
66091,1
66092,1
66093,1
66094,1
66095,1
66096,1
66097,1
66098,1
66099,1
66100,1
66101,1
66102,1
66103,1
66104,1
66105,1
66106,1
66107,1
66108,1
66109,1
66110,1
66111,1
66112,1
66113,1
66114,1
66115,1
66116,1
66117,1
66118,1
66119,4
66120,4
66121,4
66122,4
66123,4
66124,4
66125,4
66126,4
66127,4
66128,4
66129,4
66130,4
66131,1
66132,1
66133,1
66134,1
66135,4
66136,4
66137,4
66138,1
66139,1
66140,4
66141,4
66142,1
66143,1
66144,1
66145,1
66146,4
66147,4
66148,1
66149,1
66150,1
66151,1
66152,1
66153,1
66154,1
66155,1
66156,4
66157,1
66158,1
66159,3
66160,1
66161,4
66162,4
66163,1
66164,1
66165,1
66166,4
66167,1
66168,4
66169,4
66170,1
66171,1
66172,1
66173,1
66174,1
66175,1
66176,1
66177,1
66178,1
66179,4
66180,1
66181,1
66182,1
66183,1
66184,1
66185,4
66186,1
66187,1
66188,1
66189,1
66190,1
66191,4
66192,4
66193,4
66194,4
66195,4
66196,4
66197,4
66198,4
66199,1
66200,1
66201,1
66202,4
66203,1
66204,1
66205,1
66206,4
66207,4
66208,1
66209,1
66210,1
66211,4
66212,1
66213,1
66214,4
66215,1
66216,4
66217,4
66218,4
66219,4
66220,4
66221,1
66222,1
66223,4
66224,1
66225,1
66226,1
66227,4
66228,4
66229,1
66230,1
66231,4
66232,1
66233,1
66234,1
66235,1
66236,1
66237,4
66238,1
66239,1
66240,4
66241,1
66242,1
66243,1
66244,4
66245,1
66246,1
66247,4
66248,1
66249,1
66250,1
66251,1
66252,1
66253,4
66254,1
66255,1
66256,1
66257,1
66258,1
66259,1
66260,1
66261,1
66262,1
66263,1
66264,4
66265,1
66266,1
66267,1
66268,1
66269,1
66270,1
66271,1
66272,1
66273,1
66274,4
66275,4
66276,4
66277,4
66278,1
66279,4
66280,4
66281,4
66282,1
66283,4
66284,4
66285,1
66286,1
66287,1
66288,1
66289,1
66290,4
66291,1
66292,4
66293,3
66294,4
66295,4
66296,4
66297,4
66298,1
66299,1
66300,4
66301,1
66302,4
66303,4
66304,4
66305,4
66306,4
66307,4
66308,4
66309,1
66310,1
66311,1
66312,1
66313,1
66314,1
66315,4
66316,1
66317,4
66318,1
66319,1
66320,1
66321,1
66322,1
66323,4
66324,4
66325,1
66326,1
66327,1
66328,1
66329,4
66330,1
66331,1
66332,1
66333,1
66334,1
66335,1
66336,1
66337,4
66338,1
66339,1
66340,4
66341,1
66342,4
66343,1
66344,1
66345,1
66346,1
66347,1
66348,1
66349,1
66350,1
66351,1
66352,1
66353,1
66354,1
66355,1
66356,1
66357,1
66358,1
66359,1
66360,1
66361,1
66362,4
66363,3
66364,1
66365,1
66366,1
66367,1
66368,4
66369,4
66370,4
66371,1
66372,1
66373,1
66374,1
66375,4
66376,4
66377,1
66378,1
66379,4
66380,4
66381,4
66382,4
66383,4
66384,4
66385,3
66386,1
66387,4
66388,1
66389,4
66390,4
66391,1
66392,1
66393,1
66394,1
66395,3
66396,4
66397,1
66398,1
66399,1
66400,1
66401,4
66402,1
66403,1
66404,1
66405,1
66406,4
66407,1
66408,1
66409,1
66410,1
66411,4
66412,1
66413,1
66414,4
66415,4
66416,1
66417,4
66418,1
66419,4
66420,4
66421,1
66422,4
66423,1
66424,1
66425,1
66426,1
66427,1
66428,1
66429,1
66430,1
66431,4
66432,1
66433,1
66434,1
66435,4
66436,1
66437,4
66438,1
66439,1
66440,1
66441,1
66442,1
66443,1
66444,4
66445,3
66446,4
66447,1
66448,4
66449,1
66450,1
66451,4
66452,1
66453,4
66454,4
66455,1
66456,1
66457,1
66458,4
66459,1
66460,4
66461,1
66462,1
66463,4
66464,4
66465,1
66466,4
66467,1
66468,1
66469,1
66470,1
66471,4
66472,1
66473,4
66474,1
66475,1
66476,1
66477,1
66478,1
66479,4
66480,4
66481,4
66482,4
66483,4
66484,1
66485,4
66486,1
66487,4
66488,1
66489,1
66490,1
66491,1
66492,4
66493,1
66494,1
66495,1
66496,1
66497,3
66498,1
66499,1
66500,1
66501,1
66502,1
66503,1
66504,1
66505,1
66506,1
66507,1
66508,1
66509,4
66510,1
66511,1
66512,1
66513,1
66514,1
66515,1
66516,1
66517,1
66518,1
66519,1
66520,1
66521,4
66522,4
66523,1
66524,1
66525,1
66526,1
66527,1
66528,4
66529,4
66530,4
66531,4
66532,1
66533,1
66534,1
66535,4
66536,4
66537,1
66538,4
66539,4
66540,1
66541,4
66542,4
66543,3
66544,1
66545,1
66546,4
66547,1
66548,1
66549,1
66550,4
66551,1
66552,4
66553,1
66554,4
66555,1
66556,4
66557,4
66558,1
66559,1
66560,4
66561,1
66562,1
66563,1
66564,1
66565,1
66566,1
66567,1
66568,1
66569,1
66570,1
66571,1
66572,1
66573,1
66574,1
66575,1
66576,1
66577,1
66578,1
66579,1
66580,1
66581,1
66582,1
66583,4
66584,4
66585,1
66586,1
66587,4
66588,1
66589,1
66590,4
66591,4
66592,4
66593,4
66594,1
66595,1
66596,4
66597,1
66598,1
66599,1
66600,4
66601,1
66602,1
66603,4
66604,3
66605,1
66606,1
66607,4
66608,4
66609,4
66610,1
66611,1
66612,4
66613,4
66614,1
66615,4
66616,1
66617,4
66618,1
66619,1
66620,4
66621,4
66622,4
66623,1
66624,4
66625,1
66626,1
66627,1
66628,1
66629,1
66630,1
66631,1
66632,1
66633,1
66634,1
66635,4
66636,1
66637,1
66638,1
66639,1
66640,1
66641,1
66642,1
66643,1
66644,1
66645,1
66646,1
66647,1
66648,1
66649,1
66650,1
66651,1
66652,1
66653,1
66654,1
66655,1
66656,1
66657,1
66658,1
66659,1
66660,1
66661,1
66662,1
66663,1
66664,1
66665,4
66666,4
66667,1
66668,4
66669,4
66670,4
66671,4
66672,1
66673,1
66674,1
66675,4
66676,4
66677,1
66678,4
66679,1
66680,1
66681,3
66682,4
66683,1
66684,4
66685,4
66686,4
66687,1
66688,1
66689,4
66690,4
66691,4
66692,1
66693,4
66694,4
66695,4
66696,4
66697,1
66698,3
66699,1
66700,1
66701,4
66702,4
66703,3
66704,1
66705,1
66706,1
66707,4
66708,4
66709,1
66710,1
66711,1
66712,1
66713,1
66714,1
66715,4
66716,1
66717,1
66718,4
66719,4
66720,1
66721,1
66722,1
66723,1
66724,4
66725,1
66726,1
66727,1
66728,1
66729,1
66730,1
66731,1
66732,1
66733,1
66734,1
66735,1
66736,1
66737,1
66738,1
66739,1
66740,1
66741,1
66742,1
66743,1
66744,4
66745,1
66746,1
66747,1
66748,1
66749,4
66750,4
66751,1
66752,1
66753,1
66754,1
66755,4
66756,4
66757,1
66758,4
66759,4
66760,1
66761,4
66762,1
66763,1
66764,1
66765,1
66766,1
66767,1
66768,1
66769,1
66770,1
66771,4
66772,1
66773,1
66774,1
66775,1
66776,1
66777,1
66778,1
66779,4
66780,1
66781,1
66782,4
66783,3
66784,4
66785,4
66786,1
66787,1
66788,1
66789,1
66790,1
66791,1
66792,4
66793,4
66794,4
66795,1
66796,1
66797,1
66798,1
66799,1
66800,1
66801,1
66802,4
66803,1
66804,1
66805,1
66806,1
66807,1
66808,1
66809,1
66810,4
66811,1
66812,1
66813,1
66814,1
66815,1
66816,4
66817,1
66818,3
66819,4
66820,1
66821,4
66822,4
66823,1
66824,1
66825,1
66826,4
66827,4
66828,4
66829,1
66830,4
66831,1
66832,4
66833,1
66834,1
66835,1
66836,1
66837,1
66838,1
66839,1
66840,1
66841,1
66842,1
66843,1
66844,1
66845,1
66846,1
66847,4
66848,1
66849,1
66850,4
66851,1
66852,1
66853,4
66854,1
66855,4
66856,1
66857,1
66858,4
66859,1
66860,4
66861,1
66862,1
66863,1
66864,1
66865,4
66866,1
66867,1
66868,1
66869,1
66870,1
66871,1
66872,1
66873,1
66874,1
66875,1
66876,1
66877,1
66878,1
66879,1
66880,1
66881,1
66882,1
66883,1
66884,1
66885,1
66886,4
66887,4
66888,4
66889,1
66890,4
66891,1
66892,4
66893,4
66894,4
66895,1
66896,4
66897,1
66898,4
66899,4
66900,4
66901,1
66902,4
66903,4
66904,1
66905,1
66906,4
66907,1
66908,4
66909,4
66910,1
66911,4
66912,4
66913,1
66914,4
66915,1
66916,1
66917,1
66918,1
66919,1
66920,1
66921,4
66922,1
66923,1
66924,4
66925,1
66926,4
66927,1
66928,1
66929,1
66930,1
66931,1
66932,1
66933,1
66934,1
66935,1
66936,1
66937,1
66938,1
66939,1
66940,1
66941,1
66942,1
66943,1
66944,4
66945,1
66946,4
66947,4
66948,1
66949,4
66950,1
66951,1
66952,4
66953,4
66954,4
66955,1
66956,3
66957,4
66958,4
66959,4
66960,4
66961,1
66962,4
66963,3
66964,1
66965,1
66966,1
66967,1
66968,4
66969,1
66970,1
66971,1
66972,4
66973,4
66974,4
66975,4
66976,1
66977,4
66978,4
66979,4
66980,1
66981,1
66982,1
66983,4
66984,4
66985,4
66986,4
66987,4
66988,4
66989,1
66990,1
66991,1
66992,1
66993,1
66994,4
66995,4
66996,1
66997,1
66998,1
66999,4
67000,1
67001,1
67002,1
67003,4
67004,1
67005,1
67006,1
67007,1
67008,4
67009,1
67010,1
67011,1
67012,1
67013,1
67014,1
67015,1
67016,1
67017,1
67018,4
67019,1
67020,1
67021,1
67022,1
67023,1
67024,1
67025,1
67026,1
67027,1
67028,1
67029,1
67030,1
67031,1
67032,1
67033,1
67034,1
67035,1
67036,1
67037,1
67038,1
67039,1
67040,1
67041,1
67042,1
67043,4
67044,4
67045,4
67046,4
67047,1
67048,1
67049,4
67050,4
67051,4
67052,4
67053,1
67054,1
67055,1
67056,1
67057,4
67058,4
67059,1
67060,4
67061,1
67062,4
67063,1
67064,1
67065,4
67066,1
67067,4
67068,1
67069,4
67070,4
67071,1
67072,4
67073,1
67074,4
67075,1
67076,1
67077,4
67078,1
67079,1
67080,1
67081,1
67082,1
67083,4
67084,1
67085,4
67086,1
67087,1
67088,1
67089,4
67090,1
67091,1
67092,1
67093,4
67094,1
67095,1
67096,1
67097,1
67098,1
67099,1
67100,1
67101,1
67102,1
67103,1
67104,1
67105,1
67106,1
67107,1
67108,1
67109,1
67110,4
67111,1
67112,1
67113,1
67114,1
67115,1
67116,1
67117,1
67118,1
67119,4
67120,4
67121,4
67122,1
67123,4
67124,1
67125,1
67126,1
67127,1
67128,1
67129,4
67130,4
67131,1
67132,1
67133,1
67134,1
67135,1
67136,4
67137,4
67138,4
67139,4
67140,1
67141,1
67142,1
67143,1
67144,1
67145,1
67146,1
67147,1
67148,1
67149,1
67150,4
67151,1
67152,1
67153,1
67154,4
67155,4
67156,4
67157,1
67158,1
67159,1
67160,4
67161,1
67162,1
67163,4
67164,1
67165,1
67166,1
67167,1
67168,4
67169,1
67170,1
67171,1
67172,1
67173,1
67174,1
67175,1
67176,3
67177,1
67178,1
67179,1
67180,1
67181,1
67182,1
67183,1
67184,1
67185,1
67186,1
67187,1
67188,1
67189,1
67190,1
67191,1
67192,1
67193,1
67194,1
67195,1
67196,1
67197,1
67198,1
67199,1
67200,1
67201,1
67202,1
67203,1
67204,1
67205,4
67206,1
67207,4
67208,1
67209,1
67210,1
67211,4
67212,1
67213,1
67214,4
67215,4
67216,1
67217,4
67218,1
67219,1
67220,1
67221,4
67222,1
67223,4
67224,1
67225,1
67226,1
67227,1
67228,4
67229,1
67230,1
67231,1
67232,4
67233,1
67234,4
67235,1
67236,4
67237,4
67238,4
67239,1
67240,1
67241,4
67242,1
67243,1
67244,1
67245,1
67246,4
67247,1
67248,1
67249,1
67250,1
67251,1
67252,1
67253,1
67254,1
67255,1
67256,4
67257,1
67258,1
67259,1
67260,1
67261,1
67262,1
67263,2
67264,4
67265,1
67266,1
67267,1
67268,4
67269,4
67270,1
67271,4
67272,1
67273,4
67274,4
67275,1
67276,4
67277,1
67278,1
67279,1
67280,3
67281,4
67282,1
67283,1
67284,4
67285,1
67286,4
67287,4
67288,4
67289,1
67290,4
67291,1
67292,1
67293,1
67294,1
67295,1
67296,1
67297,1
67298,1
67299,4
67300,1
67301,4
67302,1
67303,1
67304,4
67305,1
67306,1
67307,1
67308,4
67309,1
67310,1
67311,1
67312,1
67313,1
67314,1
67315,1
67316,1
67317,1
67318,1
67319,1
67320,1
67321,1
67322,1
67323,1
67324,1
67325,1
67326,1
67327,1
67328,1
67329,1
67330,4
67331,1
67332,4
67333,1
67334,4
67335,4
67336,4
67337,1
67338,4
67339,1
67340,1
67341,4
67342,1
67343,1
67344,1
67345,1
67346,1
67347,4
67348,4
67349,1
67350,1
67351,1
67352,1
67353,3
67354,1
67355,1
67356,1
67357,1
67358,1
67359,1
67360,4
67361,1
67362,1
67363,1
67364,1
67365,1
67366,1
67367,4
67368,4
67369,4
67370,1
67371,1
67372,1
67373,1
67374,1
67375,1
67376,1
67377,1
67378,1
67379,1
67380,1
67381,1
67382,1
67383,1
67384,1
67385,1
67386,1
67387,1
67388,1
67389,1
67390,1
67391,1
67392,1
67393,4
67394,1
67395,1
67396,1
67397,1
67398,1
67399,1
67400,1
67401,4
67402,1
67403,4
67404,4
67405,4
67406,4
67407,4
67408,4
67409,1
67410,1
67411,1
67412,4
67413,4
67414,1
67415,1
67416,4
67417,4
67418,4
67419,1
67420,1
67421,4
67422,3
67423,4
67424,4
67425,3
67426,1
67427,1
67428,4
67429,1
67430,4
67431,1
67432,1
67433,4
67434,4
67435,1
67436,1
67437,4
67438,1
67439,3
67440,1
67441,1
67442,1
67443,1
67444,1
67445,1
67446,1
67447,1
67448,1
67449,1
67450,1
67451,1
67452,1
67453,1
67454,4
67455,1
67456,4
67457,1
67458,1
67459,4
67460,1
67461,1
67462,1
67463,1
67464,1
67465,1
67466,1
67467,1
67468,1
67469,1
67470,1
67471,1
67472,1
67473,1
67474,4
67475,4
67476,1
67477,1
67478,1
67479,1
67480,4
67481,4
67482,1
67483,4
67484,4
67485,1
67486,4
67487,1
67488,1
67489,4
67490,1
67491,1
67492,4
67493,1
67494,1
67495,4
67496,1
67497,1
67498,1
67499,1
67500,4
67501,1
67502,4
67503,4
67504,1
67505,4
67506,1
67507,1
67508,4
67509,1
67510,1
67511,1
67512,1
67513,1
67514,1
67515,1
67516,1
67517,1
67518,1
67519,1
67520,1
67521,4
67522,4
67523,1
67524,1
67525,1
67526,1
67527,1
67528,1
67529,1
67530,1
67531,1
67532,1
67533,1
67534,1
67535,1
67536,1
67537,1
67538,1
67539,1
67540,1
67541,1
67542,1
67543,4
67544,4
67545,4
67546,1
67547,1
67548,1
67549,1
67550,1
67551,4
67552,1
67553,4
67554,1
67555,1
67556,1
67557,1
67558,4
67559,1
67560,4
67561,3
67562,4
67563,4
67564,1
67565,1
67566,1
67567,1
67568,1
67569,4
67570,4
67571,1
67572,1
67573,4
67574,1
67575,1
67576,1
67577,4
67578,1
67579,1
67580,1
67581,1
67582,4
67583,4
67584,1
67585,4
67586,1
67587,1
67588,1
67589,1
67590,1
67591,1
67592,1
67593,1
67594,1
67595,1
67596,1
67597,1
67598,1
67599,1
67600,1
67601,1
67602,1
67603,1
67604,1
67605,1
67606,1
67607,1
67608,1
67609,1
67610,1
67611,1
67612,1
67613,1
67614,1
67615,1
67616,1
67617,1
67618,1
67619,4
67620,4
67621,1
67622,1
67623,3
67624,4
67625,4
67626,4
67627,1
67628,1
67629,1
67630,1
67631,4
67632,4
67633,4
67634,4
67635,1
67636,1
67637,1
67638,4
67639,3
67640,1
67641,1
67642,4
67643,4
67644,4
67645,1
67646,1
67647,4
67648,1
67649,1
67650,4
67651,1
67652,4
67653,1
67654,4
67655,4
67656,1
67657,4
67658,1
67659,1
67660,1
67661,4
67662,1
67663,1
67664,1
67665,1
67666,1
67667,1
67668,1
67669,1
67670,1
67671,1
67672,1
67673,1
67674,1
67675,1
67676,1
67677,1
67678,1
67679,1
67680,1
67681,1
67682,1
67683,1
67684,4
67685,4
67686,4
67687,4
67688,1
67689,3
67690,4
67691,3
67692,3
67693,1
67694,3
67695,1
67696,4
67697,1
67698,1
67699,1
67700,4
67701,1
67702,1
67703,4
67704,1
67705,1
67706,1
67707,1
67708,1
67709,4
67710,1
67711,1
67712,1
67713,4
67714,1
67715,1
67716,1
67717,1
67718,1
67719,1
67720,1
67721,4
67722,1
67723,1
67724,1
67725,1
67726,4
67727,1
67728,1
67729,1
67730,1
67731,1
67732,1
67733,1
67734,1
67735,1
67736,1
67737,1
67738,1
67739,4
67740,1
67741,3
67742,4
67743,1
67744,3
67745,4
67746,1
67747,1
67748,1
67749,4
67750,1
67751,4
67752,4
67753,4
67754,1
67755,1
67756,4
67757,4
67758,1
67759,1
67760,1
67761,1
67762,4
67763,1
67764,4
67765,1
67766,4
67767,1
67768,1
67769,1
67770,1
67771,1
67772,1
67773,4
67774,1
67775,1
67776,4
67777,4
67778,1
67779,4
67780,1
67781,1
67782,1
67783,1
67784,1
67785,1
67786,1
67787,1
67788,1
67789,1
67790,1
67791,1
67792,1
67793,1
67794,1
67795,1
67796,1
67797,1
67798,1
67799,1
67800,1
67801,1
67802,1
67803,1
67804,1
67805,1
67806,1
67807,1
67808,1
67809,1
67810,1
67811,1
67812,1
67813,1
67814,1
67815,1
67816,1
67817,1
67818,3
67819,1
67820,4
67821,1
67822,1
67823,4
67824,1
67825,4
67826,1
67827,1
67828,1
67829,1
67830,1
67831,4
67832,1
67833,1
67834,4
67835,4
67836,4
67837,1
67838,4
67839,1
67840,3
67841,1
67842,4
67843,1
67844,1
67845,1
67846,1
67847,1
67848,1
67849,1
67850,1
67851,1
67852,1
67853,1
67854,1
67855,4
67856,1
67857,1
67858,1
67859,1
67860,1
67861,1
67862,1
67863,1
67864,1
67865,1
67866,1
67867,1
67868,1
67869,1
67870,1
67871,1
67872,1
67873,1
67874,1
67875,1
67876,1
67877,1
67878,1
67879,1
67880,1
67881,1
67882,4
67883,1
67884,4
67885,1
67886,4
67887,1
67888,4
67889,1
67890,1
67891,1
67892,1
67893,1
67894,4
67895,4
67896,4
67897,1
67898,4
67899,1
67900,4
67901,1
67902,1
67903,4
67904,4
67905,1
67906,1
67907,4
67908,1
67909,1
67910,1
67911,1
67912,4
67913,1
67914,1
67915,1
67916,1
67917,1
67918,1
67919,4
67920,1
67921,1
67922,1
67923,1
67924,1
67925,1
67926,1
67927,1
67928,1
67929,1
67930,1
67931,1
67932,1
67933,1
67934,1
67935,1
67936,1
67937,1
67938,1
67939,1
67940,1
67941,1
67942,1
67943,1
67944,4
67945,4
67946,4
67947,1
67948,3
67949,4
67950,4
67951,4
67952,1
67953,1
67954,1
67955,1
67956,4
67957,1
67958,4
67959,1
67960,4
67961,1
67962,1
67963,1
67964,1
67965,1
67966,1
67967,1
67968,4
67969,4
67970,4
67971,1
67972,4
67973,4
67974,4
67975,1
67976,1
67977,1
67978,1
67979,1
67980,1
67981,4
67982,1
67983,1
67984,4
67985,1
67986,1
67987,1
67988,1
67989,1
67990,1
67991,1
67992,1
67993,1
67994,1
67995,1
67996,1
67997,1
67998,1
67999,1
68000,1
68001,1
68002,1
68003,1
68004,1
68005,1
68006,1
68007,1
68008,1
68009,1
68010,1
68011,1
68012,1
68013,1
68014,1
68015,1
68016,1
68017,1
68018,1
68019,1
68020,1
68021,4
68022,4
68023,4
68024,4
68025,4
68026,3
68027,4
68028,1
68029,1
68030,4
68031,1
68032,4
68033,4
68034,1
68035,1
68036,1
68037,1
68038,4
68039,3
68040,4
68041,1
68042,4
68043,1
68044,4
68045,1
68046,1
68047,1
68048,1
68049,1
68050,1
68051,1
68052,1
68053,1
68054,1
68055,1
68056,1
68057,1
68058,1
68059,1
68060,1
68061,1
68062,1
68063,1
68064,1
68065,1
68066,1
68067,1
68068,1
68069,1
68070,1
68071,1
68072,1
68073,4
68074,4
68075,4
68076,1
68077,4
68078,4
68079,1
68080,4
68081,1
68082,1
68083,4
68084,1
68085,4
68086,4
68087,4
68088,1
68089,4
68090,4
68091,1
68092,1
68093,4
68094,1
68095,4
68096,4
68097,1
68098,1
68099,1
68100,4
68101,1
68102,1
68103,4
68104,1
68105,4
68106,1
68107,1
68108,1
68109,1
68110,1
68111,1
68112,4
68113,4
68114,1
68115,1
68116,1
68117,1
68118,1
68119,4
68120,1
68121,1
68122,1
68123,1
68124,1
68125,1
68126,1
68127,4
68128,1
68129,4
68130,1
68131,4
68132,1
68133,1
68134,1
68135,1
68136,1
68137,1
68138,1
68139,1
68140,1
68141,1
68142,1
68143,1
68144,1
68145,1
68146,1
68147,1
68148,1
68149,1
68150,1
68151,1
68152,1
68153,1
68154,1
68155,1
68156,1
68157,1
68158,1
68159,1
68160,1
68161,1
68162,1
68163,1
68164,1
68165,1
68166,4
68167,4
68168,1
68169,1
68170,4
68171,1
68172,4
68173,1
68174,1
68175,4
68176,4
68177,1
68178,4
68179,1
68180,4
68181,1
68182,1
68183,4
68184,1
68185,4
68186,1
68187,1
68188,4
68189,4
68190,1
68191,4
68192,1
68193,1
68194,1
68195,1
68196,1
68197,1
68198,1
68199,1
68200,1
68201,1
68202,1
68203,1
68204,1
68205,1
68206,1
68207,1
68208,1
68209,1
68210,1
68211,1
68212,1
68213,1
68214,1
68215,1
68216,1
68217,1
68218,1
68219,1
68220,1
68221,1
68222,1
68223,1
68224,4
68225,1
68226,1
68227,3
68228,1
68229,1
68230,4
68231,1
68232,1
68233,1
68234,1
68235,1
68236,1
68237,1
68238,1
68239,1
68240,1
68241,4
68242,1
68243,1
68244,1
68245,4
68246,4
68247,1
68248,1
68249,4
68250,1
68251,3
68252,1
68253,1
68254,1
68255,1
68256,1
68257,1
68258,1
68259,1
68260,1
68261,1
68262,1
68263,4
68264,1
68265,4
68266,1
68267,1
68268,1
68269,1
68270,1
68271,1
68272,1
68273,1
68274,1
68275,1
68276,1
68277,1
68278,1
68279,1
68280,1
68281,1
68282,1
68283,1
68284,1
68285,1
68286,4
68287,4
68288,4
68289,4
68290,1
68291,1
68292,1
68293,4
68294,4
68295,1
68296,3
68297,4
68298,4
68299,1
68300,1
68301,4
68302,4
68303,4
68304,1
68305,1
68306,4
68307,1
68308,1
68309,4
68310,1
68311,1
68312,1
68313,1
68314,4
68315,1
68316,1
68317,1
68318,1
68319,1
68320,1
68321,4
68322,1
68323,1
68324,1
68325,1
68326,4
68327,1
68328,1
68329,1
68330,4
68331,4
68332,1
68333,1
68334,1
68335,1
68336,1
68337,1
68338,1
68339,1
68340,1
68341,1
68342,1
68343,1
68344,1
68345,1
68346,1
68347,1
68348,1
68349,1
68350,1
68351,1
68352,1
68353,1
68354,1
68355,1
68356,1
68357,1
68358,1
68359,1
68360,1
68361,1
68362,1
68363,1
68364,4
68365,4
68366,4
68367,1
68368,1
68369,4
68370,1
68371,1
68372,1
68373,1
68374,1
68375,4
68376,4
68377,1
68378,1
68379,1
68380,4
68381,4
68382,1
68383,1
68384,1
68385,1
68386,1
68387,1
68388,1
68389,4
68390,1
68391,1
68392,4
68393,1
68394,1
68395,1
68396,1
68397,1
68398,1
68399,1
68400,3
68401,1
68402,1
68403,1
68404,4
68405,1
68406,4
68407,1
68408,1
68409,1
68410,1
68411,1
68412,1
68413,1
68414,1
68415,1
68416,1
68417,1
68418,1
68419,1
68420,1
68421,1
68422,1
68423,1
68424,1
68425,1
68426,1
68427,1
68428,1
68429,1
68430,1
68431,1
68432,1
68433,1
68434,4
68435,4
68436,3
68437,3
68438,1
68439,1
68440,1
68441,1
68442,4
68443,1
68444,4
68445,4
68446,1
68447,4
68448,1
68449,1
68450,4
68451,1
68452,1
68453,1
68454,1
68455,1
68456,4
68457,4
68458,1
68459,1
68460,1
68461,1
68462,1
68463,1
68464,4
68465,1
68466,1
68467,1
68468,1
68469,1
68470,1
68471,1
68472,1
68473,1
68474,1
68475,1
68476,1
68477,1
68478,1
68479,4
68480,1
68481,4
68482,1
68483,1
68484,1
68485,1
68486,1
68487,4
68488,4
68489,4
68490,1
68491,1
68492,4
68493,1
68494,1
68495,1
68496,1
68497,1
68498,1
68499,1
68500,1
68501,1
68502,1
68503,1
68504,1
68505,1
68506,1
68507,1
68508,1
68509,1
68510,1
68511,1
68512,1
68513,1
68514,4
68515,1
68516,1
68517,4
68518,1
68519,1
68520,1
68521,4
68522,1
68523,1
68524,1
68525,1
68526,1
68527,4
68528,1
68529,1
68530,1
68531,1
68532,1
68533,1
68534,1
68535,1
68536,1
68537,1
68538,1
68539,1
68540,1
68541,4
68542,1
68543,1
68544,1
68545,1
68546,4
68547,1
68548,1
68549,1
68550,1
68551,1
68552,1
68553,4
68554,1
68555,1
68556,1
68557,1
68558,1
68559,1
68560,1
68561,1
68562,1
68563,1
68564,1
68565,1
68566,1
68567,1
68568,1
68569,1
68570,1
68571,3
68572,3
68573,4
68574,1
68575,1
68576,1
68577,1
68578,4
68579,1
68580,1
68581,1
68582,1
68583,4
68584,4
68585,1
68586,4
68587,1
68588,1
68589,1
68590,1
68591,4
68592,1
68593,4
68594,1
68595,1
68596,4
68597,1
68598,4
68599,1
68600,1
68601,1
68602,1
68603,1
68604,1
68605,1
68606,4
68607,1
68608,1
68609,1
68610,1
68611,1
68612,1
68613,1
68614,4
68615,1
68616,1
68617,1
68618,1
68619,1
68620,1
68621,1
68622,1
68623,1
68624,1
68625,1
68626,1
68627,1
68628,1
68629,1
68630,1
68631,1
68632,1
68633,1
68634,1
68635,1
68636,1
68637,1
68638,1
68639,4
68640,4
68641,4
68642,1
68643,1
68644,4
68645,1
68646,1
68647,4
68648,1
68649,1
68650,1
68651,1
68652,4
68653,1
68654,4
68655,1
68656,1
68657,4
68658,1
68659,1
68660,4
68661,4
68662,4
68663,1
68664,1
68665,1
68666,1
68667,1
68668,1
68669,4
68670,4
68671,1
68672,1
68673,1
68674,1
68675,1
68676,1
68677,1
68678,1
68679,1
68680,1
68681,1
68682,1
68683,1
68684,1
68685,1
68686,1
68687,1
68688,1
68689,1
68690,1
68691,1
68692,1
68693,3
68694,1
68695,1
68696,1
68697,1
68698,1
68699,1
68700,4
68701,1
68702,1
68703,1
68704,1
68705,1
68706,1
68707,3
68708,4
68709,1
68710,1
68711,1
68712,4
68713,1
68714,1
68715,1
68716,1
68717,1
68718,1
68719,1
68720,1
68721,1
68722,1
68723,4
68724,1
68725,4
68726,4
68727,1
68728,1
68729,1
68730,1
68731,1
68732,4
68733,1
68734,4
68735,1
68736,1
68737,1
68738,4
68739,1
68740,1
68741,1
68742,1
68743,1
68744,1
68745,1
68746,1
68747,1
68748,1
68749,1
68750,1
68751,1
68752,1
68753,1
68754,1
68755,1
68756,1
68757,1
68758,1
68759,1
68760,1
68761,1
68762,1
68763,1
68764,4
68765,4
68766,1
68767,4
68768,4
68769,1
68770,1
68771,4
68772,1
68773,1
68774,4
68775,1
68776,1
68777,4
68778,1
68779,4
68780,4
68781,4
68782,4
68783,1
68784,1
68785,4
68786,1
68787,4
68788,3
68789,1
68790,1
68791,1
68792,4
68793,4
68794,1
68795,1
68796,1
68797,1
68798,1
68799,1
68800,1
68801,1
68802,4
68803,1
68804,1
68805,1
68806,1
68807,1
68808,1
68809,1
68810,1
68811,1
68812,1
68813,4
68814,4
68815,1
68816,1
68817,4
68818,4
68819,1
68820,1
68821,1
68822,4
68823,1
68824,4
68825,1
68826,1
68827,1
68828,1
68829,1
68830,1
68831,1
68832,1
68833,1
68834,1
68835,1
68836,1
68837,1
68838,1
68839,1
68840,1
68841,1
68842,1
68843,1
68844,1
68845,1
68846,1
68847,1
68848,1
68849,1
68850,1
68851,1
68852,4
68853,1
68854,4
68855,4
68856,4
68857,1
68858,1
68859,4
68860,1
68861,1
68862,1
68863,4
68864,3
68865,1
68866,1
68867,4
68868,4
68869,1
68870,4
68871,1
68872,1
68873,1
68874,1
68875,1
68876,1
68877,1
68878,1
68879,1
68880,4
68881,1
68882,4
68883,1
68884,1
68885,1
68886,1
68887,1
68888,1
68889,1
68890,1
68891,1
68892,1
68893,1
68894,1
68895,1
68896,1
68897,1
68898,1
68899,1
68900,1
68901,1
68902,1
68903,1
68904,1
68905,1
68906,1
68907,1
68908,1
68909,1
68910,3
68911,4
68912,4
68913,3
68914,1
68915,1
68916,4
68917,1
68918,1
68919,4
68920,4
68921,1
68922,1
68923,1
68924,1
68925,3
68926,1
68927,1
68928,1
68929,1
68930,1
68931,1
68932,4
68933,1
68934,1
68935,1
68936,1
68937,1
68938,1
68939,1
68940,1
68941,4
68942,1
68943,1
68944,1
68945,1
68946,1
68947,4
68948,1
68949,4
68950,1
68951,4
68952,1
68953,1
68954,1
68955,1
68956,1
68957,1
68958,1
68959,1
68960,1
68961,1
68962,1
68963,1
68964,1
68965,1
68966,1
68967,1
68968,1
68969,1
68970,1
68971,1
68972,1
68973,1
68974,1
68975,1
68976,1
68977,1
68978,1
68979,1
68980,1
68981,1
68982,1
68983,1
68984,1
68985,1
68986,1
68987,4
68988,1
68989,1
68990,1
68991,1
68992,1
68993,1
68994,1
68995,1
68996,1
68997,1
68998,4
68999,1
69000,1
69001,1
69002,1
69003,1
69004,1
69005,1
69006,1
69007,1
69008,4
69009,1
69010,1
69011,1
69012,4
69013,1
69014,1
69015,1
69016,1
69017,1
69018,4
69019,4
69020,1
69021,1
69022,1
69023,1
69024,1
69025,1
69026,1
69027,1
69028,1
69029,1
69030,1
69031,1
69032,1
69033,1
69034,1
69035,1
69036,1
69037,1
69038,1
69039,1
69040,1
69041,1
69042,1
69043,1
69044,1
69045,1
69046,1
69047,1
69048,1
69049,1
69050,1
69051,4
69052,4
69053,1
69054,4
69055,1
69056,1
69057,1
69058,4
69059,4
69060,4
69061,1
69062,4
69063,1
69064,1
69065,1
69066,4
69067,1
69068,4
69069,1
69070,4
69071,1
69072,1
69073,1
69074,1
69075,4
69076,1
69077,1
69078,4
69079,1
69080,1
69081,4
69082,1
69083,4
69084,1
69085,1
69086,1
69087,1
69088,1
69089,1
69090,1
69091,1
69092,1
69093,1
69094,1
69095,1
69096,1
69097,1
69098,1
69099,1
69100,1
69101,1
69102,1
69103,1
69104,1
69105,1
69106,1
69107,1
69108,1
69109,1
69110,1
69111,1
69112,1
69113,1
69114,1
69115,1
69116,1
69117,1
69118,1
69119,1
69120,1
69121,1
69122,1
69123,1
69124,1
69125,1
69126,1
69127,1
69128,1
69129,1
69130,4
69131,1
69132,4
69133,1
69134,3
69135,3
69136,4
69137,1
69138,1
69139,1
69140,1
69141,4
69142,1
69143,3
69144,1
69145,1
69146,4
69147,1
69148,4
69149,1
69150,1
69151,1
69152,1
69153,1
69154,4
69155,1
69156,1
69157,1
69158,1
69159,1
69160,1
69161,1
69162,1
69163,1
69164,1
69165,1
69166,1
69167,1
69168,1
69169,1
69170,1
69171,1
69172,1
69173,4
69174,1
69175,4
69176,1
69177,1
69178,1
69179,1
69180,1
69181,1
69182,1
69183,1
69184,1
69185,1
69186,1
69187,1
69188,1
69189,1
69190,1
69191,3
69192,1
69193,1
69194,1
69195,1
69196,1
69197,1
69198,1
69199,1
69200,1
69201,1
69202,1
69203,1
69204,4
69205,1
69206,3
69207,4
69208,4
69209,1
69210,4
69211,4
69212,1
69213,4
69214,1
69215,1
69216,1
69217,1
69218,1
69219,1
69220,1
69221,4
69222,1
69223,1
69224,1
69225,1
69226,1
69227,1
69228,1
69229,4
69230,1
69231,1
69232,4
69233,1
69234,4
69235,4
69236,1
69237,4
69238,1
69239,1
69240,3
69241,1
69242,1
69243,1
69244,1
69245,1
69246,1
69247,1
69248,1
69249,1
69250,1
69251,1
69252,1
69253,1
69254,1
69255,1
69256,1
69257,1
69258,1
69259,1
69260,1
69261,1
69262,1
69263,1
69264,1
69265,1
69266,1
69267,1
69268,1
69269,1
69270,1
69271,1
69272,1
69273,1
69274,1
69275,1
69276,1
69277,1
69278,1
69279,1
69280,1
69281,1
69282,4
69283,1
69284,1
69285,1
69286,4
69287,1
69288,4
69289,4
69290,1
69291,4
69292,1
69293,4
69294,4
69295,1
69296,1
69297,4
69298,1
69299,4
69300,1
69301,1
69302,4
69303,4
69304,1
69305,3
69306,1
69307,3
69308,1
69309,4
69310,1
69311,4
69312,1
69313,1
69314,1
69315,1
69316,1
69317,4
69318,1
69319,1
69320,1
69321,1
69322,1
69323,1
69324,1
69325,1
69326,1
69327,1
69328,1
69329,1
69330,1
69331,1
69332,1
69333,1
69334,1
69335,4
69336,1
69337,1
69338,1
69339,1
69340,1
69341,1
69342,1
69343,1
69344,1
69345,1
69346,1
69347,1
69348,1
69349,1
69350,1
69351,1
69352,1
69353,1
69354,1
69355,1
69356,3
69357,1
69358,1
69359,1
69360,1
69361,4
69362,4
69363,1
69364,1
69365,1
69366,1
69367,1
69368,1
69369,1
69370,4
69371,1
69372,3
69373,1
69374,1
69375,4
69376,4
69377,1
69378,1
69379,1
69380,4
69381,4
69382,1
69383,3
69384,1
69385,1
69386,4
69387,1
69388,1
69389,1
69390,4
69391,1
69392,4
69393,1
69394,1
69395,4
69396,1
69397,1
69398,4
69399,1
69400,1
69401,1
69402,1
69403,1
69404,1
69405,1
69406,1
69407,1
69408,1
69409,1
69410,1
69411,1
69412,1
69413,1
69414,1
69415,1
69416,1
69417,1
69418,1
69419,1
69420,4
69421,1
69422,1
69423,3
69424,4
69425,1
69426,1
69427,3
69428,1
69429,1
69430,4
69431,4
69432,1
69433,1
69434,1
69435,1
69436,1
69437,3
69438,4
69439,1
69440,1
69441,1
69442,4
69443,1
69444,3
69445,1
69446,1
69447,1
69448,1
69449,4
69450,1
69451,4
69452,1
69453,1
69454,1
69455,1
69456,1
69457,1
69458,1
69459,1
69460,1
69461,1
69462,1
69463,1
69464,1
69465,1
69466,1
69467,1
69468,1
69469,1
69470,1
69471,1
69472,1
69473,1
69474,1
69475,1
69476,1
69477,1
69478,1
69479,1
69480,1
69481,1
69482,1
69483,1
69484,1
69485,1
69486,4
69487,4
69488,1
69489,4
69490,1
69491,4
69492,4
69493,4
69494,1
69495,4
69496,1
69497,1
69498,4
69499,1
69500,1
69501,1
69502,1
69503,1
69504,1
69505,1
69506,1
69507,1
69508,4
69509,1
69510,1
69511,1
69512,1
69513,1
69514,1
69515,4
69516,4
69517,1
69518,1
69519,1
69520,1
69521,1
69522,1
69523,1
69524,1
69525,1
69526,1
69527,1
69528,1
69529,1
69530,1
69531,1
69532,1
69533,4
69534,1
69535,1
69536,1
69537,1
69538,4
69539,1
69540,1
69541,1
69542,1
69543,1
69544,1
69545,1
69546,1
69547,1
69548,1
69549,4
69550,1
69551,1
69552,4
69553,4
69554,1
69555,1
69556,1
69557,3
69558,1
69559,1
69560,4
69561,1
69562,1
69563,1
69564,1
69565,4
69566,1
69567,4
69568,1
69569,1
69570,1
69571,4
69572,4
69573,1
69574,1
69575,1
69576,4
69577,1
69578,1
69579,1
69580,1
69581,1
69582,1
69583,1
69584,1
69585,1
69586,1
69587,4
69588,1
69589,1
69590,1
69591,1
69592,1
69593,1
69594,1
69595,1
69596,1
69597,1
69598,1
69599,1
69600,1
69601,1
69602,1
69603,1
69604,1
69605,1
69606,1
69607,1
69608,1
69609,1
69610,1
69611,1
69612,1
69613,1
69614,1
69615,1
69616,4
69617,4
69618,1
69619,1
69620,4
69621,1
69622,1
69623,1
69624,1
69625,4
69626,1
69627,4
69628,1
69629,1
69630,1
69631,1
69632,1
69633,4
69634,1
69635,1
69636,4
69637,1
69638,1
69639,1
69640,1
69641,1
69642,1
69643,1
69644,1
69645,1
69646,1
69647,1
69648,1
69649,1
69650,1
69651,4
69652,1
69653,1
69654,1
69655,1
69656,1
69657,1
69658,1
69659,1
69660,1
69661,1
69662,1
69663,1
69664,1
69665,1
69666,1
69667,1
69668,1
69669,1
69670,1
69671,1
69672,1
69673,1
69674,1
69675,1
69676,4
69677,1
69678,1
69679,4
69680,1
69681,4
69682,4
69683,1
69684,4
69685,4
69686,4
69687,1
69688,1
69689,4
69690,1
69691,4
69692,1
69693,1
69694,1
69695,1
69696,1
69697,4
69698,1
69699,1
69700,1
69701,1
69702,1
69703,1
69704,1
69705,1
69706,1
69707,1
69708,1
69709,1
69710,1
69711,1
69712,1
69713,4
69714,1
69715,1
69716,1
69717,1
69718,1
69719,1
69720,1
69721,1
69722,1
69723,1
69724,1
69725,4
69726,1
69727,1
69728,1
69729,1
69730,1
69731,1
69732,1
69733,1
69734,1
69735,1
69736,1
69737,1
69738,1
69739,1
69740,4
69741,4
69742,1
69743,4
69744,1
69745,1
69746,1
69747,4
69748,1
69749,1
69750,4
69751,4
69752,1
69753,1
69754,4
69755,1
69756,1
69757,1
69758,1
69759,1
69760,1
69761,1
69762,1
69763,1
69764,1
69765,4
69766,1
69767,1
69768,1
69769,4
69770,4
69771,1
69772,4
69773,1
69774,1
69775,1
69776,1
69777,1
69778,1
69779,1
69780,1
69781,4
69782,1
69783,1
69784,1
69785,1
69786,1
69787,1
69788,1
69789,1
69790,1
69791,1
69792,1
69793,1
69794,1
69795,1
69796,1
69797,1
69798,1
69799,1
69800,1
69801,1
69802,1
69803,1
69804,1
69805,1
69806,1
69807,1
69808,1
69809,1
69810,1
69811,1
69812,1
69813,1
69814,1
69815,1
69816,4
69817,1
69818,4
69819,1
69820,1
69821,1
69822,1
69823,4
69824,1
69825,1
69826,1
69827,1
69828,1
69829,1
69830,4
69831,4
69832,1
69833,1
69834,1
69835,1
69836,4
69837,1
69838,1
69839,1
69840,1
69841,1
69842,1
69843,1
69844,1
69845,1
69846,4
69847,1
69848,1
69849,1
69850,1
69851,4
69852,1
69853,1
69854,1
69855,1
69856,1
69857,1
69858,1
69859,1
69860,1
69861,1
69862,1
69863,1
69864,1
69865,1
69866,1
69867,1
69868,1
69869,1
69870,1
69871,1
69872,1
69873,4
69874,4
69875,3
69876,1
69877,1
69878,1
69879,4
69880,1
69881,1
69882,1
69883,3
69884,1
69885,1
69886,1
69887,4
69888,4
69889,1
69890,1
69891,4
69892,1
69893,4
69894,1
69895,1
69896,1
69897,1
69898,1
69899,1
69900,1
69901,1
69902,1
69903,1
69904,1
69905,1
69906,1
69907,1
69908,4
69909,1
69910,1
69911,1
69912,1
69913,1
69914,1
69915,1
69916,1
69917,1
69918,1
69919,1
69920,1
69921,1
69922,1
69923,4
69924,1
69925,1
69926,1
69927,1
69928,1
69929,1
69930,1
69931,4
69932,1
69933,1
69934,1
69935,1
69936,1
69937,4
69938,1
69939,3
69940,1
69941,1
69942,1
69943,4
69944,1
69945,1
69946,1
69947,1
69948,1
69949,1
69950,1
69951,1
69952,1
69953,1
69954,1
69955,1
69956,1
69957,1
69958,1
69959,1
69960,1
69961,1
69962,1
69963,1
69964,1
69965,1
69966,1
69967,1
69968,1
69969,1
69970,1
69971,1
69972,1
69973,1
69974,1
69975,1
69976,1
69977,4
69978,1
69979,1
69980,1
69981,1
69982,4
69983,1
69984,1
69985,1
69986,1
69987,1
69988,1
69989,1
69990,1
69991,1
69992,1
69993,1
69994,1
69995,4
69996,1
69997,4
69998,4
69999,1
70000,1
70001,1
70002,4
70003,1
70004,4
70005,1
70006,1
70007,4
70008,1
70009,1
70010,1
70011,4
70012,1
70013,4
70014,1
70015,1
70016,4
70017,1
70018,1
70019,1
70020,1
70021,1
70022,1
70023,1
70024,1
70025,1
70026,1
70027,1
70028,1
70029,1
70030,1
70031,1
70032,1
70033,1
70034,1
70035,1
70036,1
70037,1
70038,1
70039,1
70040,1
70041,1
70042,1
70043,1
70044,1
70045,1
70046,1
70047,1
70048,1
70049,1
70050,1
70051,1
70052,1
70053,4
70054,1
70055,4
70056,1
70057,1
70058,3
70059,1
70060,4
70061,1
70062,4
70063,1
70064,4
70065,1
70066,1
70067,4
70068,1
70069,1
70070,1
70071,3
70072,3
70073,1
70074,1
70075,1
70076,1
70077,4
70078,1
70079,1
70080,1
70081,1
70082,1
70083,1
70084,1
70085,1
70086,1
70087,1
70088,4
70089,1
70090,4
70091,1
70092,1
70093,4
70094,1
70095,1
70096,1
70097,1
70098,1
70099,1
70100,1
70101,1
70102,1
70103,1
70104,1
70105,1
70106,1
70107,1
70108,1
70109,1
70110,1
70111,1
70112,1
70113,4
70114,4
70115,1
70116,4
70117,1
70118,1
70119,4
70120,1
70121,4
70122,1
70123,1
70124,1
70125,4
70126,1
70127,1
70128,1
70129,4
70130,4
70131,4
70132,3
70133,1
70134,1
70135,1
70136,1
70137,1
70138,4
70139,4
70140,1
70141,1
70142,1
70143,1
70144,1
70145,1
70146,1
70147,1
70148,1
70149,1
70150,1
70151,1
70152,1
70153,1
70154,1
70155,1
70156,1
70157,1
70158,1
70159,1
70160,1
70161,1
70162,1
70163,1
70164,1
70165,1
70166,1
70167,1
70168,1
70169,1
70170,1
70171,1
70172,1
70173,1
70174,1
70175,3
70176,1
70177,1
70178,1
70179,4
70180,4
70181,3
70182,4
70183,1
70184,4
70185,1
70186,1
70187,1
70188,4
70189,1
70190,1
70191,1
70192,4
70193,1
70194,1
70195,4
70196,1
70197,4
70198,1
70199,1
70200,1
70201,1
70202,1
70203,1
70204,1
70205,1
70206,1
70207,4
70208,1
70209,1
70210,1
70211,1
70212,1
70213,1
70214,1
70215,1
70216,1
70217,1
70218,1
70219,1
70220,1
70221,1
70222,1
70223,1
70224,1
70225,1
70226,1
70227,1
70228,1
70229,1
70230,1
70231,1
70232,1
70233,1
70234,1
70235,1
70236,1
70237,1
70238,1
70239,1
70240,1
70241,1
70242,1
70243,1
70244,1
70245,1
70246,1
70247,1
70248,4
70249,4
70250,4
70251,4
70252,1
70253,1
70254,1
70255,1
70256,4
70257,4
70258,1
70259,4
70260,4
70261,1
70262,1
70263,1
70264,1
70265,1
70266,1
70267,1
70268,1
70269,1
70270,1
70271,1
70272,4
70273,1
70274,1
70275,1
70276,1
70277,1
70278,1
70279,4
70280,1
70281,1
70282,1
70283,1
70284,1
70285,1
70286,1
70287,1
70288,1
70289,1
70290,1
70291,1
70292,1
70293,1
70294,1
70295,1
70296,1
70297,1
70298,1
70299,1
70300,1
70301,1
70302,1
70303,1
70304,1
70305,1
70306,1
70307,1
70308,1
70309,1
70310,1
70311,1
70312,1
70313,4
70314,1
70315,4
70316,1
70317,1
70318,3
70319,4
70320,1
70321,4
70322,4
70323,1
70324,1
70325,1
70326,1
70327,1
70328,1
70329,4
70330,3
70331,1
70332,1
70333,1
70334,4
70335,1
70336,1
70337,1
70338,1
70339,1
70340,1
70341,1
70342,1
70343,1
70344,1
70345,1
70346,1
70347,4
70348,1
70349,1
70350,1
70351,4
70352,1
70353,1
70354,1
70355,1
70356,4
70357,1
70358,1
70359,1
70360,1
70361,1
70362,1
70363,1
70364,1
70365,4
70366,1
70367,1
70368,1
70369,1
70370,1
70371,4
70372,1
70373,1
70374,1
70375,1
70376,1
70377,1
70378,1
70379,1
70380,1
70381,4
70382,1
70383,1
70384,1
70385,1
70386,4
70387,1
70388,1
70389,1
70390,1
70391,1
70392,1
70393,1
70394,1
70395,1
70396,1
70397,1
70398,1
70399,1
70400,4
70401,1
70402,1
70403,1
70404,1
70405,1
70406,1
70407,1
70408,1
70409,1
70410,1
70411,1
70412,1
70413,1
70414,1
70415,1
70416,1
70417,1
70418,1
70419,1
70420,1
70421,1
70422,1
70423,1
70424,1
70425,1
70426,1
70427,1
70428,1
70429,1
70430,1
70431,1
70432,1
70433,4
70434,1
70435,3
70436,1
70437,1
70438,1
70439,1
70440,1
70441,4
70442,1
70443,1
70444,1
70445,1
70446,1
70447,1
70448,1
70449,1
70450,1
70451,1
70452,1
70453,1
70454,1
70455,1
70456,1
70457,1
70458,4
70459,1
70460,1
70461,1
70462,1
70463,4
70464,1
70465,1
70466,4
70467,1
70468,1
70469,1
70470,1
70471,1
70472,1
70473,1
70474,1
70475,1
70476,1
70477,1
70478,1
70479,1
70480,1
70481,1
70482,1
70483,1
70484,1
70485,1
70486,1
70487,1
70488,1
70489,1
70490,1
70491,1
70492,1
70493,1
70494,1
70495,1
70496,1
70497,1
70498,1
70499,1
70500,1
70501,1
70502,1
70503,1
70504,1
70505,1
70506,1
70507,1
70508,4
70509,1
70510,1
70511,4
70512,1
70513,1
70514,1
70515,1
70516,1
70517,1
70518,4
70519,3
70520,1
70521,1
70522,1
70523,1
70524,1
70525,1
70526,1
70527,1
70528,1
70529,1
70530,1
70531,1
70532,4
70533,1
70534,1
70535,1
70536,1
70537,1
70538,1
70539,1
70540,1
70541,1
70542,1
70543,1
70544,1
70545,1
70546,1
70547,1
70548,1
70549,1
70550,1
70551,1
70552,1
70553,1
70554,1
70555,1
70556,1
70557,1
70558,1
70559,1
70560,1
70561,1
70562,1
70563,3
70564,1
70565,4
70566,4
70567,1
70568,4
70569,4
70570,1
70571,4
70572,4
70573,1
70574,4
70575,1
70576,1
70577,1
70578,1
70579,1
70580,4
70581,1
70582,1
70583,1
70584,1
70585,1
70586,1
70587,3
70588,1
70589,1
70590,1
70591,1
70592,1
70593,1
70594,1
70595,1
70596,1
70597,1
70598,1
70599,1
70600,1
70601,1
70602,1
70603,1
70604,1
70605,1
70606,1
70607,1
70608,1
70609,1
70610,1
70611,1
70612,1
70613,4
70614,4
70615,1
70616,1
70617,3
70618,1
70619,1
70620,4
70621,1
70622,1
70623,1
70624,4
70625,1
70626,1
70627,1
70628,4
70629,3
70630,4
70631,1
70632,1
70633,1
70634,1
70635,1
70636,1
70637,4
70638,1
70639,1
70640,1
70641,1
70642,1
70643,1
70644,3
70645,1
70646,1
70647,1
70648,1
70649,1
70650,1
70651,1
70652,1
70653,1
70654,1
70655,1
70656,4
70657,1
70658,1
70659,1
70660,1
70661,1
70662,1
70663,1
70664,1
70665,1
70666,1
70667,1
70668,1
70669,1
70670,1
70671,1
70672,1
70673,1
70674,1
70675,1
70676,1
70677,1
70678,1
70679,1
70680,1
70681,1
70682,1
70683,1
70684,1
70685,1
70686,1
70687,1
70688,1
70689,1
70690,1
70691,1
70692,4
70693,3
70694,1
70695,1
70696,4
70697,1
70698,1
70699,1
70700,3
70701,1
70702,1
70703,1
70704,1
70705,1
70706,1
70707,3
70708,1
70709,1
70710,4
70711,1
70712,4
70713,1
70714,1
70715,1
70716,1
70717,1
70718,1
70719,1
70720,1
70721,1
70722,1
70723,1
70724,1
70725,4
70726,1
70727,1
70728,1
70729,3
70730,1
70731,1
70732,1
70733,1
70734,1
70735,1
70736,1
70737,1
70738,4
70739,1
70740,4
70741,1
70742,4
70743,4
70744,4
70745,1
70746,1
70747,1
70748,4
70749,4
70750,4
70751,1
70752,1
70753,1
70754,1
70755,4
70756,4
70757,1
70758,1
70759,4
70760,1
70761,4
70762,1
70763,1
70764,1
70765,1
70766,1
70767,1
70768,1
70769,1
70770,1
70771,1
70772,1
70773,1
70774,1
70775,1
70776,1
70777,1
70778,4
70779,1
70780,1
70781,1
70782,1
70783,1
70784,1
70785,1
70786,1
70787,1
70788,1
70789,1
70790,1
70791,1
70792,1
70793,1
70794,1
70795,1
70796,1
70797,1
70798,1
70799,1
70800,1
70801,1
70802,1
70803,1
70804,1
70805,1
70806,1
70807,3
70808,3
70809,1
70810,4
70811,1
70812,4
70813,1
70814,1
70815,1
70816,1
70817,4
70818,4
70819,1
70820,1
70821,1
70822,1
70823,1
70824,1
70825,1
70826,1
70827,1
70828,1
70829,1
70830,1
70831,1
70832,1
70833,1
70834,1
70835,1
70836,1
70837,1
70838,1
70839,1
70840,1
70841,1
70842,1
70843,1
70844,1
70845,1
70846,1
70847,1
70848,1
70849,1
70850,1
70851,1
70852,1
70853,1
70854,1
70855,1
70856,1
70857,1
70858,1
70859,1
70860,1
70861,1
70862,1
70863,1
70864,1
70865,1
70866,1
70867,1
70868,1
70869,1
70870,1
70871,1
70872,1
70873,1
70874,4
70875,4
70876,4
70877,4
70878,4
70879,1
70880,4
70881,4
70882,1
70883,1
70884,1
70885,4
70886,1
70887,3
70888,1
70889,4
70890,4
70891,1
70892,1
70893,1
70894,1
70895,1
70896,1
70897,4
70898,1
70899,4
70900,4
70901,1
70902,1
70903,1
70904,1
70905,1
70906,1
70907,1
70908,1
70909,1
70910,1
70911,1
70912,1
70913,1
70914,1
70915,1
70916,1
70917,1
70918,1
70919,1
70920,1
70921,1
70922,1
70923,1
70924,1
70925,1
70926,1
70927,1
70928,1
70929,1
70930,1
70931,1
70932,1
70933,1
70934,1
70935,1
70936,1
70937,1
70938,1
70939,1
70940,1
70941,1
70942,4
70943,4
70944,4
70945,4
70946,1
70947,1
70948,1
70949,1
70950,1
70951,1
70952,1
70953,1
70954,1
70955,1
70956,1
70957,1
70958,1
70959,1
70960,1
70961,1
70962,1
70963,1
70964,1
70965,1
70966,1
70967,1
70968,1
70969,1
70970,1
70971,1
70972,1
70973,1
70974,1
70975,1
70976,1
70977,1
70978,1
70979,1
70980,1
70981,1
70982,1
70983,1
70984,1
70985,1
70986,1
70987,1
70988,1
70989,1
70990,1
70991,1
70992,1
70993,1
70994,1
70995,1
70996,1
70997,1
70998,1
70999,1
71000,1
71001,1
71002,1
71003,1
71004,1
71005,1
71006,1
71007,4
71008,1
71009,3
71010,1
71011,4
71012,4
71013,1
71014,4
71015,1
71016,3
71017,1
71018,1
71019,1
71020,1
71021,1
71022,4
71023,1
71024,1
71025,1
71026,4
71027,1
71028,1
71029,1
71030,1
71031,1
71032,1
71033,1
71034,1
71035,1
71036,1
71037,1
71038,1
71039,1
71040,1
71041,1
71042,1
71043,1
71044,1
71045,1
71046,1
71047,1
71048,1
71049,1
71050,1
71051,1
71052,1
71053,1
71054,1
71055,1
71056,1
71057,1
71058,1
71059,1
71060,1
71061,1
71062,1
71063,1
71064,4
71065,1
71066,1
71067,1
71068,4
71069,4
71070,1
71071,1
71072,1
71073,4
71074,4
71075,4
71076,1
71077,1
71078,1
71079,1
71080,1
71081,1
71082,1
71083,4
71084,1
71085,1
71086,1
71087,1
71088,1
71089,1
71090,1
71091,1
71092,1
71093,1
71094,1
71095,1
71096,1
71097,1
71098,1
71099,1
71100,1
71101,1
71102,1
71103,1
71104,1
71105,1
71106,1
71107,1
71108,1
71109,1
71110,1
71111,1
71112,1
71113,1
71114,1
71115,4
71116,1
71117,4
71118,1
71119,1
71120,1
71121,1
71122,1
71123,1
71124,4
71125,1
71126,1
71127,1
71128,1
71129,3
71130,4
71131,1
71132,1
71133,1
71134,1
71135,1
71136,4
71137,1
71138,1
71139,1
71140,1
71141,1
71142,1
71143,1
71144,1
71145,1
71146,1
71147,1
71148,1
71149,1
71150,1
71151,1
71152,1
71153,1
71154,1
71155,1
71156,1
71157,1
71158,1
71159,1
71160,1
71161,1
71162,1
71163,1
71164,1
71165,1
71166,1
71167,1
71168,1
71169,1
71170,1
71171,1
71172,1
71173,1
71174,1
71175,1
71176,4
71177,4
71178,1
71179,4
71180,1
71181,1
71182,1
71183,1
71184,4
71185,1
71186,4
71187,1
71188,1
71189,1
71190,1
71191,1
71192,1
71193,1
71194,3
71195,1
71196,1
71197,1
71198,1
71199,1
71200,1
71201,1
71202,1
71203,1
71204,1
71205,1
71206,1
71207,1
71208,1
71209,1
71210,1
71211,1
71212,1
71213,1
71214,1
71215,1
71216,1
71217,1
71218,4
71219,1
71220,1
71221,1
71222,1
71223,1
71224,1
71225,4
71226,4
71227,1
71228,1
71229,1
71230,1
71231,4
71232,1
71233,1
71234,3
71235,4
71236,1
71237,1
71238,1
71239,4
71240,1
71241,1
71242,1
71243,1
71244,1
71245,1
71246,1
71247,1
71248,1
71249,1
71250,1
71251,1
71252,1
71253,1
71254,1
71255,1
71256,3
71257,1
71258,1
71259,1
71260,1
71261,1
71262,1
71263,3
71264,1
71265,1
71266,1
71267,1
71268,1
71269,1
71270,1
71271,1
71272,1
71273,1
71274,1
71275,1
71276,1
71277,1
71278,1
71279,1
71280,4
71281,1
71282,1
71283,1
71284,4
71285,1
71286,1
71287,1
71288,1
71289,1
71290,1
71291,1
71292,1
71293,1
71294,3
71295,1
71296,1
71297,1
71298,1
71299,1
71300,1
71301,1
71302,4
71303,1
71304,1
71305,1
71306,4
71307,1
71308,4
71309,1
71310,1
71311,1
71312,1
71313,1
71314,1
71315,1
71316,1
71317,1
71318,1
71319,1
71320,1
71321,1
71322,1
71323,1
71324,1
71325,1
71326,1
71327,1
71328,1
71329,1
71330,4
71331,1
71332,1
71333,1
71334,3
71335,1
71336,1
71337,1
71338,1
71339,1
71340,1
71341,1
71342,4
71343,1
71344,1
71345,1
71346,1
71347,4
71348,1
71349,1
71350,1
71351,1
71352,1
71353,1
71354,1
71355,1
71356,1
71357,1
71358,1
71359,1
71360,1
71361,1
71362,1
71363,1
71364,1
71365,1
71366,4
71367,1
71368,1
71369,1
71370,1
71371,1
71372,1
71373,1
71374,1
71375,1
71376,1
71377,1
71378,1
71379,1
71380,1
71381,1
71382,1
71383,1
71384,1
71385,1
71386,1
71387,1
71388,1
71389,1
71390,4
71391,1
71392,1
71393,1
71394,1
71395,1
71396,1
71397,1
71398,1
71399,4
71400,1
71401,1
71402,1
71403,1
71404,1
71405,1
71406,1
71407,1
71408,1
71409,1
71410,3
71411,1
71412,1
71413,1
71414,1
71415,1
71416,1
71417,1
71418,1
71419,1
71420,1
71421,1
71422,1
71423,1
71424,1
71425,1
71426,1
71427,1
71428,1
71429,1
71430,1
71431,1
71432,1
71433,1
71434,1
71435,1
71436,1
71437,1
71438,1
71439,1
71440,1
71441,1
71442,1
71443,1
71444,1
71445,1
71446,4
71447,1
71448,1
71449,1
71450,4
71451,1
71452,1
71453,4
71454,1
71455,1
71456,1
71457,4
71458,1
71459,4
71460,1
71461,1
71462,1
71463,1
71464,1
71465,1
71466,1
71467,1
71468,1
71469,1
71470,1
71471,1
71472,1
71473,1
71474,1
71475,4
71476,1
71477,1
71478,1
71479,1
71480,1
71481,1
71482,1
71483,1
71484,1
71485,1
71486,4
71487,1
71488,1
71489,1
71490,1
71491,1
71492,1
71493,1
71494,1
71495,1
71496,1
71497,1
71498,1
71499,1
71500,1
71501,1
71502,1
71503,1
71504,1
71505,1
71506,1
71507,1
71508,1
71509,1
71510,1
71511,1
71512,1
71513,1
71514,4
71515,3
71516,1
71517,1
71518,1
71519,1
71520,1
71521,1
71522,1
71523,1
71524,1
71525,1
71526,3
71527,4
71528,4
71529,1
71530,1
71531,4
71532,4
71533,1
71534,1
71535,1
71536,1
71537,4
71538,1
71539,1
71540,1
71541,1
71542,1
71543,1
71544,1
71545,1
71546,1
71547,4
71548,1
71549,1
71550,1
71551,1
71552,1
71553,1
71554,1
71555,1
71556,1
71557,1
71558,1
71559,1
71560,1
71561,1
71562,1
71563,1
71564,1
71565,4
71566,4
71567,4
71568,3
71569,4
71570,1
71571,1
71572,1
71573,1
71574,1
71575,1
71576,1
71577,1
71578,1
71579,1
71580,1
71581,1
71582,1
71583,1
71584,4
71585,1
71586,4
71587,1
71588,1
71589,3
71590,4
71591,1
71592,1
71593,1
71594,1
71595,1
71596,1
71597,3
71598,1
71599,1
71600,1
71601,1
71602,1
71603,1
71604,1
71605,1
71606,1
71607,1
71608,3
71609,1
71610,1
71611,1
71612,1
71613,1
71614,1
71615,1
71616,1
71617,1
71618,1
71619,1
71620,1
71621,1
71622,1
71623,1
71624,1
71625,1
71626,1
71627,4
71628,1
71629,1
71630,1
71631,1
71632,1
71633,1
71634,1
71635,1
71636,1
71637,4
71638,1
71639,3
71640,4
71641,1
71642,4
71643,1
71644,1
71645,1
71646,4
71647,1
71648,1
71649,1
71650,4
71651,1
71652,4
71653,1
71654,1
71655,1
71656,1
71657,1
71658,1
71659,1
71660,1
71661,1
71662,1
71663,1
71664,1
71665,1
71666,1
71667,1
71668,1
71669,1
71670,1
71671,1
71672,1
71673,1
71674,4
71675,1
71676,1
71677,1
71678,1
71679,1
71680,1
71681,1
71682,1
71683,1
71684,1
71685,1
71686,1
71687,1
71688,1
71689,4
71690,1
71691,1
71692,4
71693,1
71694,1
71695,4
71696,1
71697,1
71698,4
71699,4
71700,1
71701,1
71702,1
71703,1
71704,4
71705,4
71706,1
71707,4
71708,1
71709,1
71710,1
71711,1
71712,1
71713,1
71714,1
71715,1
71716,1
71717,1
71718,1
71719,1
71720,1
71721,1
71722,1
71723,1
71724,1
71725,1
71726,1
71727,1
71728,1
71729,4
71730,1
71731,1
71732,1
71733,1
71734,1
71735,1
71736,1
71737,1
71738,1
71739,1
71740,1
71741,1
71742,1
71743,1
71744,1
71745,1
71746,1
71747,4
71748,4
71749,1
71750,1
71751,1
71752,4
71753,1
71754,1
71755,1
71756,1
71757,1
71758,1
71759,1
71760,1
71761,1
71762,1
71763,1
71764,3
71765,1
71766,1
71767,3
71768,3
71769,1
71770,1
71771,1
71772,1
71773,1
71774,1
71775,1
71776,1
71777,1
71778,1
71779,1
71780,1
71781,1
71782,1
71783,1
71784,1
71785,1
71786,1
71787,1
71788,1
71789,4
71790,3
71791,1
71792,1
71793,1
71794,1
71795,1
71796,1
71797,1
71798,1
71799,1
71800,1
71801,1
71802,1
71803,1
71804,1
71805,1
71806,1
71807,1
71808,1
71809,1
71810,1
71811,1
71812,1
71813,1
71814,1
71815,1
71816,1
71817,1
71818,1
71819,3
71820,1
71821,1
71822,1
71823,1
71824,1
71825,1
71826,1
71827,4
71828,1
71829,1
71830,4
71831,1
71832,1
71833,1
71834,1
71835,1
71836,1
71837,1
71838,1
71839,1
71840,1
71841,1
71842,1
71843,1
71844,1
71845,1
71846,4
71847,1
71848,1
71849,1
71850,1
71851,1
71852,1
71853,1
71854,1
71855,1
71856,1
71857,1
71858,1
71859,1
71860,1
71861,1
71862,1
71863,1
71864,1
71865,1
71866,1
71867,1
71868,1
71869,4
71870,4
71871,1
71872,4
71873,1
71874,4
71875,1
71876,1
71877,4
71878,1
71879,1
71880,1
71881,1
71882,4
71883,1
71884,1
71885,4
71886,4
71887,1
71888,1
71889,1
71890,1
71891,3
71892,1
71893,1
71894,1
71895,1
71896,1
71897,1
71898,1
71899,1
71900,1
71901,4
71902,1
71903,1
71904,1
71905,1
71906,1
71907,1
71908,1
71909,1
71910,1
71911,1
71912,1
71913,1
71914,1
71915,1
71916,1
71917,1
71918,1
71919,1
71920,1
71921,1
71922,1
71923,1
71924,1
71925,1
71926,1
71927,1
71928,1
71929,1
71930,1
71931,1
71932,1
71933,1
71934,1
71935,1
71936,1
71937,1
71938,1
71939,4
71940,1
71941,1
71942,4
71943,4
71944,3
71945,1
71946,1
71947,4
71948,1
71949,1
71950,1
71951,1
71952,1
71953,1
71954,1
71955,1
71956,1
71957,1
71958,1
71959,1
71960,1
71961,1
71962,1
71963,1
71964,1
71965,1
71966,1
71967,1
71968,1
71969,1
71970,1
71971,1
71972,1
71973,1
71974,1
71975,1
71976,1
71977,1
71978,1
71979,3
71980,1
71981,1
71982,1
71983,1
71984,1
71985,1
71986,1
71987,1
71988,1
71989,1
71990,1
71991,1
71992,1
71993,1
71994,1
71995,1
71996,1
71997,1
71998,4
71999,1
72000,1
72001,1
72002,4
72003,1
72004,1
72005,1
72006,1
72007,1
72008,3
72009,1
72010,1
72011,1
72012,1
72013,1
72014,1
72015,1
72016,1
72017,1
72018,1
72019,1
72020,1
72021,1
72022,1
72023,1
72024,1
72025,1
72026,1
72027,1
72028,1
72029,1
72030,1
72031,1
72032,1
72033,1
72034,1
72035,1
72036,1
72037,1
72038,1
72039,1
72040,1
72041,1
72042,1
72043,1
72044,1
72045,1
72046,1
72047,1
72048,1
72049,1
72050,1
72051,4
72052,1
72053,1
72054,1
72055,1
72056,1
72057,1
72058,1
72059,1
72060,3
72061,1
72062,1
72063,1
72064,1
72065,1
72066,1
72067,1
72068,1
72069,1
72070,1
72071,1
72072,1
72073,1
72074,1
72075,1
72076,1
72077,4
72078,1
72079,4
72080,1
72081,1
72082,1
72083,1
72084,1
72085,1
72086,1
72087,1
72088,1
72089,3
72090,1
72091,1
72092,1
72093,1
72094,1
72095,1
72096,1
72097,4
72098,1
72099,1
72100,1
72101,1
72102,1
72103,1
72104,1
72105,1
72106,1
72107,1
72108,1
72109,1
72110,1
72111,1
72112,1
72113,1
72114,1
72115,1
72116,1
72117,1
72118,1
72119,1
72120,4
72121,1
72122,4
72123,1
72124,1
72125,1
72126,1
72127,1
72128,1
72129,1
72130,1
72131,1
72132,1
72133,1
72134,1
72135,1
72136,1
72137,1
72138,1
72139,1
72140,1
72141,1
72142,1
72143,1
72144,1
72145,1
72146,1
72147,1
72148,1
72149,4
72150,1
72151,4
72152,1
72153,1
72154,1
72155,1
72156,1
72157,1
72158,1
72159,4
72160,4
72161,4
72162,4
72163,1
72164,1
72165,1
72166,1
72167,1
72168,1
72169,1
72170,1
72171,4
72172,1
72173,1
72174,1
72175,1
72176,4
72177,1
72178,1
72179,1
72180,1
72181,1
72182,1
72183,1
72184,1
72185,1
72186,1
72187,1
72188,1
72189,1
72190,1
72191,1
72192,1
72193,1
72194,1
72195,1
72196,1
72197,1
72198,1
72199,1
72200,1
72201,1
72202,1
72203,1
72204,1
72205,1
72206,1
72207,1
72208,1
72209,1
72210,4
72211,4
72212,1
72213,1
72214,1
72215,4
72216,1
72217,1
72218,1
72219,3
72220,1
72221,1
72222,1
72223,3
72224,1
72225,1
72226,1
72227,1
72228,1
72229,1
72230,1
72231,3
72232,4
72233,1
72234,3
72235,1
72236,4
72237,1
72238,1
72239,1
72240,1
72241,1
72242,1
72243,1
72244,1
72245,1
72246,1
72247,1
72248,1
72249,1
72250,1
72251,1
72252,3
72253,1
72254,1
72255,1
72256,1
72257,1
72258,1
72259,1
72260,1
72261,1
72262,1
72263,1
72264,1
72265,1
72266,1
72267,4
72268,1
72269,1
72270,1
72271,4
72272,1
72273,1
72274,1
72275,1
72276,1
72277,1
72278,1
72279,1
72280,1
72281,4
72282,1
72283,1
72284,3
72285,1
72286,1
72287,4
72288,1
72289,1
72290,1
72291,1
72292,1
72293,1
72294,4
72295,1
72296,1
72297,1
72298,1
72299,1
72300,1
72301,1
72302,1
72303,1
72304,1
72305,1
72306,1
72307,1
72308,1
72309,1
72310,1
72311,1
72312,1
72313,1
72314,1
72315,1
72316,1
72317,1
72318,1
72319,4
72320,1
72321,1
72322,1
72323,1
72324,1
72325,1
72326,1
72327,1
72328,1
72329,1
72330,1
72331,4
72332,1
72333,1
72334,1
72335,1
72336,3
72337,1
72338,4
72339,4
72340,1
72341,1
72342,1
72343,1
72344,1
72345,1
72346,1
72347,1
72348,4
72349,1
72350,1
72351,1
72352,1
72353,1
72354,1
72355,1
72356,1
72357,1
72358,1
72359,1
72360,1
72361,1
72362,1
72363,1
72364,1
72365,1
72366,1
72367,4
72368,1
72369,1
72370,1
72371,1
72372,1
72373,1
72374,1
72375,1
72376,1
72377,1
72378,1
72379,1
72380,1
72381,1
72382,1
72383,4
72384,1
72385,1
72386,4
72387,1
72388,1
72389,1
72390,1
72391,1
72392,1
72393,1
72394,1
72395,4
72396,1
72397,4
72398,1
72399,4
72400,1
72401,1
72402,1
72403,1
72404,1
72405,1
72406,1
72407,1
72408,4
72409,1
72410,3
72411,1
72412,1
72413,1
72414,1
72415,1
72416,1
72417,1
72418,1
72419,1
72420,1
72421,1
72422,1
72423,1
72424,1
72425,1
72426,1
72427,4
72428,1
72429,1
72430,1
72431,1
72432,1
72433,1
72434,1
72435,1
72436,1
72437,1
72438,1
72439,1
72440,4
72441,1
72442,1
72443,1
72444,1
72445,1
72446,4
72447,1
72448,1
72449,3
72450,1
72451,1
72452,1
72453,1
72454,1
72455,4
72456,1
72457,1
72458,1
72459,4
72460,1
72461,4
72462,1
72463,4
72464,1
72465,4
72466,1
72467,1
72468,1
72469,1
72470,1
72471,1
72472,1
72473,1
72474,1
72475,1
72476,1
72477,1
72478,1
72479,1
72480,1
72481,1
72482,1
72483,1
72484,1
72485,1
72486,1
72487,1
72488,1
72489,1
72490,1
72491,1
72492,1
72493,1
72494,1
72495,1
72496,1
72497,1
72498,1
72499,1
72500,1
72501,1
72502,1
72503,1
72504,1
72505,1
72506,1
72507,4
72508,1
72509,1
72510,1
72511,1
72512,1
72513,1
72514,1
72515,1
72516,4
72517,1
72518,1
72519,1
72520,3
72521,1
72522,1
72523,1
72524,1
72525,1
72526,1
72527,1
72528,3
72529,3
72530,4
72531,1
72532,4
72533,1
72534,3
72535,1
72536,1
72537,1
72538,4
72539,1
72540,1
72541,4
72542,1
72543,1
72544,1
72545,1
72546,1
72547,3
72548,1
72549,1
72550,1
72551,1
72552,1
72553,1
72554,1
72555,1
72556,1
72557,1
72558,1
72559,1
72560,1
72561,1
72562,1
72563,1
72564,1
72565,1
72566,1
72567,1
72568,1
72569,1
72570,1
72571,1
72572,1
72573,1
72574,1
72575,1
72576,1
72577,1
72578,4
72579,1
72580,1
72581,1
72582,1
72583,1
72584,1
72585,1
72586,1
72587,1
72588,1
72589,1
72590,4
72591,1
72592,1
72593,1
72594,1
72595,1
72596,1
72597,4
72598,1
72599,1
72600,1
72601,1
72602,1
72603,4
72604,1
72605,1
72606,4
72607,1
72608,1
72609,4
72610,1
72611,1
72612,4
72613,1
72614,4
72615,1
72616,1
72617,4
72618,1
72619,1
72620,1
72621,1
72622,1
72623,1
72624,1
72625,4
72626,1
72627,1
72628,1
72629,1
72630,1
72631,1
72632,1
72633,1
72634,1
72635,1
72636,1
72637,1
72638,1
72639,1
72640,1
72641,1
72642,1
72643,1
72644,1
72645,1
72646,1
72647,1
72648,1
72649,1
72650,1
72651,1
72652,1
72653,1
72654,1
72655,1
72656,1
72657,1
72658,1
72659,1
72660,1
72661,1
72662,1
72663,1
72664,1
72665,4
72666,1
72667,1
72668,3
72669,1
72670,1
72671,1
72672,1
72673,1
72674,1
72675,1
72676,1
72677,1
72678,1
72679,1
72680,1
72681,1
72682,1
72683,1
72684,1
72685,1
72686,1
72687,1
72688,1
72689,1
72690,1
72691,1
72692,1
72693,1
72694,1
72695,1
72696,1
72697,1
72698,1
72699,1
72700,1
72701,1
72702,1
72703,1
72704,1
72705,4
72706,1
72707,4
72708,1
72709,1
72710,1
72711,1
72712,4
72713,1
72714,1
72715,1
72716,1
72717,1
72718,1
72719,1
72720,1
72721,1
72722,1
72723,1
72724,4
72725,1
72726,1
72727,4
72728,1
72729,4
72730,1
72731,1
72732,1
72733,1
72734,1
72735,1
72736,1
72737,1
72738,1
72739,1
72740,1
72741,1
72742,1
72743,1
72744,1
72745,1
72746,1
72747,1
72748,1
72749,1
72750,1
72751,1
72752,1
72753,1
72754,1
72755,1
72756,1
72757,1
72758,1
72759,1
72760,1
72761,1
72762,1
72763,1
72764,4
72765,1
72766,1
72767,4
72768,1
72769,4
72770,1
72771,4
72772,4
72773,1
72774,1
72775,1
72776,1
72777,1
72778,4
72779,4
72780,1
72781,1
72782,4
72783,1
72784,3
72785,1
72786,1
72787,1
72788,1
72789,1
72790,1
72791,1
72792,1
72793,1
72794,1
72795,1
72796,1
72797,1
72798,1
72799,1
72800,1
72801,1
72802,1
72803,1
72804,1
72805,1
72806,1
72807,1
72808,1
72809,1
72810,1
72811,1
72812,1
72813,1
72814,1
72815,1
72816,1
72817,4
72818,1
72819,1
72820,1
72821,4
72822,1
72823,1
72824,1
72825,1
72826,3
72827,4
72828,4
72829,4
72830,4
72831,1
72832,4
72833,1
72834,1
72835,1
72836,1
72837,1
72838,1
72839,1
72840,1
72841,1
72842,1
72843,1
72844,1
72845,1
72846,1
72847,1
72848,1
72849,1
72850,1
72851,1
72852,1
72853,1
72854,1
72855,1
72856,1
72857,1
72858,1
72859,1
72860,1
72861,1
72862,1
72863,1
72864,1
72865,1
72866,1
72867,1
72868,1
72869,1
72870,1
72871,1
72872,1
72873,1
72874,1
72875,1
72876,1
72877,1
72878,1
72879,1
72880,1
72881,1
72882,1
72883,1
72884,1
72885,4
72886,4
72887,4
72888,1
72889,1
72890,4
72891,1
72892,4
72893,1
72894,1
72895,1
72896,4
72897,1
72898,1
72899,4
72900,1
72901,1
72902,1
72903,1
72904,3
72905,4
72906,1
72907,1
72908,1
72909,1
72910,1
72911,1
72912,1
72913,1
72914,3
72915,1
72916,1
72917,1
72918,1
72919,1
72920,1
72921,1
72922,1
72923,1
72924,1
72925,1
72926,1
72927,1
72928,1
72929,1
72930,1
72931,1
72932,1
72933,1
72934,1
72935,1
72936,1
72937,1
72938,1
72939,1
72940,1
72941,1
72942,1
72943,1
72944,1
72945,1
72946,1
72947,1
72948,1
72949,1
72950,1
72951,1
72952,1
72953,1
72954,1
72955,1
72956,4
72957,4
72958,4
72959,1
72960,3
72961,4
72962,1
72963,3
72964,1
72965,1
72966,1
72967,4
72968,4
72969,1
72970,1
72971,4
72972,4
72973,1
72974,1
72975,1
72976,1
72977,1
72978,1
72979,1
72980,3
72981,1
72982,1
72983,1
72984,1
72985,1
72986,1
72987,1
72988,1
72989,1
72990,1
72991,1
72992,1
72993,1
72994,1
72995,1
72996,1
72997,1
72998,1
72999,1
73000,1
73001,1
73002,1
73003,1
73004,1
73005,1
73006,1
73007,1
73008,1
73009,1
73010,1
73011,1
73012,1
73013,1
73014,1
73015,1
73016,1
73017,1
73018,1
73019,1
73020,1
73021,4
73022,1
73023,1
73024,1
73025,1
73026,1
73027,1
73028,1
73029,4
73030,1
73031,1
73032,1
73033,1
73034,1
73035,1
73036,1
73037,1
73038,4
73039,1
73040,1
73041,1
73042,1
73043,1
73044,1
73045,1
73046,1
73047,1
73048,1
73049,1
73050,1
73051,1
73052,1
73053,1
73054,1
73055,1
73056,1
73057,1
73058,1
73059,1
73060,1
73061,1
73062,1
73063,1
73064,1
73065,1
73066,1
73067,1
73068,1
73069,1
73070,1
73071,1
73072,1
73073,1
73074,1
73075,1
73076,1
73077,1
73078,1
73079,1
73080,1
73081,1
73082,1
73083,4
73084,1
73085,1
73086,1
73087,1
73088,1
73089,1
73090,1
73091,1
73092,1
73093,1
73094,4
73095,1
73096,1
73097,1
73098,1
73099,1
73100,1
73101,1
73102,1
73103,1
73104,1
73105,1
73106,1
73107,1
73108,1
73109,1
73110,1
73111,1
73112,1
73113,1
73114,1
73115,4
73116,1
73117,1
73118,1
73119,1
73120,1
73121,4
73122,1
73123,1
73124,1
73125,1
73126,1
73127,1
73128,1
73129,1
73130,1
73131,1
73132,1
73133,1
73134,1
73135,1
73136,1
73137,1
73138,1
73139,1
73140,1
73141,1
73142,1
73143,1
73144,1
73145,3
73146,1
73147,1
73148,1
73149,1
73150,4
73151,1
73152,1
73153,1
73154,1
73155,1
73156,4
73157,1
73158,1
73159,1
73160,1
73161,1
73162,1
73163,1
73164,3
73165,1
73166,1
73167,1
73168,1
73169,1
73170,1
73171,1
73172,1
73173,4
73174,1
73175,1
73176,1
73177,1
73178,1
73179,1
73180,1
73181,1
73182,1
73183,1
73184,1
73185,1
73186,1
73187,1
73188,1
73189,1
73190,1
73191,1
73192,1
73193,4
73194,1
73195,1
73196,1
73197,1
73198,1
73199,1
73200,1
73201,1
73202,1
73203,1
73204,1
73205,1
73206,1
73207,1
73208,1
73209,2
73210,1
73211,1
73212,1
73213,4
73214,1
73215,1
73216,1
73217,1
73218,1
73219,4
73220,1
73221,1
73222,1
73223,1
73224,1
73225,1
73226,1
73227,4
73228,1
73229,1
73230,1
73231,1
73232,1
73233,1
73234,1
73235,1
73236,1
73237,1
73238,1
73239,1
73240,1
73241,1
73242,1
73243,1
73244,1
73245,1
73246,1
73247,1
73248,1
73249,1
73250,1
73251,1
73252,1
73253,1
73254,1
73255,1
73256,1
73257,1
73258,1
73259,1
73260,1
73261,1
73262,1
73263,1
73264,1
73265,1
73266,1
73267,1
73268,1
73269,1
73270,1
73271,1
73272,1
73273,1
73274,4
73275,1
73276,1
73277,1
73278,1
73279,1
73280,4
73281,1
73282,1
73283,4
73284,1
73285,1
73286,1
73287,1
73288,1
73289,1
73290,1
73291,1
73292,1
73293,1
73294,1
73295,1
73296,1
73297,1
73298,3
73299,1
73300,1
73301,3
73302,1
73303,1
73304,1
73305,1
73306,1
73307,1
73308,1
73309,1
73310,1
73311,1
73312,1
73313,1
73314,1
73315,1
73316,1
73317,1
73318,1
73319,1
73320,1
73321,1
73322,1
73323,1
73324,1
73325,1
73326,1
73327,1
73328,1
73329,1
73330,1
73331,1
73332,1
73333,1
73334,1
73335,1
73336,4
73337,1
73338,1
73339,1
73340,4
73341,1
73342,1
73343,1
73344,4
73345,1
73346,1
73347,1
73348,1
73349,1
73350,1
73351,1
73352,1
73353,1
73354,1
73355,1
73356,1
73357,1
73358,1
73359,1
73360,1
73361,1
73362,1
73363,1
73364,1
73365,1
73366,1
73367,1
73368,1
73369,1
73370,1
73371,1
73372,1
73373,1
73374,1
73375,1
73376,1
73377,1
73378,1
73379,1
73380,1
73381,1
73382,1
73383,1
73384,1
73385,1
73386,1
73387,1
73388,1
73389,1
73390,1
73391,1
73392,1
73393,1
73394,1
73395,4
73396,1
73397,3
73398,1
73399,1
73400,1
73401,3
73402,1
73403,4
73404,1
73405,1
73406,1
73407,1
73408,1
73409,1
73410,1
73411,1
73412,1
73413,1
73414,1
73415,1
73416,1
73417,1
73418,3
73419,1
73420,1
73421,1
73422,1
73423,1
73424,1
73425,1
73426,1
73427,1
73428,1
73429,1
73430,1
73431,1
73432,1
73433,1
73434,1
73435,1
73436,1
73437,1
73438,1
73439,1
73440,1
73441,1
73442,1
73443,1
73444,1
73445,1
73446,1
73447,1
73448,1
73449,1
73450,1
73451,1
73452,1
73453,1
73454,1
73455,1
73456,4
73457,1
73458,1
73459,4
73460,1
73461,1
73462,1
73463,1
73464,1
73465,4
73466,1
73467,1
73468,1
73469,1
73470,1
73471,1
73472,1
73473,1
73474,1
73475,1
73476,1
73477,1
73478,1
73479,1
73480,1
73481,1
73482,1
73483,1
73484,1
73485,1
73486,1
73487,1
73488,1
73489,1
73490,1
73491,1
73492,1
73493,1
73494,1
73495,1
73496,1
73497,1
73498,1
73499,1
73500,1
73501,1
73502,1
73503,1
73504,1
73505,1
73506,4
73507,1
73508,1
73509,1
73510,1
73511,1
73512,1
73513,1
73514,1
73515,1
73516,1
73517,1
73518,1
73519,1
73520,1
73521,1
73522,1
73523,1
73524,1
73525,1
73526,1
73527,1
73528,1
73529,1
73530,4
73531,1
73532,1
73533,1
73534,1
73535,1
73536,1
73537,1
73538,1
73539,1
73540,1
73541,1
73542,1
73543,1
73544,1
73545,1
73546,1
73547,1
73548,1
73549,1
73550,1
73551,1
73552,1
73553,1
73554,1
73555,1
73556,1
73557,1
73558,1
73559,1
73560,1
73561,1
73562,1
73563,1
73564,1
73565,1
73566,1
73567,1
73568,1
73569,1
73570,1
73571,1
73572,1
73573,1
73574,1
73575,1
73576,1
73577,1
73578,3
73579,1
73580,1
73581,1
73582,3
73583,1
73584,1
73585,1
73586,1
73587,1
73588,1
73589,1
73590,1
73591,1
73592,1
73593,1
73594,1
73595,1
73596,1
73597,1
73598,1
73599,1
73600,1
73601,1
73602,1
73603,1
73604,1
73605,1
73606,1
73607,1
73608,1
73609,1
73610,1
73611,1
73612,1
73613,1
73614,1
73615,1
73616,1
73617,1
73618,1
73619,1
73620,4
73621,1
73622,1
73623,1
73624,1
73625,1
73626,1
73627,4
73628,1
73629,1
73630,1
73631,1
73632,4
73633,4
73634,1
73635,1
73636,1
73637,1
73638,1
73639,1
73640,4
73641,1
73642,1
73643,1
73644,1
73645,1
73646,1
73647,1
73648,1
73649,1
73650,1
73651,1
73652,1
73653,1
73654,1
73655,1
73656,1
73657,1
73658,1
73659,1
73660,1
73661,1
73662,1
73663,1
73664,1
73665,1
73666,1
73667,1
73668,1
73669,1
73670,1
73671,1
73672,1
73673,1
73674,1
73675,1
73676,1
73677,1
73678,4
73679,1
73680,1
73681,1
73682,1
73683,4
73684,1
73685,1
73686,1
73687,1
73688,1
73689,1
73690,1
73691,1
73692,1
73693,1
73694,1
73695,1
73696,1
73697,1
73698,1
73699,1
73700,1
73701,1
73702,1
73703,1
73704,1
73705,1
73706,1
73707,1
73708,1
73709,1
73710,1
73711,1
73712,1
73713,1
73714,1
73715,1
73716,1
73717,1
73718,1
73719,1
73720,1
73721,1
73722,1
73723,1
73724,1
73725,1
73726,1
73727,1
73728,1
73729,1
73730,1
73731,1
73732,1
73733,1
73734,1
73735,1
73736,1
73737,1
73738,1
73739,1
73740,1
73741,1
73742,1
73743,1
73744,1
73745,1
73746,1
73747,1
73748,1
73749,1
73750,1
73751,1
73752,1
73753,1
73754,1
73755,1
73756,1
73757,1
73758,1
73759,1
73760,1
73761,1
73762,1
73763,1
73764,1
73765,1
73766,1
73767,1
73768,1
73769,1
73770,1
73771,1
73772,1
73773,1
73774,1
73775,3
73776,1
73777,1
73778,1
73779,1
73780,1
73781,1
73782,1
73783,1
73784,1
73785,1
73786,1
73787,1
73788,1
73789,1
73790,1
73791,1
73792,1
73793,1
73794,1
73795,1
73796,1
73797,1
73798,1
73799,1
73800,1
73801,1
73802,1
73803,1
73804,1
73805,1
73806,1
73807,1
73808,1
73809,1
73810,1
73811,1
73812,4
73813,1
73814,1
73815,1
73816,4
73817,4
73818,1
73819,4
73820,1
73821,4
73822,1
73823,1
73824,1
73825,1
73826,1
73827,1
73828,1
73829,1
73830,1
73831,1
73832,1
73833,1
73834,1
73835,1
73836,1
73837,1
73838,1
73839,1
73840,1
73841,1
73842,1
73843,1
73844,1
73845,1
73846,1
73847,1
73848,1
73849,1
73850,1
73851,1
73852,1
73853,1
73854,1
73855,1
73856,1
73857,1
73858,1
73859,1
73860,1
73861,1
73862,1
73863,1
73864,1
73865,4
73866,1
73867,1
73868,1
73869,1
73870,1
73871,1
73872,4
73873,1
73874,3
73875,4
73876,1
73877,1
73878,1
73879,1
73880,1
73881,1
73882,1
73883,1
73884,1
73885,1
73886,1
73887,1
73888,1
73889,1
73890,1
73891,1
73892,1
73893,1
73894,4
73895,1
73896,1
73897,1
73898,1
73899,1
73900,1
73901,1
73902,1
73903,1
73904,1
73905,1
73906,1
73907,1
73908,1
73909,1
73910,1
73911,1
73912,1
73913,1
73914,1
73915,1
73916,1
73917,1
73918,1
73919,1
73920,1
73921,1
73922,1
73923,1
73924,1
73925,1
73926,1
73927,1
73928,1
73929,1
73930,1
73931,1
73932,1
73933,1
73934,1
73935,3
73936,1
73937,1
73938,1
73939,1
73940,1
73941,1
73942,1
73943,1
73944,1
73945,1
73946,4
73947,1
73948,1
73949,1
73950,1
73951,1
73952,4
73953,1
73954,1
73955,1
73956,1
73957,1
73958,1
73959,1
73960,1
73961,1
73962,4
73963,1
73964,1
73965,3
73966,3
73967,1
73968,1
73969,1
73970,1
73971,1
73972,1
73973,1
73974,1
73975,1
73976,1
73977,1
73978,1
73979,1
73980,1
73981,1
73982,1
73983,1
73984,1
73985,1
73986,1
73987,1
73988,1
73989,1
73990,1
73991,1
73992,1
73993,1
73994,1
73995,1
73996,1
73997,1
73998,1
73999,1
74000,1
74001,1
74002,1
74003,4
74004,1
74005,1
74006,4
74007,1
74008,4
74009,1
74010,1
74011,1
74012,1
74013,1
74014,1
74015,1
74016,1
74017,1
74018,1
74019,1
74020,1
74021,1
74022,1
74023,1
74024,3
74025,1
74026,1
74027,1
74028,1
74029,1
74030,1
74031,1
74032,4
74033,1
74034,1
74035,1
74036,1
74037,1
74038,4
74039,1
74040,1
74041,1
74042,1
74043,1
74044,1
74045,1
74046,1
74047,1
74048,1
74049,1
74050,1
74051,1
74052,1
74053,1
74054,1
74055,1
74056,1
74057,1
74058,1
74059,1
74060,4
74061,4
74062,1
74063,1
74064,1
74065,1
74066,3
74067,1
74068,1
74069,1
74070,1
74071,1
74072,1
74073,1
74074,1
74075,1
74076,1
74077,1
74078,1
74079,3
74080,1
74081,1
74082,1
74083,1
74084,1
74085,1
74086,1
74087,1
74088,1
74089,1
74090,1
74091,3
74092,1
74093,1
74094,1
74095,1
74096,1
74097,1
74098,1
74099,1
74100,1
74101,1
74102,1
74103,1
74104,1
74105,1
74106,1
74107,1
74108,1
74109,1
74110,1
74111,1
74112,1
74113,1
74114,1
74115,1
74116,1
74117,1
74118,1
74119,1
74120,4
74121,1
74122,1
74123,1
74124,1
74125,3
74126,1
74127,1
74128,1
74129,1
74130,1
74131,1
74132,1
74133,1
74134,1
74135,1
74136,1
74137,1
74138,1
74139,3
74140,1
74141,1
74142,1
74143,1
74144,1
74145,1
74146,1
74147,1
74148,1
74149,1
74150,1
74151,1
74152,1
74153,1
74154,1
74155,1
74156,1
74157,1
74158,1
74159,1
74160,1
74161,1
74162,1
74163,1
74164,1
74165,1
74166,1
74167,1
74168,1
74169,1
74170,1
74171,1
74172,1
74173,1
74174,1
74175,1
74176,1
74177,4
74178,1
74179,1
74180,1
74181,3
74182,1
74183,1
74184,1
74185,1
74186,1
74187,1
74188,1
74189,4
74190,1
74191,1
74192,1
74193,1
74194,1
74195,1
74196,1
74197,1
74198,3
74199,3
74200,1
74201,3
74202,1
74203,1
74204,1
74205,1
74206,1
74207,1
74208,1
74209,1
74210,1
74211,1
74212,1
74213,1
74214,1
74215,1
74216,1
74217,1
74218,1
74219,1
74220,1
74221,1
74222,1
74223,1
74224,1
74225,1
74226,1
74227,1
74228,1
74229,1
74230,1
74231,1
74232,1
74233,1
74234,1
74235,1
74236,1
74237,1
74238,1
74239,1
74240,1
74241,1
74242,4
74243,1
74244,1
74245,1
74246,1
74247,1
74248,1
74249,1
74250,1
74251,3
74252,1
74253,1
74254,1
74255,1
74256,1
74257,4
74258,1
74259,1
74260,1
74261,1
74262,1
74263,1
74264,1
74265,1
74266,1
74267,1
74268,1
74269,1
74270,3
74271,1
74272,1
74273,1
74274,1
74275,1
74276,1
74277,1
74278,1
74279,1
74280,1
74281,1
74282,1
74283,1
74284,1
74285,1
74286,1
74287,1
74288,1
74289,1
74290,1
74291,1
74292,1
74293,1
74294,1
74295,1
74296,1
74297,1
74298,1
74299,1
74300,1
74301,1
74302,1
74303,4
74304,1
74305,1
74306,4
74307,1
74308,1
74309,1
74310,1
74311,1
74312,3
74313,1
74314,4
74315,1
74316,1
74317,1
74318,1
74319,1
74320,1
74321,1
74322,1
74323,1
74324,1
74325,1
74326,1
74327,1
74328,1
74329,1
74330,1
74331,1
74332,1
74333,1
74334,1
74335,1
74336,1
74337,1
74338,1
74339,1
74340,1
74341,1
74342,1
74343,1
74344,1
74345,1
74346,1
74347,1
74348,1
74349,1
74350,4
74351,1
74352,1
74353,3
74354,1
74355,1
74356,1
74357,1
74358,1
74359,1
74360,1
74361,1
74362,1
74363,1
74364,1
74365,1
74366,1
74367,1
74368,1
74369,1
74370,3
74371,1
74372,1
74373,1
74374,1
74375,1
74376,1
74377,1
74378,1
74379,1
74380,1
74381,1
74382,1
74383,1
74384,1
74385,1
74386,1
74387,1
74388,1
74389,1
74390,1
74391,1
74392,1
74393,1
74394,1
74395,1
74396,1
74397,4
74398,1
74399,1
74400,1
74401,3
74402,1
74403,1
74404,1
74405,4
74406,1
74407,1
74408,1
74409,1
74410,1
74411,1
74412,3
74413,1
74414,1
74415,1
74416,1
74417,1
74418,1
74419,4
74420,1
74421,1
74422,1
74423,1
74424,1
74425,1
74426,1
74427,1
74428,1
74429,1
74430,1
74431,1
74432,1
74433,1
74434,1
74435,1
74436,1
74437,1
74438,1
74439,1
74440,1
74441,1
74442,1
74443,1
74444,1
74445,1
74446,1
74447,1
74448,4
74449,1
74450,1
74451,3
74452,1
74453,1
74454,1
74455,1
74456,1
74457,1
74458,1
74459,1
74460,1
74461,1
74462,1
74463,1
74464,1
74465,1
74466,1
74467,1
74468,1
74469,1
74470,1
74471,1
74472,1
74473,1
74474,1
74475,1
74476,1
74477,1
74478,1
74479,1
74480,1
74481,1
74482,1
74483,1
74484,1
74485,1
74486,1
74487,1
74488,1
74489,1
74490,1
74491,1
74492,1
74493,1
74494,1
74495,1
74496,1
74497,1
74498,4
74499,4
74500,4
74501,1
74502,1
74503,1
74504,1
74505,1
74506,1
74507,3
74508,1
74509,1
74510,1
74511,1
74512,1
74513,1
74514,1
74515,1
74516,1
74517,1
74518,1
74519,1
74520,1
74521,1
74522,1
74523,1
74524,1
74525,1
74526,1
74527,1
74528,1
74529,1
74530,1
74531,1
74532,1
74533,1
74534,1
74535,1
74536,1
74537,1
74538,1
74539,1
74540,1
74541,1
74542,1
74543,1
74544,1
74545,1
74546,1
74547,1
74548,1
74549,1
74550,1
74551,1
74552,1
74553,1
74554,1
74555,4
74556,1
74557,1
74558,1
74559,1
74560,1
74561,4
74562,1
74563,1
74564,1
74565,1
74566,1
74567,1
74568,1
74569,1
74570,1
74571,1
74572,1
74573,1
74574,1
74575,1
74576,1
74577,1
74578,1
74579,1
74580,1
74581,1
74582,1
74583,1
74584,1
74585,1
74586,4
74587,1
74588,1
74589,1
74590,1
74591,1
74592,1
74593,1
74594,1
74595,1
74596,1
74597,1
74598,1
74599,4
74600,4
74601,1
74602,1
74603,1
74604,1
74605,1
74606,1
74607,1
74608,1
74609,1
74610,1
74611,1
74612,1
74613,1
74614,1
74615,1
74616,1
74617,1
74618,1
74619,1
74620,1
74621,3
74622,1
74623,1
74624,4
74625,1
74626,1
74627,1
74628,1
74629,1
74630,1
74631,1
74632,1
74633,1
74634,1
74635,1
74636,1
74637,1
74638,1
74639,1
74640,1
74641,1
74642,1
74643,1
74644,1
74645,1
74646,1
74647,1
74648,1
74649,1
74650,1
74651,1
74652,1
74653,1
74654,1
74655,1
74656,1
74657,1
74658,1
74659,1
74660,1
74661,1
74662,1
74663,1
74664,1
74665,1
74666,1
74667,1
74668,1
74669,1
74670,1
74671,1
74672,4
74673,1
74674,1
74675,4
74676,3
74677,1
74678,1
74679,1
74680,1
74681,1
74682,1
74683,1
74684,1
74685,1
74686,1
74687,1
74688,1
74689,1
74690,1
74691,1
74692,1
74693,1
74694,1
74695,1
74696,3
74697,1
74698,1
74699,1
74700,1
74701,1
74702,1
74703,1
74704,1
74705,1
74706,1
74707,1
74708,1
74709,1
74710,1
74711,1
74712,1
74713,1
74714,1
74715,1
74716,1
74717,1
74718,1
74719,1
74720,4
74721,1
74722,1
74723,3
74724,1
74725,1
74726,1
74727,1
74728,1
74729,1
74730,1
74731,1
74732,1
74733,1
74734,3
74735,1
74736,1
74737,1
74738,1
74739,1
74740,1
74741,1
74742,1
74743,1
74744,1
74745,1
74746,1
74747,1
74748,1
74749,1
74750,1
74751,1
74752,1
74753,1
74754,1
74755,1
74756,1
74757,1
74758,1
74759,1
74760,1
74761,1
74762,1
74763,4
74764,1
74765,1
74766,1
74767,1
74768,1
74769,1
74770,3
74771,1
74772,1
74773,1
74774,1
74775,1
74776,1
74777,1
74778,1
74779,1
74780,1
74781,1
74782,1
74783,1
74784,1
74785,1
74786,1
74787,1
74788,1
74789,1
74790,1
74791,1
74792,1
74793,4
74794,1
74795,4
74796,4
74797,3
74798,1
74799,1
74800,1
74801,1
74802,4
74803,1
74804,1
74805,1
74806,1
74807,1
74808,1
74809,1
74810,4
74811,1
74812,1
74813,1
74814,1
74815,1
74816,1
74817,1
74818,1
74819,1
74820,1
74821,1
74822,1
74823,1
74824,1
74825,1
74826,1
74827,1
74828,1
74829,1
74830,1
74831,1
74832,1
74833,1
74834,1
74835,1
74836,1
74837,1
74838,1
74839,1
74840,1
74841,1
74842,1
74843,1
74844,1
74845,1
74846,1
74847,1
74848,1
74849,1
74850,1
74851,1
74852,1
74853,1
74854,1
74855,1
74856,4
74857,1
74858,1
74859,1
74860,1
74861,1
74862,1
74863,1
74864,1
74865,1
74866,1
74867,1
74868,1
74869,1
74870,1
74871,1
74872,4
74873,1
74874,1
74875,1
74876,1
74877,1
74878,1
74879,1
74880,1
74881,1
74882,1
74883,1
74884,1
74885,1
74886,1
74887,1
74888,1
74889,1
74890,1
74891,1
74892,1
74893,1
74894,1
74895,1
74896,1
74897,1
74898,1
74899,1
74900,1
74901,1
74902,1
74903,1
74904,1
74905,1
74906,1
74907,1
74908,1
74909,1
74910,4
74911,4
74912,1
74913,1
74914,1
74915,1
74916,1
74917,1
74918,1
74919,1
74920,1
74921,1
74922,1
74923,1
74924,1
74925,1
74926,1
74927,1
74928,1
74929,1
74930,1
74931,1
74932,1
74933,1
74934,1
74935,1
74936,1
74937,1
74938,1
74939,1
74940,1
74941,1
74942,1
74943,1
74944,1
74945,4
74946,1
74947,1
74948,1
74949,1
74950,1
74951,1
74952,1
74953,1
74954,1
74955,1
74956,1
74957,1
74958,1
74959,1
74960,1
74961,1
74962,1
74963,1
74964,1
74965,1
74966,1
74967,1
74968,1
74969,1
74970,1
74971,1
74972,1
74973,1
74974,1
74975,1
74976,1
74977,1
74978,1
74979,1
74980,1
74981,1
74982,1
74983,1
74984,1
74985,1
74986,1
74987,1
74988,1
74989,1
74990,1
74991,1
74992,1
74993,1
74994,1
74995,1
74996,1
74997,1
74998,1
74999,1
75000,1
75001,1
75002,1
75003,1
75004,1
75005,1
75006,1
75007,1
75008,1
75009,1
75010,1
75011,1
75012,1
75013,1
75014,1
75015,1
75016,1
75017,1
75018,1
75019,1
75020,1
75021,1
75022,1
75023,1
75024,1
75025,1
75026,1
75027,1
75028,1
75029,1
75030,1
75031,1
75032,1
75033,1
75034,1
75035,1
75036,1
75037,1
75038,1
75039,1
75040,1
75041,1
75042,1
75043,1
75044,1
75045,1
75046,1
75047,1
75048,1
75049,1
75050,1
75051,1
75052,1
75053,1
75054,1
75055,1
75056,1
75057,1
75058,1
75059,1
75060,1
75061,3
75062,1
75063,1
75064,1
75065,1
75066,1
75067,1
75068,1
75069,1
75070,1
75071,1
75072,1
75073,1
75074,1
75075,1
75076,1
75077,1
75078,1
75079,1
75080,1
75081,1
75082,1
75083,1
75084,1
75085,1
75086,1
75087,1
75088,1
75089,1
75090,4
75091,1
75092,1
75093,1
75094,1
75095,1
75096,1
75097,1
75098,1
75099,1
75100,1
75101,1
75102,1
75103,1
75104,1
75105,1
75106,1
75107,1
75108,1
75109,1
75110,1
75111,1
75112,1
75113,1
75114,1
75115,1
75116,1
75117,1
75118,4
75119,1
75120,1
75121,1
75122,1
75123,4
75124,1
75125,1
75126,1
75127,1
75128,1
75129,1
75130,1
75131,1
75132,1
75133,1
75134,1
75135,1
75136,1
75137,1
75138,1
75139,1
75140,1
75141,1
75142,1
75143,1
75144,1
75145,1
75146,1
75147,1
75148,1
75149,1
75150,1
75151,1
75152,1
75153,1
75154,1
75155,1
75156,1
75157,1
75158,1
75159,1
75160,1
75161,1
75162,1
75163,1
75164,1
75165,1
75166,1
75167,1
75168,1
75169,1
75170,1
75171,1
75172,4
75173,1
75174,1
75175,1
75176,1
75177,4
75178,1
75179,1
75180,1
75181,1
75182,1
75183,1
75184,1
75185,1
75186,1
75187,1
75188,1
75189,1
75190,1
75191,1
75192,1
75193,1
75194,1
75195,1
75196,1
75197,1
75198,1
75199,1
75200,4
75201,1
75202,1
75203,1
75204,1
75205,1
75206,1
75207,1
75208,1
75209,1
75210,1
75211,1
75212,1
75213,1
75214,1
75215,1
75216,1
75217,1
75218,1
75219,1
75220,1
75221,1
75222,1
75223,1
75224,1
75225,1
75226,1
75227,1
75228,1
75229,1
75230,4
75231,1
75232,1
75233,1
75234,1
75235,1
75236,1
75237,1
75238,1
75239,1
75240,1
75241,1
75242,1
75243,1
75244,1
75245,1
75246,1
75247,1
75248,1
75249,1
75250,1
75251,1
75252,1
75253,1
75254,1
75255,1
75256,1
75257,1
75258,1
75259,1
75260,1
75261,1
75262,1
75263,1
75264,1
75265,1
75266,1
75267,1
75268,1
75269,1
75270,1
75271,1
75272,1
75273,1
75274,1
75275,1
75276,1
75277,1
75278,1
75279,1
75280,1
75281,1
75282,1
75283,1
75284,1
75285,4
75286,1
75287,1
75288,1
75289,3
75290,1
75291,1
75292,3
75293,1
75294,1
75295,1
75296,4
75297,1
75298,1
75299,1
75300,1
75301,1
75302,1
75303,1
75304,1
75305,1
75306,1
75307,1
75308,1
75309,4
75310,1
75311,1
75312,1
75313,1
75314,1
75315,1
75316,1
75317,1
75318,1
75319,1
75320,1
75321,1
75322,1
75323,1
75324,1
75325,1
75326,1
75327,1
75328,1
75329,4
75330,1
75331,1
75332,1
75333,1
75334,1
75335,1
75336,1
75337,1
75338,3
75339,1
75340,1
75341,1
75342,1
75343,1
75344,1
75345,1
75346,1
75347,1
75348,1
75349,1
75350,1
75351,1
75352,1
75353,1
75354,1
75355,1
75356,1
75357,1
75358,1
75359,1
75360,1
75361,1
75362,1
75363,1
75364,1
75365,4
75366,1
75367,1
75368,4
75369,1
75370,1
75371,4
75372,4
75373,1
75374,1
75375,1
75376,1
75377,1
75378,1
75379,1
75380,1
75381,1
75382,4
75383,4
75384,1
75385,1
75386,1
75387,1
75388,1
75389,1
75390,4
75391,1
75392,4
75393,1
75394,1
75395,1
75396,1
75397,1
75398,1
75399,1
75400,1
75401,1
75402,1
75403,1
75404,1
75405,1
75406,1
75407,1
75408,1
75409,1
75410,1
75411,1
75412,1
75413,1
75414,1
75415,1
75416,1
75417,1
75418,1
75419,1
75420,1
75421,1
75422,1
75423,1
75424,1
75425,1
75426,1
75427,4
75428,1
75429,1
75430,1
75431,1
75432,1
75433,1
75434,1
75435,1
75436,1
75437,1
75438,1
75439,1
75440,1
75441,1
75442,1
75443,1
75444,1
75445,1
75446,1
75447,1
75448,1
75449,1
75450,1
75451,1
75452,1
75453,1
75454,3
75455,1
75456,1
75457,1
75458,1
75459,1
75460,1
75461,4
75462,1
75463,1
75464,1
75465,1
75466,1
75467,1
75468,1
75469,1
75470,1
75471,1
75472,1
75473,1
75474,1
75475,1
75476,1
75477,1
75478,1
75479,1
75480,1
75481,1
75482,1
75483,1
75484,1
75485,1
75486,1
75487,1
75488,1
75489,1
75490,1
75491,1
75492,1
75493,1
75494,1
75495,1
75496,1
75497,1
75498,1
75499,1
75500,1
75501,1
75502,1
75503,1
75504,1
75505,1
75506,1
75507,1
75508,1
75509,1
75510,1
75511,1
75512,1
75513,1
75514,1
75515,1
75516,1
75517,1
75518,1
75519,1
75520,1
75521,1
75522,1
75523,1
75524,1
75525,1
75526,1
75527,1
75528,1
75529,1
75530,1
75531,1
75532,1
75533,1
75534,1
75535,1
75536,1
75537,1
75538,1
75539,1
75540,1
75541,1
75542,1
75543,1
75544,1
75545,1
75546,1
75547,1
75548,1
75549,1
75550,1
75551,1
75552,1
75553,1
75554,1
75555,1
75556,1
75557,1
75558,1
75559,1
75560,1
75561,1
75562,1
75563,1
75564,1
75565,1
75566,1
75567,1
75568,1
75569,1
75570,1
75571,1
75572,1
75573,1
75574,1
75575,1
75576,1
75577,1
75578,1
75579,1
75580,1
75581,1
75582,1
75583,1
75584,1
75585,1
75586,1
75587,1
75588,1
75589,1
75590,1
75591,1
75592,1
75593,1
75594,1
75595,1
75596,1
75597,1
75598,1
75599,1
75600,1
75601,1
75602,1
75603,1
75604,1
75605,1
75606,4
75607,1
75608,1
75609,1
75610,1
75611,1
75612,1
75613,1
75614,1
75615,1
75616,1
75617,1
75618,1
75619,1
75620,1
75621,4
75622,1
75623,1
75624,4
75625,1
75626,1
75627,1
75628,1
75629,1
75630,1
75631,1
75632,1
75633,1
75634,4
75635,1
75636,4
75637,1
75638,1
75639,1
75640,1
75641,1
75642,1
75643,1
75644,1
75645,1
75646,1
75647,1
75648,1
75649,1
75650,1
75651,1
75652,1
75653,1
75654,1
75655,1
75656,1
75657,1
75658,4
75659,3
75660,1
75661,1
75662,1
75663,4
75664,1
75665,1
75666,1
75667,1
75668,4
75669,1
75670,1
75671,1
75672,1
75673,1
75674,1
75675,1
75676,1
75677,1
75678,1
75679,1
75680,1
75681,1
75682,1
75683,1
75684,1
75685,1
75686,1
75687,1
75688,4
75689,1
75690,1
75691,1
75692,4
75693,1
75694,4
75695,1
75696,1
75697,1
75698,1
75699,1
75700,1
75701,1
75702,1
75703,1
75704,1
75705,1
75706,1
75707,1
75708,1
75709,1
75710,1
75711,1
75712,1
75713,1
75714,1
75715,1
75716,4
75717,1
75718,1
75719,1
75720,1
75721,1
75722,1
75723,1
75724,1
75725,1
75726,1
75727,1
75728,1
75729,1
75730,1
75731,1
75732,1
75733,1
75734,1
75735,1
75736,1
75737,1
75738,1
75739,1
75740,1
75741,1
75742,1
75743,1
75744,1
75745,1
75746,1
75747,1
75748,1
75749,1
75750,5
75751,5
75752,5
75753,5
75754,5
75755,5
75756,5
75757,5
75758,5
75759,5
75760,5
75761,5
75762,5
75763,5
75764,5
75765,5
75766,5
75767,5
75768,5
75769,5
75770,5
75771,5
75772,5
75773,5
75774,3
75775,5
75776,5
75777,5
75778,5
75779,5
75780,5
75781,5
75782,5
75783,5
75784,5
75785,5
75786,5
75787,5
75788,5
75789,5
75790,5
75791,5
75792,5
75793,5
75794,5
75795,5
75796,5
75797,5
75798,5
75799,5
75800,5
75801,5
75802,5
75803,5
75804,5
75805,5
75806,5
75807,5
75808,5
75809,5
75810,5
75811,3
75812,5
75813,5
75814,5
75815,5
75816,5
75817,5
75818,5
75819,5
75820,5
75821,5
75822,5
75823,3
75824,5
75825,5
75826,5
75827,5
75828,5
75829,5
75830,5
75831,3
75832,5
75833,5
75834,5
75835,5
75836,5
75837,5
75838,5
75839,5
75840,5
75841,5
75842,5
75843,5
75844,5
75845,5
75846,5
75847,5
75848,5
75849,5
75850,5
75851,5
75852,5
75853,5
75854,5
75855,5
75856,5
75857,5
75858,5
75859,5
75860,5
75861,5
75862,5
75863,5
75864,5
75865,5
75866,5
75867,5
75868,5
75869,5
75870,5
75871,5
75872,5
75873,5
75874,5
75875,5
75876,5
75877,5
75878,5
75879,5
75880,5
75881,5
75882,5
75883,5
75884,5
75885,5
75886,5
75887,5
75888,5
75889,5
75890,5
75891,5
75892,5
75893,5
75894,5
75895,5
75896,5
75897,5
75898,3
75899,5
75900,5
75901,5
75902,5
75903,5
75904,5
75905,5
75906,5
75907,5
75908,5
75909,5
75910,5
75911,5
75912,5
75913,5
75914,5
75915,5
75916,5
75917,5
75918,5
75919,5
75920,5
75921,5
75922,5
75923,5
75924,5
75925,5
75926,5
75927,5
75928,5
75929,5
75930,5
75931,5
75932,5
75933,5
75934,5
75935,5
75936,5
75937,5
75938,5
75939,3
75940,5
75941,5
75942,5
75943,5
75944,5
75945,5
75946,5
75947,5
75948,3
75949,5
75950,5
75951,5
75952,5
75953,3
75954,5
75955,5
75956,5
75957,5
75958,5
75959,5
75960,5
75961,5
75962,5
75963,5
75964,5
75965,5
75966,5
75967,5
75968,5
75969,5
75970,5
75971,5
75972,5
75973,5
75974,5
75975,5
75976,5
75977,5
75978,5
75979,5
75980,5
75981,5
75982,5
75983,5
75984,5
75985,5
75986,5
75987,5
75988,5
75989,5
75990,5
75991,5
75992,5
75993,5
75994,5
75995,5
75996,5
75997,5
75998,5
75999,5
76000,5
76001,5
76002,5
76003,5
76004,5
76005,5
76006,5
76007,5
76008,5
76009,5
76010,5
76011,5
76012,5
76013,5
76014,5
76015,5
76016,5
76017,5
76018,5
76019,5
76020,5
76021,5
76022,5
76023,5
76024,5
76025,5
76026,5
76027,5
76028,5
76029,5
76030,5
76031,5
76032,5
76033,5
76034,5
76035,5
76036,5
76037,5
76038,5
76039,5
76040,5
76041,5
76042,5
76043,5
76044,5
76045,5
76046,5
76047,5
76048,5
76049,5
76050,5
76051,5
76052,5
76053,5
76054,5
76055,5
76056,5
76057,5
76058,5
76059,5
76060,5
76061,5
76062,5
76063,5
76064,5
76065,5
76066,5
76067,5
76068,5
76069,5
76070,5
76071,5
76072,5
76073,3
76074,5
76075,5
76076,5
76077,5
76078,5
76079,5
76080,5
76081,5
76082,5
76083,5
76084,5
76085,5
76086,5
76087,5
76088,5
76089,5
76090,5
76091,5
76092,5
76093,5
76094,5
76095,5
76096,5
76097,5
76098,5
76099,5
76100,5
76101,5
76102,5
76103,5
76104,5
76105,5
76106,5
76107,5
76108,5
76109,5
76110,5
76111,5
76112,5
76113,5
76114,5
76115,5
76116,5
76117,5
76118,5
76119,5
76120,5
76121,5
76122,5
76123,5
76124,5
76125,5
76126,5
76127,5
76128,5
76129,5
76130,3
76131,5
76132,5
76133,5
76134,5
76135,5
76136,5
76137,5
76138,5
76139,5
76140,5
76141,5
76142,5
76143,5
76144,5
76145,5
76146,5
76147,5
76148,5
76149,5
76150,5
76151,5
76152,5
76153,5
76154,5
76155,5
76156,5
76157,5
76158,5
76159,5
76160,5
76161,5
76162,5
76163,5
76164,5
76165,5
76166,5
76167,5
76168,3
76169,5
76170,5
76171,5
76172,5
76173,5
76174,5
76175,5
76176,5
76177,5
76178,5
76179,5
76180,5
76181,5
76182,5
76183,3
76184,5
76185,5
76186,5
76187,5
76188,5
76189,5
76190,5
76191,5
76192,5
76193,5
76194,5
76195,5
76196,5
76197,5
76198,5
76199,5
76200,5
76201,5
76202,5
76203,5
76204,5
76205,5
76206,5
76207,5
76208,5
76209,5
76210,5
76211,5
76212,5
76213,5
76214,5
76215,5
76216,5
76217,5
76218,5
76219,5
76220,5
76221,5
76222,5
76223,5
76224,5
76225,5
76226,3
76227,5
76228,5
76229,5
76230,5
76231,5
76232,5
76233,5
76234,5
76235,5
76236,5
76237,3
76238,5
76239,5
76240,5
76241,5
76242,5
76243,5
76244,5
76245,5
76246,5
76247,5
76248,5
76249,5
76250,5
76251,5
76252,5
76253,5
76254,5
76255,5
76256,5
76257,5
76258,5
76259,5
76260,5
76261,5
76262,5
76263,5
76264,5
76265,5
76266,5
76267,5
76268,5
76269,5
76270,5
76271,5
76272,5
76273,5
76274,5
76275,5
76276,5
76277,5
76278,5
76279,5
76280,3
76281,5
76282,5
76283,5
76284,5
76285,5
76286,5
76287,5
76288,5
76289,5
76290,5
76291,5
76292,5
76293,5
76294,5
76295,5
76296,5
76297,5
76298,5
76299,5
76300,5
76301,5
76302,5
76303,5
76304,5
76305,5
76306,5
76307,5
76308,5
76309,5
76310,5
76311,5
76312,5
76313,5
76314,5
76315,5
76316,5
76317,5
76318,5
76319,5
76320,5
76321,5
76322,5
76323,5
76324,5
76325,5
76326,5
76327,5
76328,5
76329,5
76330,5
76331,5
76332,3
76333,5
76334,3
76335,5
76336,5
76337,5
76338,5
76339,5
76340,5
76341,5
76342,5
76343,5
76344,5
76345,5
76346,5
76347,5
76348,5
76349,5
76350,5
76351,5
76352,5
76353,5
76354,5
76355,5
76356,5
76357,5
76358,5
76359,3
76360,5
76361,5
76362,5
76363,5
76364,5
76365,5
76366,5
76367,5
76368,5
76369,5
76370,5
76371,5
76372,5
76373,5
76374,5
76375,5
76376,5
76377,5
76378,5
76379,5
76380,5
76381,5
76382,3
76383,5
76384,5
76385,5
76386,5
76387,5
76388,5
76389,5
76390,5
76391,5
76392,5
76393,5
76394,5
76395,5
76396,5
76397,5
76398,5
76399,5
76400,5
76401,5
76402,5
76403,5
76404,5
76405,5
76406,5
76407,5
76408,5
76409,5
76410,5
76411,5
76412,5
76413,5
76414,5
76415,5
76416,5
76417,3
76418,5
76419,5
76420,5
76421,5
76422,5
76423,3
76424,5
76425,5
76426,5
76427,5
76428,5
76429,5
76430,5
76431,5
76432,5
76433,5
76434,5
76435,5
76436,5
76437,5
76438,5
76439,5
76440,5
76441,5
76442,5
76443,5
76444,5
76445,5
76446,3
76447,5
76448,5
76449,5
76450,5
76451,5
76452,5
76453,5
76454,5
76455,5
76456,5
76457,5
76458,5
76459,5
76460,5
76461,5
76462,5
76463,5
76464,5
76465,5
76466,5
76467,5
76468,5
76469,5
76470,5
76471,5
76472,5
76473,5
76474,5
76475,5
76476,5
76477,5
76478,5
76479,5
76480,5
76481,5
76482,5
76483,5
76484,5
76485,5
76486,5
76487,5
76488,5
76489,5
76490,5
76491,5
76492,5
76493,5
76494,5
76495,5
76496,5
76497,5
76498,5
76499,5
76500,5
76501,5
76502,5
76503,5
76504,5
76505,5
76506,5
76507,5
76508,5
76509,5
76510,5
76511,5
76512,5
76513,5
76514,5
76515,5
76516,5
76517,5
76518,5
76519,5
76520,5
76521,5
76522,3
76523,5
76524,5
76525,5
76526,5
76527,5
76528,5
76529,5
76530,5
76531,5
76532,5
76533,5
76534,5
76535,5
76536,5
76537,5
76538,5
76539,5
76540,5
76541,5
76542,5
76543,5
76544,5
76545,5
76546,5
76547,5
76548,5
76549,5
76550,5
76551,5
76552,5
76553,5
76554,5
76555,5
76556,5
76557,5
76558,5
76559,5
76560,5
76561,5
76562,5
76563,5
76564,5
76565,5
76566,5
76567,5
76568,5
76569,5
76570,5
76571,5
76572,5
76573,5
76574,5
76575,5
76576,5
76577,3
76578,3
76579,5
76580,5
76581,5
76582,5
76583,5
76584,5
76585,5
76586,5
76587,5
76588,5
76589,5
76590,5
76591,5
76592,5
76593,5
76594,5
76595,5
76596,5
76597,5
76598,5
76599,5
76600,5
76601,5
76602,5
76603,5
76604,5
76605,5
76606,5
76607,5
76608,5
76609,5
76610,5
76611,5
76612,5
76613,5
76614,5
76615,5
76616,5
76617,5
76618,5
76619,5
76620,5
76621,5
76622,5
76623,5
76624,5
76625,5
76626,5
76627,5
76628,5
76629,5
76630,5
76631,5
76632,3
76633,3
76634,5
76635,5
76636,5
76637,5
76638,5
76639,5
76640,5
76641,5
76642,5
76643,5
76644,5
76645,5
76646,5
76647,5
76648,5
76649,5
76650,3
76651,5
76652,5
76653,5
76654,5
76655,5
76656,5
76657,5
76658,5
76659,5
76660,5
76661,5
76662,5
76663,5
76664,5
76665,5
76666,5
76667,5
76668,5
76669,5
76670,5
76671,5
76672,5
76673,5
76674,5
76675,5
76676,5
76677,5
76678,5
76679,5
76680,5
76681,5
76682,5
76683,5
76684,5
76685,5
76686,5
76687,5
76688,5
76689,5
76690,5
76691,5
76692,5
76693,5
76694,5
76695,5
76696,5
76697,5
76698,5
76699,5
76700,5
76701,5
76702,5
76703,5
76704,5
76705,5
76706,5
76707,5
76708,5
76709,5
76710,5
76711,5
76712,5
76713,5
76714,5
76715,5
76716,5
76717,5
76718,5
76719,5
76720,5
76721,5
76722,5
76723,5
76724,5
76725,3
76726,5
76727,5
76728,5
76729,5
76730,5
76731,5
76732,5
76733,5
76734,5
76735,5
76736,5
76737,5
76738,5
76739,5
76740,5
76741,5
76742,5
76743,3
76744,5
76745,5
76746,5
76747,5
76748,5
76749,5
76750,5
76751,5
76752,5
76753,3
76754,5
76755,5
76756,5
76757,5
76758,5
76759,5
76760,5
76761,5
76762,5
76763,5
76764,5
76765,5
76766,5
76767,5
76768,5
76769,5
76770,5
76771,5
76772,5
76773,3
76774,5
76775,5
76776,5
76777,5
76778,5
76779,5
76780,5
76781,5
76782,5
76783,5
76784,5
76785,5
76786,5
76787,5
76788,5
76789,5
76790,5
76791,5
76792,5
76793,5
76794,5
76795,3
76796,5
76797,5
76798,5
76799,5
76800,5
76801,5
76802,5
76803,5
76804,5
76805,5
76806,5
76807,5
76808,5
76809,5
76810,5
76811,3
76812,5
76813,5
76814,5
76815,5
76816,5
76817,5
76818,5
76819,5
76820,5
76821,5
76822,5
76823,5
76824,5
76825,5
76826,5
76827,5
76828,5
76829,5
76830,3
76831,5
76832,3
76833,5
76834,5
76835,5
76836,5
76837,5
76838,5
76839,3
76840,5
76841,5
76842,5
76843,5
76844,5
76845,5
76846,5
76847,5
76848,5
76849,5
76850,5
76851,5
76852,3
76853,5
76854,5
76855,5
76856,5
76857,5
76858,5
76859,5
76860,5
76861,5
76862,5
76863,5
76864,5
76865,5
76866,5
76867,5
76868,5
76869,5
76870,5
76871,5
76872,5
76873,5
76874,5
76875,5
76876,5
76877,5
76878,5
76879,5
76880,3
76881,5
76882,5
76883,5
76884,5
76885,5
76886,5
76887,5
76888,5
76889,5
76890,5
76891,5
76892,5
76893,5
76894,5
76895,5
76896,5
76897,5
76898,5
76899,5
76900,5
76901,5
76902,5
76903,5
76904,5
76905,5
76906,5
76907,5
76908,5
76909,5
76910,5
76911,5
76912,5
76913,5
76914,5
76915,5
76916,5
76917,5
76918,5
76919,5
76920,5
76921,5
76922,5
76923,5
76924,5
76925,5
76926,5
76927,5
76928,5
76929,5
76930,5
76931,5
76932,5
76933,5
76934,5
76935,5
76936,5
76937,5
76938,5
76939,5
76940,5
76941,5
76942,5
76943,5
76944,5
76945,5
76946,5
76947,5
76948,5
76949,5
76950,5
76951,5
76952,5
76953,5
76954,5
76955,5
76956,5
76957,5
76958,5
76959,5
76960,5
76961,5
76962,3
76963,5
76964,5
76965,5
76966,5
76967,3
76968,5
76969,5
76970,5
76971,5
76972,5
76973,5
76974,5
76975,5
76976,5
76977,5
76978,5
76979,5
76980,5
76981,5
76982,5
76983,5
76984,5
76985,5
76986,5
76987,5
76988,5
76989,5
76990,5
76991,5
76992,5
76993,5
76994,5
76995,5
76996,5
76997,5
76998,5
76999,5
77000,5
77001,5
77002,5
77003,5
77004,5
77005,5
77006,5
77007,5
77008,5
77009,5
77010,5
77011,5
77012,5
77013,5
77014,5
77015,5
77016,5
77017,5
77018,5
77019,5
77020,5
77021,5
77022,5
77023,5
77024,5
77025,5
77026,5
77027,5
77028,5
77029,5
77030,5
77031,5
77032,5
77033,5
77034,5
77035,5
77036,5
77037,5
77038,5
77039,5
77040,5
77041,5
77042,5
77043,5
77044,5
77045,5
77046,5
77047,5
77048,5
77049,5
77050,5
77051,5
77052,5
77053,5
77054,3
77055,5
77056,5
77057,5
77058,5
77059,1
77060,5
77061,5
77062,5
77063,5
77064,5
77065,5
77066,5
77067,5
77068,5
77069,5
77070,5
77071,5
77072,5
77073,5
77074,5
77075,5
77076,5
77077,5
77078,5
77079,5
77080,5
77081,5
77082,5
77083,5
77084,5
77085,5
77086,5
77087,5
77088,5
77089,5
77090,5
77091,5
77092,5
77093,5
77094,5
77095,5
77096,5
77097,5
77098,5
77099,5
77100,5
77101,5
77102,5
77103,5
77104,5
77105,3
77106,5
77107,5
77108,5
77109,5
77110,5
77111,5
77112,5
77113,5
77114,5
77115,5
77116,5
77117,5
77118,5
77119,5
77120,5
77121,5
77122,5
77123,5
77124,5
77125,5
77126,5
77127,5
77128,5
77129,5
77130,5
77131,5
77132,5
77133,5
77134,5
77135,5
77136,5
77137,5
77138,5
77139,5
77140,5
77141,5
77142,5
77143,5
77144,5
77145,5
77146,3
77147,5
77148,5
77149,5
77150,5
77151,5
77152,5
77153,5
77154,5
77155,5
77156,5
77157,5
77158,5
77159,5
77160,5
77161,5
77162,5
77163,5
77164,5
77165,5
77166,5
77167,5
77168,5
77169,5
77170,5
77171,5
77172,5
77173,5
77174,5
77175,5
77176,5
77177,5
77178,5
77179,5
77180,5
77181,5
77182,5
77183,5
77184,5
77185,5
77186,5
77187,5
77188,5
77189,5
77190,3
77191,5
77192,5
77193,5
77194,5
77195,3
77196,5
77197,5
77198,3
77199,5
77200,5
77201,5
77202,5
77203,5
77204,5
77205,5
77206,5
77207,5
77208,5
77209,5
77210,5
77211,5
77212,5
77213,3
77214,5
77215,5
77216,5
77217,5
77218,5
77219,5
77220,5
77221,5
77222,5
77223,5
77224,5
77225,5
77226,5
77227,5
77228,5
77229,5
77230,5
77231,5
77232,5
77233,5
77234,5
77235,5
77236,5
77237,5
77238,5
77239,5
77240,5
77241,3
77242,5
77243,5
77244,5
77245,5
77246,5
77247,5
77248,5
77249,5
77250,5
77251,5
77252,5
77253,5
77254,5
77255,5
77256,5
77257,5
77258,5
77259,5
77260,5
77261,5
77262,5
77263,5
77264,5
77265,5
77266,5
77267,5
77268,5
77269,5
77270,5
77271,5
77272,5
77273,5
77274,5
77275,5
77276,5
77277,5
77278,5
77279,5
77280,5
77281,5
77282,5
77283,5
77284,5
77285,3
77286,5
77287,5
77288,3
77289,5
77290,5
77291,5
77292,5
77293,5
77294,5
77295,5
77296,5
77297,5
77298,5
77299,5
77300,5
77301,5
77302,5
77303,5
77304,5
77305,5
77306,5
77307,5
77308,5
77309,5
77310,5
77311,5
77312,5
77313,5
77314,3
77315,5
77316,5
77317,5
77318,5
77319,5
77320,5
77321,5
77322,5
77323,5
77324,5
77325,5
77326,3
77327,5
77328,5
77329,5
77330,5
77331,5
77332,5
77333,5
77334,5
77335,5
77336,5
77337,5
77338,5
77339,5
77340,5
77341,5
77342,5
77343,5
77344,5
77345,5
77346,5
77347,5
77348,5
77349,5
77350,5
77351,5
77352,5
77353,5
77354,5
77355,5
77356,5
77357,5
77358,5
77359,5
77360,5
77361,5
77362,5
77363,5
77364,5
77365,5
77366,5
77367,5
77368,5
77369,5
77370,5
77371,5
77372,5
77373,5
77374,5
77375,5
77376,5
77377,5
77378,5
77379,5
77380,5
77381,5
77382,5
77383,3
77384,5
77385,5
77386,5
77387,5
77388,5
77389,3
77390,5
77391,3
77392,5
77393,5
77394,5
77395,5
77396,5
77397,5
77398,3
77399,5
77400,5
77401,5
77402,5
77403,5
77404,5
77405,5
77406,5
77407,5
77408,5
77409,5
77410,5
77411,5
77412,5
77413,5
77414,5
77415,5
77416,5
77417,5
77418,5
77419,5
77420,5
77421,5
77422,5
77423,5
77424,5
77425,5
77426,5
77427,5
77428,5
77429,5
77430,5
77431,5
77432,5
77433,5
77434,5
77435,5
77436,3
77437,5
77438,5
77439,5
77440,5
77441,3
77442,5
77443,5
77444,5
77445,5
77446,5
77447,5
77448,5
77449,5
77450,5
77451,5
77452,5
77453,5
77454,5
77455,3
77456,5
77457,5
77458,5
77459,5
77460,5
77461,5
77462,5
77463,5
77464,5
77465,5
77466,5
77467,5
77468,5
77469,5
77470,5
77471,1
77472,5
77473,5
77474,5
77475,5
77476,5
77477,5
77478,5
77479,5
77480,5
77481,5
77482,5
77483,5
77484,5
77485,5
77486,5
77487,5
77488,5
77489,5
77490,5
77491,5
77492,5
77493,5
77494,5
77495,5
77496,5
77497,5
77498,5
77499,5
77500,5
77501,5
77502,5
77503,5
77504,5
77505,5
77506,5
77507,5
77508,5
77509,5
77510,5
77511,5
77512,5
77513,5
77514,5
77515,5
77516,5
77517,5
77518,5
77519,5
77520,5
77521,5
77522,5
77523,5
77524,5
77525,5
77526,5
77527,5
77528,3
77529,5
77530,5
77531,5
77532,3
77533,5
77534,5
77535,5
77536,5
77537,5
77538,5
77539,5
77540,5
77541,5
77542,5
77543,5
77544,5
77545,5
77546,5
77547,5
77548,5
77549,5
77550,5
77551,5
77552,5
77553,5
77554,5
77555,5
77556,5
77557,5
77558,5
77559,5
77560,5
77561,5
77562,5
77563,5
77564,5
77565,5
77566,5
77567,5
77568,5
77569,5
77570,5
77571,5
77572,5
77573,5
77574,5
77575,5
77576,5
77577,5
77578,5
77579,5
77580,5
77581,5
77582,5
77583,5
77584,5
77585,3
77586,5
77587,5
77588,5
77589,5
77590,5
77591,5
77592,5
77593,5
77594,5
77595,5
77596,5
77597,5
77598,5
77599,3
77600,5
77601,5
77602,3
77603,5
77604,5
77605,5
77606,5
77607,5
77608,5
77609,5
77610,5
77611,5
77612,5
77613,3
77614,5
77615,5
77616,5
77617,5
77618,5
77619,5
77620,5
77621,5
77622,5
77623,5
77624,5
77625,5
77626,5
77627,5
77628,5
77629,5
77630,5
77631,5
77632,5
77633,5
77634,3
77635,5
77636,5
77637,5
77638,5
77639,5
77640,5
77641,5
77642,5
77643,5
77644,5
77645,5
77646,5
77647,3
77648,5
77649,5
77650,5
77651,5
77652,5
77653,5
77654,5
77655,5
77656,5
77657,5
77658,5
77659,5
77660,5
77661,5
77662,5
77663,5
77664,5
77665,5
77666,5
77667,5
77668,5
77669,5
77670,5
77671,5
77672,5
77673,5
77674,5
77675,5
77676,5
77677,5
77678,5
77679,5
77680,5
77681,5
77682,5
77683,5
77684,5
77685,5
77686,5
77687,5
77688,5
77689,5
77690,5
77691,5
77692,5
77693,5
77694,5
77695,5
77696,5
77697,5
77698,5
77699,5
77700,5
77701,5
77702,5
77703,5
77704,5
77705,5
77706,5
77707,5
77708,5
77709,5
77710,3
77711,5
77712,5
77713,5
77714,5
77715,5
77716,5
77717,5
77718,5
77719,5
77720,5
77721,5
77722,5
77723,5
77724,5
77725,5
77726,5
77727,5
77728,5
77729,5
77730,5
77731,5
77732,5
77733,5
77734,5
77735,5
77736,5
77737,5
77738,5
77739,5
77740,5
77741,5
77742,5
77743,5
77744,5
77745,5
77746,5
77747,5
77748,5
77749,5
77750,5
77751,5
77752,5
77753,5
77754,5
77755,5
77756,5
77757,5
77758,5
77759,5
77760,5
77761,5
77762,5
77763,5
77764,5
77765,5
77766,3
77767,5
77768,5
77769,5
77770,5
77771,5
77772,5
77773,5
77774,5
77775,5
77776,5
77777,5
77778,5
77779,5
77780,5
77781,5
77782,5
77783,5
77784,5
77785,5
77786,5
77787,5
77788,5
77789,5
77790,3
77791,5
77792,5
77793,5
77794,5
77795,5
77796,5
77797,5
77798,5
77799,5
77800,5
77801,5
77802,5
77803,5
77804,5
77805,5
77806,5
77807,5
77808,5
77809,5
77810,5
77811,5
77812,5
77813,5
77814,5
77815,3
77816,5
77817,5
77818,5
77819,5
77820,5
77821,5
77822,5
77823,5
77824,5
77825,5
77826,5
77827,5
77828,5
77829,5
77830,5
77831,5
77832,5
77833,5
77834,5
77835,5
77836,5
77837,5
77838,5
77839,5
77840,5
77841,5
77842,5
77843,5
77844,3
77845,5
77846,5
77847,5
77848,5
77849,5
77850,5
77851,5
77852,5
77853,5
77854,5
77855,5
77856,5
77857,5
77858,5
77859,5
77860,5
77861,5
77862,5
77863,5
77864,5
77865,5
77866,5
77867,5
77868,5
77869,5
77870,5
77871,5
77872,5
77873,5
77874,5
77875,5
77876,5
77877,5
77878,5
77879,5
77880,5
77881,5
77882,5
77883,5
77884,5
77885,5
77886,5
77887,5
77888,5
77889,5
77890,5
77891,5
77892,5
77893,5
77894,5
77895,5
77896,5
77897,5
77898,5
77899,5
77900,5
77901,3
77902,5
77903,5
77904,5
77905,3
77906,5
77907,5
77908,5
77909,5
77910,5
77911,5
77912,5
77913,5
77914,5
77915,5
77916,5
77917,5
77918,5
77919,5
77920,5
77921,5
77922,5
77923,5
77924,5
77925,5
77926,5
77927,5
77928,5
77929,5
77930,5
77931,5
77932,5
77933,5
77934,5
77935,5
77936,5
77937,5
77938,5
77939,5
77940,5
77941,5
77942,5
77943,5
77944,5
77945,5
77946,5
77947,5
77948,5
77949,5
77950,5
77951,5
77952,5
77953,5
77954,5
77955,5
77956,5
77957,5
77958,5
77959,5
77960,5
77961,5
77962,5
77963,5
77964,5
77965,5
77966,5
77967,5
77968,5
77969,5
77970,5
77971,5
77972,5
77973,5
77974,5
77975,5
77976,5
77977,5
77978,5
77979,5
77980,5
77981,5
77982,5
77983,5
77984,5
77985,5
77986,5
77987,3
77988,5
77989,5
77990,5
77991,5
77992,5
77993,5
77994,5
77995,5
77996,5
77997,5
77998,5
77999,5
78000,5
78001,5
78002,5
78003,5
78004,5
78005,5
78006,5
78007,5
78008,5
78009,5
78010,5
78011,5
78012,5
78013,5
78014,5
78015,5
78016,5
78017,5
78018,5
78019,5
78020,5
78021,5
78022,5
78023,5
78024,3
78025,5
78026,5
78027,5
78028,5
78029,5
78030,5
78031,5
78032,5
78033,5
78034,5
78035,5
78036,5
78037,5
78038,5
78039,5
78040,5
78041,5
78042,5
78043,5
78044,5
78045,5
78046,5
78047,5
78048,5
78049,5
78050,5
78051,5
78052,5
78053,5
78054,5
78055,5
78056,5
78057,5
78058,5
78059,5
78060,3
78061,5
78062,5
78063,5
78064,5
78065,5
78066,5
78067,5
78068,5
78069,5
78070,5
78071,5
78072,5
78073,5
78074,5
78075,5
78076,5
78077,5
78078,5
78079,5
78080,5
78081,5
78082,5
78083,5
78084,5
78085,5
78086,5
78087,5
78088,5
78089,5
78090,5
78091,5
78092,5
78093,5
78094,5
78095,5
78096,5
78097,5
78098,5
78099,5
78100,5
78101,5
78102,5
78103,5
78104,5
78105,5
78106,5
78107,5
78108,5
78109,5
78110,5
78111,5
78112,5
78113,5
78114,5
78115,5
78116,5
78117,5
78118,5
78119,5
78120,5
78121,5
78122,5
78123,5
78124,5
78125,5
78126,5
78127,5
78128,5
78129,5
78130,5
78131,3
78132,5
78133,5
78134,5
78135,5
78136,5
78137,5
78138,5
78139,5
78140,5
78141,5
78142,5
78143,5
78144,5
78145,5
78146,5
78147,5
78148,5
78149,5
78150,5
78151,5
78152,5
78153,5
78154,5
78155,5
78156,5
78157,5
78158,5
78159,5
78160,5
78161,5
78162,5
78163,5
78164,5
78165,5
78166,5
78167,5
78168,5
78169,5
78170,5
78171,5
78172,5
78173,5
78174,3
78175,5
78176,5
78177,5
78178,5
78179,5
78180,5
78181,5
78182,5
78183,5
78184,5
78185,5
78186,5
78187,5
78188,5
78189,5
78190,5
78191,5
78192,5
78193,5
78194,5
78195,5
78196,5
78197,5
78198,5
78199,5
78200,5
78201,5
78202,5
78203,5
78204,5
78205,5
78206,5
78207,5
78208,5
78209,5
78210,5
78211,5
78212,5
78213,5
78214,3
78215,5
78216,5
78217,5
78218,5
78219,5
78220,5
78221,5
78222,5
78223,5
78224,5
78225,5
78226,5
78227,5
78228,3
78229,5
78230,5
78231,5
78232,5
78233,5
78234,5
78235,5
78236,5
78237,5
78238,5
78239,5
78240,5
78241,5
78242,5
78243,5
78244,5
78245,5
78246,5
78247,5
78248,5
78249,5
78250,5
78251,5
78252,5
78253,5
78254,5
78255,5
78256,5
78257,5
78258,3
78259,5
78260,5
78261,5
78262,5
78263,5
78264,5
78265,5
78266,1
78267,5
78268,5
78269,5
78270,1
78271,5
78272,5
78273,5
78274,5
78275,5
78276,5
78277,5
78278,5
78279,5
78280,5
78281,5
78282,5
78283,5
78284,5
78285,5
78286,5
78287,5
78288,5
78289,5
78290,5
78291,5
78292,5
78293,5
78294,5
78295,5
78296,5
78297,5
78298,5
78299,5
78300,5
78301,5
78302,5
78303,5
78304,5
78305,5
78306,5
78307,5
78308,5
78309,5
78310,5
78311,5
78312,5
78313,5
78314,5
78315,5
78316,5
78317,5
78318,5
78319,5
78320,5
78321,5
78322,5
78323,5
78324,5
78325,5
78326,5
78327,5
78328,5
78329,5
78330,5
78331,5
78332,5
78333,5
78334,5
78335,5
78336,5
78337,5
78338,5
78339,5
78340,5
78341,5
78342,5
78343,5
78344,5
78345,3
78346,5
78347,5
78348,5
78349,5
78350,5
78351,5
78352,5
78353,5
78354,5
78355,3
78356,5
78357,5
78358,5
78359,5
78360,5
78361,5
78362,5
78363,5
78364,5
78365,5
78366,5
78367,5
78368,5
78369,5
78370,5
78371,5
78372,5
78373,5
78374,5
78375,5
78376,5
78377,5
78378,5
78379,5
78380,5
78381,3
78382,5
78383,5
78384,5
78385,5
78386,5
78387,5
78388,5
78389,5
78390,5
78391,5
78392,5
78393,5
78394,5
78395,5
78396,5
78397,5
78398,5
78399,5
78400,5
78401,5
78402,5
78403,5
78404,5
78405,5
78406,5
78407,5
78408,3
78409,5
78410,5
78411,5
78412,5
78413,5
78414,5
78415,5
78416,5
78417,5
78418,5
78419,5
78420,5
78421,5
78422,5
78423,5
78424,5
78425,5
78426,5
78427,5
78428,5
78429,5
78430,5
78431,5
78432,5
78433,5
78434,5
78435,5
78436,5
78437,5
78438,5
78439,5
78440,3
78441,5
78442,5
78443,5
78444,5
78445,5
78446,5
78447,5
78448,5
78449,5
78450,5
78451,5
78452,5
78453,5
78454,5
78455,5
78456,5
78457,5
78458,5
78459,5
78460,5
78461,5
78462,5
78463,5
78464,5
78465,5
78466,5
78467,5
78468,3
78469,5
78470,3
78471,5
78472,5
78473,3
78474,5
78475,5
78476,5
78477,5
78478,3
78479,5
78480,5
78481,5
78482,5
78483,5
78484,5
78485,5
78486,5
78487,5
78488,5
78489,5
78490,5
78491,5
78492,5
78493,5
78494,5
78495,5
78496,5
78497,5
78498,5
78499,5
78500,5
78501,5
78502,5
78503,5
78504,5
78505,5
78506,5
78507,5
78508,5
78509,5
78510,5
78511,5
78512,5
78513,5
78514,5
78515,5
78516,5
78517,5
78518,5
78519,5
78520,5
78521,5
78522,5
78523,5
78524,5
78525,5
78526,5
78527,5
78528,5
78529,5
78530,5
78531,3
78532,5
78533,5
78534,5
78535,3
78536,5
78537,5
78538,5
78539,5
78540,5
78541,5
78542,5
78543,5
78544,5
78545,5
78546,5
78547,5
78548,5
78549,5
78550,5
78551,5
78552,5
78553,5
78554,5
78555,5
78556,5
78557,5
78558,5
78559,5
78560,5
78561,5
78562,5
78563,5
78564,5
78565,5
78566,5
78567,5
78568,5
78569,5
78570,5
78571,5
78572,5
78573,5
78574,5
78575,5
78576,5
78577,5
78578,5
78579,5
78580,5
78581,5
78582,3
78583,5
78584,5
78585,5
78586,5
78587,5
78588,5
78589,5
78590,5
78591,5
78592,5
78593,5
78594,5
78595,5
78596,5
78597,5
78598,5
78599,5
78600,5
78601,5
78602,5
78603,5
78604,5
78605,5
78606,5
78607,5
78608,5
78609,5
78610,5
78611,5
78612,5
78613,5
78614,5
78615,5
78616,5
78617,5
78618,5
78619,5
78620,5
78621,5
78622,5
78623,5
78624,5
78625,5
78626,5
78627,5
78628,5
78629,5
78630,5
78631,5
78632,5
78633,5
78634,5
78635,5
78636,5
78637,5
78638,5
78639,5
78640,5
78641,5
78642,5
78643,5
78644,5
78645,5
78646,5
78647,3
78648,5
78649,5
78650,5
78651,5
78652,5
78653,5
78654,5
78655,5
78656,5
78657,5
78658,5
78659,5
78660,5
78661,5
78662,5
78663,5
78664,5
78665,5
78666,5
78667,5
78668,5
78669,5
78670,5
78671,5
78672,5
78673,5
78674,5
78675,5
78676,5
78677,5
78678,5
78679,5
78680,5
78681,5
78682,5
78683,5
78684,3
78685,5
78686,5
78687,5
78688,5
78689,5
78690,5
78691,5
78692,5
78693,5
78694,5
78695,5
78696,5
78697,5
78698,5
78699,5
78700,5
78701,5
78702,5
78703,5
78704,5
78705,5
78706,5
78707,5
78708,5
78709,5
78710,5
78711,5
78712,5
78713,5
78714,5
78715,5
78716,5
78717,5
78718,5
78719,5
78720,5
78721,5
78722,5
78723,5
78724,5
78725,5
78726,5
78727,5
78728,5
78729,5
78730,5
78731,5
78732,5
78733,5
78734,5
78735,5
78736,5
78737,5
78738,5
78739,5
78740,5
78741,3
78742,5
78743,5
78744,5
78745,5
78746,5
78747,5
78748,5
78749,5
78750,5
78751,5
78752,5
78753,5
78754,5
78755,5
78756,5
78757,5
78758,3
78759,5
78760,5
78761,5
78762,5
78763,5
78764,5
78765,5
78766,5
78767,5
78768,5
78769,5
78770,5
78771,5
78772,5
78773,5
78774,5
78775,5
78776,5
78777,5
78778,5
78779,5
78780,3
78781,5
78782,5
78783,5
78784,5
78785,1
78786,5
78787,5
78788,5
78789,5
78790,5
78791,5
78792,5
78793,5
78794,5
78795,5
78796,3
78797,5
78798,5
78799,5
78800,3
78801,5
78802,5
78803,5
78804,5
78805,5
78806,5
78807,5
78808,5
78809,5
78810,5
78811,5
78812,5
78813,5
78814,5
78815,5
78816,5
78817,5
78818,5
78819,5
78820,3
78821,5
78822,5
78823,5
78824,5
78825,5
78826,5
78827,5
78828,5
78829,5
78830,5
78831,5
78832,5
78833,5
78834,5
78835,5
78836,5
78837,5
78838,5
78839,5
78840,5
78841,5
78842,5
78843,5
78844,5
78845,5
78846,5
78847,5
78848,5
78849,5
78850,5
78851,5
78852,5
78853,5
78854,5
78855,5
78856,5
78857,5
78858,5
78859,5
78860,5
78861,5
78862,5
78863,5
78864,5
78865,5
78866,5
78867,5
78868,5
78869,5
78870,5
78871,5
78872,5
78873,5
78874,5
78875,5
78876,5
78877,5
78878,5
78879,5
78880,5
78881,5
78882,5
78883,5
78884,5
78885,5
78886,5
78887,5
78888,5
78889,5
78890,5
78891,5
78892,5
78893,5
78894,5
78895,5
78896,5
78897,5
78898,5
78899,5
78900,5
78901,5
78902,3
78903,5
78904,5
78905,5
78906,3
78907,5
78908,5
78909,5
78910,5
78911,5
78912,5
78913,5
78914,5
78915,5
78916,5
78917,5
78918,5
78919,5
78920,5
78921,5
78922,5
78923,5
78924,5
78925,5
78926,5
78927,5
78928,5
78929,5
78930,5
78931,5
78932,5
78933,5
78934,5
78935,5
78936,5
78937,5
78938,1
78939,5
78940,5
78941,5
78942,5
78943,5
78944,5
78945,5
78946,5
78947,5
78948,5
78949,5
78950,5
78951,3
78952,5
78953,5
78954,5
78955,5
78956,5
78957,5
78958,5
78959,5
78960,5
78961,5
78962,5
78963,5
78964,5
78965,5
78966,5
78967,5
78968,5
78969,5
78970,5
78971,5
78972,5
78973,5
78974,5
78975,5
78976,5
78977,5
78978,5
78979,5
78980,5
78981,5
78982,5
78983,5
78984,5
78985,5
78986,5
78987,5
78988,5
78989,5
78990,5
78991,5
78992,5
78993,5
78994,5
78995,5
78996,5
78997,5
78998,5
78999,5
79000,5
79001,5
79002,5
79003,5
79004,5
79005,5
79006,5
79007,5
79008,5
79009,5
79010,5
79011,5
79012,5
79013,5
79014,5
79015,5
79016,5
79017,5
79018,5
79019,5
79020,5
79021,5
79022,5
79023,5
79024,5
79025,3
79026,5
79027,5
79028,5
79029,5
79030,5
79031,5
79032,5
79033,5
79034,5
79035,5
79036,5
79037,5
79038,5
79039,5
79040,5
79041,5
79042,5
79043,5
79044,5
79045,5
79046,5
79047,5
79048,5
79049,5
79050,5
79051,5
79052,5
79053,3
79054,5
79055,5
79056,5
79057,5
79058,5
79059,5
79060,5
79061,5
79062,5
79063,5
79064,5
79065,5
79066,5
79067,5
79068,5
79069,5
79070,5
79071,5
79072,5
79073,5
79074,5
79075,5
79076,5
79077,5
79078,5
79079,5
79080,5
79081,5
79082,5
79083,5
79084,5
79085,5
79086,3
79087,5
79088,5
79089,5
79090,5
79091,5
79092,5
79093,5
79094,5
79095,5
79096,5
79097,5
79098,5
79099,5
79100,5
79101,5
79102,5
79103,3
79104,5
79105,5
79106,5
79107,5
79108,5
79109,5
79110,5
79111,5
79112,5
79113,5
79114,5
79115,5
79116,5
79117,5
79118,5
79119,5
79120,5
79121,5
79122,5
79123,5
79124,5
79125,5
79126,5
79127,5
79128,5
79129,5
79130,5
79131,3
79132,5
79133,5
79134,5
79135,5
79136,5
79137,5
79138,5
79139,5
79140,5
79141,5
79142,5
79143,5
79144,5
79145,5
79146,5
79147,5
79148,5
79149,5
79150,5
79151,5
79152,5
79153,5
79154,5
79155,5
79156,5
79157,5
79158,5
79159,5
79160,5
79161,5
79162,5
79163,5
79164,5
79165,5
79166,5
79167,5
79168,5
79169,5
79170,5
79171,5
79172,5
79173,5
79174,5
79175,5
79176,5
79177,5
79178,5
79179,5
79180,5
79181,5
79182,5
79183,5
79184,5
79185,3
79186,5
79187,5
79188,5
79189,5
79190,5
79191,5
79192,5
79193,5
79194,5
79195,5
79196,5
79197,5
79198,5
79199,5
79200,5
79201,5
79202,5
79203,5
79204,5
79205,5
79206,5
79207,5
79208,5
79209,5
79210,5
79211,5
79212,5
79213,5
79214,5
79215,5
79216,5
79217,5
79218,3
79219,5
79220,5
79221,5
79222,5
79223,5
79224,5
79225,5
79226,5
79227,5
79228,5
79229,5
79230,5
79231,5
79232,5
79233,5
79234,5
79235,5
79236,5
79237,5
79238,5
79239,5
79240,5
79241,3
79242,5
79243,5
79244,5
79245,3
79246,5
79247,5
79248,5
79249,5
79250,5
79251,5
79252,5
79253,5
79254,5
79255,5
79256,5
79257,5
79258,5
79259,5
79260,5
79261,5
79262,5
79263,5
79264,5
79265,5
79266,5
79267,5
79268,5
79269,5
79270,5
79271,5
79272,5
79273,5
79274,3
79275,5
79276,5
79277,5
79278,5
79279,5
79280,5
79281,5
79282,5
79283,5
79284,5
79285,5
79286,5
79287,5
79288,5
79289,5
79290,5
79291,5
79292,5
79293,5
79294,5
79295,5
79296,5
79297,5
79298,5
79299,5
79300,5
79301,5
79302,5
79303,5
79304,5
79305,5
79306,5
79307,5
79308,5
79309,5
79310,5
79311,5
79312,5
79313,5
79314,5
79315,5
79316,3
79317,5
79318,5
79319,5
79320,5
79321,5
79322,5
79323,5
79324,5
79325,5
79326,5
79327,5
79328,5
79329,5
79330,5
79331,5
79332,5
79333,5
79334,5
79335,5
79336,5
79337,5
79338,5
79339,5
79340,3
79341,5
79342,5
79343,5
79344,3
79345,5
79346,5
79347,5
79348,5
79349,5
79350,5
79351,5
79352,5
79353,5
79354,5
79355,5
79356,5
79357,5
79358,5
79359,5
79360,5
79361,5
79362,5
79363,5
79364,5
79365,5
79366,5
79367,5
79368,5
79369,5
79370,5
79371,5
79372,5
79373,5
79374,5
79375,5
79376,5
79377,5
79378,5
79379,5
79380,5
79381,5
79382,5
79383,5
79384,5
79385,5
79386,5
79387,5
79388,5
79389,5
79390,5
79391,5
79392,5
79393,5
79394,5
79395,5
79396,5
79397,5
79398,5
79399,5
79400,5
79401,5
79402,1
79403,5
79404,5
79405,5
79406,5
79407,5
79408,5
79409,5
79410,5
79411,5
79412,5
79413,5
79414,5
79415,5
79416,5
79417,5
79418,5
79419,5
79420,5
79421,5
79422,5
79423,3
79424,5
79425,5
79426,5
79427,5
79428,5
79429,5
79430,5
79431,5
79432,5
79433,5
79434,5
79435,5
79436,5
79437,5
79438,5
79439,5
79440,5
79441,5
79442,5
79443,5
79444,5
79445,5
79446,5
79447,5
79448,5
79449,5
79450,5
79451,5
79452,5
79453,5
79454,5
79455,5
79456,5
79457,5
79458,5
79459,5
79460,5
79461,5
79462,5
79463,5
79464,5
79465,5
79466,5
79467,5
79468,5
79469,5
79470,5
79471,5
79472,5
79473,5
79474,5
79475,5
79476,5
79477,5
79478,5
79479,5
79480,5
79481,5
79482,5
79483,5
79484,5
79485,5
79486,5
79487,5
79488,5
79489,5
79490,5
79491,5
79492,5
79493,5
79494,5
79495,5
79496,5
79497,5
79498,5
79499,5
79500,5
79501,5
79502,5
79503,3
79504,5
79505,5
79506,5
79507,5
79508,5
79509,5
79510,5
79511,5
79512,5
79513,3
79514,5
79515,5
79516,5
79517,5
79518,5
79519,5
79520,5
79521,5
79522,5
79523,5
79524,5
79525,5
79526,5
79527,5
79528,5
79529,5
79530,5
79531,5
79532,5
79533,5
79534,5
79535,5
79536,5
79537,5
79538,5
79539,5
79540,5
79541,5
79542,5
79543,5
79544,5
79545,5
79546,5
79547,5
79548,5
79549,5
79550,5
79551,5
79552,5
79553,5
79554,5
79555,5
79556,5
79557,5
79558,5
79559,5
79560,5
79561,5
79562,5
79563,3
79564,5
79565,5
79566,5
79567,3
79568,5
79569,5
79570,5
79571,5
79572,5
79573,5
79574,5
79575,5
79576,5
79577,5
79578,5
79579,5
79580,5
79581,5
79582,5
79583,5
79584,5
79585,5
79586,5
79587,5
79588,5
79589,5
79590,5
79591,5
79592,5
79593,5
79594,5
79595,5
79596,5
79597,5
79598,5
79599,5
79600,5
79601,5
79602,5
79603,5
79604,5
79605,5
79606,5
79607,3
79608,5
79609,5
79610,5
79611,5
79612,5
79613,5
79614,5
79615,5
79616,5
79617,5
79618,5
79619,5
79620,5
79621,5
79622,5
79623,5
79624,5
79625,5
79626,5
79627,5
79628,5
79629,5
79630,5
79631,5
79632,5
79633,5
79634,3
79635,5
79636,5
79637,5
79638,5
79639,5
79640,5
79641,5
79642,5
79643,5
79644,5
79645,5
79646,5
79647,5
79648,5
79649,5
79650,3
79651,5
79652,5
79653,5
79654,5
79655,5
79656,5
79657,5
79658,5
79659,5
79660,5
79661,5
79662,5
79663,5
79664,5
79665,5
79666,5
79667,3
79668,5
79669,5
79670,5
79671,3
79672,5
79673,5
79674,5
79675,5
79676,5
79677,5
79678,3
79679,5
79680,5
79681,5
79682,5
79683,5
79684,5
79685,5
79686,5
79687,5
79688,5
79689,5
79690,5
79691,5
79692,5
79693,5
79694,5
79695,5
79696,5
79697,5
79698,5
79699,5
79700,5
79701,5
79702,5
79703,5
79704,5
79705,5
79706,5
79707,5
79708,5
79709,5
79710,5
79711,5
79712,5
79713,5
79714,5
79715,5
79716,5
79717,5
79718,5
79719,5
79720,5
79721,5
79722,5
79723,5
79724,5
79725,5
79726,5
79727,5
79728,5
79729,5
79730,5
79731,5
79732,3
79733,5
79734,5
79735,5
79736,5
79737,5
79738,5
79739,5
79740,5
79741,5
79742,5
79743,5
79744,5
79745,5
79746,5
79747,5
79748,5
79749,5
79750,5
79751,5
79752,5
79753,5
79754,5
79755,5
79756,5
79757,1
79758,5
79759,5
79760,5
79761,5
79762,5
79763,3
79764,5
79765,5
79766,5
79767,5
79768,5
79769,5
79770,5
79771,5
79772,5
79773,5
79774,5
79775,5
79776,5
79777,5
79778,5
79779,5
79780,5
79781,5
79782,5
79783,5
79784,5
79785,3
79786,5
79787,5
79788,5
79789,5
79790,5
79791,5
79792,5
79793,5
79794,5
79795,5
79796,5
79797,5
79798,5
79799,5
79800,5
79801,5
79802,5
79803,5
79804,5
79805,5
79806,5
79807,5
79808,5
79809,5
79810,5
79811,5
79812,5
79813,5
79814,5
79815,5
79816,5
79817,5
79818,5
79819,5
79820,5
79821,5
79822,5
79823,5
79824,5
79825,5
79826,5
79827,5
79828,5
79829,5
79830,5
79831,5
79832,5
79833,5
79834,5
79835,5
79836,5
79837,5
79838,5
79839,5
79840,5
79841,5
79842,5
79843,5
79844,5
79845,5
79846,5
79847,5
79848,5
79849,5
79850,5
79851,5
79852,5
79853,5
79854,5
79855,5
79856,5
79857,5
79858,5
79859,5
79860,5
79861,5
79862,5
79863,5
79864,5
79865,5
79866,5
79867,5
79868,5
79869,5
79870,5
79871,5
79872,5
79873,5
79874,5
79875,5
79876,5
79877,5
79878,5
79879,5
79880,5
79881,5
79882,5
79883,5
79884,5
79885,5
79886,5
79887,5
79888,5
79889,5
79890,5
79891,5
79892,5
79893,5
79894,5
79895,5
79896,3
79897,5
79898,5
79899,5
79900,5
79901,5
79902,5
79903,5
79904,5
79905,5
79906,5
79907,5
79908,5
79909,5
79910,5
79911,5
79912,5
79913,5
79914,5
79915,5
79916,5
79917,5
79918,5
79919,5
79920,5
79921,3
79922,5
79923,5
79924,5
79925,5
79926,5
79927,5
79928,5
79929,5
79930,5
79931,5
79932,5
79933,5
79934,5
79935,5
79936,5
79937,5
79938,5
79939,5
79940,5
79941,5
79942,5
79943,5
79944,5
79945,5
79946,5
79947,5
79948,5
79949,5
79950,5
79951,5
79952,5
79953,5
79954,5
79955,5
79956,5
79957,5
79958,5
79959,5
79960,5
79961,5
79962,5
79963,5
79964,5
79965,5
79966,5
79967,5
79968,5
79969,5
79970,5
79971,5
79972,5
79973,5
79974,5
79975,5
79976,5
79977,5
79978,5
79979,5
79980,5
79981,5
79982,5
79983,5
79984,5
79985,5
79986,5
79987,5
79988,5
79989,5
79990,5
79991,5
79992,5
79993,5
79994,5
79995,5
79996,5
79997,5
79998,5
79999,3
80000,3
80001,5
80002,3
80003,5
80004,5
80005,5
80006,5
80007,5
80008,5
80009,5
80010,5
80011,5
80012,5
80013,5
80014,5
80015,5
80016,5
80017,5
80018,5
80019,5
80020,5
80021,3
80022,5
80023,5
80024,5
80025,5
80026,5
80027,5
80028,5
80029,5
80030,5
80031,5
80032,5
80033,5
80034,5
80035,5
80036,5
80037,5
80038,5
80039,5
80040,5
80041,5
80042,5
80043,5
80044,5
80045,5
80046,5
80047,5
80048,5
80049,5
80050,5
80051,5
80052,5
80053,5
80054,5
80055,5
80056,5
80057,5
80058,5
80059,5
80060,5
80061,5
80062,5
80063,5
80064,5
80065,5
80066,5
80067,5
80068,5
80069,5
80070,5
80071,5
80072,5
80073,5
80074,5
80075,5
80076,5
80077,5
80078,5
80079,5
80080,3
80081,5
80082,3
80083,5
80084,5
80085,5
80086,5
80087,5
80088,5
80089,5
80090,5
80091,5
80092,5
80093,5
80094,5
80095,5
80096,5
80097,5
80098,5
80099,5
80100,5
80101,5
80102,5
80103,5
80104,5
80105,5
80106,5
80107,5
80108,5
80109,5
80110,3
80111,5
80112,5
80113,5
80114,5
80115,5
80116,5
80117,5
80118,5
80119,5
80120,5
80121,5
80122,5
80123,5
80124,5
80125,5
80126,5
80127,5
80128,5
80129,5
80130,5
80131,3
80132,5
80133,3
80134,5
80135,5
80136,5
80137,5
80138,5
80139,5
80140,5
80141,5
80142,5
80143,5
80144,5
80145,5
80146,5
80147,5
80148,5
80149,5
80150,5
80151,5
80152,5
80153,5
80154,5
80155,5
80156,5
80157,5
80158,5
80159,5
80160,5
80161,5
80162,5
80163,5
80164,5
80165,5
80166,5
80167,5
80168,5
80169,5
80170,5
80171,5
80172,5
80173,5
80174,5
80175,5
80176,5
80177,5
80178,5
80179,5
80180,5
80181,5
80182,5
80183,5
80184,5
80185,5
80186,5
80187,5
80188,5
80189,5
80190,5
80191,5
80192,5
80193,5
80194,5
80195,5
80196,5
80197,5
80198,5
80199,5
80200,5
80201,5
80202,5
80203,5
80204,5
80205,3
80206,5
80207,5
80208,5
80209,5
80210,5
80211,5
80212,5
80213,5
80214,5
80215,5
80216,5
80217,5
80218,5
80219,5
80220,5
80221,5
80222,5
80223,5
80224,5
80225,5
80226,5
80227,5
80228,5
80229,5
80230,5
80231,5
80232,5
80233,5
80234,5
80235,5
80236,5
80237,5
80238,5
80239,5
80240,5
80241,5
80242,5
80243,5
80244,5
80245,5
80246,5
80247,5
80248,5
80249,5
80250,5
80251,5
80252,5
80253,5
80254,5
80255,5
80256,5
80257,5
80258,5
80259,5
80260,3
80261,5
80262,5
80263,5
80264,5
80265,5
80266,5
80267,5
80268,5
80269,5
80270,5
80271,5
80272,5
80273,5
80274,5
80275,5
80276,5
80277,5
80278,5
80279,5
80280,5
80281,5
80282,5
80283,5
80284,5
80285,5
80286,5
80287,5
80288,5
80289,5
80290,5
80291,5
80292,5
80293,5
80294,5
80295,5
80296,5
80297,5
80298,5
80299,5
80300,5
80301,5
80302,5
80303,5
80304,5
80305,5
80306,5
80307,5
80308,5
80309,5
80310,5
80311,5
80312,5
80313,5
80314,5
80315,5
80316,5
80317,5
80318,3
80319,5
80320,5
80321,5
80322,5
80323,5
80324,5
80325,5
80326,5
80327,5
80328,5
80329,5
80330,5
80331,5
80332,5
80333,5
80334,5
80335,5
80336,5
80337,5
80338,5
80339,5
80340,5
80341,5
80342,3
80343,5
80344,5
80345,5
80346,5
80347,5
80348,5
80349,5
80350,5
80351,5
80352,5
80353,5
80354,5
80355,5
80356,5
80357,5
80358,5
80359,5
80360,5
80361,5
80362,5
80363,5
80364,5
80365,5
80366,5
80367,5
80368,5
80369,5
80370,5
80371,5
80372,5
80373,5
80374,5
80375,5
80376,5
80377,5
80378,5
80379,5
80380,5
80381,5
80382,5
80383,5
80384,5
80385,5
80386,5
80387,3
80388,5
80389,5
80390,5
80391,5
80392,5
80393,5
80394,5
80395,5
80396,5
80397,5
80398,5
80399,5
80400,5
80401,5
80402,5
80403,5
80404,5
80405,5
80406,5
80407,5
80408,5
80409,5
80410,5
80411,5
80412,5
80413,5
80414,5
80415,5
80416,5
80417,5
80418,5
80419,5
80420,5
80421,5
80422,5
80423,5
80424,5
80425,5
80426,5
80427,5
80428,5
80429,5
80430,5
80431,5
80432,5
80433,5
80434,5
80435,5
80436,5
80437,5
80438,5
80439,5
80440,5
80441,5
80442,5
80443,5
80444,5
80445,5
80446,5
80447,5
80448,5
80449,5
80450,5
80451,5
80452,5
80453,5
80454,5
80455,5
80456,5
80457,5
80458,5
80459,5
80460,5
80461,5
80462,5
80463,5
80464,5
80465,3
80466,5
80467,5
80468,5
80469,5
80470,5
80471,5
80472,5
80473,5
80474,5
80475,5
80476,5
80477,5
80478,5
80479,3
80480,5
80481,5
80482,5
80483,5
80484,5
80485,5
80486,5
80487,5
80488,5
80489,5
80490,5
80491,5
80492,5
80493,5
80494,5
80495,5
80496,5
80497,5
80498,5
80499,5
80500,5
80501,5
80502,5
80503,5
80504,5
80505,5
80506,5
80507,5
80508,5
80509,5
80510,5
80511,5
80512,5
80513,5
80514,5
80515,5
80516,5
80517,5
80518,5
80519,5
80520,5
80521,5
80522,5
80523,5
80524,5
80525,5
80526,5
80527,5
80528,5
80529,5
80530,5
80531,5
80532,5
80533,5
80534,5
80535,5
80536,5
80537,5
80538,5
80539,5
80540,5
80541,5
80542,5
80543,5
80544,5
80545,5
80546,5
80547,5
80548,5
80549,5
80550,5
80551,5
80552,5
80553,5
80554,5
80555,5
80556,5
80557,5
80558,5
80559,5
80560,5
80561,5
80562,5
80563,5
80564,5
80565,5
80566,5
80567,5
80568,5
80569,5
80570,5
80571,5
80572,5
80573,5
80574,5
80575,5
80576,5
80577,5
80578,5
80579,5
80580,5
80581,5
80582,5
80583,5
80584,5
80585,5
80586,5
80587,5
80588,5
80589,5
80590,5
80591,5
80592,5
80593,5
80594,5
80595,5
80596,5
80597,5
80598,5
80599,5
80600,5
80601,3
80602,5
80603,5
80604,5
80605,5
80606,5
80607,5
80608,5
80609,1
80610,3
80611,5
80612,5
80613,5
80614,5
80615,5
80616,5
80617,5
80618,5
80619,5
80620,5
80621,5
80622,5
80623,5
80624,5
80625,5
80626,5
80627,5
80628,5
80629,5
80630,5
80631,5
80632,5
80633,5
80634,5
80635,5
80636,5
80637,5
80638,5
80639,5
80640,5
80641,5
80642,5
80643,5
80644,5
80645,5
80646,5
80647,5
80648,5
80649,5
80650,5
80651,5
80652,5
80653,5
80654,5
80655,5
80656,5
80657,5
80658,5
80659,5
80660,5
80661,5
80662,5
80663,5
80664,5
80665,5
80666,5
80667,5
80668,5
80669,5
80670,5
80671,5
80672,5
80673,5
80674,5
80675,5
80676,5
80677,5
80678,5
80679,5
80680,5
80681,5
80682,5
80683,5
80684,5
80685,5
80686,5
80687,5
80688,5
80689,5
80690,5
80691,5
80692,5
80693,5
80694,5
80695,5
80696,5
80697,5
80698,5
80699,5
80700,5
80701,5
80702,5
80703,5
80704,5
80705,5
80706,5
80707,5
80708,5
80709,5
80710,5
80711,5
80712,5
80713,5
80714,5
80715,5
80716,5
80717,5
80718,5
80719,5
80720,5
80721,5
80722,5
80723,5
80724,5
80725,5
80726,5
80727,5
80728,5
80729,5
80730,5
80731,5
80732,5
80733,5
80734,5
80735,5
80736,5
80737,5
80738,5
80739,5
80740,5
80741,5
80742,5
80743,5
80744,5
80745,5
80746,5
80747,3
80748,5
80749,5
80750,5
80751,5
80752,5
80753,5
80754,5
80755,5
80756,5
80757,5
80758,5
80759,5
80760,5
80761,5
80762,5
80763,5
80764,5
80765,5
80766,5
80767,5
80768,5
80769,5
80770,5
80771,5
80772,5
80773,5
80774,5
80775,5
80776,5
80777,5
80778,3
80779,5
80780,5
80781,5
80782,5
80783,5
80784,5
80785,5
80786,5
80787,5
80788,5
80789,5
80790,5
80791,5
80792,5
80793,5
80794,5
80795,5
80796,5
80797,5
80798,5
80799,5
80800,5
80801,5
80802,5
80803,5
80804,5
80805,5
80806,3
80807,5
80808,3
80809,5
80810,5
80811,5
80812,5
80813,5
80814,5
80815,5
80816,5
80817,5
80818,5
80819,5
80820,5
80821,5
80822,5
80823,5
80824,5
80825,5
80826,5
80827,5
80828,5
80829,5
80830,5
80831,5
80832,5
80833,5
80834,5
80835,5
80836,5
80837,5
80838,5
80839,5
80840,3
80841,5
80842,5
80843,5
80844,5
80845,5
80846,5
80847,5
80848,5
80849,5
80850,5
80851,5
80852,5
80853,5
80854,5
80855,5
80856,5
80857,5
80858,5
80859,5
80860,5
80861,5
80862,5
80863,5
80864,5
80865,5
80866,5
80867,5
80868,5
80869,5
80870,5
80871,5
80872,5
80873,5
80874,5
80875,5
80876,5
80877,5
80878,5
80879,5
80880,5
80881,5
80882,5
80883,5
80884,5
80885,5
80886,5
80887,5
80888,5
80889,5
80890,5
80891,5
80892,5
80893,5
80894,5
80895,5
80896,5
80897,5
80898,5
80899,5
80900,5
80901,5
80902,5
80903,5
80904,5
80905,5
80906,5
80907,5
80908,5
80909,5
80910,5
80911,5
80912,5
80913,5
80914,5
80915,5
80916,5
80917,5
80918,5
80919,5
80920,5
80921,5
80922,5
80923,5
80924,5
80925,5
80926,5
80927,5
80928,5
80929,5
80930,5
80931,5
80932,5
80933,5
80934,5
80935,5
80936,5
80937,5
80938,5
80939,5
80940,5
80941,3
80942,5
80943,5
80944,5
80945,5
80946,5
80947,5
80948,5
80949,5
80950,5
80951,5
80952,5
80953,5
80954,5
80955,5
80956,5
80957,5
80958,5
80959,5
80960,5
80961,5
80962,5
80963,5
80964,5
80965,5
80966,5
80967,5
80968,5
80969,5
80970,5
80971,5
80972,5
80973,5
80974,5
80975,5
80976,5
80977,5
80978,5
80979,5
80980,5
80981,5
80982,3
80983,5
80984,5
80985,5
80986,5
80987,5
80988,5
80989,5
80990,5
80991,5
80992,5
80993,5
80994,5
80995,5
80996,5
80997,5
80998,5
80999,5
81000,5
81001,5
81002,5
81003,5
81004,5
81005,5
81006,5
81007,5
81008,5
81009,5
81010,5
81011,5
81012,5
81013,5
81014,5
81015,5
81016,5
81017,5
81018,5
81019,5
81020,5
81021,5
81022,5
81023,5
81024,5
81025,5
81026,5
81027,5
81028,5
81029,5
81030,5
81031,5
81032,5
81033,3
81034,5
81035,5
81036,5
81037,5
81038,5
81039,5
81040,5
81041,5
81042,5
81043,5
81044,5
81045,5
81046,5
81047,5
81048,5
81049,5
81050,5
81051,5
81052,5
81053,5
81054,5
81055,5
81056,5
81057,5
81058,5
81059,5
81060,5
81061,5
81062,5
81063,5
81064,5
81065,5
81066,5
81067,5
81068,5
81069,5
81070,5
81071,5
81072,5
81073,5
81074,5
81075,5
81076,5
81077,5
81078,5
81079,5
81080,5
81081,5
81082,5
81083,5
81084,5
81085,5
81086,5
81087,5
81088,5
81089,5
81090,5
81091,5
81092,5
81093,5
81094,3
81095,5
81096,5
81097,5
81098,5
81099,5
81100,5
81101,5
81102,5
81103,5
81104,5
81105,5
81106,5
81107,5
81108,5
81109,5
81110,5
81111,5
81112,5
81113,5
81114,5
81115,5
81116,5
81117,5
81118,5
81119,5
81120,5
81121,5
81122,5
81123,5
81124,3
81125,5
81126,5
81127,5
81128,5
81129,5
81130,5
81131,5
81132,5
81133,5
81134,5
81135,5
81136,5
81137,5
81138,5
81139,5
81140,5
81141,5
81142,5
81143,5
81144,5
81145,5
81146,5
81147,5
81148,5
81149,5
81150,5
81151,5
81152,5
81153,5
81154,5
81155,5
81156,5
81157,5
81158,5
81159,5
81160,5
81161,5
81162,5
81163,5
81164,5
81165,5
81166,5
81167,5
81168,5
81169,5
81170,5
81171,5
81172,5
81173,5
81174,5
81175,5
81176,5
81177,3
81178,5
81179,5
81180,3
81181,5
81182,5
81183,5
81184,5
81185,5
81186,5
81187,5
81188,5
81189,5
81190,5
81191,5
81192,5
81193,5
81194,5
81195,5
81196,5
81197,5
81198,5
81199,5
81200,5
81201,5
81202,5
81203,5
81204,5
81205,5
81206,5
81207,5
81208,5
81209,5
81210,5
81211,5
81212,5
81213,5
81214,5
81215,5
81216,3
81217,5
81218,5
81219,5
81220,5
81221,5
81222,5
81223,5
81224,5
81225,5
81226,5
81227,5
81228,5
81229,5
81230,5
81231,5
81232,5
81233,5
81234,5
81235,5
81236,5
81237,5
81238,5
81239,5
81240,5
81241,5
81242,5
81243,5
81244,5
81245,5
81246,5
81247,5
81248,5
81249,5
81250,5
81251,5
81252,5
81253,5
81254,5
81255,5
81256,5
81257,5
81258,5
81259,5
81260,5
81261,5
81262,5
81263,5
81264,5
81265,5
81266,5
81267,5
81268,5
81269,5
81270,5
81271,5
81272,5
81273,5
81274,5
81275,5
81276,5
81277,5
81278,5
81279,5
81280,5
81281,5
81282,5
81283,5
81284,5
81285,5
81286,5
81287,5
81288,5
81289,5
81290,5
81291,5
81292,5
81293,5
81294,5
81295,5
81296,5
81297,5
81298,5
81299,5
81300,5
81301,5
81302,5
81303,5
81304,5
81305,3
81306,5
81307,5
81308,5
81309,5
81310,5
81311,5
81312,5
81313,5
81314,5
81315,5
81316,5
81317,5
81318,5
81319,5
81320,5
81321,5
81322,5
81323,5
81324,5
81325,5
81326,5
81327,5
81328,5
81329,5
81330,5
81331,5
81332,5
81333,5
81334,5
81335,5
81336,5
81337,5
81338,5
81339,5
81340,5
81341,5
81342,5
81343,5
81344,5
81345,5
81346,5
81347,5
81348,5
81349,5
81350,5
81351,5
81352,5
81353,5
81354,5
81355,5
81356,5
81357,5
81358,5
81359,5
81360,5
81361,3
81362,5
81363,5
81364,5
81365,5
81366,5
81367,5
81368,5
81369,5
81370,5
81371,5
81372,5
81373,5
81374,5
81375,5
81376,5
81377,5
81378,5
81379,5
81380,5
81381,5
81382,5
81383,5
81384,5
81385,5
81386,5
81387,5
81388,5
81389,5
81390,5
81391,5
81392,5
81393,5
81394,5
81395,5
81396,5
81397,5
81398,5
81399,5
81400,5
81401,5
81402,5
81403,5
81404,5
81405,5
81406,5
81407,5
81408,5
81409,5
81410,5
81411,5
81412,5
81413,5
81414,5
81415,5
81416,5
81417,3
81418,5
81419,5
81420,5
81421,5
81422,5
81423,5
81424,5
81425,5
81426,5
81427,5
81428,5
81429,5
81430,5
81431,5
81432,5
81433,5
81434,5
81435,5
81436,5
81437,5
81438,5
81439,5
81440,5
81441,5
81442,5
81443,5
81444,5
81445,5
81446,5
81447,5
81448,5
81449,5
81450,5
81451,5
81452,5
81453,5
81454,5
81455,5
81456,5
81457,5
81458,5
81459,5
81460,5
81461,5
81462,5
81463,5
81464,5
81465,5
81466,5
81467,5
81468,5
81469,5
81470,5
81471,5
81472,5
81473,5
81474,5
81475,5
81476,5
81477,5
81478,5
81479,5
81480,5
81481,5
81482,5
81483,5
81484,5
81485,5
81486,5
81487,5
81488,5
81489,5
81490,5
81491,5
81492,5
81493,3
81494,5
81495,5
81496,5
81497,5
81498,5
81499,5
81500,5
81501,5
81502,3
81503,5
81504,5
81505,5
81506,5
81507,5
81508,5
81509,5
81510,5
81511,5
81512,5
81513,5
81514,5
81515,5
81516,5
81517,5
81518,5
81519,5
81520,5
81521,5
81522,5
81523,5
81524,5
81525,5
81526,5
81527,5
81528,5
81529,3
81530,5
81531,5
81532,5
81533,5
81534,5
81535,5
81536,5
81537,5
81538,5
81539,5
81540,5
81541,5
81542,5
81543,5
81544,5
81545,5
81546,5
81547,5
81548,5
81549,5
81550,5
81551,5
81552,5
81553,5
81554,5
81555,5
81556,5
81557,5
81558,5
81559,5
81560,5
81561,5
81562,5
81563,5
81564,5
81565,5
81566,5
81567,5
81568,5
81569,5
81570,5
81571,5
81572,5
81573,5
81574,5
81575,5
81576,5
81577,5
81578,5
81579,5
81580,5
81581,5
81582,5
81583,5
81584,5
81585,5
81586,5
81587,5
81588,5
81589,5
81590,5
81591,5
81592,5
81593,5
81594,5
81595,5
81596,3
81597,3
81598,5
81599,5
81600,5
81601,5
81602,5
81603,5
81604,5
81605,5
81606,5
81607,5
81608,5
81609,5
81610,5
81611,5
81612,5
81613,5
81614,5
81615,5
81616,5
81617,5
81618,5
81619,5
81620,5
81621,5
81622,5
81623,5
81624,5
81625,5
81626,5
81627,5
81628,5
81629,5
81630,5
81631,5
81632,5
81633,5
81634,5
81635,5
81636,5
81637,5
81638,5
81639,5
81640,5
81641,5
81642,5
81643,5
81644,5
81645,5
81646,5
81647,5
81648,5
81649,5
81650,5
81651,5
81652,5
81653,5
81654,5
81655,5
81656,5
81657,5
81658,5
81659,5
81660,5
81661,5
81662,5
81663,5
81664,5
81665,5
81666,5
81667,5
81668,5
81669,5
81670,5
81671,5
81672,5
81673,5
81674,5
81675,5
81676,5
81677,5
81678,5
81679,5
81680,5
81681,5
81682,5
81683,5
81684,5
81685,5
81686,5
81687,5
81688,5
81689,3
81690,5
81691,5
81692,5
81693,5
81694,5
81695,5
81696,5
81697,5
81698,5
81699,5
81700,5
81701,5
81702,5
81703,5
81704,5
81705,5
81706,5
81707,3
81708,5
81709,5
81710,5
81711,5
81712,5
81713,5
81714,5
81715,5
81716,5
81717,5
81718,5
81719,5
81720,5
81721,5
81722,5
81723,5
81724,5
81725,5
81726,5
81727,5
81728,5
81729,5
81730,5
81731,5
81732,5
81733,5
81734,5
81735,5
81736,5
81737,5
81738,3
81739,5
81740,3
81741,5
81742,5
81743,5
81744,5
81745,5
81746,5
81747,5
81748,5
81749,5
81750,5
81751,5
81752,5
81753,5
81754,5
81755,5
81756,5
81757,5
81758,5
81759,5
81760,5
81761,3
81762,5
81763,5
81764,5
81765,5
81766,5
81767,5
81768,5
81769,5
81770,5
81771,5
81772,5
81773,5
81774,5
81775,5
81776,5
81777,5
81778,5
81779,5
81780,5
81781,5
81782,3
81783,5
81784,5
81785,5
81786,5
81787,5
81788,5
81789,5
81790,5
81791,5
81792,5
81793,5
81794,5
81795,5
81796,5
81797,5
81798,5
81799,5
81800,5
81801,5
81802,5
81803,5
81804,5
81805,5
81806,5
81807,5
81808,5
81809,5
81810,5
81811,5
81812,5
81813,5
81814,5
81815,5
81816,5
81817,5
81818,5
81819,5
81820,5
81821,5
81822,5
81823,5
81824,5
81825,5
81826,5
81827,5
81828,5
81829,5
81830,5
81831,5
81832,5
81833,5
81834,5
81835,5
81836,5
81837,5
81838,5
81839,3
81840,5
81841,5
81842,5
81843,5
81844,5
81845,5
81846,5
81847,5
81848,5
81849,5
81850,5
81851,5
81852,5
81853,5
81854,5
81855,5
81856,5
81857,5
81858,5
81859,5
81860,5
81861,5
81862,5
81863,5
81864,5
81865,5
81866,5
81867,5
81868,5
81869,5
81870,5
81871,5
81872,5
81873,5
81874,5
81875,5
81876,3
81877,5
81878,5
81879,5
81880,3
81881,5
81882,5
81883,5
81884,5
81885,5
81886,5
81887,5
81888,5
81889,5
81890,5
81891,5
81892,5
81893,5
81894,5
81895,5
81896,5
81897,5
81898,5
81899,5
81900,3
81901,5
81902,5
81903,5
81904,5
81905,5
81906,5
81907,5
81908,5
81909,5
81910,5
81911,5
81912,5
81913,5
81914,5
81915,5
81916,5
81917,5
81918,5
81919,5
81920,5
81921,5
81922,5
81923,5
81924,5
81925,5
81926,5
81927,5
81928,5
81929,5
81930,5
81931,5
81932,5
81933,5
81934,5
81935,5
81936,5
81937,5
81938,5
81939,5
81940,5
81941,5
81942,5
81943,5
81944,5
81945,5
81946,5
81947,5
81948,5
81949,5
81950,5
81951,5
81952,5
81953,5
81954,5
81955,5
81956,5
81957,5
81958,5
81959,5
81960,5
81961,5
81962,5
81963,5
81964,5
81965,5
81966,5
81967,5
81968,5
81969,5
81970,5
81971,3
81972,5
81973,5
81974,5
81975,5
81976,5
81977,5
81978,5
81979,5
81980,5
81981,5
81982,5
81983,5
81984,5
81985,5
81986,5
81987,5
81988,5
81989,5
81990,5
81991,5
81992,5
81993,5
81994,5
81995,5
81996,5
81997,5
81998,5
81999,5
82000,5
82001,5
82002,5
82003,5
82004,5
82005,5
82006,1
82007,5
82008,5
82009,5
82010,5
82011,5
82012,5
82013,5
82014,5
82015,5
82016,5
82017,5
82018,5
82019,5
82020,5
82021,5
82022,5
82023,5
82024,3
82025,5
82026,5
82027,5
82028,5
82029,5
82030,5
82031,5
82032,5
82033,5
82034,5
82035,5
82036,5
82037,5
82038,5
82039,5
82040,5
82041,5
82042,5
82043,5
82044,5
82045,5
82046,5
82047,5
82048,3
82049,5
82050,5
82051,5
82052,5
82053,5
82054,5
82055,5
82056,5
82057,5
82058,5
82059,5
82060,5
82061,5
82062,5
82063,5
82064,5
82065,5
82066,5
82067,5
82068,5
82069,5
82070,5
82071,5
82072,5
82073,5
82074,5
82075,5
82076,5
82077,5
82078,5
82079,5
82080,5
82081,5
82082,5
82083,5
82084,5
82085,5
82086,5
82087,5
82088,5
82089,5
82090,5
82091,5
82092,5
82093,5
82094,5
82095,5
82096,5
82097,5
82098,5
82099,5
82100,5
82101,5
82102,5
82103,5
82104,5
82105,5
82106,5
82107,5
82108,3
82109,5
82110,5
82111,3
82112,5
82113,5
82114,5
82115,5
82116,5
82117,5
82118,5
82119,5
82120,5
82121,5
82122,5
82123,5
82124,5
82125,5
82126,5
82127,5
82128,5
82129,5
82130,5
82131,5
82132,5
82133,5
82134,5
82135,5
82136,5
82137,5
82138,5
82139,5
82140,5
82141,5
82142,5
82143,5
82144,5
82145,5
82146,5
82147,3
82148,5
82149,5
82150,5
82151,5
82152,5
82153,5
82154,5
82155,5
82156,5
82157,3
82158,5
82159,5
82160,5
82161,5
82162,5
82163,5
82164,5
82165,5
82166,5
82167,5
82168,5
82169,5
82170,5
82171,5
82172,5
82173,5
82174,5
82175,5
82176,5
82177,5
82178,5
82179,5
82180,5
82181,5
82182,5
82183,5
82184,5
82185,5
82186,5
82187,5
82188,5
82189,5
82190,5
82191,5
82192,3
82193,5
82194,5
82195,5
82196,5
82197,5
82198,5
82199,5
82200,3
82201,5
82202,5
82203,5
82204,5
82205,5
82206,5
82207,5
82208,5
82209,5
82210,5
82211,3
82212,5
82213,5
82214,5
82215,5
82216,5
82217,5
82218,5
82219,5
82220,5
82221,5
82222,5
82223,5
82224,5
82225,5
82226,5
82227,5
82228,5
82229,5
82230,5
82231,5
82232,5
82233,5
82234,5
82235,5
82236,5
82237,5
82238,5
82239,5
82240,5
82241,5
82242,5
82243,5
82244,5
82245,5
82246,5
82247,5
82248,5
82249,5
82250,5
82251,5
82252,5
82253,5
82254,5
82255,5
82256,5
82257,5
82258,5
82259,5
82260,5
82261,5
82262,5
82263,5
82264,5
82265,5
82266,5
82267,5
82268,5
82269,5
82270,5
82271,5
82272,5
82273,5
82274,5
82275,5
82276,5
82277,5
82278,5
82279,5
82280,5
82281,5
82282,5
82283,5
82284,5
82285,5
82286,5
82287,5
82288,5
82289,5
82290,5
82291,5
82292,5
82293,5
82294,5
82295,5
82296,5
82297,5
82298,5
82299,5
82300,5
82301,5
82302,5
82303,5
82304,5
82305,5
82306,5
82307,5
82308,5
82309,5
82310,5
82311,5
82312,5
82313,5
82314,5
82315,5
82316,5
82317,5
82318,5
82319,5
82320,5
82321,5
82322,5
82323,5
82324,5
82325,5
82326,5
82327,5
82328,5
82329,5
82330,5
82331,5
82332,5
82333,5
82334,5
82335,5
82336,5
82337,5
82338,5
82339,5
82340,5
82341,5
82342,5
82343,5
82344,5
82345,5
82346,5
82347,5
82348,5
82349,5
82350,3
82351,5
82352,5
82353,5
82354,5
82355,5
82356,5
82357,5
82358,5
82359,5
82360,5
82361,5
82362,5
82363,5
82364,5
82365,5
82366,5
82367,5
82368,5
82369,5
82370,5
82371,5
82372,5
82373,5
82374,5
82375,5
82376,5
82377,5
82378,5
82379,5
82380,5
82381,5
82382,5
82383,5
82384,5
82385,1
82386,5
82387,5
82388,5
82389,5
82390,5
82391,5
82392,5
82393,5
82394,5
82395,5
82396,5
82397,5
82398,5
82399,5
82400,5
82401,5
82402,5
82403,5
82404,5
82405,5
82406,5
82407,5
82408,5
82409,5
82410,5
82411,5
82412,5
82413,5
82414,5
82415,5
82416,5
82417,5
82418,5
82419,5
82420,5
82421,5
82422,5
82423,5
82424,5
82425,5
82426,5
82427,5
82428,5
82429,5
82430,5
82431,5
82432,5
82433,5
82434,5
82435,5
82436,5
82437,5
82438,5
82439,5
82440,5
82441,5
82442,5
82443,5
82444,5
82445,5
82446,5
82447,5
82448,5
82449,5
82450,5
82451,5
82452,5
82453,5
82454,5
82455,5
82456,5
82457,5
82458,5
82459,5
82460,5
82461,5
82462,5
82463,5
82464,5
82465,5
82466,5
82467,5
82468,5
82469,5
82470,5
82471,5
82472,5
82473,5
82474,5
82475,5
82476,5
82477,5
82478,5
82479,5
82480,5
82481,5
82482,5
82483,1
82484,5
82485,5
82486,3
82487,5
82488,5
82489,5
82490,5
82491,5
82492,5
82493,5
82494,5
82495,5
82496,5
82497,5
82498,5
82499,5
82500,5
82501,5
82502,5
82503,5
82504,5
82505,5
82506,5
82507,5
82508,5
82509,5
82510,5
82511,5
82512,5
82513,5
82514,5
82515,5
82516,5
82517,5
82518,5
82519,5
82520,5
82521,5
82522,5
82523,5
82524,5
82525,5
82526,5
82527,5
82528,5
82529,5
82530,5
82531,5
82532,5
82533,5
82534,5
82535,5
82536,5
82537,5
82538,5
82539,5
82540,5
82541,5
82542,5
82543,5
82544,5
82545,5
82546,5
82547,5
82548,5
82549,5
82550,5
82551,5
82552,5
82553,5
82554,5
82555,5
82556,5
82557,5
82558,5
82559,5
82560,5
82561,5
82562,5
82563,5
82564,5
82565,5
82566,5
82567,5
82568,5
82569,5
82570,5
82571,5
82572,5
82573,5
82574,5
82575,5
82576,5
82577,5
82578,5
82579,5
82580,5
82581,5
82582,5
82583,5
82584,5
82585,5
82586,5
82587,5
82588,5
82589,5
82590,5
82591,5
82592,5
82593,5
82594,5
82595,5
82596,5
82597,5
82598,5
82599,5
82600,5
82601,5
82602,5
82603,5
82604,5
82605,5
82606,5
82607,5
82608,5
82609,5
82610,5
82611,5
82612,5
82613,5
82614,5
82615,5
82616,5
82617,5
82618,5
82619,5
82620,5
82621,5
82622,5
82623,5
82624,5
82625,5
82626,5
82627,5
82628,5
82629,5
82630,5
82631,5
82632,5
82633,5
82634,5
82635,5
82636,5
82637,5
82638,5
82639,5
82640,5
82641,5
82642,5
82643,5
82644,5
82645,5
82646,5
82647,5
82648,5
82649,5
82650,5
82651,5
82652,5
82653,5
82654,5
82655,5
82656,5
82657,5
82658,3
82659,5
82660,5
82661,5
82662,5
82663,5
82664,5
82665,5
82666,5
82667,5
82668,5
82669,5
82670,5
82671,5
82672,5
82673,5
82674,5
82675,5
82676,5
82677,5
82678,5
82679,5
82680,5
82681,5
82682,5
82683,5
82684,5
82685,5
82686,5
82687,5
82688,5
82689,5
82690,5
82691,5
82692,5
82693,5
82694,5
82695,5
82696,5
82697,5
82698,5
82699,5
82700,5
82701,5
82702,5
82703,5
82704,5
82705,5
82706,5
82707,5
82708,5
82709,5
82710,5
82711,5
82712,5
82713,5
82714,5
82715,5
82716,5
82717,5
82718,5
82719,5
82720,5
82721,5
82722,5
82723,5
82724,5
82725,5
82726,5
82727,5
82728,5
82729,5
82730,5
82731,5
82732,5
82733,5
82734,5
82735,5
82736,5
82737,5
82738,5
82739,3
82740,5
82741,5
82742,5
82743,5
82744,5
82745,5
82746,5
82747,5
82748,5
82749,5
82750,5
82751,5
82752,5
82753,5
82754,5
82755,5
82756,5
82757,5
82758,5
82759,5
82760,5
82761,5
82762,5
82763,5
82764,5
82765,5
82766,5
82767,5
82768,5
82769,5
82770,5
82771,5
82772,5
82773,5
82774,3
82775,5
82776,5
82777,5
82778,5
82779,5
82780,5
82781,5
82782,5
82783,5
82784,5
82785,5
82786,5
82787,5
82788,5
82789,5
82790,5
82791,5
82792,5
82793,5
82794,5
82795,3
82796,5
82797,5
82798,5
82799,5
82800,5
82801,5
82802,5
82803,5
82804,1
82805,5
82806,5
82807,5
82808,5
82809,5
82810,5
82811,5
82812,5
82813,5
82814,5
82815,5
82816,5
82817,5
82818,5
82819,5
82820,5
82821,5
82822,5
82823,5
82824,5
82825,5
82826,5
82827,5
82828,5
82829,5
82830,5
82831,5
82832,5
82833,5
82834,5
82835,5
82836,5
82837,5
82838,5
82839,5
82840,5
82841,5
82842,5
82843,5
82844,5
82845,5
82846,5
82847,5
82848,5
82849,5
82850,5
82851,5
82852,5
82853,5
82854,5
82855,5
82856,5
82857,5
82858,5
82859,5
82860,5
82861,5
82862,5
82863,5
82864,5
82865,5
82866,5
82867,5
82868,5
82869,5
82870,5
82871,5
82872,5
82873,5
82874,5
82875,5
82876,5
82877,5
82878,5
82879,5
82880,5
82881,5
82882,5
82883,5
82884,5
82885,5
82886,5
82887,5
82888,5
82889,5
82890,5
82891,5
82892,5
82893,5
82894,5
82895,5
82896,5
82897,5
82898,5
82899,5
82900,5
82901,5
82902,5
82903,5
82904,5
82905,5
82906,5
82907,5
82908,5
82909,5
82910,5
82911,5
82912,5
82913,5
82914,5
82915,5
82916,5
82917,5
82918,5
82919,5
82920,5
82921,5
82922,5
82923,5
82924,5
82925,5
82926,5
82927,5
82928,5
82929,5
82930,5
82931,5
82932,5
82933,5
82934,5
82935,5
82936,5
82937,5
82938,5
82939,5
82940,5
82941,5
82942,5
82943,5
82944,5
82945,5
82946,5
82947,5
82948,5
82949,5
82950,5
82951,5
82952,5
82953,5
82954,5
82955,5
82956,5
82957,5
82958,5
82959,5
82960,5
82961,5
82962,5
82963,5
82964,1
82965,5
82966,5
82967,5
82968,5
82969,5
82970,5
82971,5
82972,5
82973,5
82974,5
82975,5
82976,5
82977,5
82978,5
82979,5
82980,5
82981,5
82982,5
82983,5
82984,5
82985,5
82986,5
82987,5
82988,5
82989,3
82990,5
82991,5
82992,5
82993,5
82994,5
82995,5
82996,5
82997,5
82998,5
82999,5
83000,5
83001,5
83002,5
83003,5
83004,5
83005,5
83006,5
83007,5
83008,5
83009,5
83010,5
83011,3
83012,5
83013,5
83014,5
83015,5
83016,5
83017,5
83018,5
83019,5
83020,5
83021,5
83022,5
83023,5
83024,5
83025,5
83026,5
83027,5
83028,5
83029,5
83030,5
83031,5
83032,5
83033,5
83034,5
83035,5
83036,5
83037,5
83038,5
83039,3
83040,5
83041,5
83042,5
83043,5
83044,5
83045,5
83046,5
83047,5
83048,5
83049,5
83050,5
83051,5
83052,5
83053,5
83054,5
83055,5
83056,5
83057,5
83058,5
83059,5
83060,5
83061,5
83062,5
83063,5
83064,5
83065,5
83066,3
83067,5
83068,5
83069,5
83070,5
83071,5
83072,5
83073,5
83074,5
83075,5
83076,5
83077,5
83078,5
83079,5
83080,5
83081,5
83082,5
83083,5
83084,5
83085,5
83086,5
83087,5
83088,5
83089,3
83090,5
83091,5
83092,5
83093,5
83094,5
83095,5
83096,5
83097,5
83098,5
83099,5
83100,5
83101,5
83102,5
83103,5
83104,5
83105,5
83106,5
83107,5
83108,5
83109,5
83110,5
83111,5
83112,5
83113,5
83114,5
83115,5
83116,5
83117,5
83118,5
83119,5
83120,5
83121,5
83122,3
83123,5
83124,5
83125,5
83126,5
83127,5
83128,5
83129,3
83130,5
83131,5
83132,5
83133,3
83134,1
83135,5
83136,5
83137,5
83138,5
83139,5
83140,5
83141,5
83142,5
83143,5
83144,5
83145,5
83146,5
83147,5
83148,5
83149,5
83150,5
83151,5
83152,5
83153,5
83154,5
83155,5
83156,5
83157,5
83158,5
83159,5
83160,5
83161,5
83162,5
83163,5
83164,1
83165,5
83166,5
83167,5
83168,5
83169,5
83170,5
83171,5
83172,5
83173,5
83174,5
83175,5
83176,5
83177,5
83178,5
83179,5
83180,5
83181,5
83182,5
83183,5
83184,5
83185,5
83186,5
83187,5
83188,5
83189,5
83190,5
83191,5
83192,5
83193,5
83194,5
83195,5
83196,5
83197,5
83198,5
83199,5
83200,5
83201,5
83202,5
83203,5
83204,5
83205,5
83206,5
83207,5
83208,5
83209,5
83210,5
83211,5
83212,5
83213,5
83214,5
83215,5
83216,5
83217,5
83218,5
83219,5
83220,5
83221,5
83222,5
83223,5
83224,5
83225,5
83226,5
83227,5
83228,5
83229,5
83230,5
83231,5
83232,5
83233,5
83234,5
83235,5
83236,5
83237,5
83238,5
83239,5
83240,5
83241,5
83242,5
83243,5
83244,5
83245,3
83246,5
83247,5
83248,5
83249,5
83250,5
83251,5
83252,5
83253,5
83254,5
83255,5
83256,5
83257,5
83258,5
83259,5
83260,5
83261,5
83262,5
83263,5
83264,5
83265,5
83266,5
83267,5
83268,5
83269,3
83270,5
83271,5
83272,5
83273,5
83274,5
83275,5
83276,5
83277,5
83278,5
83279,5
83280,5
83281,5
83282,5
83283,5
83284,5
83285,5
83286,5
83287,5
83288,5
83289,5
83290,5
83291,5
83292,5
83293,3
83294,5
83295,1
83296,5
83297,5
83298,5
83299,5
83300,5
83301,5
83302,5
83303,5
83304,5
83305,5
83306,5
83307,5
83308,5
83309,5
83310,5
83311,5
83312,3
83313,5
83314,5
83315,5
83316,5
83317,5
83318,5
83319,5
83320,5
83321,3
83322,5
83323,5
83324,5
83325,5
83326,5
83327,5
83328,5
83329,5
83330,5
83331,5
83332,5
83333,5
83334,5
83335,5
83336,5
83337,5
83338,5
83339,5
83340,5
83341,5
83342,5
83343,5
83344,5
83345,5
83346,5
83347,5
83348,5
83349,5
83350,5
83351,5
83352,5
83353,5
83354,5
83355,5
83356,5
83357,5
83358,5
83359,5
83360,5
83361,5
83362,5
83363,5
83364,5
83365,5
83366,5
83367,5
83368,5
83369,5
83370,5
83371,5
83372,5
83373,5
83374,5
83375,5
83376,5
83377,5
83378,5
83379,5
83380,5
83381,5
83382,5
83383,5
83384,5
83385,5
83386,5
83387,5
83388,5
83389,5
83390,5
83391,5
83392,5
83393,5
83394,5
83395,5
83396,5
83397,5
83398,5
83399,5
83400,5
83401,5
83402,5
83403,5
83404,5
83405,5
83406,3
83407,5
83408,5
83409,5
83410,5
83411,5
83412,5
83413,5
83414,5
83415,5
83416,5
83417,5
83418,5
83419,5
83420,5
83421,5
83422,3
83423,5
83424,5
83425,5
83426,5
83427,5
83428,5
83429,5
83430,5
83431,5
83432,5
83433,5
83434,3
83435,5
83436,3
83437,5
83438,5
83439,5
83440,5
83441,5
83442,5
83443,5
83444,5
83445,5
83446,5
83447,5
83448,5
83449,5
83450,5
83451,5
83452,5
83453,5
83454,5
83455,5
83456,5
83457,5
83458,5
83459,5
83460,5
83461,5
83462,5
83463,5
83464,5
83465,5
83466,5
83467,5
83468,5
83469,5
83470,5
83471,5
83472,5
83473,5
83474,5
83475,5
83476,5
83477,5
83478,5
83479,5
83480,5
83481,5
83482,5
83483,5
83484,5
83485,5
83486,5
83487,5
83488,5
83489,5
83490,5
83491,5
83492,5
83493,5
83494,5
83495,5
83496,5
83497,5
83498,5
83499,5
83500,5
83501,5
83502,5
83503,5
83504,5
83505,5
83506,5
83507,5
83508,5
83509,5
83510,5
83511,5
83512,5
83513,5
83514,5
83515,5
83516,5
83517,5
83518,5
83519,5
83520,5
83521,5
83522,5
83523,5
83524,5
83525,5
83526,5
83527,5
83528,5
83529,5
83530,5
83531,5
83532,5
83533,5
83534,5
83535,5
83536,5
83537,5
83538,5
83539,5
83540,5
83541,5
83542,5
83543,5
83544,5
83545,5
83546,5
83547,5
83548,5
83549,5
83550,5
83551,5
83552,5
83553,5
83554,5
83555,5
83556,5
83557,3
83558,5
83559,5
83560,5
83561,5
83562,5
83563,5
83564,5
83565,5
83566,5
83567,5
83568,5
83569,5
83570,5
83571,5
83572,5
83573,5
83574,5
83575,5
83576,5
83577,5
83578,5
83579,5
83580,5
83581,5
83582,5
83583,5
83584,5
83585,5
83586,5
83587,5
83588,5
83589,5
83590,5
83591,5
83592,5
83593,5
83594,5
83595,5
83596,5
83597,5
83598,5
83599,5
83600,5
83601,5
83602,5
83603,5
83604,5
83605,5
83606,5
83607,5
83608,5
83609,5
83610,5
83611,5
83612,5
83613,5
83614,5
83615,5
83616,5
83617,5
83618,5
83619,5
83620,5
83621,5
83622,5
83623,5
83624,5
83625,5
83626,5
83627,5
83628,5
83629,5
83630,5
83631,5
83632,5
83633,5
83634,5
83635,5
83636,5
83637,5
83638,5
83639,5
83640,5
83641,5
83642,5
83643,5
83644,5
83645,5
83646,5
83647,5
83648,5
83649,5
83650,5
83651,3
83652,5
83653,5
83654,5
83655,5
83656,5
83657,5
83658,5
83659,5
83660,5
83661,5
83662,5
83663,5
83664,5
83665,5
83666,5
83667,5
83668,5
83669,5
83670,5
83671,5
83672,5
83673,5
83674,5
83675,5
83676,5
83677,5
83678,5
83679,5
83680,5
83681,5
83682,5
83683,5
83684,5
83685,5
83686,5
83687,5
83688,5
83689,5
83690,5
83691,5
83692,5
83693,5
83694,5
83695,5
83696,5
83697,5
83698,5
83699,5
83700,5
83701,5
83702,5
83703,5
83704,5
83705,5
83706,5
83707,5
83708,5
83709,5
83710,5
83711,5
83712,5
83713,5
83714,5
83715,5
83716,5
83717,5
83718,5
83719,5
83720,5
83721,5
83722,5
83723,5
83724,5
83725,5
83726,5
83727,5
83728,5
83729,5
83730,5
83731,5
83732,5
83733,5
83734,5
83735,3
83736,5
83737,3
83738,5
83739,5
83740,5
83741,5
83742,5
83743,5
83744,5
83745,5
83746,5
83747,5
83748,5
83749,5
83750,5
83751,5
83752,5
83753,5
83754,5
83755,5
83756,5
83757,1
83758,5
83759,5
83760,5
83761,5
83762,5
83763,5
83764,5
83765,5
83766,5
83767,5
83768,5
83769,5
83770,5
83771,5
83772,5
83773,5
83774,3
83775,5
83776,5
83777,3
83778,5
83779,5
83780,5
83781,5
83782,5
83783,5
83784,5
83785,5
83786,5
83787,5
83788,5
83789,5
83790,5
83791,5
83792,5
83793,5
83794,5
83795,5
83796,5
83797,5
83798,5
83799,5
83800,5
83801,5
83802,5
83803,5
83804,5
83805,5
83806,5
83807,5
83808,5
83809,5
83810,5
83811,5
83812,5
83813,1
83814,5
83815,5
83816,5
83817,5
83818,5
83819,5
83820,5
83821,5
83822,5
83823,5
83824,5
83825,5
83826,5
83827,5
83828,5
83829,5
83830,5
83831,5
83832,5
83833,5
83834,5
83835,5
83836,5
83837,5
83838,5
83839,5
83840,5
83841,5
83842,5
83843,5
83844,5
83845,5
83846,5
83847,5
83848,5
83849,5
83850,5
83851,5
83852,5
83853,5
83854,5
83855,5
83856,5
83857,5
83858,5
83859,5
83860,5
83861,5
83862,5
83863,5
83864,5
83865,5
83866,5
83867,5
83868,5
83869,5
83870,5
83871,5
83872,5
83873,5
83874,5
83875,5
83876,5
83877,5
83878,5
83879,5
83880,5
83881,5
83882,5
83883,5
83884,5
83885,5
83886,5
83887,5
83888,5
83889,5
83890,5
83891,5
83892,5
83893,5
83894,5
83895,5
83896,5
83897,5
83898,5
83899,5
83900,5
83901,5
83902,5
83903,5
83904,5
83905,5
83906,5
83907,5
83908,5
83909,5
83910,5
83911,5
83912,5
83913,5
83914,5
83915,5
83916,5
83917,5
83918,5
83919,5
83920,5
83921,5
83922,5
83923,3
83924,5
83925,5
83926,5
83927,5
83928,5
83929,5
83930,5
83931,5
83932,5
83933,5
83934,5
83935,5
83936,5
83937,5
83938,5
83939,5
83940,5
83941,5
83942,5
83943,5
83944,5
83945,5
83946,5
83947,5
83948,5
83949,5
83950,5
83951,5
83952,5
83953,5
83954,5
83955,5
83956,5
83957,5
83958,5
83959,5
83960,5
83961,5
83962,5
83963,5
83964,5
83965,5
83966,5
83967,5
83968,5
83969,5
83970,5
83971,5
83972,5
83973,5
83974,5
83975,5
83976,5
83977,5
83978,5
83979,5
83980,5
83981,5
83982,5
83983,5
83984,5
83985,5
83986,5
83987,5
83988,5
83989,5
83990,5
83991,5
83992,5
83993,5
83994,5
83995,5
83996,3
83997,5
83998,5
83999,5
84000,5
84001,5
84002,5
84003,5
84004,5
84005,5
84006,5
84007,5
84008,5
84009,5
84010,5
84011,5
84012,5
84013,3
84014,5
84015,5
84016,5
84017,5
84018,5
84019,5
84020,5
84021,5
84022,5
84023,5
84024,5
84025,5
84026,5
84027,5
84028,5
84029,5
84030,5
84031,5
84032,5
84033,5
84034,5
84035,5
84036,5
84037,5
84038,5
84039,5
84040,5
84041,5
84042,5
84043,5
84044,5
84045,5
84046,5
84047,5
84048,5
84049,5
84050,5
84051,5
84052,5
84053,5
84054,5
84055,5
84056,5
84057,5
84058,5
84059,5
84060,5
84061,5
84062,5
84063,5
84064,5
84065,3
84066,5
84067,5
84068,5
84069,5
84070,5
84071,5
84072,5
84073,5
84074,5
84075,5
84076,5
84077,5
84078,5
84079,5
84080,5
84081,5
84082,5
84083,5
84084,5
84085,5
84086,5
84087,5
84088,5
84089,5
84090,5
84091,5
84092,5
84093,5
84094,5
84095,5
84096,5
84097,5
84098,5
84099,5
84100,5
84101,5
84102,5
84103,5
84104,5
84105,3
84106,5
84107,5
84108,5
84109,5
84110,5
84111,5
84112,5
84113,5
84114,5
84115,5
84116,5
84117,5
84118,5
84119,5
84120,5
84121,5
84122,5
84123,5
84124,5
84125,5
84126,5
84127,5
84128,5
84129,5
84130,5
84131,5
84132,5
84133,5
84134,5
84135,5
84136,5
84137,5
84138,5
84139,5
84140,5
84141,5
84142,5
84143,5
84144,5
84145,5
84146,5
84147,5
84148,5
84149,5
84150,5
84151,5
84152,5
84153,5
84154,5
84155,5
84156,5
84157,5
84158,5
84159,5
84160,5
84161,5
84162,5
84163,5
84164,5
84165,5
84166,5
84167,5
84168,5
84169,5
84170,5
84171,5
84172,5
84173,5
84174,5
84175,5
84176,5
84177,5
84178,5
84179,5
84180,5
84181,5
84182,5
84183,5
84184,5
84185,5
84186,5
84187,5
84188,5
84189,5
84190,5
84191,5
84192,5
84193,5
84194,5
84195,5
84196,5
84197,5
84198,5
84199,5
84200,5
84201,5
84202,5
84203,5
84204,5
84205,5
84206,5
84207,5
84208,5
84209,5
84210,5
84211,5
84212,5
84213,5
84214,5
84215,5
84216,5
84217,5
84218,5
84219,5
84220,5
84221,5
84222,5
84223,5
84224,5
84225,5
84226,5
84227,5
84228,5
84229,5
84230,5
84231,5
84232,5
84233,5
84234,5
84235,5
84236,5
84237,5
84238,5
84239,5
84240,5
84241,5
84242,5
84243,5
84244,5
84245,5
84246,5
84247,5
84248,5
84249,5
84250,5
84251,5
84252,5
84253,5
84254,5
84255,5
84256,5
84257,5
84258,5
84259,5
84260,5
84261,3
84262,5
84263,5
84264,5
84265,5
84266,5
84267,5
84268,5
84269,5
84270,5
84271,5
84272,5
84273,5
84274,5
84275,5
84276,5
84277,5
84278,5
84279,5
84280,5
84281,5
84282,5
84283,5
84284,5
84285,5
84286,5
84287,5
84288,5
84289,5
84290,5
84291,5
84292,5
84293,5
84294,5
84295,5
84296,5
84297,3
84298,5
84299,5
84300,5
84301,5
84302,5
84303,5
84304,5
84305,5
84306,5
84307,5
84308,5
84309,5
84310,5
84311,5
84312,5
84313,5
84314,5
84315,5
84316,5
84317,5
84318,5
84319,5
84320,5
84321,5
84322,5
84323,5
84324,5
84325,5
84326,5
84327,5
84328,5
84329,5
84330,5
84331,5
84332,5
84333,5
84334,5
84335,5
84336,5
84337,5
84338,5
84339,5
84340,5
84341,5
84342,5
84343,3
84344,5
84345,5
84346,5
84347,5
84348,5
84349,5
84350,5
84351,5
84352,3
84353,5
84354,3
84355,5
84356,5
84357,5
84358,5
84359,5
84360,5
84361,5
84362,5
84363,5
84364,5
84365,5
84366,5
84367,5
84368,5
84369,5
84370,5
84371,5
84372,5
84373,5
84374,5
84375,5
84376,5
84377,5
84378,5
84379,5
84380,5
84381,5
84382,5
84383,5
84384,5
84385,5
84386,5
84387,5
84388,5
84389,5
84390,5
84391,5
84392,5
84393,5
84394,5
84395,5
84396,5
84397,5
84398,5
84399,5
84400,5
84401,3
84402,5
84403,5
84404,5
84405,5
84406,5
84407,5
84408,5
84409,5
84410,5
84411,5
84412,5
84413,5
84414,5
84415,5
84416,5
84417,5
84418,5
84419,5
84420,5
84421,5
84422,3
84423,5
84424,5
84425,5
84426,5
84427,5
84428,3
84429,5
84430,5
84431,5
84432,5
84433,5
84434,5
84435,5
84436,5
84437,5
84438,5
84439,5
84440,5
84441,5
84442,5
84443,5
84444,5
84445,5
84446,5
84447,5
84448,5
84449,5
84450,5
84451,5
84452,5
84453,5
84454,5
84455,3
84456,5
84457,5
84458,5
84459,5
84460,5
84461,5
84462,5
84463,5
84464,5
84465,5
84466,5
84467,5
84468,5
84469,3
84470,5
84471,5
84472,5
84473,5
84474,5
84475,5
84476,5
84477,5
84478,5
84479,5
84480,5
84481,5
84482,5
84483,5
84484,5
84485,5
84486,5
84487,5
84488,5
84489,5
84490,5
84491,5
84492,5
84493,5
84494,1
84495,5
84496,5
84497,5
84498,5
84499,5
84500,5
84501,5
84502,5
84503,5
84504,5
84505,5
84506,5
84507,5
84508,5
84509,5
84510,5
84511,5
84512,5
84513,5
84514,5
84515,5
84516,5
84517,5
84518,5
84519,5
84520,5
84521,5
84522,5
84523,5
84524,5
84525,5
84526,5
84527,5
84528,5
84529,5
84530,5
84531,5
84532,5
84533,5
84534,5
84535,5
84536,5
84537,5
84538,5
84539,5
84540,5
84541,5
84542,5
84543,5
84544,5
84545,5
84546,5
84547,5
84548,5
84549,5
84550,5
84551,5
84552,5
84553,5
84554,5
84555,5
84556,3
84557,5
84558,5
84559,5
84560,5
84561,5
84562,5
84563,5
84564,5
84565,5
84566,5
84567,5
84568,5
84569,5
84570,5
84571,3
84572,5
84573,5
84574,5
84575,5
84576,5
84577,5
84578,5
84579,5
84580,5
84581,5
84582,5
84583,5
84584,5
84585,5
84586,5
84587,5
84588,5
84589,5
84590,5
84591,3
84592,5
84593,5
84594,5
84595,5
84596,5
84597,5
84598,5
84599,5
84600,5
84601,5
84602,5
84603,5
84604,5
84605,5
84606,5
84607,5
84608,5
84609,5
84610,5
84611,5
84612,3
84613,5
84614,5
84615,5
84616,5
84617,5
84618,5
84619,5
84620,5
84621,5
84622,5
84623,5
84624,5
84625,5
84626,5
84627,5
84628,5
84629,5
84630,5
84631,5
84632,5
84633,5
84634,5
84635,5
84636,5
84637,3
84638,5
84639,5
84640,5
84641,5
84642,5
84643,5
84644,5
84645,5
84646,5
84647,5
84648,5
84649,5
84650,5
84651,5
84652,5
84653,5
84654,5
84655,5
84656,5
84657,5
84658,5
84659,5
84660,5
84661,5
84662,5
84663,5
84664,5
84665,5
84666,5
84667,5
84668,5
84669,5
84670,5
84671,5
84672,5
84673,5
84674,5
84675,5
84676,5
84677,5
84678,5
84679,3
84680,5
84681,5
84682,5
84683,5
84684,5
84685,5
84686,5
84687,5
84688,5
84689,5
84690,5
84691,5
84692,5
84693,5
84694,5
84695,5
84696,3
84697,5
84698,5
84699,5
84700,5
84701,5
84702,5
84703,5
84704,5
84705,5
84706,5
84707,5
84708,5
84709,5
84710,5
84711,5
84712,5
84713,5
84714,3
84715,5
84716,5
84717,5
84718,5
84719,5
84720,5
84721,5
84722,5
84723,5
84724,5
84725,5
84726,5
84727,5
84728,5
84729,5
84730,5
84731,5
84732,5
84733,5
84734,5
84735,5
84736,5
84737,5
84738,5
84739,3
84740,5
84741,5
84742,5
84743,5
84744,5
84745,5
84746,5
84747,5
84748,5
84749,5
84750,5
84751,5
84752,5
84753,5
84754,5
84755,5
84756,5
84757,5
84758,5
84759,5
84760,5
84761,5
84762,5
84763,5
84764,5
84765,5
84766,5
84767,5
84768,5
84769,5
84770,5
84771,5
84772,5
84773,5
84774,5
84775,5
84776,5
84777,5
84778,5
84779,5
84780,5
84781,5
84782,5
84783,5
84784,5
84785,5
84786,5
84787,5
84788,3
84789,3
84790,5
84791,5
84792,5
84793,5
84794,5
84795,3
84796,5
84797,5
84798,5
84799,5
84800,5
84801,5
84802,5
84803,5
84804,5
84805,5
84806,3
84807,5
84808,5
84809,5
84810,5
84811,5
84812,5
84813,5
84814,5
84815,5
84816,5
84817,5
84818,5
84819,5
84820,5
84821,5
84822,5
84823,5
84824,5
84825,5
84826,5
84827,5
84828,5
84829,5
84830,5
84831,5
84832,5
84833,5
84834,5
84835,5
84836,5
84837,5
84838,5
84839,5
84840,5
84841,5
84842,5
84843,5
84844,5
84845,5
84846,5
84847,5
84848,3
84849,5
84850,5
84851,5
84852,5
84853,5
84854,5
84855,5
84856,5
84857,5
84858,5
84859,5
84860,5
84861,5
84862,5
84863,5
84864,5
84865,5
84866,5
84867,5
84868,5
84869,5
84870,5
84871,5
84872,5
84873,5
84874,5
84875,5
84876,5
84877,5
84878,5
84879,5
84880,5
84881,5
84882,5
84883,5
84884,5
84885,5
84886,3
84887,5
84888,5
84889,5
84890,5
84891,5
84892,5
84893,5
84894,5
84895,5
84896,5
84897,5
84898,5
84899,5
84900,5
84901,5
84902,5
84903,5
84904,5
84905,5
84906,5
84907,5
84908,3
84909,5
84910,5
84911,5
84912,5
84913,5
84914,5
84915,5
84916,5
84917,5
84918,5
84919,5
84920,5
84921,5
84922,5
84923,5
84924,5
84925,5
84926,3
84927,5
84928,5
84929,5
84930,5
84931,5
84932,5
84933,5
84934,5
84935,5
84936,5
84937,5
84938,5
84939,5
84940,5
84941,5
84942,5
84943,3
84944,5
84945,5
84946,5
84947,5
84948,5
84949,5
84950,5
84951,5
84952,5
84953,5
84954,5
84955,5
84956,5
84957,5
84958,5
84959,5
84960,5
84961,5
84962,5
84963,5
84964,5
84965,5
84966,5
84967,5
84968,5
84969,5
84970,5
84971,5
84972,5
84973,5
84974,5
84975,5
84976,5
84977,5
84978,5
84979,5
84980,5
84981,5
84982,5
84983,5
84984,5
84985,5
84986,5
84987,5
84988,5
84989,5
84990,5
84991,5
84992,5
84993,5
84994,5
84995,5
84996,5
84997,5
84998,5
84999,5
85000,5
85001,5
85002,5
85003,5
85004,5
85005,5
85006,5
85007,5
85008,5
85009,5
85010,5
85011,5
85012,5
85013,5
85014,5
85015,5
85016,5
85017,5
85018,5
85019,5
85020,5
85021,5
85022,5
85023,5
85024,5
85025,5
85026,5
85027,5
85028,5
85029,5
85030,5
85031,5
85032,5
85033,5
85034,5
85035,5
85036,5
85037,5
85038,5
85039,5
85040,5
85041,5
85042,5
85043,5
85044,5
85045,5
85046,5
85047,5
85048,5
85049,5
85050,5
85051,5
85052,5
85053,5
85054,5
85055,5
85056,5
85057,5
85058,5
85059,5
85060,5
85061,5
85062,5
85063,5
85064,5
85065,5
85066,5
85067,5
85068,5
85069,3
85070,5
85071,5
85072,5
85073,5
85074,5
85075,5
85076,5
85077,5
85078,5
85079,5
85080,5
85081,5
85082,5
85083,5
85084,5
85085,5
85086,5
85087,5
85088,3
85089,5
85090,5
85091,5
85092,5
85093,5
85094,5
85095,5
85096,5
85097,5
85098,5
85099,5
85100,5
85101,5
85102,5
85103,5
85104,5
85105,5
85106,5
85107,5
85108,5
85109,5
85110,5
85111,5
85112,5
85113,5
85114,5
85115,5
85116,1
85117,5
85118,5
85119,5
85120,5
85121,5
85122,5
85123,5
85124,5
85125,5
85126,5
85127,5
85128,5
85129,5
85130,5
85131,5
85132,5
85133,5
85134,5
85135,5
85136,5
85137,5
85138,5
85139,5
85140,5
85141,5
85142,5
85143,5
85144,5
85145,5
85146,5
85147,5
85148,5
85149,5
85150,3
85151,5
85152,5
85153,5
85154,5
85155,5
85156,5
85157,5
85158,5
85159,5
85160,5
85161,5
85162,5
85163,5
85164,5
85165,5
85166,5
85167,5
85168,5
85169,5
85170,5
85171,5
85172,5
85173,5
85174,5
85175,5
85176,5
85177,3
85178,5
85179,5
85180,5
85181,5
85182,5
85183,5
85184,5
85185,5
85186,5
85187,5
85188,5
85189,5
85190,3
85191,5
85192,5
85193,5
85194,5
85195,5
85196,5
85197,5
85198,5
85199,5
85200,5
85201,5
85202,5
85203,5
85204,5
85205,5
85206,5
85207,5
85208,5
85209,5
85210,5
85211,5
85212,5
85213,5
85214,5
85215,5
85216,5
85217,5
85218,5
85219,3
85220,5
85221,5
85222,5
85223,5
85224,5
85225,5
85226,5
85227,5
85228,5
85229,5
85230,5
85231,5
85232,5
85233,5
85234,5
85235,5
85236,5
85237,5
85238,5
85239,5
85240,5
85241,5
85242,5
85243,3
85244,5
85245,5
85246,3
85247,5
85248,5
85249,5
85250,5
85251,5
85252,5
85253,5
85254,5
85255,5
85256,5
85257,5
85258,5
85259,5
85260,5
85261,5
85262,3
85263,5
85264,5
85265,5
85266,5
85267,5
85268,5
85269,5
85270,5
85271,5
85272,5
85273,5
85274,5
85275,5
85276,5
85277,5
85278,5
85279,5
85280,5
85281,5
85282,5
85283,5
85284,5
85285,5
85286,5
85287,5
85288,5
85289,5
85290,5
85291,5
85292,3
85293,5
85294,5
85295,5
85296,3
85297,5
85298,5
85299,5
85300,5
85301,5
85302,5
85303,5
85304,5
85305,5
85306,5
85307,5
85308,5
85309,5
85310,5
85311,5
85312,5
85313,5
85314,5
85315,5
85316,5
85317,5
85318,5
85319,5
85320,5
85321,5
85322,5
85323,5
85324,5
85325,5
85326,5
85327,5
85328,5
85329,5
85330,5
85331,5
85332,5
85333,5
85334,5
85335,5
85336,5
85337,5
85338,5
85339,5
85340,5
85341,5
85342,5
85343,5
85344,5
85345,5
85346,5
85347,5
85348,5
85349,5
85350,5
85351,5
85352,5
85353,5
85354,5
85355,3
85356,5
85357,5
85358,5
85359,5
85360,5
85361,5
85362,5
85363,5
85364,5
85365,5
85366,5
85367,5
85368,5
85369,5
85370,5
85371,5
85372,5
85373,5
85374,5
85375,5
85376,5
85377,5
85378,5
85379,5
85380,5
85381,5
85382,5
85383,5
85384,5
85385,5
85386,5
85387,5
85388,5
85389,5
85390,5
85391,5
85392,5
85393,5
85394,5
85395,5
85396,5
85397,5
85398,5
85399,3
85400,1
85401,1
85402,1
85403,1
85404,1
85405,1
85406,1
85407,1
85408,1
85409,1
85410,1
85411,1
85412,1
85413,1
85414,1
85415,1
85416,1
85417,1
85418,1
85419,1
85420,1
85421,1
85422,1
85423,1
85424,1
85425,1
85426,1
85427,1
85428,1
85429,1
85430,1
85431,1
85432,1
85433,1
85434,1
85435,1
85436,1
85437,1
85438,1
85439,1
85440,1
85441,1
85442,1
85443,1
85444,1
85445,2
85446,1
85447,1
85448,1
85449,2
85450,1
85451,1
85452,1
85453,1
85454,1
85455,1
85456,1
85457,1
85458,1
85459,1
85460,1
85461,1
85462,1
85463,1
85464,1
85465,1
85466,1
85467,1
85468,1
85469,1
85470,1
85471,1
85472,1
85473,1
85474,1
85475,1
85476,1
85477,1
85478,1
85479,1
85480,1
85481,1
85482,1
85483,1
85484,1
85485,1
85486,1
85487,1
85488,1
85489,1
85490,1
85491,1
85492,1
85493,1
85494,1
85495,1
85496,1
85497,1
85498,1
85499,1
85500,1
85501,1
85502,1
85503,1
85504,1
85505,1
85506,1
85507,1
85508,1
85509,1
85510,1
85511,1
85512,1
85513,1
85514,1
85515,1
85516,1
85517,1
85518,1
85519,1
85520,1
85521,1
85522,1
85523,1
85524,1
85525,1
85526,1
85527,1
85528,1
85529,1
85530,1
85531,1
85532,1
85533,1
85534,1
85535,1
85536,1
85537,1
85538,1
85539,1
85540,1
85541,1
85542,1
85543,1
85544,1
85545,1
85546,1
85547,1
85548,1
85549,1
85550,1
85551,1
85552,1
85553,1
85554,1
85555,1
85556,1
85557,1
85558,1
85559,1
85560,1
85561,1
85562,1
85563,1
85564,1
85565,1
85566,1
85567,1
85568,1
85569,1
85570,2
85571,1
85572,1
85573,1
85574,1
85575,1
85576,1
85577,1
85578,1
85579,1
85580,1
85581,1
85582,1
85583,1
85584,1
85585,1
85586,1
85587,1
85588,1
85589,1
85590,1
85591,1
85592,1
85593,1
85594,1
85595,1
85596,1
85597,1
85598,1
85599,1
85600,1
85601,1
85602,1
85603,1
85604,1
85605,1
85606,1
85607,1
85608,1
85609,1
85610,1
85611,1
85612,1
85613,1
85614,1
85615,1
85616,1
85617,1
85618,1
85619,1
85620,1
85621,1
85622,1
85623,1
85624,1
85625,1
85626,1
85627,1
85628,1
85629,1
85630,1
85631,1
85632,1
85633,1
85634,1
85635,1
85636,1
85637,1
85638,1
85639,1
85640,1
85641,1
85642,1
85643,1
85644,1
85645,1
85646,1
85647,1
85648,1
85649,1
85650,1
85651,1
85652,1
85653,1
85654,1
85655,1
85656,1
85657,1
85658,1
85659,1
85660,1
85661,1
85662,1
85663,1
85664,1
85665,1
85666,1
85667,1
85668,1
85669,1
85670,1
85671,1
85672,1
85673,1
85674,1
85675,1
85676,1
85677,1
85678,1
85679,1
85680,2
85681,1
85682,1
85683,1
85684,1
85685,1
85686,1
85687,1
85688,1
85689,1
85690,1
85691,1
85692,1
85693,1
85694,1
85695,1
85696,1
85697,1
85698,1
85699,1
85700,1
85701,1
85702,1
85703,1
85704,2
85705,1
85706,1
85707,1
85708,1
85709,1
85710,1
85711,1
85712,1
85713,1
85714,1
85715,1
85716,1
85717,1
85718,1
85719,1
85720,1
85721,1
85722,1
85723,1
85724,1
85725,1
85726,1
85727,1
85728,1
85729,1
85730,1
85731,1
85732,1
85733,1
85734,1
85735,1
85736,1
85737,1
85738,1
85739,1
85740,1
85741,1
85742,1
85743,1
85744,1
85745,1
85746,1
85747,1
85748,1
85749,1
85750,1
85751,1
85752,1
85753,1
85754,1
85755,1
85756,1
85757,1
85758,1
85759,1
85760,1
85761,1
85762,1
85763,1
85764,1
85765,1
85766,1
85767,1
85768,1
85769,1
85770,1
85771,1
85772,1
85773,1
85774,1
85775,1
85776,1
85777,1
85778,1
85779,1
85780,1
85781,1
85782,1
85783,1
85784,1
85785,1
85786,1
85787,1
85788,1
85789,1
85790,1
85791,1
85792,1
85793,1
85794,1
85795,1
85796,1
85797,1
85798,1
85799,1
85800,1
85801,1
85802,1
85803,1
85804,1
85805,1
85806,1
85807,1
85808,1
85809,1
85810,1
85811,1
85812,1
85813,1
85814,1
85815,1
85816,1
85817,1
85818,1
85819,1
85820,1
85821,1
85822,1
85823,1
85824,1
85825,1
85826,1
85827,1
85828,1
85829,1
85830,1
85831,1
85832,1
85833,1
85834,1
85835,1
85836,1
85837,1
85838,1
85839,1
85840,1
85841,1
85842,1
85843,1
85844,1
85845,1
85846,1
85847,1
85848,1
85849,1
85850,1
85851,1
85852,1
85853,1
85854,1
85855,1
85856,1
85857,1
85858,1
85859,1
85860,1
85861,1
85862,1
85863,1
85864,1
85865,1
85866,1
85867,1
85868,1
85869,1
85870,1
85871,1
85872,1
85873,1
85874,1
85875,1
85876,1
85877,1
85878,1
85879,1
85880,1
85881,1
85882,1
85883,1
85884,1
85885,1
85886,1
85887,1
85888,1
85889,1
85890,1
85891,1
85892,1
85893,1
85894,1
85895,1
85896,1
85897,1
85898,1
85899,1
85900,1
85901,1
85902,1
85903,1
85904,1
85905,1
85906,1
85907,1
85908,1
85909,1
85910,1
85911,1
85912,1
85913,1
85914,1
85915,1
85916,1
85917,1
85918,1
85919,1
85920,1
85921,1
85922,1
85923,1
85924,1
85925,1
85926,1
85927,1
85928,1
85929,1
85930,1
85931,1
85932,1
85933,1
85934,1
85935,1
85936,1
85937,1
85938,1
85939,1
85940,1
85941,1
85942,1
85943,1
85944,1
85945,1
85946,1
85947,1
85948,1
85949,1
85950,1
85951,1
85952,1
85953,2
85954,1
85955,1
85956,1
85957,1
85958,1
85959,1
85960,1
85961,1
85962,1
85963,1
85964,1
85965,1
85966,1
85967,1
85968,1
85969,1
85970,1
85971,1
85972,1
85973,1
85974,1
85975,1
85976,1
85977,1
85978,1
85979,1
85980,1
85981,1
85982,1
85983,1
85984,1
85985,1
85986,1
85987,1
85988,1
85989,1
85990,1
85991,1
85992,1
85993,1
85994,1
85995,1
85996,1
85997,1
85998,1
85999,1
86000,1
86001,1
86002,1
86003,1
86004,1
86005,1
86006,1
86007,1
86008,1
86009,1
86010,1
86011,1
86012,1
86013,1
86014,1
86015,1
86016,1
86017,1
86018,1
86019,1
86020,1
86021,1
86022,1
86023,1
86024,1
86025,1
86026,1
86027,1
86028,1
86029,1
86030,1
86031,1
86032,1
86033,1
86034,1
86035,1
86036,1
86037,1
86038,1
86039,1
86040,1
86041,1
86042,1
86043,1
86044,1
86045,1
86046,1
86047,1
86048,1
86049,2
86050,1
86051,1
86052,1
86053,1
86054,1
86055,1
86056,1
86057,1
86058,1
86059,1
86060,1
86061,1
86062,1
86063,1
86064,1
86065,1
86066,1
86067,1
86068,1
86069,1
86070,1
86071,1
86072,1
86073,1
86074,1
86075,1
86076,1
86077,1
86078,1
86079,1
86080,1
86081,1
86082,1
86083,1
86084,1
86085,1
86086,1
86087,1
86088,1
86089,1
86090,1
86091,1
86092,1
86093,1
86094,1
86095,1
86096,1
86097,1
86098,1
86099,1
86100,1
86101,1
86102,1
86103,1
86104,1
86105,1
86106,1
86107,1
86108,1
86109,1
86110,1
86111,1
86112,1
86113,1
86114,1
86115,1
86116,1
86117,1
86118,1
86119,1
86120,1
86121,1
86122,3
86123,1
86124,1
86125,1
86126,1
86127,1
86128,1
86129,1
86130,1
86131,1
86132,1
86133,1
86134,1
86135,1
86136,1
86137,1
86138,1
86139,1
86140,1
86141,1
86142,1
86143,1
86144,1
86145,1
86146,1
86147,1
86148,1
86149,1
86150,1
86151,1
86152,1
86153,1
86154,1
86155,1
86156,1
86157,1
86158,1
86159,1
86160,1
86161,1
86162,1
86163,1
86164,1
86165,1
86166,1
86167,1
86168,2
86169,1
86170,1
86171,1
86172,1
86173,1
86174,1
86175,1
86176,1
86177,1
86178,1
86179,1
86180,1
86181,1
86182,1
86183,1
86184,1
86185,1
86186,1
86187,1
86188,1
86189,1
86190,1
86191,1
86192,1
86193,1
86194,1
86195,1
86196,1
86197,1
86198,1
86199,1
86200,3
86201,1
86202,1
86203,1
86204,1
86205,1
86206,1
86207,1
86208,1
86209,1
86210,1
86211,1
86212,1
86213,1
86214,1
86215,1
86216,1
86217,1
86218,1
86219,1
86220,1
86221,1
86222,1
86223,1
86224,1
86225,1
86226,1
86227,1
86228,1
86229,1
86230,1
86231,1
86232,1
86233,1
86234,1
86235,1
86236,1
86237,1
86238,1
86239,1
86240,1
86241,1
86242,1
86243,1
86244,1
86245,1
86246,1
86247,1
86248,1
86249,1
86250,1
86251,1
86252,1
86253,1
86254,1
86255,1
86256,1
86257,1
86258,1
86259,1
86260,1
86261,1
86262,1
86263,1
86264,1
86265,1
86266,1
86267,1
86268,1
86269,1
86270,1
86271,1
86272,1
86273,1
86274,1
86275,1
86276,1
86277,1
86278,1
86279,1
86280,1
86281,1
86282,1
86283,1
86284,1
86285,1
86286,1
86287,1
86288,1
86289,1
86290,1
86291,1
86292,1
86293,1
86294,1
86295,1
86296,1
86297,1
86298,1
86299,1
86300,1
86301,2
86302,1
86303,1
86304,1
86305,1
86306,1
86307,1
86308,1
86309,1
86310,1
86311,1
86312,1
86313,1
86314,1
86315,1
86316,1
86317,1
86318,1
86319,1
86320,1
86321,1
86322,1
86323,1
86324,1
86325,1
86326,1
86327,1
86328,1
86329,1
86330,1
86331,1
86332,1
86333,1
86334,1
86335,1
86336,1
86337,1
86338,1
86339,1
86340,1
86341,1
86342,1
86343,1
86344,1
86345,1
86346,1
86347,1
86348,1
86349,1
86350,1
86351,1
86352,1
86353,2
86354,1
86355,1
86356,1
86357,1
86358,1
86359,1
86360,1
86361,1
86362,1
86363,1
86364,1
86365,1
86366,1
86367,1
86368,1
86369,1
86370,1
86371,1
86372,1
86373,1
86374,1
86375,1
86376,1
86377,1
86378,1
86379,1
86380,1
86381,1
86382,1
86383,1
86384,1
86385,1
86386,1
86387,1
86388,1
86389,1
86390,1
86391,1
86392,1
86393,1
86394,1
86395,1
86396,1
86397,2
86398,1
86399,1
86400,1
86401,1
86402,1
86403,1
86404,1
86405,1
86406,1
86407,1
86408,1
86409,1
86410,1
86411,1
86412,1
86413,1
86414,1
86415,1
86416,1
86417,1
86418,1
86419,1
86420,1
86421,1
86422,1
86423,1
86424,1
86425,1
86426,1
86427,1
86428,1
86429,1
86430,1
86431,1
86432,1
86433,2
86434,1
86435,1
86436,1
86437,1
86438,1
86439,1
86440,1
86441,1
86442,1
86443,1
86444,1
86445,1
86446,1
86447,1
86448,1
86449,1
86450,1
86451,1
86452,1
86453,1
86454,1
86455,1
86456,1
86457,1
86458,1
86459,1
86460,1
86461,1
86462,1
86463,1
86464,1
86465,1
86466,1
86467,1
86468,1
86469,1
86470,1
86471,1
86472,1
86473,1
86474,1
86475,1
86476,1
86477,1
86478,1
86479,1
86480,1
86481,1
86482,1
86483,1
86484,1
86485,1
86486,1
86487,1
86488,1
86489,1
86490,1
86491,1
86492,1
86493,1
86494,1
86495,1
86496,1
86497,1
86498,1
86499,1
86500,1
86501,1
86502,1
86503,1
86504,1
86505,1
86506,1
86507,1
86508,1
86509,1
86510,1
86511,1
86512,1
86513,1
86514,1
86515,1
86516,2
86517,1
86518,1
86519,1
86520,1
86521,1
86522,1
86523,1
86524,1
86525,1
86526,1
86527,1
86528,1
86529,1
86530,1
86531,1
86532,1
86533,1
86534,1
86535,1
86536,1
86537,2
86538,1
86539,1
86540,1
86541,1
86542,1
86543,1
86544,1
86545,1
86546,1
86547,1
86548,1
86549,1
86550,1
86551,1
86552,1
86553,1
86554,1
86555,1
86556,1
86557,1
86558,1
86559,1
86560,1
86561,1
86562,1
86563,1
86564,1
86565,1
86566,1
86567,1
86568,1
86569,1
86570,1
86571,1
86572,1
86573,1
86574,1
86575,1
86576,1
86577,1
86578,1
86579,1
86580,1
86581,1
86582,1
86583,1
86584,1
86585,1
86586,1
86587,1
86588,1
86589,1
86590,1
86591,1
86592,1
86593,1
86594,1
86595,1
86596,1
86597,1
86598,1
86599,1
86600,1
86601,1
86602,1
86603,1
86604,1
86605,1
86606,1
86607,1
86608,1
86609,1
86610,1
86611,1
86612,1
86613,1
86614,1
86615,1
86616,1
86617,1
86618,1
86619,1
86620,1
86621,1
86622,1
86623,1
86624,1
86625,1
86626,1
86627,1
86628,1
86629,1
86630,1
86631,1
86632,1
86633,3
86634,1
86635,1
86636,1
86637,1
86638,1
86639,1
86640,1
86641,1
86642,1
86643,1
86644,1
86645,1
86646,1
86647,1
86648,1
86649,1
86650,1
86651,1
86652,2
86653,1
86654,1
86655,1
86656,1
86657,1
86658,1
86659,1
86660,2
86661,1
86662,1
86663,1
86664,1
86665,1
86666,1
86667,1
86668,1
86669,1
86670,1
86671,1
86672,1
86673,1
86674,1
86675,1
86676,1
86677,1
86678,1
86679,1
86680,1
86681,1
86682,1
86683,1
86684,1
86685,1
86686,1
86687,1
86688,1
86689,1
86690,1
86691,1
86692,1
86693,1
86694,1
86695,1
86696,1
86697,1
86698,1
86699,1
86700,1
86701,1
86702,1
86703,1
86704,1
86705,1
86706,1
86707,1
86708,1
86709,1
86710,1
86711,1
86712,1
86713,1
86714,1
86715,1
86716,1
86717,1
86718,1
86719,1
86720,1
86721,1
86722,1
86723,1
86724,1
86725,1
86726,1
86727,1
86728,1
86729,1
86730,1
86731,1
86732,1
86733,1
86734,1
86735,1
86736,2
86737,1
86738,1
86739,1
86740,1
86741,1
86742,1
86743,1
86744,1
86745,1
86746,1
86747,1
86748,1
86749,1
86750,1
86751,1
86752,1
86753,1
86754,1
86755,1
86756,1
86757,1
86758,1
86759,1
86760,1
86761,1
86762,1
86763,1
86764,1
86765,1
86766,1
86767,1
86768,1
86769,1
86770,1
86771,1
86772,1
86773,1
86774,1
86775,1
86776,1
86777,1
86778,1
86779,1
86780,1
86781,1
86782,1
86783,1
86784,1
86785,1
86786,1
86787,1
86788,1
86789,1
86790,1
86791,1
86792,1
86793,1
86794,1
86795,3
86796,1
86797,1
86798,1
86799,1
86800,1
86801,1
86802,1
86803,1
86804,1
86805,1
86806,1
86807,1
86808,1
86809,1
86810,1
86811,1
86812,1
86813,1
86814,1
86815,1
86816,1
86817,1
86818,1
86819,1
86820,1
86821,1
86822,1
86823,1
86824,1
86825,1
86826,1
86827,1
86828,1
86829,1
86830,1
86831,1
86832,1
86833,1
86834,1
86835,1
86836,1
86837,1
86838,1
86839,1
86840,1
86841,1
86842,1
86843,1
86844,1
86845,1
86846,1
86847,1
86848,1
86849,1
86850,1
86851,1
86852,1
86853,1
86854,1
86855,1
86856,1
86857,1
86858,1
86859,1
86860,1
86861,1
86862,1
86863,1
86864,1
86865,1
86866,1
86867,1
86868,1
86869,1
86870,1
86871,1
86872,1
86873,1
86874,1
86875,1
86876,1
86877,1
86878,1
86879,1
86880,1
86881,1
86882,1
86883,1
86884,1
86885,1
86886,1
86887,1
86888,1
86889,1
86890,1
86891,1
86892,1
86893,1
86894,1
86895,1
86896,1
86897,1
86898,1
86899,1
86900,1
86901,1
86902,1
86903,1
86904,1
86905,1
86906,1
86907,1
86908,1
86909,1
86910,1
86911,1
86912,1
86913,1
86914,1
86915,1
86916,1
86917,1
86918,1
86919,1
86920,1
86921,1
86922,1
86923,1
86924,1
86925,1
86926,1
86927,1
86928,1
86929,1
86930,1
86931,1
86932,1
86933,1
86934,1
86935,1
86936,1
86937,1
86938,1
86939,1
86940,1
86941,1
86942,1
86943,1
86944,1
86945,1
86946,1
86947,1
86948,1
86949,1
86950,1
86951,1
86952,1
86953,1
86954,1
86955,1
86956,1
86957,1
86958,1
86959,1
86960,1
86961,1
86962,1
86963,3
86964,1
86965,1
86966,1
86967,1
86968,1
86969,1
86970,1
86971,1
86972,1
86973,1
86974,1
86975,1
86976,1
86977,1
86978,1
86979,1
86980,1
86981,1
86982,1
86983,1
86984,1
86985,1
86986,1
86987,1
86988,1
86989,1
86990,1
86991,1
86992,1
86993,1
86994,1
86995,1
86996,1
86997,1
86998,1
86999,1
87000,1
87001,1
87002,1
87003,1
87004,1
87005,1
87006,1
87007,1
87008,1
87009,1
87010,1
87011,1
87012,1
87013,1
87014,1
87015,1
87016,1
87017,1
87018,1
87019,1
87020,1
87021,1
87022,1
87023,1
87024,1
87025,1
87026,1
87027,1
87028,1
87029,1
87030,1
87031,1
87032,1
87033,1
87034,1
87035,1
87036,1
87037,1
87038,1
87039,1
87040,1
87041,1
87042,1
87043,1
87044,1
87045,1
87046,1
87047,1
87048,1
87049,1
87050,1
87051,1
87052,1
87053,1
87054,1
87055,1
87056,1
87057,1
87058,1
87059,1
87060,1
87061,1
87062,1
87063,1
87064,1
87065,1
87066,1
87067,1
87068,1
87069,1
87070,1
87071,1
87072,1
87073,1
87074,1
87075,1
87076,1
87077,1
87078,1
87079,1
87080,1
87081,1
87082,1
87083,1
87084,1
87085,1
87086,1
87087,1
87088,1
87089,1
87090,1
87091,1
87092,1
87093,1
87094,1
87095,1
87096,1
87097,1
87098,1
87099,1
87100,1
87101,1
87102,1
87103,1
87104,1
87105,1
87106,1
87107,1
87108,1
87109,1
87110,1
87111,1
87112,1
87113,1
87114,1
87115,1
87116,1
87117,1
87118,1
87119,1
87120,1
87121,1
87122,1
87123,1
87124,1
87125,1
87126,1
87127,1
87128,1
87129,1
87130,2
87131,1
87132,2
87133,1
87134,1
87135,1
87136,1
87137,1
87138,1
87139,1
87140,1
87141,1
87142,1
87143,1
87144,1
87145,1
87146,1
87147,1
87148,1
87149,1
87150,1
87151,1
87152,1
87153,1
87154,1
87155,1
87156,1
87157,1
87158,1
87159,1
87160,1
87161,1
87162,1
87163,1
87164,1
87165,1
87166,1
87167,1
87168,1
87169,1
87170,1
87171,2
87172,1
87173,1
87174,1
87175,1
87176,1
87177,1
87178,1
87179,1
87180,1
87181,1
87182,1
87183,1
87184,1
87185,1
87186,1
87187,2
87188,1
87189,1
87190,1
87191,2
87192,1
87193,1
87194,1
87195,1
87196,1
87197,1
87198,1
87199,1
87200,1
87201,1
87202,1
87203,1
87204,1
87205,1
87206,1
87207,1
87208,1
87209,1
87210,1
87211,1
87212,1
87213,1
87214,1
87215,1
87216,1
87217,1
87218,1
87219,1
87220,1
87221,1
87222,1
87223,1
87224,1
87225,1
87226,1
87227,1
87228,1
87229,1
87230,1
87231,1
87232,1
87233,1
87234,1
87235,1
87236,1
87237,1
87238,1
87239,1
87240,1
87241,1
87242,1
87243,1
87244,1
87245,1
87246,1
87247,1
87248,1
87249,1
87250,1
87251,1
87252,1
87253,1
87254,1
87255,1
87256,1
87257,1
87258,1
87259,1
87260,1
87261,1
87262,1
87263,1
87264,1
87265,1
87266,1
87267,1
87268,1
87269,1
87270,1
87271,1
87272,1
87273,1
87274,1
87275,1
87276,1
87277,1
87278,1
87279,1
87280,1
87281,1
87282,1
87283,1
87284,1
87285,1
87286,1
87287,1
87288,1
87289,2
87290,1
87291,1
87292,1
87293,1
87294,1
87295,1
87296,1
87297,1
87298,1
87299,1
87300,1
87301,1
87302,1
87303,1
87304,1
87305,1
87306,1
87307,1
87308,1
87309,1
87310,1
87311,1
87312,1
87313,1
87314,1
87315,1
87316,1
87317,1
87318,1
87319,1
87320,1
87321,1
87322,1
87323,1
87324,1
87325,1
87326,1
87327,1
87328,1
87329,1
87330,1
87331,1
87332,1
87333,1
87334,1
87335,1
87336,1
87337,1
87338,1
87339,1
87340,1
87341,1
87342,1
87343,1
87344,1
87345,1
87346,3
87347,3
87348,1
87349,1
87350,1
87351,1
87352,1
87353,1
87354,1
87355,1
87356,1
87357,1
87358,1
87359,1
87360,1
87361,1
87362,1
87363,1
87364,1
87365,1
87366,1
87367,1
87368,1
87369,1
87370,1
87371,2
87372,1
87373,1
87374,1
87375,1
87376,1
87377,1
87378,1
87379,1
87380,1
87381,1
87382,1
87383,1
87384,1
87385,1
87386,1
87387,1
87388,1
87389,1
87390,1
87391,1
87392,1
87393,1
87394,1
87395,1
87396,1
87397,1
87398,1
87399,1
87400,1
87401,1
87402,1
87403,1
87404,1
87405,1
87406,1
87407,1
87408,1
87409,1
87410,1
87411,1
87412,1
87413,1
87414,1
87415,1
87416,1
87417,1
87418,1
87419,1
87420,1
87421,1
87422,1
87423,1
87424,1
87425,1
87426,1
87427,2
87428,2
87429,1
87430,1
87431,1
87432,1
87433,1
87434,1
87435,1
87436,1
87437,1
87438,1
87439,1
87440,1
87441,1
87442,1
87443,1
87444,1
87445,1
87446,1
87447,1
87448,1
87449,1
87450,1
87451,1
87452,1
87453,1
87454,1
87455,1
87456,1
87457,1
87458,1
87459,1
87460,1
87461,1
87462,1
87463,1
87464,1
87465,1
87466,1
87467,1
87468,1
87469,1
87470,1
87471,1
87472,1
87473,1
87474,1
87475,1
87476,1
87477,1
87478,1
87479,1
87480,1
87481,1
87482,1
87483,1
87484,1
87485,1
87486,1
87487,1
87488,1
87489,1
87490,1
87491,1
87492,1
87493,1
87494,1
87495,1
87496,1
87497,1
87498,1
87499,1
87500,1
87501,1
87502,1
87503,1
87504,1
87505,1
87506,1
87507,1
87508,1
87509,1
87510,1
87511,1
87512,1
87513,1
87514,1
87515,1
87516,1
87517,1
87518,1
87519,1
87520,1
87521,1
87522,1
87523,1
87524,1
87525,1
87526,1
87527,1
87528,1
87529,1
87530,1
87531,1
87532,1
87533,1
87534,1
87535,1
87536,1
87537,1
87538,1
87539,1
87540,1
87541,1
87542,1
87543,1
87544,1
87545,1
87546,1
87547,1
87548,1
87549,1
87550,1
87551,1
87552,1
87553,1
87554,1
87555,1
87556,1
87557,1
87558,1
87559,1
87560,1
87561,1
87562,1
87563,1
87564,1
87565,1
87566,1
87567,1
87568,1
87569,1
87570,1
87571,1
87572,1
87573,1
87574,1
87575,1
87576,1
87577,1
87578,1
87579,1
87580,1
87581,1
87582,1
87583,1
87584,1
87585,1
87586,1
87587,1
87588,1
87589,1
87590,1
87591,1
87592,1
87593,1
87594,1
87595,1
87596,1
87597,1
87598,1
87599,1
87600,1
87601,1
87602,1
87603,1
87604,1
87605,1
87606,1
87607,1
87608,1
87609,1
87610,1
87611,1
87612,1
87613,1
87614,1
87615,1
87616,1
87617,1
87618,1
87619,1
87620,1
87621,1
87622,1
87623,1
87624,1
87625,1
87626,1
87627,1
87628,1
87629,1
87630,1
87631,1
87632,1
87633,1
87634,1
87635,1
87636,1
87637,1
87638,1
87639,1
87640,1
87641,1
87642,1
87643,1
87644,1
87645,1
87646,1
87647,1
87648,1
87649,1
87650,1
87651,1
87652,1
87653,1
87654,1
87655,1
87656,1
87657,1
87658,1
87659,1
87660,1
87661,1
87662,1
87663,1
87664,1
87665,1
87666,1
87667,1
87668,1
87669,1
87670,1
87671,1
87672,1
87673,1
87674,1
87675,1
87676,1
87677,1
87678,1
87679,1
87680,1
87681,1
87682,1
87683,1
87684,1
87685,1
87686,1
87687,1
87688,1
87689,1
87690,1
87691,1
87692,1
87693,1
87694,1
87695,1
87696,1
87697,1
87698,1
87699,1
87700,1
87701,1
87702,1
87703,1
87704,1
87705,1
87706,1
87707,1
87708,1
87709,1
87710,1
87711,1
87712,1
87713,1
87714,1
87715,1
87716,1
87717,1
87718,1
87719,1
87720,1
87721,1
87722,1
87723,1
87724,1
87725,1
87726,1
87727,1
87728,1
87729,1
87730,1
87731,1
87732,1
87733,1
87734,1
87735,1
87736,1
87737,2
87738,1
87739,1
87740,1
87741,1
87742,1
87743,1
87744,1
87745,1
87746,1
87747,1
87748,1
87749,1
87750,1
87751,1
87752,1
87753,1
87754,1
87755,1
87756,1
87757,1
87758,1
87759,1
87760,1
87761,1
87762,1
87763,1
87764,1
87765,1
87766,1
87767,1
87768,1
87769,1
87770,1
87771,1
87772,1
87773,1
87774,1
87775,1
87776,1
87777,1
87778,1
87779,1
87780,1
87781,1
87782,1
87783,1
87784,1
87785,1
87786,1
87787,1
87788,1
87789,1
87790,1
87791,1
87792,1
87793,1
87794,1
87795,1
87796,1
87797,1
87798,1
87799,1
87800,1
87801,1
87802,1
87803,1
87804,1
87805,1
87806,1
87807,1
87808,1
87809,1
87810,1
87811,1
87812,1
87813,1
87814,1
87815,1
87816,1
87817,1
87818,1
87819,1
87820,1
87821,1
87822,1
87823,1
87824,1
87825,1
87826,1
87827,1
87828,1
87829,1
87830,1
87831,1
87832,1
87833,1
87834,1
87835,1
87836,1
87837,1
87838,1
87839,1
87840,1
87841,1
87842,1
87843,1
87844,1
87845,1
87846,1
87847,1
87848,1
87849,1
87850,1
87851,1
87852,1
87853,1
87854,1
87855,1
87856,1
87857,1
87858,1
87859,1
87860,1
87861,1
87862,1
87863,1
87864,1
87865,1
87866,1
87867,1
87868,1
87869,1
87870,1
87871,1
87872,1
87873,1
87874,1
87875,1
87876,1
87877,1
87878,1
87879,1
87880,1
87881,1
87882,1
87883,1
87884,1
87885,1
87886,1
87887,1
87888,1
87889,1
87890,1
87891,1
87892,1
87893,1
87894,1
87895,1
87896,1
87897,1
87898,1
87899,1
87900,1
87901,1
87902,1
87903,1
87904,1
87905,1
87906,1
87907,1
87908,1
87909,1
87910,1
87911,1
87912,1
87913,1
87914,1
87915,1
87916,1
87917,1
87918,1
87919,1
87920,1
87921,1
87922,1
87923,1
87924,1
87925,1
87926,1
87927,1
87928,1
87929,1
87930,1
87931,1
87932,1
87933,1
87934,1
87935,1
87936,1
87937,1
87938,1
87939,1
87940,1
87941,1
87942,1
87943,1
87944,1
87945,1
87946,1
87947,1
87948,1
87949,1
87950,1
87951,1
87952,1
87953,1
87954,1
87955,1
87956,1
87957,1
87958,1
87959,1
87960,1
87961,1
87962,1
87963,1
87964,1
87965,1
87966,1
87967,1
87968,1
87969,1
87970,1
87971,1
87972,1
87973,1
87974,1
87975,1
87976,1
87977,1
87978,1
87979,1
87980,1
87981,1
87982,1
87983,1
87984,1
87985,1
87986,1
87987,1
87988,1
87989,1
87990,1
87991,1
87992,1
87993,1
87994,1
87995,1
87996,1
87997,1
87998,1
87999,1
88000,1
88001,1
88002,1
88003,1
88004,1
88005,1
88006,1
88007,1
88008,1
88009,1
88010,1
88011,1
88012,1
88013,1
88014,1
88015,1
88016,1
88017,1
88018,1
88019,1
88020,1
88021,1
88022,1
88023,1
88024,1
88025,1
88026,1
88027,1
88028,1
88029,1
88030,1
88031,1
88032,1
88033,1
88034,1
88035,1
88036,1
88037,1
88038,1
88039,1
88040,1
88041,1
88042,1
88043,1
88044,1
88045,1
88046,1
88047,1
88048,1
88049,1
88050,1
88051,1
88052,1
88053,1
88054,1
88055,1
88056,1
88057,1
88058,1
88059,1
88060,1
88061,1
88062,1
88063,1
88064,1
88065,1
88066,1
88067,1
88068,1
88069,1
88070,1
88071,1
88072,1
88073,1
88074,1
88075,1
88076,1
88077,1
88078,1
88079,1
88080,1
88081,1
88082,1
88083,1
88084,1
88085,1
88086,1
88087,1
88088,1
88089,1
88090,1
88091,1
88092,1
88093,1
88094,1
88095,1
88096,1
88097,1
88098,1
88099,1
88100,1
88101,1
88102,1
88103,1
88104,1
88105,1
88106,1
88107,1
88108,1
88109,1
88110,1
88111,1
88112,1
88113,2
88114,1
88115,1
88116,1
88117,1
88118,1
88119,1
88120,1
88121,1
88122,1
88123,1
88124,1
88125,1
88126,1
88127,1
88128,1
88129,1
88130,1
88131,1
88132,2
88133,1
88134,1
88135,1
88136,1
88137,1
88138,1
88139,1
88140,1
88141,1
88142,1
88143,1
88144,1
88145,1
88146,1
88147,1
88148,1
88149,1
88150,1
88151,1
88152,1
88153,1
88154,1
88155,1
88156,1
88157,1
88158,1
88159,1
88160,1
88161,1
88162,1
88163,1
88164,1
88165,1
88166,1
88167,1
88168,1
88169,1
88170,1
88171,1
88172,1
88173,1
88174,1
88175,2
88176,1
88177,1
88178,1
88179,1
88180,1
88181,1
88182,1
88183,1
88184,1
88185,1
88186,1
88187,1
88188,1
88189,1
88190,1
88191,1
88192,1
88193,1
88194,1
88195,1
88196,1
88197,1
88198,1
88199,1
88200,1
88201,1
88202,1
88203,1
88204,1
88205,1
88206,1
88207,1
88208,1
88209,1
88210,1
88211,1
88212,1
88213,1
88214,1
88215,1
88216,1
88217,1
88218,1
88219,1
88220,1
88221,1
88222,1
88223,1
88224,1
88225,1
88226,1
88227,1
88228,1
88229,1
88230,1
88231,1
88232,1
88233,1
88234,1
88235,1
88236,1
88237,1
88238,1
88239,1
88240,1
88241,1
88242,1
88243,1
88244,1
88245,1
88246,1
88247,1
88248,1
88249,1
88250,1
88251,1
88252,1
88253,1
88254,1
88255,1
88256,1
88257,1
88258,1
88259,1
88260,1
88261,1
88262,1
88263,1
88264,1
88265,1
88266,1
88267,1
88268,1
88269,1
88270,1
88271,1
88272,1
88273,1
88274,1
88275,1
88276,1
88277,1
88278,1
88279,1
88280,1
88281,1
88282,1
88283,1
88284,1
88285,1
88286,1
88287,1
88288,1
88289,1
88290,1
88291,1
88292,1
88293,1
88294,1
88295,1
88296,1
88297,1
88298,3
88299,1
88300,1
88301,1
88302,1
88303,1
88304,1
88305,1
88306,1
88307,1
88308,1
88309,1
88310,1
88311,1
88312,1
88313,1
88314,1
88315,1
88316,1
88317,1
88318,1
88319,1
88320,1
88321,1
88322,1
88323,1
88324,1
88325,1
88326,1
88327,1
88328,1
88329,1
88330,1
88331,1
88332,1
88333,1
88334,1
88335,1
88336,1
88337,1
88338,1
88339,1
88340,1
88341,1
88342,1
88343,1
88344,1
88345,1
88346,1
88347,1
88348,1
88349,1
88350,1
88351,1
88352,1
88353,1
88354,1
88355,1
88356,1
88357,1
88358,1
88359,1
88360,1
88361,1
88362,1
88363,1
88364,1
88365,1
88366,1
88367,1
88368,1
88369,1
88370,1
88371,1
88372,1
88373,1
88374,1
88375,1
88376,1
88377,1
88378,1
88379,1
88380,1
88381,1
88382,1
88383,1
88384,1
88385,1
88386,1
88387,1
88388,1
88389,2
88390,1
88391,1
88392,1
88393,1
88394,1
88395,1
88396,1
88397,1
88398,1
88399,1
88400,1
88401,1
88402,1
88403,1
88404,1
88405,1
88406,2
88407,1
88408,1
88409,1
88410,1
88411,1
88412,1
88413,1
88414,1
88415,1
88416,1
88417,1
88418,1
88419,1
88420,1
88421,1
88422,1
88423,1
88424,1
88425,1
88426,1
88427,1
88428,1
88429,1
88430,1
88431,1
88432,1
88433,1
88434,1
88435,1
88436,1
88437,1
88438,1
88439,1
88440,1
88441,1
88442,1
88443,1
88444,1
88445,2
88446,1
88447,3
88448,1
88449,1
88450,1
88451,3
88452,1
88453,1
88454,1
88455,1
88456,1
88457,1
88458,1
88459,2
88460,1
88461,1
88462,1
88463,1
88464,1
88465,1
88466,1
88467,1
88468,1
88469,1
88470,1
88471,1
88472,1
88473,1
88474,1
88475,1
88476,1
88477,1
88478,1
88479,1
88480,1
88481,1
88482,1
88483,1
88484,1
88485,1
88486,1
88487,1
88488,1
88489,1
88490,1
88491,1
88492,1
88493,1
88494,1
88495,1
88496,1
88497,1
88498,1
88499,1
88500,1
88501,1
88502,1
88503,1
88504,1
88505,1
88506,1
88507,1
88508,1
88509,1
88510,2
88511,1
88512,1
88513,1
88514,1
88515,1
88516,1
88517,1
88518,1
88519,1
88520,1
88521,1
88522,1
88523,1
88524,1
88525,1
88526,1
88527,1
88528,1
88529,1
88530,1
88531,1
88532,1
88533,1
88534,1
88535,1
88536,1
88537,1
88538,1
88539,1
88540,1
88541,1
88542,1
88543,1
88544,1
88545,1
88546,1
88547,1
88548,1
88549,1
88550,1
88551,1
88552,1
88553,1
88554,1
88555,1
88556,1
88557,1
88558,1
88559,1
88560,1
88561,1
88562,1
88563,1
88564,1
88565,1
88566,1
88567,1
88568,1
88569,1
88570,1
88571,1
88572,1
88573,1
88574,1
88575,1
88576,1
88577,1
88578,1
88579,1
88580,1
88581,1
88582,1
88583,1
88584,1
88585,1
88586,1
88587,1
88588,1
88589,1
88590,1
88591,1
88592,1
88593,1
88594,1
88595,1
88596,1
88597,1
88598,1
88599,1
88600,1
88601,1
88602,1
88603,1
88604,1
88605,1
88606,1
88607,1
88608,1
88609,1
88610,1
88611,1
88612,1
88613,1
88614,1
88615,1
88616,1
88617,1
88618,1
88619,1
88620,1
88621,1
88622,1
88623,1
88624,1
88625,1
88626,1
88627,1
88628,1
88629,1
88630,1
88631,1
88632,1
88633,1
88634,1
88635,1
88636,3
88637,1
88638,1
88639,1
88640,1
88641,1
88642,1
88643,1
88644,1
88645,1
88646,2
88647,1
88648,1
88649,2
88650,1
88651,1
88652,1
88653,1
88654,1
88655,1
88656,3
88657,1
88658,1
88659,1
88660,1
88661,1
88662,1
88663,1
88664,1
88665,1
88666,1
88667,1
88668,1
88669,1
88670,2
88671,1
88672,1
88673,1
88674,1
88675,1
88676,1
88677,1
88678,1
88679,1
88680,1
88681,1
88682,1
88683,1
88684,1
88685,1
88686,1
88687,1
88688,1
88689,1
88690,1
88691,1
88692,1
88693,1
88694,1
88695,1
88696,1
88697,1
88698,1
88699,1
88700,1
88701,1
88702,1
88703,1
88704,1
88705,1
88706,1
88707,1
88708,1
88709,1
88710,1
88711,1
88712,1
88713,1
88714,1
88715,1
88716,1
88717,1
88718,1
88719,1
88720,1
88721,1
88722,1
88723,1
88724,1
88725,1
88726,1
88727,1
88728,1
88729,1
88730,1
88731,1
88732,1
88733,1
88734,1
88735,1
88736,1
88737,1
88738,1
88739,1
88740,1
88741,1
88742,2
88743,1
88744,1
88745,1
88746,1
88747,1
88748,1
88749,1
88750,1
88751,1
88752,1
88753,1
88754,1
88755,1
88756,1
88757,1
88758,1
88759,1
88760,1
88761,1
88762,1
88763,1
88764,1
88765,1
88766,1
88767,1
88768,1
88769,1
88770,1
88771,1
88772,1
88773,1
88774,1
88775,1
88776,1
88777,1
88778,1
88779,1
88780,1
88781,1
88782,1
88783,1
88784,1
88785,1
88786,1
88787,1
88788,1
88789,1
88790,1
88791,1
88792,1
88793,1
88794,1
88795,1
88796,1
88797,1
88798,1
88799,1
88800,1
88801,1
88802,1
88803,1
88804,1
88805,1
88806,1
88807,1
88808,1
88809,1
88810,1
88811,1
88812,1
88813,1
88814,1
88815,1
88816,1
88817,1
88818,1
88819,1
88820,1
88821,1
88822,1
88823,1
88824,1
88825,1
88826,1
88827,1
88828,1
88829,1
88830,1
88831,1
88832,1
88833,1
88834,1
88835,1
88836,1
88837,1
88838,1
88839,1
88840,1
88841,1
88842,1
88843,1
88844,1
88845,1
88846,1
88847,1
88848,1
88849,1
88850,1
88851,1
88852,1
88853,1
88854,1
88855,1
88856,1
88857,1
88858,1
88859,1
88860,1
88861,1
88862,1
88863,1
88864,1
88865,2
88866,1
88867,1
88868,1
88869,1
88870,1
88871,1
88872,1
88873,1
88874,1
88875,1
88876,2
88877,1
88878,1
88879,1
88880,1
88881,1
88882,1
88883,1
88884,1
88885,1
88886,1
88887,1
88888,1
88889,1
88890,1
88891,1
88892,1
88893,1
88894,1
88895,1
88896,1
88897,1
88898,1
88899,1
88900,1
88901,1
88902,1
88903,1
88904,1
88905,1
88906,1
88907,1
88908,1
88909,1
88910,1
88911,1
88912,1
88913,1
88914,1
88915,1
88916,1
88917,1
88918,1
88919,1
88920,1
88921,1
88922,1
88923,1
88924,1
88925,1
88926,1
88927,1
88928,1
88929,1
88930,1
88931,1
88932,3
88933,1
88934,1
88935,1
88936,1
88937,1
88938,1
88939,1
88940,1
88941,1
88942,1
88943,1
88944,1
88945,1
88946,1
88947,1
88948,1
88949,1
88950,1
88951,1
88952,1
88953,1
88954,1
88955,1
88956,1
88957,1
88958,1
88959,1
88960,1
88961,1
88962,1
88963,1
88964,1
88965,1
88966,1
88967,1
88968,1
88969,1
88970,1
88971,1
88972,1
88973,1
88974,1
88975,1
88976,1
88977,1
88978,1
88979,1
88980,1
88981,1
88982,1
88983,1
88984,1
88985,1
88986,1
88987,1
88988,1
88989,1
88990,1
88991,1
88992,1
88993,1
88994,1
88995,1
88996,1
88997,3
88998,1
88999,2
89000,1
89001,1
89002,1
89003,1
89004,1
89005,1
89006,1
89007,1
89008,1
89009,1
89010,1
89011,1
89012,1
89013,1
89014,1
89015,1
89016,1
89017,1
89018,1
89019,1
89020,1
89021,1
89022,1
89023,1
89024,1
89025,1
89026,1
89027,1
89028,1
89029,1
89030,1
89031,1
89032,1
89033,1
89034,1
89035,1
89036,1
89037,1
89038,1
89039,1
89040,1
89041,1
89042,1
89043,1
89044,1
89045,1
89046,1
89047,1
89048,1
89049,1
89050,1
89051,1
89052,1
89053,1
89054,1
89055,1
89056,1
89057,1
89058,1
89059,1
89060,1
89061,1
89062,1
89063,1
89064,1
89065,1
89066,1
89067,1
89068,1
89069,1
89070,1
89071,1
89072,1
89073,1
89074,1
89075,1
89076,1
89077,1
89078,1
89079,1
89080,1
89081,1
89082,1
89083,1
89084,1
89085,2
89086,1
89087,1
89088,1
89089,1
89090,1
89091,1
89092,1
89093,1
89094,1
89095,1
89096,1
89097,1
89098,1
89099,1
89100,1
89101,1
89102,1
89103,1
89104,1
89105,1
89106,1
89107,1
89108,1
89109,1
89110,1
89111,1
89112,1
89113,1
89114,1
89115,1
89116,1
89117,1
89118,1
89119,1
89120,1
89121,1
89122,1
89123,1
89124,1
89125,1
89126,1
89127,1
89128,1
89129,1
89130,1
89131,1
89132,1
89133,1
89134,1
89135,1
89136,1
89137,1
89138,1
89139,1
89140,1
89141,2
89142,1
89143,3
89144,1
89145,1
89146,1
89147,1
89148,1
89149,1
89150,1
89151,1
89152,1
89153,1
89154,1
89155,1
89156,1
89157,2
89158,2
89159,1
89160,1
89161,1
89162,1
89163,1
89164,1
89165,1
89166,1
89167,1
89168,1
89169,1
89170,1
89171,1
89172,1
89173,1
89174,1
89175,1
89176,1
89177,1
89178,1
89179,1
89180,1
89181,1
89182,1
89183,1
89184,1
89185,1
89186,1
89187,1
89188,1
89189,1
89190,1
89191,1
89192,2
89193,1
89194,1
89195,1
89196,1
89197,1
89198,1
89199,1
89200,1
89201,1
89202,1
89203,1
89204,1
89205,1
89206,1
89207,1
89208,1
89209,1
89210,1
89211,1
89212,1
89213,1
89214,1
89215,1
89216,1
89217,1
89218,1
89219,1
89220,1
89221,1
89222,1
89223,1
89224,1
89225,1
89226,1
89227,1
89228,1
89229,1
89230,1
89231,1
89232,1
89233,1
89234,1
89235,1
89236,1
89237,1
89238,1
89239,1
89240,1
89241,1
89242,1
89243,2
89244,1
89245,1
89246,1
89247,1
89248,1
89249,1
89250,1
89251,1
89252,1
89253,1
89254,1
89255,1
89256,1
89257,1
89258,2
89259,1
89260,1
89261,1
89262,1
89263,1
89264,1
89265,1
89266,1
89267,1
89268,1
89269,1
89270,1
89271,1
89272,1
89273,1
89274,1
89275,1
89276,1
89277,1
89278,1
89279,1
89280,1
89281,1
89282,1
89283,1
89284,1
89285,1
89286,1
89287,1
89288,1
89289,1
89290,1
89291,1
89292,1
89293,1
89294,1
89295,1
89296,1
89297,1
89298,1
89299,1
89300,1
89301,1
89302,1
89303,1
89304,1
89305,1
89306,1
89307,1
89308,1
89309,1
89310,1
89311,1
89312,1
89313,1
89314,1
89315,1
89316,1
89317,1
89318,1
89319,1
89320,1
89321,1
89322,1
89323,1
89324,1
89325,1
89326,1
89327,1
89328,1
89329,1
89330,1
89331,1
89332,1
89333,1
89334,1
89335,1
89336,1
89337,1
89338,1
89339,1
89340,1
89341,1
89342,1
89343,1
89344,1
89345,1
89346,1
89347,1
89348,1
89349,1
89350,1
89351,1
89352,1
89353,1
89354,1
89355,2
89356,1
89357,1
89358,1
89359,1
89360,1
89361,1
89362,1
89363,1
89364,1
89365,1
89366,1
89367,1
89368,1
89369,1
89370,1
89371,1
89372,1
89373,1
89374,1
89375,1
89376,1
89377,1
89378,1
89379,1
89380,1
89381,1
89382,1
89383,1
89384,1
89385,1
89386,1
89387,1
89388,1
89389,1
89390,1
89391,1
89392,1
89393,1
89394,1
89395,1
89396,1
89397,1
89398,1
89399,1
89400,1
89401,1
89402,1
89403,1
89404,1
89405,1
89406,1
89407,1
89408,1
89409,1
89410,1
89411,2
89412,1
89413,1
89414,1
89415,1
89416,1
89417,1
89418,1
89419,1
89420,1
89421,1
89422,1
89423,1
89424,1
89425,1
89426,1
89427,1
89428,1
89429,1
89430,1
89431,1
89432,1
89433,1
89434,1
89435,1
89436,1
89437,2
89438,1
89439,1
89440,1
89441,2
89442,1
89443,1
89444,1
89445,1
89446,1
89447,1
89448,1
89449,1
89450,1
89451,1
89452,1
89453,1
89454,1
89455,1
89456,1
89457,1
89458,1
89459,1
89460,1
89461,1
89462,1
89463,1
89464,1
89465,1
89466,1
89467,1
89468,1
89469,1
89470,1
89471,1
89472,1
89473,1
89474,1
89475,1
89476,1
89477,1
89478,1
89479,1
89480,1
89481,1
89482,1
89483,1
89484,1
89485,1
89486,1
89487,1
89488,1
89489,1
89490,1
89491,1
89492,1
89493,1
89494,1
89495,1
89496,1
89497,1
89498,1
89499,1
89500,1
89501,1
89502,1
89503,1
89504,1
89505,1
89506,1
89507,1
89508,1
89509,1
89510,1
89511,1
89512,1
89513,1
89514,1
89515,1
89516,1
89517,1
89518,1
89519,1
89520,1
89521,1
89522,1
89523,1
89524,1
89525,1
89526,1
89527,1
89528,1
89529,1
89530,1
89531,1
89532,1
89533,1
89534,1
89535,1
89536,1
89537,1
89538,1
89539,1
89540,1
89541,1
89542,1
89543,1
89544,1
89545,1
89546,1
89547,1
89548,1
89549,1
89550,1
89551,1
89552,1
89553,1
89554,1
89555,1
89556,1
89557,1
89558,1
89559,1
89560,1
89561,1
89562,1
89563,1
89564,1
89565,1
89566,1
89567,1
89568,1
89569,1
89570,1
89571,1
89572,1
89573,1
89574,1
89575,1
89576,2
89577,1
89578,1
89579,1
89580,1
89581,1
89582,1
89583,1
89584,1
89585,1
89586,1
89587,1
89588,1
89589,1
89590,1
89591,1
89592,1
89593,1
89594,1
89595,1
89596,1
89597,1
89598,1
89599,1
89600,1
89601,1
89602,1
89603,1
89604,1
89605,1
89606,1
89607,1
89608,1
89609,1
89610,1
89611,1
89612,1
89613,1
89614,1
89615,1
89616,1
89617,1
89618,1
89619,1
89620,1
89621,1
89622,1
89623,1
89624,1
89625,1
89626,1
89627,1
89628,1
89629,1
89630,1
89631,1
89632,1
89633,1
89634,1
89635,1
89636,2
89637,1
89638,1
89639,1
89640,1
89641,1
89642,1
89643,1
89644,1
89645,3
89646,1
89647,1
89648,1
89649,1
89650,1
89651,1
89652,1
89653,1
89654,1
89655,1
89656,1
89657,1
89658,1
89659,1
89660,1
89661,1
89662,1
89663,1
89664,1
89665,1
89666,1
89667,1
89668,1
89669,1
89670,1
89671,2
89672,1
89673,1
89674,1
89675,1
89676,1
89677,1
89678,1
89679,1
89680,1
89681,1
89682,1
89683,1
89684,1
89685,1
89686,1
89687,1
89688,1
89689,1
89690,1
89691,1
89692,1
89693,1
89694,1
89695,1
89696,1
89697,1
89698,1
89699,1
89700,1
89701,1
89702,1
89703,1
89704,1
89705,1
89706,1
89707,1
89708,1
89709,1
89710,1
89711,1
89712,1
89713,1
89714,1
89715,1
89716,1
89717,1
89718,1
89719,1
89720,1
89721,1
89722,1
89723,1
89724,1
89725,1
89726,1
89727,1
89728,1
89729,1
89730,1
89731,1
89732,1
89733,1
89734,1
89735,1
89736,1
89737,1
89738,1
89739,1
89740,1
89741,1
89742,1
89743,1
89744,1
89745,1
89746,1
89747,1
89748,1
89749,1
89750,1
89751,1
89752,1
89753,1
89754,1
89755,1
89756,1
89757,1
89758,1
89759,1
89760,1
89761,1
89762,1
89763,1
89764,1
89765,1
89766,1
89767,1
89768,1
89769,1
89770,1
89771,1
89772,1
89773,1
89774,1
89775,1
89776,1
89777,1
89778,1
89779,1
89780,1
89781,1
89782,1
89783,1
89784,1
89785,1
89786,1
89787,1
89788,2
89789,1
89790,1
89791,1
89792,1
89793,1
89794,1
89795,1
89796,1
89797,1
89798,1
89799,1
89800,1
89801,1
89802,1
89803,1
89804,2
89805,1
89806,1
89807,1
89808,1
89809,1
89810,1
89811,1
89812,1
89813,1
89814,1
89815,1
89816,1
89817,1
89818,1
89819,1
89820,1
89821,1
89822,1
89823,1
89824,1
89825,1
89826,1
89827,1
89828,1
89829,1
89830,1
89831,1
89832,1
89833,1
89834,1
89835,1
89836,1
89837,1
89838,1
89839,1
89840,1
89841,1
89842,3
89843,1
89844,1
89845,1
89846,1
89847,1
89848,1
89849,1
89850,1
89851,1
89852,1
89853,1
89854,1
89855,1
89856,2
89857,1
89858,1
89859,1
89860,1
89861,1
89862,1
89863,2
89864,1
89865,1
89866,1
89867,1
89868,1
89869,1
89870,1
89871,1
89872,1
89873,1
89874,1
89875,1
89876,1
89877,1
89878,1
89879,1
89880,1
89881,1
89882,1
89883,1
89884,1
89885,1
89886,1
89887,1
89888,1
89889,1
89890,1
89891,1
89892,1
89893,1
89894,1
89895,1
89896,1
89897,1
89898,1
89899,1
89900,1
89901,1
89902,1
89903,1
89904,1
89905,1
89906,1
89907,1
89908,1
89909,1
89910,1
89911,1
89912,1
89913,1
89914,1
89915,1
89916,1
89917,1
89918,1
89919,1
89920,1
89921,1
89922,1
89923,1
89924,1
89925,1
89926,1
89927,1
89928,1
89929,1
89930,1
89931,1
89932,1
89933,1
89934,1
89935,1
89936,1
89937,1
89938,1
89939,1
89940,1
89941,1
89942,1
89943,1
89944,1
89945,1
89946,1
89947,1
89948,1
89949,1
89950,1
89951,1
89952,1
89953,1
89954,1
89955,1
89956,1
89957,1
89958,1
89959,1
89960,1
89961,1
89962,1
89963,1
89964,1
89965,1
89966,1
89967,1
89968,1
89969,1
89970,1
89971,1
89972,1
89973,1
89974,1
89975,2
89976,1
89977,1
89978,1
89979,1
89980,1
89981,1
89982,1
89983,1
89984,1
89985,1
89986,1
89987,1
89988,1
89989,1
89990,1
89991,1
89992,1
89993,1
89994,1
89995,1
89996,1
89997,1
89998,1
89999,1
90000,1
90001,1
90002,1
90003,1
90004,1
90005,1
90006,1
90007,1
90008,1
90009,1
90010,1
90011,1
90012,1
90013,1
90014,1
90015,1
90016,1
90017,1
90018,1
90019,1
90020,1
90021,1
90022,1
90023,1
90024,1
90025,1
90026,1
90027,1
90028,1
90029,1
90030,1
90031,1
90032,1
90033,1
90034,1
90035,1
90036,1
90037,1
90038,1
90039,1
90040,1
90041,1
90042,1
90043,1
90044,1
90045,1
90046,1
90047,1
90048,1
90049,2
90050,1
90051,1
90052,1
90053,1
90054,1
90055,1
90056,1
90057,1
90058,3
90059,1
90060,1
90061,1
90062,1
90063,1
90064,1
90065,1
90066,1
90067,1
90068,1
90069,1
90070,1
90071,1
90072,1
90073,1
90074,1
90075,1
90076,1
90077,1
90078,1
90079,1
90080,1
90081,1
90082,1
90083,1
90084,1
90085,1
90086,1
90087,1
90088,1
90089,1
90090,1
90091,1
90092,1
90093,1
90094,1
90095,1
90096,1
90097,1
90098,1
90099,1
90100,1
90101,1
90102,1
90103,1
90104,1
90105,1
90106,1
90107,1
90108,1
90109,1
90110,1
90111,1
90112,1
90113,1
90114,1
90115,1
90116,1
90117,1
90118,1
90119,1
90120,1
90121,1
90122,1
90123,1
90124,1
90125,1
90126,1
90127,1
90128,1
90129,1
90130,1
90131,1
90132,1
90133,1
90134,1
90135,1
90136,1
90137,1
90138,1
90139,1
90140,1
90141,1
90142,1
90143,1
90144,1
90145,1
90146,1
90147,1
90148,1
90149,2
90150,1
90151,1
90152,1
90153,1
90154,1
90155,1
90156,1
90157,1
90158,1
90159,1
90160,1
90161,1
90162,1
90163,1
90164,1
90165,1
90166,1
90167,1
90168,1
90169,1
90170,1
90171,1
90172,1
90173,1
90174,1
90175,1
90176,1
90177,1
90178,1
90179,1
90180,1
90181,1
90182,1
90183,1
90184,1
90185,1
90186,1
90187,1
90188,1
90189,1
90190,1
90191,1
90192,1
90193,1
90194,1
90195,1
90196,1
90197,1
90198,1
90199,1
90200,1
90201,1
90202,1
90203,1
90204,1
90205,1
90206,1
90207,1
90208,1
90209,1
90210,1
90211,1
90212,1
90213,1
90214,1
90215,1
90216,1
90217,1
90218,1
90219,3
90220,1
90221,1
90222,1
90223,1
90224,1
90225,1
90226,1
90227,1
90228,1
90229,1
90230,1
90231,1
90232,1
90233,1
90234,1
90235,1
90236,1
90237,1
90238,1
90239,1
90240,1
90241,1
90242,1
90243,1
90244,1
90245,1
90246,1
90247,1
90248,1
90249,1
90250,1
90251,1
90252,1
90253,1
90254,1
90255,1
90256,1
90257,1
90258,1
90259,1
90260,1
90261,1
90262,1
90263,1
90264,1
90265,1
90266,1
90267,1
90268,1
90269,1
90270,1
90271,1
90272,1
90273,1
90274,1
90275,1
90276,1
90277,1
90278,1
90279,1
90280,1
90281,1
90282,1
90283,1
90284,1
90285,1
90286,1
90287,1
90288,1
90289,1
90290,1
90291,1
90292,1
90293,1
90294,1
90295,1
90296,1
90297,1
90298,1
90299,1
90300,1
90301,1
90302,1
90303,1
90304,1
90305,1
90306,1
90307,1
90308,1
90309,1
90310,1
90311,1
90312,1
90313,1
90314,1
90315,1
90316,1
90317,1
90318,1
90319,1
90320,1
90321,1
90322,1
90323,1
90324,1
90325,1
90326,1
90327,1
90328,1
90329,1
90330,1
90331,1
90332,1
90333,1
90334,1
90335,1
90336,1
90337,1
90338,1
90339,1
90340,1
90341,1
90342,1
90343,1
90344,1
90345,1
90346,1
90347,1
90348,1
90349,1
90350,1
90351,1
90352,1
90353,1
90354,1
90355,1
90356,1
90357,1
90358,1
90359,1
90360,3
90361,1
90362,1
90363,1
90364,1
90365,1
90366,1
90367,1
90368,1
90369,1
90370,1
90371,1
90372,1
90373,1
90374,1
90375,1
90376,1
90377,1
90378,1
90379,1
90380,1
90381,1
90382,1
90383,1
90384,1
90385,1
90386,1
90387,1
90388,1
90389,1
90390,1
90391,1
90392,1
90393,1
90394,1
90395,1
90396,1
90397,1
90398,2
90399,1
90400,1
90401,1
90402,1
90403,1
90404,1
90405,1
90406,1
90407,1
90408,1
90409,1
90410,1
90411,1
90412,1
90413,1
90414,1
90415,1
90416,1
90417,1
90418,1
90419,1
90420,1
90421,1
90422,1
90423,1
90424,1
90425,1
90426,1
90427,1
90428,1
90429,1
90430,1
90431,1
90432,1
90433,1
90434,1
90435,1
90436,1
90437,1
90438,1
90439,1
90440,1
90441,1
90442,1
90443,1
90444,1
90445,1
90446,1
90447,1
90448,1
90449,1
90450,1
90451,1
90452,1
90453,1
90454,1
90455,1
90456,1
90457,1
90458,1
90459,1
90460,1
90461,1
90462,1
90463,1
90464,1
90465,1
90466,1
90467,1
90468,1
90469,1
90470,1
90471,1
90472,1
90473,1
90474,1
90475,1
90476,1
90477,1
90478,1
90479,1
90480,1
90481,1
90482,1
90483,1
90484,1
90485,1
90486,1
90487,1
90488,1
90489,1
90490,1
90491,1
90492,1
90493,1
90494,1
90495,1
90496,1
90497,1
90498,1
90499,1
90500,1
90501,1
90502,1
90503,1
90504,1
90505,1
90506,1
90507,1
90508,1
90509,1
90510,1
90511,1
90512,1
90513,1
90514,1
90515,1
90516,1
90517,1
90518,1
90519,1
90520,1
90521,1
90522,1
90523,1
90524,1
90525,1
90526,1
90527,1
90528,1
90529,1
90530,1
90531,1
90532,1
90533,1
90534,1
90535,1
90536,1
90537,1
90538,1
90539,1
90540,1
90541,1
90542,1
90543,1
90544,1
90545,1
90546,1
90547,1
90548,1
90549,1
90550,1
90551,1
90552,1
90553,1
90554,1
90555,1
90556,1
90557,1
90558,1
90559,1
90560,1
90561,1
90562,1
90563,2
90564,1
90565,1
90566,1
90567,1
90568,1
90569,1
90570,1
90571,1
90572,1
90573,1
90574,1
90575,1
90576,1
90577,1
90578,1
90579,1
90580,1
90581,1
90582,1
90583,1
90584,1
90585,1
90586,1
90587,1
90588,1
90589,1
90590,1
90591,1
90592,1
90593,1
90594,1
90595,1
90596,1
90597,1
90598,1
90599,1
90600,1
90601,1
90602,1
90603,1
90604,1
90605,1
90606,1
90607,1
90608,1
90609,1
90610,1
90611,1
90612,1
90613,1
90614,1
90615,1
90616,1
90617,1
90618,1
90619,1
90620,1
90621,1
90622,1
90623,1
90624,1
90625,1
90626,1
90627,1
90628,1
90629,1
90630,1
90631,1
90632,1
90633,1
90634,1
90635,1
90636,1
90637,1
90638,1
90639,1
90640,1
90641,1
90642,1
90643,1
90644,1
90645,1
90646,1
90647,1
90648,1
90649,1
90650,1
90651,1
90652,1
90653,1
90654,1
90655,1
90656,1
90657,1
90658,1
90659,1
90660,1
90661,1
90662,1
90663,1
90664,1
90665,1
90666,1
90667,1
90668,1
90669,1
90670,1
90671,1
90672,1
90673,1
90674,1
90675,1
90676,1
90677,1
90678,1
90679,1
90680,1
90681,1
90682,1
90683,1
90684,1
90685,1
90686,1
90687,1
90688,1
90689,1
90690,1
90691,1
90692,1
90693,1
90694,1
90695,1
90696,1
90697,1
90698,1
90699,2
90700,1
90701,1
90702,1
90703,1
90704,1
90705,1
90706,1
90707,1
90708,1
90709,1
90710,1
90711,1
90712,1
90713,1
90714,1
90715,1
90716,1
90717,1
90718,1
90719,1
90720,1
90721,1
90722,1
90723,1
90724,1
90725,1
90726,1
90727,1
90728,1
90729,1
90730,1
90731,1
90732,1
90733,1
90734,1
90735,1
90736,1
90737,1
90738,1
90739,1
90740,1
90741,1
90742,1
90743,1
90744,1
90745,1
90746,1
90747,1
90748,1
90749,1
90750,1
90751,1
90752,1
90753,1
90754,1
90755,1
90756,1
90757,1
90758,1
90759,1
90760,1
90761,1
90762,1
90763,3
90764,1
90765,1
90766,1
90767,1
90768,1
90769,1
90770,1
90771,2
90772,1
90773,1
90774,1
90775,1
90776,1
90777,1
90778,1
90779,1
90780,1
90781,1
90782,1
90783,1
90784,1
90785,2
90786,1
90787,1
90788,1
90789,1
90790,1
90791,1
90792,1
90793,1
90794,1
90795,1
90796,1
90797,1
90798,1
90799,1
90800,1
90801,1
90802,1
90803,1
90804,1
90805,1
90806,1
90807,1
90808,1
90809,1
90810,1
90811,1
90812,1
90813,1
90814,1
90815,1
90816,1
90817,1
90818,1
90819,1
90820,1
90821,1
90822,1
90823,1
90824,1
90825,1
90826,1
90827,1
90828,1
90829,1
90830,1
90831,1
90832,1
90833,1
90834,1
90835,1
90836,1
90837,1
90838,1
90839,1
90840,1
90841,1
90842,1
90843,3
90844,1
90845,1
90846,1
90847,1
90848,1
90849,1
90850,1
90851,1
90852,1
90853,1
90854,1
90855,1
90856,1
90857,1
90858,1
90859,1
90860,1
90861,1
90862,1
90863,1
90864,1
90865,1
90866,1
90867,1
90868,1
90869,2
90870,1
90871,1
90872,1
90873,1
90874,1
90875,1
90876,1
90877,1
90878,1
90879,1
90880,1
90881,1
90882,1
90883,1
90884,1
90885,1
90886,1
90887,1
90888,1
90889,1
90890,1
90891,1
90892,1
90893,1
90894,1
90895,1
90896,1
90897,1
90898,1
90899,1
90900,1
90901,1
90902,1
90903,1
90904,1
90905,1
90906,1
90907,1
90908,1
90909,1
90910,1
90911,1
90912,1
90913,1
90914,1
90915,1
90916,1
90917,1
90918,1
90919,1
90920,1
90921,1
90922,1
90923,1
90924,1
90925,1
90926,1
90927,1
90928,1
90929,1
90930,2
90931,1
90932,1
90933,1
90934,1
90935,1
90936,1
90937,1
90938,1
90939,1
90940,1
90941,1
90942,1
90943,1
90944,1
90945,1
90946,1
90947,1
90948,1
90949,1
90950,1
90951,1
90952,1
90953,1
90954,1
90955,1
90956,1
90957,1
90958,1
90959,1
90960,1
90961,1
90962,1
90963,1
90964,1
90965,1
90966,1
90967,1
90968,1
90969,1
90970,1
90971,1
90972,1
90973,1
90974,1
90975,1
90976,1
90977,1
90978,1
90979,1
90980,1
90981,1
90982,1
90983,1
90984,1
90985,1
90986,1
90987,1
90988,1
90989,1
90990,1
90991,1
90992,1
90993,1
90994,1
90995,1
90996,1
90997,1
90998,1
90999,1
91000,1
91001,1
91002,1
91003,1
91004,1
91005,1
91006,1
91007,1
91008,1
91009,1
91010,1
91011,1
91012,1
91013,1
91014,1
91015,1
91016,1
91017,1
91018,1
91019,1
91020,1
91021,1
91022,1
91023,1
91024,1
91025,1
91026,1
91027,1
91028,1
91029,1
91030,1
91031,1
91032,1
91033,1
91034,1
91035,1
91036,1
91037,1
91038,1
91039,1
91040,1
91041,1
91042,1
91043,1
91044,1
91045,1
91046,1
91047,1
91048,1
91049,1
91050,1
91051,1
91052,1
91053,1
91054,1
91055,1
91056,1
91057,1
91058,1
91059,1
91060,1
91061,1
91062,1
91063,1
91064,1
91065,1
91066,1
91067,1
91068,1
91069,1
91070,1
91071,1
91072,1
91073,1
91074,1
91075,1
91076,1
91077,1
91078,1
91079,1
91080,1
91081,1
91082,1
91083,2
91084,1
91085,1
91086,1
91087,1
91088,1
91089,1
91090,1
91091,1
91092,1
91093,1
91094,1
91095,1
91096,1
91097,1
91098,1
91099,1
91100,1
91101,1
91102,1
91103,1
91104,1
91105,1
91106,1
91107,1
91108,1
91109,1
91110,1
91111,1
91112,1
91113,1
91114,1
91115,1
91116,1
91117,1
91118,1
91119,1
91120,1
91121,1
91122,1
91123,1
91124,1
91125,1
91126,1
91127,1
91128,1
91129,1
91130,1
91131,1
91132,1
91133,1
91134,1
91135,1
91136,1
91137,1
91138,1
91139,1
91140,1
91141,1
91142,1
91143,2
91144,1
91145,1
91146,1
91147,1
91148,1
91149,1
91150,1
91151,1
91152,1
91153,1
91154,2
91155,1
91156,1
91157,1
91158,2
91159,1
91160,1
91161,1
91162,1
91163,1
91164,1
91165,1
91166,1
91167,1
91168,1
91169,1
91170,1
91171,1
91172,1
91173,1
91174,1
91175,1
91176,1
91177,1
91178,1
91179,1
91180,1
91181,1
91182,1
91183,1
91184,1
91185,1
91186,1
91187,1
91188,1
91189,1
91190,1
91191,1
91192,1
91193,1
91194,1
91195,1
91196,1
91197,1
91198,1
91199,1
91200,1
91201,1
91202,1
91203,1
91204,1
91205,1
91206,1
91207,1
91208,1
91209,1
91210,1
91211,1
91212,1
91213,1
91214,1
91215,1
91216,1
91217,1
91218,1
91219,1
91220,1
91221,1
91222,1
91223,1
91224,1
91225,1
91226,1
91227,1
91228,1
91229,1
91230,1
91231,1
91232,1
91233,1
91234,1
91235,1
91236,1
91237,1
91238,1
91239,1
91240,2
91241,1
91242,1
91243,1
91244,1
91245,1
91246,1
91247,1
91248,1
91249,1
91250,1
91251,1
91252,1
91253,1
91254,1
91255,1
91256,1
91257,1
91258,1
91259,1
91260,2
91261,1
91262,1
91263,2
91264,1
91265,1
91266,1
91267,1
91268,1
91269,1
91270,1
91271,1
91272,1
91273,1
91274,1
91275,1
91276,1
91277,1
91278,1
91279,1
91280,1
91281,1
91282,1
91283,1
91284,1
91285,1
91286,1
91287,1
91288,1
91289,1
91290,1
91291,1
91292,1
91293,1
91294,1
91295,1
91296,1
91297,1
91298,1
91299,1
91300,1
91301,1
91302,1
91303,1
91304,1
91305,1
91306,1
91307,1
91308,1
91309,1
91310,1
91311,1
91312,1
91313,1
91314,1
91315,1
91316,1
91317,1
91318,1
91319,1
91320,1
91321,1
91322,1
91323,1
91324,1
91325,1
91326,2
91327,1
91328,1
91329,1
91330,1
91331,1
91332,1
91333,1
91334,1
91335,1
91336,1
91337,1
91338,1
91339,1
91340,1
91341,1
91342,1
91343,1
91344,1
91345,1
91346,1
91347,1
91348,1
91349,1
91350,1
91351,1
91352,1
91353,1
91354,1
91355,1
91356,1
91357,1
91358,1
91359,1
91360,1
91361,1
91362,1
91363,1
91364,1
91365,1
91366,1
91367,1
91368,1
91369,1
91370,1
91371,1
91372,1
91373,1
91374,1
91375,1
91376,1
91377,1
91378,1
91379,1
91380,1
91381,1
91382,1
91383,1
91384,1
91385,1
91386,1
91387,1
91388,1
91389,1
91390,1
91391,2
91392,1
91393,1
91394,1
91395,1
91396,1
91397,1
91398,1
91399,1
91400,1
91401,1
91402,1
91403,1
91404,1
91405,1
91406,1
91407,1
91408,1
91409,1
91410,1
91411,1
91412,1
91413,1
91414,1
91415,1
91416,1
91417,1
91418,1
91419,1
91420,1
91421,1
91422,1
91423,1
91424,1
91425,1
91426,1
91427,1
91428,1
91429,1
91430,1
91431,1
91432,1
91433,1
91434,1
91435,1
91436,1
91437,1
91438,1
91439,1
91440,1
91441,1
91442,1
91443,1
91444,1
91445,1
91446,1
91447,1
91448,1
91449,1
91450,1
91451,1
91452,1
91453,1
91454,1
91455,1
91456,1
91457,1
91458,1
91459,1
91460,1
91461,1
91462,1
91463,1
91464,2
91465,1
91466,1
91467,1
91468,3
91469,1
91470,1
91471,1
91472,2
91473,1
91474,1
91475,3
91476,1
91477,1
91478,1
91479,1
91480,1
91481,1
91482,1
91483,1
91484,1
91485,1
91486,1
91487,1
91488,1
91489,1
91490,1
91491,1
91492,1
91493,1
91494,1
91495,1
91496,1
91497,1
91498,1
91499,1
91500,1
91501,1
91502,1
91503,1
91504,1
91505,1
91506,1
91507,1
91508,1
91509,1
91510,1
91511,1
91512,1
91513,1
91514,1
91515,1
91516,1
91517,1
91518,1
91519,1
91520,1
91521,1
91522,1
91523,1
91524,1
91525,1
91526,1
91527,1
91528,1
91529,1
91530,1
91531,1
91532,1
91533,1
91534,1
91535,1
91536,1
91537,1
91538,1
91539,1
91540,1
91541,1
91542,1
91543,1
91544,1
91545,1
91546,1
91547,1
91548,1
91549,1
91550,1
91551,1
91552,1
91553,2
91554,1
91555,1
91556,1
91557,1
91558,1
91559,1
91560,1
91561,1
91562,1
91563,1
91564,1
91565,1
91566,1
91567,1
91568,1
91569,1
91570,1
91571,1
91572,1
91573,1
91574,1
91575,1
91576,1
91577,2
91578,1
91579,1
91580,1
91581,1
91582,1
91583,1
91584,1
91585,1
91586,1
91587,1
91588,1
91589,1
91590,1
91591,1
91592,1
91593,1
91594,1
91595,1
91596,1
91597,1
91598,1
91599,1
91600,1
91601,1
91602,1
91603,1
91604,1
91605,1
91606,1
91607,1
91608,1
91609,1
91610,1
91611,1
91612,1
91613,1
91614,1
91615,1
91616,1
91617,1
91618,1
91619,1
91620,1
91621,1
91622,1
91623,1
91624,1
91625,1
91626,1
91627,1
91628,1
91629,1
91630,1
91631,1
91632,1
91633,1
91634,1
91635,1
91636,2
91637,1
91638,1
91639,1
91640,1
91641,1
91642,1
91643,1
91644,1
91645,1
91646,1
91647,1
91648,1
91649,1
91650,1
91651,1
91652,1
91653,1
91654,1
91655,1
91656,1
91657,1
91658,1
91659,1
91660,1
91661,1
91662,1
91663,1
91664,1
91665,1
91666,1
91667,1
91668,1
91669,1
91670,1
91671,1
91672,1
91673,1
91674,1
91675,1
91676,1
91677,1
91678,1
91679,1
91680,1
91681,1
91682,1
91683,1
91684,1
91685,1
91686,1
91687,1
91688,1
91689,1
91690,1
91691,1
91692,1
91693,1
91694,1
91695,1
91696,1
91697,1
91698,1
91699,1
91700,1
91701,1
91702,1
91703,1
91704,1
91705,1
91706,1
91707,1
91708,1
91709,1
91710,1
91711,1
91712,1
91713,1
91714,1
91715,1
91716,1
91717,1
91718,3
91719,1
91720,1
91721,1
91722,1
91723,1
91724,1
91725,1
91726,1
91727,2
91728,1
91729,1
91730,1
91731,1
91732,1
91733,1
91734,1
91735,1
91736,1
91737,1
91738,1
91739,1
91740,1
91741,1
91742,1
91743,1
91744,1
91745,1
91746,1
91747,1
91748,1
91749,1
91750,1
91751,1
91752,1
91753,1
91754,1
91755,1
91756,1
91757,1
91758,1
91759,1
91760,1
91761,1
91762,1
91763,1
91764,1
91765,1
91766,1
91767,1
91768,1
91769,1
91770,1
91771,1
91772,1
91773,1
91774,1
91775,3
91776,1
91777,1
91778,1
91779,1
91780,1
91781,1
91782,1
91783,1
91784,1
91785,1
91786,1
91787,1
91788,1
91789,1
91790,1
91791,1
91792,1
91793,1
91794,1
91795,1
91796,1
91797,1
91798,1
91799,1
91800,1
91801,2
91802,1
91803,1
91804,1
91805,1
91806,1
91807,1
91808,1
91809,1
91810,1
91811,1
91812,1
91813,2
91814,1
91815,1
91816,1
91817,1
91818,1
91819,1
91820,1
91821,1
91822,1
91823,1
91824,1
91825,1
91826,1
91827,1
91828,1
91829,1
91830,1
91831,1
91832,1
91833,1
91834,1
91835,1
91836,1
91837,1
91838,1
91839,1
91840,1
91841,1
91842,1
91843,1
91844,1
91845,1
91846,1
91847,1
91848,1
91849,1
91850,1
91851,1
91852,1
91853,1
91854,1
91855,1
91856,1
91857,1
91858,1
91859,1
91860,1
91861,1
91862,1
91863,1
91864,1
91865,1
91866,1
91867,1
91868,1
91869,1
91870,1
91871,3
91872,1
91873,1
91874,1
91875,1
91876,1
91877,1
91878,1
91879,1
91880,1
91881,1
91882,1
91883,1
91884,1
91885,1
91886,1
91887,1
91888,1
91889,1
91890,1
91891,1
91892,1
91893,1
91894,1
91895,1
91896,1
91897,1
91898,1
91899,1
91900,1
91901,1
91902,1
91903,1
91904,1
91905,1
91906,1
91907,1
91908,1
91909,1
91910,1
91911,1
91912,1
91913,1
91914,1
91915,1
91916,1
91917,1
91918,1
91919,1
91920,1
91921,1
91922,1
91923,1
91924,1
91925,1
91926,1
91927,1
91928,1
91929,1
91930,1
91931,1
91932,1
91933,1
91934,1
91935,1
91936,1
91937,1
91938,1
91939,2
91940,1
91941,1
91942,1
91943,1
91944,1
91945,1
91946,1
91947,1
91948,1
91949,1
91950,1
91951,1
91952,1
91953,1
91954,1
91955,1
91956,1
91957,1
91958,1
91959,1
91960,2
91961,1
91962,1
91963,1
91964,1
91965,1
91966,1
91967,1
91968,1
91969,1
91970,1
91971,1
91972,1
91973,1
91974,1
91975,1
91976,1
91977,1
91978,1
91979,1
91980,1
91981,1
91982,1
91983,1
91984,1
91985,1
91986,1
91987,1
91988,1
91989,1
91990,1
91991,1
91992,1
91993,1
91994,1
91995,1
91996,1
91997,1
91998,1
91999,1
92000,1
92001,1
92002,1
92003,1
92004,1
92005,1
92006,1
92007,1
92008,1
92009,1
92010,1
92011,1
92012,1
92013,1
92014,1
92015,1
92016,1
92017,1
92018,1
92019,1
92020,1
92021,1
92022,1
92023,1
92024,1
92025,1
92026,1
92027,1
92028,1
92029,1
92030,1
92031,1
92032,1
92033,1
92034,1
92035,1
92036,1
92037,1
92038,1
92039,1
92040,1
92041,1
92042,1
92043,1
92044,1
92045,1
92046,1
92047,1
92048,1
92049,1
92050,1
92051,1
92052,1
92053,1
92054,1
92055,1
92056,1
92057,1
92058,1
92059,1
92060,1
92061,1
92062,1
92063,1
92064,1
92065,1
92066,1
92067,1
92068,1
92069,1
92070,1
92071,1
92072,1
92073,1
92074,1
92075,1
92076,1
92077,1
92078,1
92079,1
92080,1
92081,1
92082,1
92083,1
92084,1
92085,1
92086,1
92087,1
92088,1
92089,1
92090,1
92091,1
92092,1
92093,1
92094,1
92095,1
92096,1
92097,1
92098,1
92099,1
92100,1
92101,1
92102,1
92103,1
92104,1
92105,1
92106,1
92107,1
92108,1
92109,1
92110,1
92111,1
92112,1
92113,1
92114,1
92115,1
92116,1
92117,1
92118,1
92119,1
92120,1
92121,1
92122,1
92123,1
92124,1
92125,1
92126,1
92127,1
92128,1
92129,1
92130,1
92131,1
92132,1
92133,1
92134,1
92135,1
92136,1
92137,1
92138,1
92139,1
92140,1
92141,1
92142,1
92143,1
92144,1
92145,1
92146,1
92147,1
92148,1
92149,1
92150,1
92151,1
92152,1
92153,1
92154,1
92155,1
92156,1
92157,1
92158,1
92159,1
92160,1
92161,1
92162,1
92163,1
92164,1
92165,1
92166,1
92167,1
92168,1
92169,1
92170,1
92171,1
92172,1
92173,1
92174,1
92175,1
92176,1
92177,1
92178,1
92179,1
92180,1
92181,1
92182,1
92183,1
92184,1
92185,3
92186,1
92187,1
92188,1
92189,1
92190,1
92191,1
92192,1
92193,1
92194,1
92195,1
92196,1
92197,1
92198,1
92199,1
92200,1
92201,1
92202,1
92203,1
92204,1
92205,1
92206,1
92207,1
92208,1
92209,1
92210,1
92211,1
92212,1
92213,1
92214,1
92215,1
92216,1
92217,1
92218,1
92219,1
92220,1
92221,1
92222,1
92223,1
92224,1
92225,1
92226,1
92227,1
92228,1
92229,1
92230,1
92231,1
92232,1
92233,1
92234,1
92235,1
92236,1
92237,1
92238,1
92239,1
92240,1
92241,1
92242,1
92243,1
92244,1
92245,1
92246,1
92247,1
92248,1
92249,1
92250,1
92251,1
92252,1
92253,1
92254,1
92255,1
92256,1
92257,1
92258,1
92259,1
92260,1
92261,1
92262,1
92263,1
92264,1
92265,1
92266,1
92267,1
92268,3
92269,1
92270,1
92271,1
92272,1
92273,1
92274,1
92275,1
92276,1
92277,1
92278,1
92279,1
92280,1
92281,1
92282,1
92283,1
92284,1
92285,1
92286,1
92287,1
92288,1
92289,1
92290,1
92291,1
92292,1
92293,1
92294,1
92295,1
92296,1
92297,1
92298,1
92299,1
92300,1
92301,1
92302,1
92303,1
92304,1
92305,1
92306,1
92307,1
92308,1
92309,1
92310,1
92311,1
92312,1
92313,1
92314,1
92315,1
92316,1
92317,1
92318,1
92319,1
92320,1
92321,1
92322,1
92323,1
92324,1
92325,1
92326,1
92327,1
92328,1
92329,1
92330,1
92331,1
92332,1
92333,1
92334,1
92335,1
92336,1
92337,1
92338,1
92339,1
92340,3
92341,1
92342,1
92343,1
92344,1
92345,1
92346,1
92347,1
92348,1
92349,1
92350,1
92351,1
92352,3
92353,1
92354,3
92355,1
92356,1
92357,1
92358,1
92359,1
92360,1
92361,1
92362,1
92363,1
92364,1
92365,1
92366,1
92367,1
92368,1
92369,1
92370,1
92371,1
92372,1
92373,1
92374,1
92375,1
92376,1
92377,1
92378,1
92379,1
92380,1
92381,1
92382,1
92383,1
92384,1
92385,1
92386,1
92387,1
92388,1
92389,1
92390,1
92391,1
92392,1
92393,1
92394,1
92395,1
92396,1
92397,1
92398,1
92399,1
92400,1
92401,1
92402,1
92403,1
92404,1
92405,1
92406,1
92407,1
92408,1
92409,1
92410,1
92411,1
92412,1
92413,1
92414,1
92415,1
92416,1
92417,1
92418,1
92419,1
92420,1
92421,1
92422,1
92423,1
92424,1
92425,1
92426,1
92427,1
92428,1
92429,3
92430,1
92431,1
92432,1
92433,1
92434,1
92435,1
92436,1
92437,1
92438,1
92439,1
92440,1
92441,1
92442,1
92443,2
92444,1
92445,1
92446,1
92447,1
92448,1
92449,1
92450,1
92451,1
92452,1
92453,1
92454,1
92455,1
92456,1
92457,1
92458,1
92459,1
92460,1
92461,2
92462,1
92463,1
92464,1
92465,1
92466,2
92467,1
92468,1
92469,1
92470,1
92471,2
92472,1
92473,1
92474,1
92475,1
92476,1
92477,1
92478,1
92479,1
92480,1
92481,1
92482,1
92483,1
92484,1
92485,1
92486,1
92487,1
92488,1
92489,1
92490,1
92491,1
92492,1
92493,1
92494,1
92495,1
92496,1
92497,1
92498,1
92499,1
92500,1
92501,1
92502,1
92503,1
92504,1
92505,1
92506,1
92507,1
92508,1
92509,1
92510,1
92511,1
92512,1
92513,1
92514,1
92515,1
92516,1
92517,1
92518,1
92519,1
92520,1
92521,1
92522,1
92523,1
92524,1
92525,1
92526,1
92527,1
92528,1
92529,1
92530,1
92531,1
92532,1
92533,1
92534,1
92535,1
92536,1
92537,1
92538,1
92539,1
92540,1
92541,1
92542,2
92543,1
92544,1
92545,1
92546,1
92547,1
92548,1
92549,1
92550,1
92551,1
92552,1
92553,1
92554,1
92555,1
92556,1
92557,1
92558,1
92559,1
92560,1
92561,1
92562,1
92563,1
92564,1
92565,1
92566,1
92567,1
92568,1
92569,1
92570,1
92571,1
92572,1
92573,1
92574,1
92575,1
92576,1
92577,1
92578,1
92579,1
92580,1
92581,1
92582,1
92583,1
92584,1
92585,1
92586,1
92587,1
92588,1
92589,1
92590,1
92591,1
92592,1
92593,1
92594,1
92595,1
92596,1
92597,1
92598,1
92599,1
92600,1
92601,1
92602,1
92603,1
92604,1
92605,1
92606,1
92607,1
92608,1
92609,1
92610,1
92611,1
92612,1
92613,1
92614,1
92615,1
92616,1
92617,1
92618,1
92619,1
92620,1
92621,1
92622,1
92623,1
92624,1
92625,1
92626,1
92627,1
92628,1
92629,1
92630,1
92631,1
92632,1
92633,1
92634,1
92635,1
92636,1
92637,1
92638,2
92639,1
92640,1
92641,1
92642,1
92643,1
92644,1
92645,1
92646,1
92647,1
92648,1
92649,1
92650,1
92651,1
92652,1
92653,1
92654,1
92655,1
92656,1
92657,1
92658,1
92659,1
92660,1
92661,1
92662,1
92663,1
92664,1
92665,1
92666,1
92667,1
92668,1
92669,1
92670,1
92671,1
92672,1
92673,1
92674,1
92675,1
92676,1
92677,1
92678,1
92679,1
92680,1
92681,1
92682,1
92683,1
92684,1
92685,1
92686,2
92687,1
92688,1
92689,1
92690,1
92691,1
92692,3
92693,1
92694,3
92695,1
92696,1
92697,1
92698,1
92699,1
92700,1
92701,1
92702,1
92703,1
92704,1
92705,1
92706,1
92707,1
92708,1
92709,1
92710,1
92711,1
92712,1
92713,1
92714,1
92715,1
92716,1
92717,1
92718,1
92719,1
92720,1
92721,1
92722,1
92723,1
92724,1
92725,1
92726,1
92727,1
92728,1
92729,1
92730,1
92731,1
92732,1
92733,1
92734,1
92735,1
92736,1
92737,1
92738,1
92739,1
92740,1
92741,1
92742,1
92743,1
92744,1
92745,1
92746,1
92747,1
92748,1
92749,1
92750,1
92751,1
92752,1
92753,1
92754,1
92755,1
92756,1
92757,1
92758,1
92759,3
92760,1
92761,1
92762,1
92763,1
92764,1
92765,1
92766,1
92767,1
92768,1
92769,1
92770,1
92771,1
92772,1
92773,1
92774,1
92775,1
92776,1
92777,1
92778,1
92779,1
92780,1
92781,1
92782,2
92783,1
92784,1
92785,1
92786,1
92787,1
92788,1
92789,1
92790,1
92791,1
92792,1
92793,1
92794,1
92795,1
92796,1
92797,1
92798,1
92799,1
92800,1
92801,1
92802,1
92803,1
92804,1
92805,1
92806,1
92807,1
92808,1
92809,1
92810,1
92811,1
92812,1
92813,1
92814,1
92815,1
92816,1
92817,1
92818,1
92819,1
92820,1
92821,1
92822,1
92823,1
92824,1
92825,1
92826,1
92827,1
92828,1
92829,1
92830,1
92831,1
92832,1
92833,1
92834,1
92835,3
92836,1
92837,1
92838,1
92839,1
92840,1
92841,1
92842,1
92843,1
92844,1
92845,1
92846,1
92847,1
92848,1
92849,1
92850,1
92851,1
92852,3
92853,1
92854,1
92855,1
92856,1
92857,1
92858,1
92859,1
92860,1
92861,1
92862,1
92863,1
92864,1
92865,1
92866,1
92867,1
92868,1
92869,1
92870,1
92871,1
92872,1
92873,1
92874,1
92875,1
92876,1
92877,2
92878,1
92879,1
92880,1
92881,1
92882,1
92883,1
92884,1
92885,1
92886,1
92887,1
92888,1
92889,1
92890,1
92891,1
92892,1
92893,1
92894,1
92895,1
92896,1
92897,1
92898,1
92899,1
92900,1
92901,1
92902,1
92903,1
92904,1
92905,1
92906,1
92907,1
92908,1
92909,1
92910,1
92911,1
92912,1
92913,1
92914,1
92915,1
92916,1
92917,1
92918,1
92919,1
92920,1
92921,1
92922,1
92923,1
92924,1
92925,1
92926,1
92927,1
92928,1
92929,1
92930,1
92931,1
92932,1
92933,1
92934,1
92935,1
92936,1
92937,1
92938,1
92939,1
92940,1
92941,1
92942,1
92943,1
92944,1
92945,1
92946,1
92947,1
92948,1
92949,1
92950,1
92951,1
92952,1
92953,1
92954,1
92955,1
92956,1
92957,1
92958,1
92959,1
92960,1
92961,1
92962,1
92963,2
92964,1
92965,1
92966,2
92967,1
92968,1
92969,1
92970,1
92971,1
92972,1
92973,1
92974,1
92975,1
92976,1
92977,1
92978,1
92979,1
92980,1
92981,1
92982,1
92983,1
92984,1
92985,1
92986,1
92987,1
92988,1
92989,1
92990,1
92991,1
92992,1
92993,1
92994,1
92995,1
92996,1
92997,1
92998,1
92999,1
93000,1
93001,1
93002,1
93003,1
93004,1
93005,1
93006,1
93007,1
93008,1
93009,1
93010,1
93011,1
93012,1
93013,1
93014,1
93015,1
93016,1
93017,1
93018,1
93019,1
93020,1
93021,1
93022,1
93023,1
93024,1
93025,1
93026,1
93027,1
93028,3
93029,1
93030,1
93031,1
93032,1
93033,1
93034,1
93035,1
93036,1
93037,1
93038,1
93039,1
93040,1
93041,1
93042,1
93043,1
93044,2
93045,1
93046,1
93047,1
93048,1
93049,1
93050,1
93051,1
93052,1
93053,1
93054,1
93055,1
93056,1
93057,2
93058,1
93059,1
93060,1
93061,1
93062,1
93063,1
93064,1
93065,1
93066,1
93067,1
93068,1
93069,1
93070,1
93071,1
93072,1
93073,1
93074,1
93075,1
93076,1
93077,1
93078,1
93079,1
93080,1
93081,1
93082,1
93083,1
93084,1
93085,1
93086,1
93087,1
93088,1
93089,1
93090,1
93091,1
93092,1
93093,1
93094,1
93095,1
93096,1
93097,1
93098,1
93099,1
93100,1
93101,3
93102,1
93103,1
93104,1
93105,1
93106,1
93107,1
93108,2
93109,1
93110,1
93111,1
93112,1
93113,1
93114,1
93115,1
93116,1
93117,1
93118,1
93119,1
93120,2
93121,1
93122,1
93123,1
93124,1
93125,1
93126,1
93127,1
93128,1
93129,1
93130,1
93131,1
93132,1
93133,1
93134,1
93135,1
93136,1
93137,1
93138,1
93139,1
93140,1
93141,1
93142,1
93143,1
93144,1
93145,1
93146,1
93147,1
93148,1
93149,1
93150,1
93151,1
93152,1
93153,1
93154,1
93155,1
93156,1
93157,1
93158,1
93159,1
93160,1
93161,1
93162,1
93163,1
93164,1
93165,1
93166,1
93167,1
93168,1
93169,1
93170,1
93171,1
93172,1
93173,1
93174,1
93175,1
93176,1
93177,1
93178,1
93179,1
93180,1
93181,1
93182,1
93183,1
93184,1
93185,1
93186,1
93187,3
93188,1
93189,1
93190,1
93191,1
93192,1
93193,1
93194,1
93195,1
93196,1
93197,2
93198,1
93199,1
93200,1
93201,1
93202,1
93203,1
93204,1
93205,1
93206,1
93207,1
93208,1
93209,1
93210,1
93211,1
93212,1
93213,1
93214,1
93215,1
93216,1
93217,1
93218,1
93219,1
93220,1
93221,1
93222,1
93223,1
93224,1
93225,1
93226,1
93227,1
93228,1
93229,1
93230,1
93231,1
93232,1
93233,2
93234,1
93235,1
93236,1
93237,1
93238,1
93239,1
93240,1
93241,2
93242,1
93243,1
93244,1
93245,1
93246,1
93247,1
93248,1
93249,1
93250,1
93251,1
93252,1
93253,1
93254,1
93255,1
93256,1
93257,1
93258,1
93259,1
93260,1
93261,1
93262,1
93263,1
93264,1
93265,1
93266,1
93267,1
93268,1
93269,1
93270,1
93271,1
93272,1
93273,1
93274,1
93275,1
93276,1
93277,1
93278,1
93279,1
93280,1
93281,1
93282,1
93283,1
93284,1
93285,1
93286,1
93287,1
93288,1
93289,1
93290,1
93291,1
93292,1
93293,1
93294,1
93295,1
93296,1
93297,1
93298,1
93299,1
93300,1
93301,1
93302,1
93303,1
93304,1
93305,1
93306,1
93307,1
93308,1
93309,1
93310,1
93311,1
93312,1
93313,1
93314,1
93315,1
93316,1
93317,1
93318,1
93319,1
93320,1
93321,1
93322,1
93323,1
93324,1
93325,1
93326,1
93327,1
93328,1
93329,1
93330,1
93331,1
93332,1
93333,1
93334,1
93335,1
93336,1
93337,1
93338,1
93339,1
93340,1
93341,1
93342,1
93343,1
93344,1
93345,1
93346,1
93347,1
93348,1
93349,1
93350,1
93351,1
93352,1
93353,1
93354,1
93355,1
93356,1
93357,1
93358,1
93359,1
93360,1
93361,1
93362,1
93363,1
93364,1
93365,1
93366,1
93367,1
93368,1
93369,1
93370,1
93371,1
93372,1
93373,1
93374,1
93375,1
93376,2
93377,2
93378,1
93379,1
93380,1
93381,1
93382,1
93383,1
93384,1
93385,1
93386,1
93387,1
93388,1
93389,1
93390,1
93391,1
93392,1
93393,1
93394,1
93395,1
93396,2
93397,1
93398,1
93399,1
93400,1
93401,1
93402,1
93403,1
93404,1
93405,1
93406,1
93407,1
93408,1
93409,1
93410,2
93411,1
93412,1
93413,1
93414,1
93415,1
93416,1
93417,1
93418,1
93419,1
93420,1
93421,1
93422,1
93423,1
93424,1
93425,1
93426,1
93427,1
93428,1
93429,1
93430,1
93431,1
93432,1
93433,1
93434,1
93435,1
93436,1
93437,1
93438,1
93439,1
93440,1
93441,1
93442,1
93443,1
93444,1
93445,1
93446,1
93447,1
93448,1
93449,1
93450,1
93451,1
93452,1
93453,1
93454,1
93455,1
93456,1
93457,1
93458,1
93459,1
93460,1
93461,1
93462,1
93463,1
93464,1
93465,1
93466,1
93467,1
93468,1
93469,1
93470,1
93471,1
93472,1
93473,1
93474,1
93475,1
93476,1
93477,1
93478,1
93479,1
93480,1
93481,1
93482,1
93483,1
93484,1
93485,1
93486,1
93487,1
93488,1
93489,1
93490,1
93491,1
93492,1
93493,1
93494,1
93495,2
93496,1
93497,1
93498,1
93499,1
93500,1
93501,1
93502,1
93503,1
93504,1
93505,1
93506,1
93507,1
93508,1
93509,1
93510,1
93511,1
93512,1
93513,1
93514,1
93515,1
93516,1
93517,1
93518,1
93519,1
93520,1
93521,1
93522,1
93523,1
93524,1
93525,1
93526,1
93527,1
93528,1
93529,1
93530,1
93531,1
93532,1
93533,1
93534,1
93535,1
93536,1
93537,1
93538,1
93539,1
93540,1
93541,1
93542,1
93543,1
93544,1
93545,1
93546,2
93547,1
93548,1
93549,1
93550,1
93551,1
93552,1
93553,1
93554,1
93555,1
93556,1
93557,1
93558,1
93559,1
93560,1
93561,2
93562,1
93563,1
93564,1
93565,1
93566,1
93567,1
93568,1
93569,1
93570,1
93571,1
93572,1
93573,1
93574,1
93575,1
93576,1
93577,1
93578,1
93579,1
93580,1
93581,1
93582,1
93583,1
93584,1
93585,1
93586,3
93587,1
93588,1
93589,1
93590,2
93591,1
93592,1
93593,1
93594,2
93595,1
93596,1
93597,1
93598,1
93599,1
93600,1
93601,1
93602,1
93603,1
93604,1
93605,1
93606,1
93607,1
93608,1
93609,1
93610,1
93611,1
93612,1
93613,1
93614,1
93615,1
93616,1
93617,1
93618,1
93619,1
93620,1
93621,1
93622,1
93623,1
93624,1
93625,1
93626,1
93627,1
93628,1
93629,1
93630,1
93631,1
93632,1
93633,1
93634,1
93635,1
93636,1
93637,1
93638,1
93639,1
93640,1
93641,1
93642,1
93643,1
93644,1
93645,1
93646,1
93647,1
93648,1
93649,2
93650,1
93651,2
93652,1
93653,1
93654,1
93655,1
93656,1
93657,1
93658,1
93659,1
93660,1
93661,1
93662,2
93663,1
93664,1
93665,1
93666,1
93667,1
93668,1
93669,2
93670,2
93671,1
93672,1
93673,2
93674,1
93675,1
93676,1
93677,1
93678,1
93679,1
93680,1
93681,1
93682,1
93683,1
93684,1
93685,1
93686,1
93687,1
93688,1
93689,1
93690,1
93691,1
93692,1
93693,1
93694,1
93695,1
93696,1
93697,1
93698,1
93699,1
93700,1
93701,1
93702,1
93703,1
93704,1
93705,1
93706,1
93707,1
93708,1
93709,1
93710,1
93711,1
93712,1
93713,1
93714,1
93715,1
93716,1
93717,1
93718,1
93719,2
93720,1
93721,2
93722,1
93723,1
93724,1
93725,1
93726,1
93727,1
93728,1
93729,1
93730,1
93731,1
93732,1
93733,2
93734,1
93735,1
93736,1
93737,1
93738,1
93739,1
93740,1
93741,1
93742,1
93743,1
93744,1
93745,1
93746,1
93747,1
93748,1
93749,1
93750,1
93751,1
93752,1
93753,1
93754,1
93755,1
93756,1
93757,1
93758,1
93759,1
93760,1
93761,1
93762,1
93763,1
93764,1
93765,1
93766,1
93767,1
93768,1
93769,1
93770,1
93771,1
93772,1
93773,1
93774,1
93775,1
93776,1
93777,1
93778,1
93779,1
93780,1
93781,1
93782,1
93783,1
93784,1
93785,1
93786,1
93787,1
93788,1
93789,1
93790,1
93791,1
93792,1
93793,1
93794,1
93795,1
93796,2
93797,1
93798,1
93799,3
93800,1
93801,2
93802,1
93803,1
93804,1
93805,1
93806,1
93807,2
93808,1
93809,1
93810,1
93811,1
93812,1
93813,1
93814,1
93815,1
93816,1
93817,1
93818,1
93819,1
93820,1
93821,1
93822,1
93823,1
93824,1
93825,1
93826,1
93827,1
93828,1
93829,1
93830,1
93831,1
93832,1
93833,1
93834,1
93835,1
93836,1
93837,1
93838,1
93839,1
93840,1
93841,1
93842,1
93843,1
93844,1
93845,1
93846,1
93847,1
93848,1
93849,1
93850,1
93851,1
93852,1
93853,1
93854,1
93855,1
93856,1
93857,1
93858,3
93859,1
93860,1
93861,2
93862,1
93863,1
93864,1
93865,1
93866,1
93867,1
93868,1
93869,1
93870,1
93871,1
93872,2
93873,1
93874,1
93875,1
93876,1
93877,1
93878,1
93879,1
93880,1
93881,1
93882,1
93883,1
93884,1
93885,1
93886,1
93887,1
93888,1
93889,1
93890,1
93891,1
93892,1
93893,1
93894,1
93895,1
93896,1
93897,1
93898,1
93899,1
93900,1
93901,1
93902,1
93903,1
93904,1
93905,1
93906,1
93907,1
93908,1
93909,1
93910,1
93911,1
93912,1
93913,1
93914,1
93915,1
93916,1
93917,1
93918,1
93919,1
93920,1
93921,1
93922,1
93923,1
93924,1
93925,1
93926,1
93927,1
93928,1
93929,1
93930,1
93931,1
93932,1
93933,1
93934,1
93935,1
93936,1
93937,1
93938,1
93939,1
93940,1
93941,1
93942,1
93943,1
93944,1
93945,1
93946,1
93947,1
93948,1
93949,1
93950,1
93951,1
93952,1
93953,1
93954,1
93955,1
93956,1
93957,2
93958,1
93959,1
93960,1
93961,1
93962,1
93963,1
93964,2
93965,1
93966,1
93967,1
93968,1
93969,1
93970,1
93971,1
93972,1
93973,1
93974,1
93975,1
93976,1
93977,1
93978,1
93979,1
93980,1
93981,1
93982,1
93983,1
93984,1
93985,1
93986,1
93987,1
93988,2
93989,1
93990,1
93991,1
93992,1
93993,2
93994,1
93995,1
93996,1
93997,1
93998,1
93999,1
94000,1
94001,1
94002,1
94003,1
94004,1
94005,1
94006,1
94007,1
94008,1
94009,1
94010,1
94011,1
94012,1
94013,1
94014,1
94015,1
94016,1
94017,1
94018,1
94019,1
94020,1
94021,1
94022,1
94023,1
94024,1
94025,1
94026,1
94027,1
94028,1
94029,1
94030,1
94031,1
94032,1
94033,1
94034,1
94035,1
94036,1
94037,1
94038,1
94039,1
94040,1
94041,1
94042,1
94043,1
94044,1
94045,1
94046,1
94047,1
94048,1
94049,1
94050,1
94051,1
94052,1
94053,1
94054,1
94055,1
94056,1
94057,1
94058,1
94059,1
94060,1
94061,1
94062,1
94063,1
94064,1
94065,1
94066,1
94067,1
94068,1
94069,1
94070,1
94071,1
94072,1
94073,1
94074,1
94075,1
94076,1
94077,1
94078,1
94079,1
94080,1
94081,1
94082,2
94083,1
94084,1
94085,1
94086,1
94087,1
94088,1
94089,1
94090,1
94091,1
94092,1
94093,1
94094,1
94095,1
94096,1
94097,1
94098,1
94099,1
94100,1
94101,1
94102,1
94103,1
94104,1
94105,1
94106,1
94107,1
94108,1
94109,1
94110,1
94111,1
94112,1
94113,1
94114,1
94115,1
94116,1
94117,1
94118,1
94119,1
94120,1
94121,1
94122,1
94123,1
94124,1
94125,1
94126,1
94127,1
94128,1
94129,1
94130,1
94131,1
94132,1
94133,1
94134,1
94135,1
94136,1
94137,1
94138,1
94139,1
94140,1
94141,1
94142,1
94143,1
94144,3
94145,1
94146,1
94147,1
94148,1
94149,1
94150,1
94151,1
94152,1
94153,1
94154,1
94155,1
94156,1
94157,1
94158,1
94159,1
94160,1
94161,1
94162,2
94163,1
94164,1
94165,2
94166,1
94167,1
94168,1
94169,1
94170,1
94171,1
94172,1
94173,1
94174,1
94175,1
94176,1
94177,1
94178,2
94179,1
94180,1
94181,1
94182,1
94183,1
94184,1
94185,1
94186,1
94187,1
94188,1
94189,1
94190,1
94191,1
94192,1
94193,1
94194,1
94195,1
94196,1
94197,1
94198,1
94199,1
94200,1
94201,1
94202,1
94203,1
94204,1
94205,1
94206,1
94207,1
94208,1
94209,1
94210,1
94211,1
94212,1
94213,1
94214,1
94215,1
94216,1
94217,1
94218,1
94219,1
94220,1
94221,1
94222,1
94223,1
94224,1
94225,1
94226,1
94227,1
94228,1
94229,1
94230,1
94231,1
94232,1
94233,1
94234,1
94235,1
94236,1
94237,2
94238,1
94239,1
94240,1
94241,1
94242,1
94243,1
94244,2
94245,1
94246,1
94247,2
94248,1
94249,1
94250,1
94251,2
94252,1
94253,1
94254,1
94255,1
94256,1
94257,1
94258,1
94259,1
94260,1
94261,1
94262,2
94263,1
94264,1
94265,1
94266,1
94267,1
94268,1
94269,1
94270,1
94271,1
94272,1
94273,1
94274,1
94275,2
94276,1
94277,1
94278,1
94279,1
94280,1
94281,1
94282,1
94283,1
94284,1
94285,1
94286,1
94287,1
94288,1
94289,1
94290,1
94291,1
94292,1
94293,1
94294,1
94295,1
94296,1
94297,1
94298,1
94299,1
94300,1
94301,1
94302,1
94303,1
94304,1
94305,1
94306,1
94307,1
94308,1
94309,1
94310,1
94311,1
94312,1
94313,1
94314,1
94315,1
94316,1
94317,1
94318,1
94319,1
94320,1
94321,1
94322,1
94323,1
94324,1
94325,2
94326,1
94327,1
94328,1
94329,2
94330,1
94331,1
94332,1
94333,2
94334,2
94335,1
94336,1
94337,1
94338,1
94339,1
94340,1
94341,1
94342,1
94343,1
94344,1
94345,1
94346,1
94347,1
94348,1
94349,1
94350,1
94351,1
94352,1
94353,1
94354,1
94355,1
94356,1
94357,2
94358,1
94359,1
94360,1
94361,1
94362,1
94363,1
94364,1
94365,1
94366,1
94367,1
94368,1
94369,1
94370,1
94371,1
94372,1
94373,1
94374,1
94375,1
94376,1
94377,1
94378,1
94379,1
94380,1
94381,1
94382,1
94383,1
94384,1
94385,1
94386,1
94387,1
94388,1
94389,1
94390,1
94391,1
94392,1
94393,1
94394,1
94395,1
94396,1
94397,1
94398,1
94399,1
94400,1
94401,1
94402,1
94403,1
94404,1
94405,1
94406,1
94407,1
94408,1
94409,1
94410,1
94411,1
94412,1
94413,1
94414,1
94415,1
94416,1
94417,1
94418,1
94419,1
94420,1
94421,1
94422,1
94423,1
94424,1
94425,1
94426,1
94427,3
94428,1
94429,1
94430,1
94431,1
94432,1
94433,1
94434,1
94435,1
94436,1
94437,1
94438,1
94439,1
94440,1
94441,1
94442,1
94443,1
94444,1
94445,1
94446,2
94447,1
94448,1
94449,1
94450,1
94451,1
94452,1
94453,1
94454,1
94455,1
94456,1
94457,1
94458,1
94459,1
94460,1
94461,1
94462,1
94463,1
94464,1
94465,1
94466,1
94467,1
94468,1
94469,1
94470,1
94471,1
94472,1
94473,1
94474,1
94475,1
94476,1
94477,1
94478,1
94479,1
94480,1
94481,1
94482,1
94483,1
94484,3
94485,1
94486,3
94487,1
94488,1
94489,1
94490,1
94491,1
94492,1
94493,1
94494,1
94495,1
94496,1
94497,1
94498,2
94499,1
94500,1
94501,1
94502,1
94503,1
94504,1
94505,1
94506,1
94507,1
94508,1
94509,1
94510,1
94511,1
94512,1
94513,1
94514,1
94515,1
94516,1
94517,1
94518,1
94519,1
94520,1
94521,1
94522,1
94523,1
94524,1
94525,1
94526,1
94527,1
94528,1
94529,1
94530,1
94531,1
94532,1
94533,1
94534,1
94535,3
94536,1
94537,1
94538,1
94539,2
94540,1
94541,1
94542,1
94543,1
94544,1
94545,1
94546,1
94547,1
94548,1
94549,1
94550,1
94551,1
94552,1
94553,1
94554,1
94555,1
94556,1
94557,1
94558,1
94559,1
94560,1
94561,1
94562,1
94563,1
94564,1
94565,1
94566,1
94567,1
94568,1
94569,1
94570,1
94571,1
94572,1
94573,1
94574,1
94575,2
94576,1
94577,1
94578,1
94579,1
94580,1
94581,1
94582,1
94583,1
94584,1
94585,1
94586,1
94587,2
94588,1
94589,1
94590,1
94591,1
94592,1
94593,1
94594,1
94595,1
94596,1
94597,1
94598,1
94599,1
94600,1
94601,1
94602,1
94603,1
94604,1
94605,1
94606,1
94607,2
94608,3
94609,1
94610,1
94611,1
94612,1
94613,1
94614,1
94615,1
94616,1
94617,1
94618,1
94619,1
94620,1
94621,1
94622,1
94623,1
94624,1
94625,1
94626,1
94627,1
94628,1
94629,1
94630,1
94631,1
94632,1
94633,1
94634,1
94635,1
94636,1
94637,1
94638,1
94639,1
94640,1
94641,1
94642,1
94643,1
94644,1
94645,1
94646,1
94647,1
94648,1
94649,1
94650,1
94651,1
94652,1
94653,1
94654,1
94655,1
94656,1
94657,3
94658,2
94659,1
94660,1
94661,2
94662,1
94663,1
94664,1
94665,1
94666,1
94667,1
94668,1
94669,1
94670,1
94671,1
94672,1
94673,1
94674,1
94675,1
94676,2
94677,1
94678,1
94679,1
94680,1
94681,1
94682,1
94683,1
94684,1
94685,1
94686,2
94687,1
94688,1
94689,1
94690,1
94691,1
94692,1
94693,1
94694,1
94695,1
94696,1
94697,1
94698,1
94699,2
94700,1
94701,1
94702,1
94703,1
94704,1
94705,1
94706,1
94707,1
94708,1
94709,1
94710,1
94711,1
94712,1
94713,1
94714,1
94715,1
94716,1
94717,1
94718,1
94719,1
94720,1
94721,1
94722,1
94723,1
94724,1
94725,1
94726,1
94727,1
94728,1
94729,1
94730,1
94731,1
94732,1
94733,1
94734,1
94735,1
94736,1
94737,1
94738,1
94739,1
94740,1
94741,1
94742,1
94743,1
94744,1
94745,1
94746,1
94747,1
94748,1
94749,1
94750,1
94751,1
94752,1
94753,1
94754,1
94755,1
94756,1
94757,1
94758,1
94759,1
94760,1
94761,1
94762,1
94763,1
94764,1
94765,1
94766,1
94767,1
94768,1
94769,1
94770,1
94771,2
94772,1
94773,1
94774,1
94775,1
94776,1
94777,1
94778,1
94779,2
94780,1
94781,1
94782,1
94783,1
94784,1
94785,1
94786,1
94787,1
94788,1
94789,1
94790,1
94791,1
94792,1
94793,1
94794,1
94795,1
94796,1
94797,1
94798,1
94799,1
94800,1
94801,1
94802,1
94803,1
94804,1
94805,1
94806,1
94807,1
94808,1
94809,1
94810,1
94811,1
94812,1
94813,1
94814,1
94815,1
94816,1
94817,1
94818,1
94819,1
94820,1
94821,1
94822,1
94823,1
94824,1
94825,1
94826,1
94827,1
94828,1
94829,1
94830,1
94831,1
94832,1
94833,1
94834,1
94835,1
94836,1
94837,2
94838,1
94839,1
94840,1
94841,1
94842,1
94843,1
94844,1
94845,1
94846,1
94847,1
94848,1
94849,1
94850,1
94851,2
94852,1
94853,1
94854,1
94855,1
94856,2
94857,1
94858,1
94859,1
94860,1
94861,1
94862,1
94863,2
94864,1
94865,1
94866,1
94867,1
94868,1
94869,2
94870,1
94871,1
94872,1
94873,2
94874,1
94875,1
94876,1
94877,1
94878,1
94879,1
94880,2
94881,1
94882,1
94883,1
94884,1
94885,1
94886,1
94887,1
94888,1
94889,1
94890,1
94891,1
94892,1
94893,1
94894,1
94895,1
94896,1
94897,1
94898,1
94899,1
94900,1
94901,1
94902,1
94903,1
94904,1
94905,1
94906,1
94907,1
94908,1
94909,1
94910,1
94911,1
94912,1
94913,1
94914,1
94915,1
94916,1
94917,1
94918,1
94919,1
94920,1
94921,1
94922,1
94923,1
94924,1
94925,1
94926,1
94927,1
94928,1
94929,1
94930,1
94931,1
94932,1
94933,1
94934,1
94935,1
94936,1
94937,1
94938,1
94939,1
94940,1
94941,1
94942,2
94943,1
94944,1
94945,1
94946,1
94947,1
94948,1
94949,1
94950,1
94951,1
94952,1
94953,3
94954,2
94955,1
94956,1
94957,1
94958,1
94959,1
94960,1
94961,1
94962,1
94963,1
94964,1
94965,1
94966,1
94967,1
94968,1
94969,1
94970,1
94971,1
94972,1
94973,1
94974,1
94975,1
94976,1
94977,1
94978,1
94979,1
94980,1
94981,1
94982,1
94983,1
94984,1
94985,1
94986,1
94987,1
94988,1
94989,1
94990,1
94991,1
94992,1
94993,1
94994,1
94995,1
94996,1
94997,1
94998,1
94999,1
95000,1
95001,1
95002,1
95003,1
95004,1
95005,1
95006,1
95007,1
95008,1
95009,1
95010,1
95011,1
95012,1
95013,1
95014,1
95015,1
95016,1
95017,1
95018,1
95019,1
95020,1
95021,1
95022,1
95023,1
95024,1
95025,1
95026,1
95027,1
95028,1
95029,1
95030,1
95031,1
95032,1
95033,1
95034,2
95035,1
95036,1
95037,1
95038,1
95039,1
95040,1
95041,1
95042,1
95043,1
95044,1
95045,1
95046,1
95047,1
95048,1
95049,1
95050,1
95051,1
95052,1
95053,2
95054,1
95055,1
95056,1
95057,1
95058,1
95059,1
95060,2
95061,2
95062,1
95063,1
95064,1
95065,1
95066,1
95067,1
95068,1
95069,2
95070,1
95071,1
95072,1
95073,1
95074,1
95075,1
95076,1
95077,1
95078,1
95079,1
95080,1
95081,1
95082,1
95083,1
95084,1
95085,1
95086,1
95087,1
95088,1
95089,1
95090,1
95091,1
95092,1
95093,1
95094,1
95095,1
95096,1
95097,1
95098,1
95099,1
95100,1
95101,1
95102,1
95103,1
95104,1
95105,1
95106,1
95107,1
95108,1
95109,1
95110,1
95111,3
95112,1
95113,1
95114,1
95115,1
95116,1
95117,1
95118,1
95119,1
95120,1
95121,2
95122,1
95123,1
95124,1
95125,1
95126,1
95127,1
95128,1
95129,1
95130,1
95131,1
95132,1
95133,1
95134,1
95135,1
95136,1
95137,2
95138,1
95139,3
95140,1
95141,1
95142,1
95143,1
95144,1
95145,1
95146,1
95147,1
95148,1
95149,1
95150,1
95151,1
95152,1
95153,1
95154,1
95155,1
95156,1
95157,1
95158,1
95159,1
95160,1
95161,1
95162,1
95163,1
95164,1
95165,1
95166,1
95167,1
95168,1
95169,1
95170,1
95171,1
95172,1
95173,1
95174,1
95175,1
95176,1
95177,1
95178,1
95179,1
95180,1
95181,1
95182,1
95183,1
95184,1
95185,1
95186,1
95187,1
95188,1
95189,1
95190,1
95191,1
95192,1
95193,1
95194,1
95195,1
95196,1
95197,1
95198,1
95199,2
95200,1
95201,1
95202,1
95203,1
95204,1
95205,1
95206,1
95207,1
95208,1
95209,1
95210,1
95211,1
95212,2
95213,1
95214,1
95215,1
95216,2
95217,1
95218,1
95219,1
95220,1
95221,1
95222,1
95223,1
95224,1
95225,1
95226,2
95227,1
95228,1
95229,1
95230,2
95231,1
95232,1
95233,1
95234,1
95235,1
95236,1
95237,1
95238,1
95239,1
95240,1
95241,1
95242,1
95243,1
95244,1
95245,1
95246,1
95247,1
95248,1
95249,1
95250,1
95251,1
95252,1
95253,1
95254,1
95255,1
95256,1
95257,1
95258,1
95259,1
95260,1
95261,1
95262,1
95263,1
95264,1
95265,1
95266,1
95267,1
95268,1
95269,1
95270,1
95271,1
95272,1
95273,1
95274,1
95275,1
95276,1
95277,1
95278,1
95279,1
95280,1
95281,1
95282,1
95283,1
95284,1
95285,1
95286,1
95287,1
95288,1
95289,1
95290,1
95291,2
95292,3
95293,1
95294,2
95295,1
95296,1
95297,1
95298,1
95299,3
95300,1
95301,1
95302,1
95303,1
95304,1
95305,2
95306,1
95307,1
95308,1
95309,1
95310,1
95311,1
95312,1
95313,1
95314,1
95315,1
95316,1
95317,1
95318,1
95319,1
95320,1
95321,1
95322,1
95323,1
95324,1
95325,2
95326,1
95327,1
95328,1
95329,1
95330,1
95331,1
95332,1
95333,1
95334,1
95335,1
95336,1
95337,1
95338,1
95339,1
95340,1
95341,1
95342,1
95343,1
95344,1
95345,1
95346,1
95347,1
95348,1
95349,1
95350,1
95351,1
95352,1
95353,1
95354,1
95355,1
95356,1
95357,1
95358,1
95359,1
95360,1
95361,1
95362,1
95363,1
95364,1
95365,1
95366,1
95367,1
95368,1
95369,1
95370,1
95371,1
95372,1
95373,1
95374,1
95375,1
95376,1
95377,1
95378,1
95379,1
95380,1
95381,1
95382,1
95383,1
95384,1
95385,1
95386,1
95387,1
95388,1
95389,1
95390,1
95391,1
95392,1
95393,1
95394,1
95395,1
95396,1
95397,1
95398,1
95399,1
95400,1
95401,1
95402,1
95403,1
95404,1
95405,1
95406,1
95407,1
95408,1
95409,1
95410,1
95411,1
95412,1
95413,1
95414,1
95415,1
95416,1
95417,1
95418,1
95419,1
95420,1
95421,1
95422,2
95423,1
95424,1
95425,1
95426,1
95427,1
95428,1
95429,1
95430,1
95431,1
95432,1
95433,1
95434,1
95435,1
95436,1
95437,1
95438,1
95439,1
95440,1
95441,1
95442,1
95443,1
95444,1
95445,1
95446,1
95447,1
95448,1
95449,1
95450,1
95451,1
95452,1
95453,1
95454,1
95455,1
95456,1
95457,1
95458,1
95459,1
95460,1
95461,1
95462,1
95463,1
95464,1
95465,1
95466,1
95467,1
95468,1
95469,1
95470,3
95471,1
95472,1
95473,2
95474,1
95475,1
95476,1
95477,1
95478,1
95479,1
95480,1
95481,1
95482,1
95483,1
95484,1
95485,1
95486,1
95487,1
95488,1
95489,1
95490,1
95491,1
95492,1
95493,1
95494,2
95495,1
95496,2
95497,1
95498,1
95499,2
95500,1
95501,1
95502,1
95503,1
95504,1
95505,1
95506,1
95507,1
95508,1
95509,1
95510,1
95511,1
95512,1
95513,1
95514,1
95515,1
95516,1
95517,1
95518,1
95519,1
95520,1
95521,1
95522,1
95523,1
95524,1
95525,1
95526,1
95527,1
95528,1
95529,1
95530,1
95531,1
95532,1
95533,1
95534,1
95535,1
95536,1
95537,1
95538,3
95539,1
95540,1
95541,1
95542,1
95543,1
95544,1
95545,1
95546,1
95547,1
95548,1
95549,1
95550,1
95551,1
95552,1
95553,1
95554,1
95555,1
95556,1
95557,1
95558,1
95559,2
95560,1
95561,1
95562,1
95563,1
95564,2
95565,1
95566,1
95567,1
95568,1
95569,1
95570,1
95571,1
95572,1
95573,1
95574,1
95575,1
95576,1
95577,1
95578,1
95579,1
95580,1
95581,1
95582,1
95583,1
95584,1
95585,1
95586,1
95587,1
95588,1
95589,1
95590,1
95591,1
95592,1
95593,1
95594,1
95595,1
95596,1
95597,1
95598,1
95599,1
95600,1
95601,1
95602,1
95603,1
95604,1
95605,1
95606,1
95607,1
95608,1
95609,1
95610,1
95611,1
95612,1
95613,1
95614,1
95615,1
95616,1
95617,1
95618,1
95619,1
95620,1
95621,1
95622,1
95623,1
95624,1
95625,1
95626,1
95627,1
95628,1
95629,1
95630,1
95631,1
95632,1
95633,1
95634,1
95635,1
95636,1
95637,1
95638,1
95639,1
95640,1
95641,1
95642,1
95643,1
95644,1
95645,1
95646,2
95647,1
95648,1
95649,1
95650,2
95651,1
95652,1
95653,1
95654,1
95655,1
95656,1
95657,1
95658,1
95659,1
95660,1
95661,2
95662,1
95663,2
95664,1
95665,1
95666,1
95667,1
95668,1
95669,1
95670,1
95671,2
95672,1
95673,2
95674,1
95675,1
95676,2
95677,1
95678,1
95679,1
95680,1
95681,1
95682,1
95683,1
95684,1
95685,1
95686,1
95687,1
95688,1
95689,1
95690,1
95691,1
95692,1
95693,1
95694,1
95695,1
95696,1
95697,1
95698,1
95699,1
95700,1
95701,1
95702,1
95703,1
95704,1
95705,1
95706,1
95707,1
95708,1
95709,1
95710,1
95711,1
95712,1
95713,1
95714,1
95715,1
95716,1
95717,1
95718,1
95719,1
95720,1
95721,1
95722,1
95723,1
95724,1
95725,1
95726,1
95727,1
95728,1
95729,1
95730,1
95731,1
95732,2
95733,1
95734,1
95735,1
95736,2
95737,1
95738,1
95739,1
95740,2
95741,1
95742,1
95743,1
95744,1
95745,1
95746,2
95747,1
95748,1
95749,1
95750,1
95751,1
95752,1
95753,1
95754,1
95755,2
95756,1
95757,1
95758,2
95759,2
95760,1
95761,1
95762,1
95763,1
95764,1
95765,1
95766,1
95767,1
95768,2
95769,1
95770,1
95771,1
95772,1
95773,1
95774,1
95775,1
95776,1
95777,1
95778,1
95779,1
95780,1
95781,1
95782,1
95783,1
95784,1
95785,1
95786,1
95787,1
95788,1
95789,1
95790,1
95791,1
95792,1
95793,1
95794,1
95795,1
95796,1
95797,1
95798,1
95799,1
95800,1
95801,1
95802,1
95803,1
95804,1
95805,1
95806,1
95807,1
95808,1
95809,1
95810,1
95811,1
95812,1
95813,1
95814,1
95815,1
95816,1
95817,1
95818,2
95819,1
95820,1
95821,1
95822,1
95823,1
95824,1
95825,1
95826,1
95827,1
95828,2
95829,1
95830,1
95831,1
95832,1
95833,1
95834,1
95835,1
95836,1
95837,1
95838,1
95839,1
95840,2
95841,1
95842,1
95843,1
95844,1
95845,1
95846,1
95847,2
95848,1
95849,1
95850,1
95851,1
95852,1
95853,1
95854,1
95855,1
95856,1
95857,1
95858,2
95859,1
95860,1
95861,1
95862,1
95863,1
95864,1
95865,1
95866,1
95867,1
95868,1
95869,1
95870,1
95871,1
95872,1
95873,1
95874,1
95875,1
95876,1
95877,1
95878,1
95879,1
95880,1
95881,1
95882,1
95883,1
95884,1
95885,1
95886,1
95887,1
95888,1
95889,1
95890,1
95891,1
95892,1
95893,1
95894,1
95895,1
95896,1
95897,1
95898,1
95899,1
95900,1
95901,1
95902,1
95903,1
95904,1
95905,1
95906,1
95907,3
95908,1
95909,1
95910,1
95911,1
95912,1
95913,1
95914,1
95915,1
95916,1
95917,1
95918,1
95919,1
95920,1
95921,1
95922,1
95923,1
95924,2
95925,2
95926,1
95927,1
95928,1
95929,1
95930,1
95931,1
95932,1
95933,1
95934,1
95935,1
95936,1
95937,1
95938,1
95939,2
95940,1
95941,2
95942,2
95943,3
95944,1
95945,1
95946,1
95947,1
95948,1
95949,1
95950,1
95951,1
95952,1
95953,1
95954,1
95955,1
95956,1
95957,1
95958,1
95959,1
95960,1
95961,1
95962,1
95963,1
95964,1
95965,1
95966,1
95967,1
95968,1
95969,1
95970,1
95971,1
95972,1
95973,1
95974,1
95975,1
95976,1
95977,1
95978,1
95979,1
95980,1
95981,1
95982,1
95983,1
95984,1
95985,1
95986,1
95987,1
95988,1
95989,1
95990,1
95991,1
95992,1
95993,1
95994,1
95995,1
95996,1
95997,1
95998,1
95999,1
96000,1
96001,1
96002,1
96003,1
96004,2
96005,2
96006,1
96007,1
96008,1
96009,1
96010,1
96011,1
96012,1
96013,1
96014,1
96015,2
96016,1
96017,1
96018,1
96019,1
96020,1
96021,1
96022,2
96023,1
96024,1
96025,1
96026,1
96027,1
96028,1
96029,1
96030,1
96031,1
96032,1
96033,1
96034,2
96035,1
96036,1
96037,1
96038,1
96039,2
96040,2
96041,1
96042,1
96043,1
96044,1
96045,1
96046,1
96047,1
96048,1
96049,1
96050,1
96051,1
96052,1
96053,1
96054,1
96055,1
96056,1
96057,1
96058,1
96059,1
96060,1
96061,1
96062,1
96063,1
96064,1
96065,1
96066,1
96067,1
96068,1
96069,1
96070,1
96071,1
96072,1
96073,1
96074,1
96075,1
96076,1
96077,1
96078,1
96079,1
96080,1
96081,1
96082,1
96083,1
96084,1
96085,1
96086,1
96087,1
96088,1
96089,1
96090,1
96091,1
96092,1
96093,1
96094,1
96095,1
96096,1
96097,1
96098,1
96099,1
96100,1
96101,1
96102,1
96103,3
96104,1
96105,1
96106,1
96107,1
96108,1
96109,1
96110,1
96111,1
96112,1
96113,1
96114,2
96115,1
96116,2
96117,1
96118,1
96119,1
96120,1
96121,1
96122,1
96123,1
96124,1
96125,1
96126,1
96127,1
96128,1
96129,1
96130,1
96131,1
96132,1
96133,1
96134,1
96135,1
96136,1
96137,1
96138,1
96139,1
96140,2
96141,1
96142,1
96143,1
96144,1
96145,1
96146,1
96147,1
96148,2
96149,1
96150,2
96151,1
96152,2
96153,1
96154,2
96155,1
96156,1
96157,1
96158,1
96159,1
96160,1
96161,1
96162,1
96163,1
96164,1
96165,1
96166,1
96167,1
96168,1
96169,1
96170,1
96171,1
96172,1
96173,1
96174,1
96175,1
96176,1
96177,1
96178,1
96179,1
96180,1
96181,1
96182,1
96183,1
96184,1
96185,1
96186,1
96187,1
96188,1
96189,1
96190,1
96191,1
96192,1
96193,1
96194,1
96195,1
96196,1
96197,1
96198,1
96199,1
96200,1
96201,1
96202,1
96203,2
96204,1
96205,1
96206,1
96207,2
96208,1
96209,1
96210,1
96211,1
96212,2
96213,1
96214,1
96215,2
96216,1
96217,1
96218,1
96219,1
96220,1
96221,1
96222,1
96223,1
96224,1
96225,1
96226,1
96227,1
96228,2
96229,1
96230,1
96231,2
96232,1
96233,1
96234,1
96235,1
96236,1
96237,1
96238,1
96239,1
96240,1
96241,1
96242,1
96243,1
96244,1
96245,1
96246,1
96247,1
96248,1
96249,1
96250,1
96251,1
96252,1
96253,1
96254,1
96255,1
96256,1
96257,1
96258,1
96259,1
96260,1
96261,1
96262,1
96263,1
96264,1
96265,1
96266,1
96267,1
96268,1
96269,1
96270,1
96271,1
96272,1
96273,1
96274,1
96275,1
96276,1
96277,1
96278,1
96279,1
96280,1
96281,1
96282,1
96283,1
96284,1
96285,1
96286,2
96287,1
96288,1
96289,1
96290,1
96291,1
96292,2
96293,1
96294,1
96295,1
96296,1
96297,1
96298,1
96299,1
96300,1
96301,1
96302,1
96303,1
96304,1
96305,1
96306,1
96307,1
96308,2
96309,1
96310,1
96311,1
96312,1
96313,1
96314,2
96315,1
96316,1
96317,1
96318,1
96319,1
96320,1
96321,1
96322,1
96323,1
96324,1
96325,1
96326,1
96327,1
96328,1
96329,1
96330,1
96331,2
96332,1
96333,1
96334,1
96335,1
96336,1
96337,1
96338,1
96339,1
96340,1
96341,1
96342,1
96343,1
96344,1
96345,1
96346,1
96347,1
96348,1
96349,1
96350,1
96351,1
96352,1
96353,1
96354,1
96355,1
96356,1
96357,1
96358,1
96359,1
96360,1
96361,1
96362,1
96363,1
96364,1
96365,1
96366,2
96367,1
96368,1
96369,3
96370,1
96371,1
96372,1
96373,1
96374,1
96375,1
96376,1
96377,1
96378,1
96379,1
96380,1
96381,1
96382,2
96383,2
96384,1
96385,1
96386,1
96387,1
96388,1
96389,1
96390,1
96391,1
96392,1
96393,2
96394,1
96395,1
96396,1
96397,1
96398,1
96399,1
96400,2
96401,1
96402,1
96403,1
96404,1
96405,1
96406,1
96407,1
96408,1
96409,1
96410,1
96411,1
96412,1
96413,1
96414,1
96415,1
96416,1
96417,1
96418,1
96419,1
96420,1
96421,1
96422,1
96423,1
96424,1
96425,1
96426,1
96427,1
96428,1
96429,1
96430,1
96431,1
96432,1
96433,1
96434,1
96435,1
96436,1
96437,1
96438,1
96439,1
96440,1
96441,1
96442,1
96443,1
96444,1
96445,1
96446,1
96447,1
96448,1
96449,1
96450,1
96451,1
96452,1
96453,1
96454,1
96455,1
96456,1
96457,1
96458,1
96459,1
96460,1
96461,1
96462,1
96463,1
96464,2
96465,1
96466,1
96467,1
96468,1
96469,1
96470,1
96471,1
96472,1
96473,1
96474,1
96475,1
96476,1
96477,1
96478,1
96479,1
96480,1
96481,2
96482,1
96483,1
96484,2
96485,1
96486,1
96487,1
96488,1
96489,2
96490,1
96491,1
96492,1
96493,1
96494,1
96495,1
96496,1
96497,1
96498,1
96499,1
96500,2
96501,1
96502,1
96503,1
96504,1
96505,1
96506,1
96507,1
96508,1
96509,1
96510,1
96511,1
96512,1
96513,1
96514,1
96515,1
96516,1
96517,1
96518,1
96519,1
96520,1
96521,1
96522,1
96523,1
96524,1
96525,1
96526,1
96527,1
96528,1
96529,1
96530,1
96531,1
96532,1
96533,1
96534,1
96535,1
96536,1
96537,1
96538,1
96539,1
96540,1
96541,1
96542,1
96543,1
96544,1
96545,1
96546,1
96547,1
96548,1
96549,1
96550,1
96551,1
96552,1
96553,1
96554,1
96555,1
96556,1
96557,1
96558,1
96559,1
96560,1
96561,1
96562,1
96563,1
96564,1
96565,1
96566,1
96567,1
96568,1
96569,1
96570,1
96571,1
96572,1
96573,1
96574,1
96575,1
96576,1
96577,1
96578,1
96579,1
96580,1
96581,1
96582,1
96583,1
96584,1
96585,3
96586,1
96587,1
96588,1
96589,1
96590,1
96591,3
96592,1
96593,1
96594,1
96595,1
96596,1
96597,1
96598,2
96599,1
96600,1
96601,1
96602,1
96603,1
96604,1
96605,2
96606,1
96607,1
96608,1
96609,1
96610,1
96611,1
96612,1
96613,1
96614,1
96615,1
96616,1
96617,1
96618,1
96619,1
96620,1
96621,1
96622,1
96623,1
96624,1
96625,1
96626,1
96627,1
96628,1
96629,1
96630,1
96631,1
96632,1
96633,1
96634,1
96635,1
96636,1
96637,1
96638,1
96639,1
96640,1
96641,1
96642,1
96643,1
96644,1
96645,1
96646,1
96647,1
96648,1
96649,1
96650,1
96651,1
96652,1
96653,1
96654,1
96655,1
96656,1
96657,1
96658,1
96659,1
96660,3
96661,1
96662,1
96663,1
96664,1
96665,1
96666,1
96667,1
96668,1
96669,1
96670,1
96671,1
96672,1
96673,1
96674,1
96675,1
96676,1
96677,1
96678,1
96679,1
96680,1
96681,1
96682,1
96683,2
96684,1
96685,1
96686,1
96687,1
96688,1
96689,1
96690,1
96691,1
96692,1
96693,2
96694,1
96695,2
96696,1
96697,1
96698,1
96699,1
96700,1
96701,1
96702,1
96703,1
96704,1
96705,1
96706,1
96707,1
96708,1
96709,1
96710,1
96711,1
96712,1
96713,1
96714,1
96715,1
96716,1
96717,1
96718,1
96719,1
96720,1
96721,1
96722,1
96723,1
96724,1
96725,1
96726,1
96727,1
96728,1
96729,1
96730,1
96731,1
96732,1
96733,1
96734,1
96735,1
96736,1
96737,1
96738,1
96739,1
96740,1
96741,1
96742,1
96743,1
96744,1
96745,1
96746,1
96747,1
96748,1
96749,1
96750,1
96751,1
96752,1
96753,1
96754,3
96755,1
96756,1
96757,1
96758,1
96759,1
96760,1
96761,1
96762,1
96763,1
96764,1
96765,1
96766,1
96767,1
96768,1
96769,1
96770,1
96771,1
96772,1
96773,1
96774,1
96775,1
96776,1
96777,1
96778,1
96779,1
96780,1
96781,1
96782,1
96783,1
96784,1
96785,1
96786,1
96787,1
96788,1
96789,1
96790,1
96791,1
96792,1
96793,1
96794,1
96795,1
96796,1
96797,1
96798,1
96799,1
96800,1
96801,1
96802,1
96803,1
96804,1
96805,1
96806,1
96807,1
96808,1
96809,1
96810,1
96811,2
96812,1
96813,1
96814,1
96815,1
96816,1
96817,1
96818,1
96819,1
96820,1
96821,1
96822,1
96823,1
96824,1
96825,1
96826,1
96827,1
96828,1
96829,1
96830,1
96831,1
96832,1
96833,1
96834,1
96835,1
96836,1
96837,1
96838,1
96839,1
96840,1
96841,1
96842,1
96843,1
96844,1
96845,1
96846,1
96847,1
96848,1
96849,1
96850,1
96851,1
96852,1
96853,1
96854,1
96855,1
96856,1
96857,1
96858,1
96859,2
96860,1
96861,1
96862,1
96863,1
96864,1
96865,1
96866,1
96867,1
96868,1
96869,1
96870,1
96871,2
96872,1
96873,1
96874,2
96875,1
96876,1
96877,3
96878,1
96879,1
96880,2
96881,1
96882,1
96883,1
96884,1
96885,1
96886,1
96887,1
96888,1
96889,1
96890,2
96891,1
96892,1
96893,1
96894,2
96895,1
96896,1
96897,1
96898,1
96899,1
96900,1
96901,1
96902,1
96903,1
96904,1
96905,1
96906,1
96907,1
96908,1
96909,1
96910,1
96911,1
96912,1
96913,1
96914,1
96915,1
96916,1
96917,1
96918,1
96919,1
96920,1
96921,1
96922,1
96923,1
96924,1
96925,1
96926,1
96927,1
96928,1
96929,1
96930,1
96931,1
96932,1
96933,1
96934,1
96935,1
96936,1
96937,1
96938,1
96939,1
96940,1
96941,1
96942,1
96943,1
96944,1
96945,1
96946,1
96947,1
96948,1
96949,1
96950,1
96951,1
96952,1
96953,1
96954,1
96955,1
96956,1
96957,1
96958,1
96959,1
96960,1
96961,1
96962,1
96963,2
96964,1
96965,1
96966,1
96967,1
96968,1
96969,1
96970,1
96971,1
96972,1
96973,1
96974,1
96975,1
96976,1
96977,1
96978,1
96979,1
96980,1
96981,2
96982,1
96983,1
96984,1
96985,1
96986,1
96987,1
96988,1
96989,1
96990,1
96991,1
96992,1
96993,1
96994,2
96995,1
96996,1
96997,1
96998,1
96999,1
97000,1
97001,1
97002,1
97003,1
97004,2
97005,1
97006,1
97007,1
97008,1
97009,1
97010,1
97011,1
97012,1
97013,1
97014,1
97015,1
97016,1
97017,1
97018,1
97019,1
97020,1
97021,1
97022,1
97023,1
97024,1
97025,1
97026,1
97027,1
97028,1
97029,1
97030,1
97031,1
97032,1
97033,1
97034,1
97035,1
97036,1
97037,1
97038,1
97039,1
97040,1
97041,1
97042,1
97043,2
97044,1
97045,1
97046,1
97047,2
97048,1
97049,1
97050,1
97051,1
97052,1
97053,1
97054,1
97055,1
97056,1
97057,1
97058,1
97059,1
97060,1
97061,1
97062,1
97063,1
97064,1
97065,1
97066,1
97067,1
97068,1
97069,1
97070,1
97071,1
97072,1
97073,1
97074,2
97075,1
97076,1
97077,1
97078,1
97079,1
97080,2
97081,2
97082,1
97083,1
97084,1
97085,2
97086,1
97087,2
97088,1
97089,2
97090,1
97091,1
97092,1
97093,1
97094,1
97095,1
97096,1
97097,1
97098,1
97099,1
97100,1
97101,1
97102,1
97103,1
97104,1
97105,1
97106,1
97107,1
97108,1
97109,1
97110,1
97111,1
97112,1
97113,1
97114,1
97115,1
97116,1
97117,1
97118,1
97119,1
97120,1
97121,1
97122,1
97123,1
97124,1
97125,1
97126,1
97127,1
97128,1
97129,1
97130,1
97131,1
97132,1
97133,1
97134,1
97135,1
97136,1
97137,1
97138,1
97139,1
97140,1
97141,1
97142,1
97143,1
97144,1
97145,1
97146,1
97147,1
97148,1
97149,1
97150,1
97151,1
97152,2
97153,1
97154,1
97155,1
97156,1
97157,1
97158,1
97159,1
97160,1
97161,1
97162,1
97163,1
97164,1
97165,1
97166,1
97167,1
97168,1
97169,2
97170,1
97171,1
97172,1
97173,1
97174,1
97175,1
97176,1
97177,1
97178,2
97179,1
97180,1
97181,1
97182,1
97183,1
97184,1
97185,1
97186,2
97187,1
97188,1
97189,1
97190,1
97191,1
97192,1
97193,1
97194,1
97195,1
97196,1
97197,1
97198,1
97199,1
97200,1
97201,1
97202,1
97203,1
97204,1
97205,1
97206,1
97207,1
97208,1
97209,1
97210,1
97211,1
97212,1
97213,1
97214,1
97215,1
97216,1
97217,1
97218,1
97219,1
97220,1
97221,1
97222,1
97223,1
97224,1
97225,1
97226,1
97227,1
97228,1
97229,1
97230,1
97231,3
97232,1
97233,1
97234,1
97235,2
97236,1
97237,1
97238,1
97239,1
97240,1
97241,1
97242,1
97243,1
97244,1
97245,1
97246,1
97247,1
97248,1
97249,1
97250,1
97251,1
97252,1
97253,1
97254,1
97255,1
97256,1
97257,1
97258,1
97259,1
97260,1
97261,1
97262,1
97263,1
97264,1
97265,1
97266,1
97267,1
97268,1
97269,1
97270,1
97271,1
97272,1
97273,1
97274,1
97275,1
97276,1
97277,1
97278,1
97279,2
97280,1
97281,1
97282,1
97283,1
97284,1
97285,1
97286,1
97287,1
97288,1
97289,1
97290,1
97291,1
97292,1
97293,1
97294,1
97295,1
97296,1
97297,1
97298,1
97299,1
97300,1
97301,1
97302,1
97303,1
97304,1
97305,1
97306,1
97307,1
97308,1
97309,1
97310,1
97311,1
97312,1
97313,1
97314,1
97315,1
97316,1
97317,1
97318,1
97319,1
97320,1
97321,1
97322,1
97323,1
97324,1
97325,3
97326,1
97327,1
97328,1
97329,1
97330,1
97331,1
97332,1
97333,1
97334,1
97335,1
97336,1
97337,1
97338,1
97339,1
97340,2
97341,1
97342,1
97343,1
97344,1
97345,1
97346,1
97347,1
97348,1
97349,1
97350,1
97351,1
97352,1
97353,1
97354,1
97355,1
97356,1
97357,1
97358,1
97359,1
97360,1
97361,1
97362,1
97363,1
97364,1
97365,1
97366,1
97367,1
97368,1
97369,2
97370,1
97371,1
97372,1
97373,1
97374,1
97375,1
97376,1
97377,1
97378,1
97379,1
97380,1
97381,1
97382,1
97383,1
97384,1
97385,1
97386,1
97387,1
97388,1
97389,1
97390,1
97391,1
97392,1
97393,1
97394,1
97395,1
97396,1
97397,1
97398,1
97399,1
97400,1
97401,1
97402,1
97403,1
97404,1
97405,1
97406,1
97407,1
97408,1
97409,1
97410,1
97411,1
97412,1
97413,1
97414,1
97415,1
97416,1
97417,1
97418,1
97419,1
97420,1
97421,1
97422,1
97423,1
97424,1
97425,1
97426,1
97427,1
97428,1
97429,1
97430,1
97431,2
97432,1
97433,1
97434,1
97435,1
97436,1
97437,1
97438,1
97439,1
97440,1
97441,1
97442,2
97443,1
97444,1
97445,1
97446,1
97447,1
97448,1
97449,1
97450,2
97451,1
97452,1
97453,1
97454,2
97455,1
97456,1
97457,1
97458,1
97459,1
97460,1
97461,1
97462,1
97463,1
97464,1
97465,1
97466,1
97467,1
97468,1
97469,1
97470,1
97471,1
97472,1
97473,1
97474,1
97475,1
97476,1
97477,1
97478,1
97479,1
97480,1
97481,1
97482,1
97483,1
97484,1
97485,1
97486,1
97487,1
97488,1
97489,1
97490,1
97491,1
97492,1
97493,1
97494,1
97495,1
97496,1
97497,1
97498,1
97499,1
97500,1
97501,1
97502,1
97503,1
97504,1
97505,1
97506,3
97507,1
97508,1
97509,1
97510,1
97511,1
97512,1
97513,1
97514,1
97515,1
97516,1
97517,1
97518,1
97519,1
97520,1
97521,1
97522,1
97523,1
97524,1
97525,1
97526,1
97527,2
97528,3
97529,1
97530,1
97531,1
97532,1
97533,1
97534,1
97535,1
97536,1
97537,1
97538,1
97539,1
97540,1
97541,1
97542,2
97543,2
97544,1
97545,1
97546,2
97547,2
97548,1
97549,2
97550,1
97551,1
97552,1
97553,1
97554,1
97555,1
97556,2
97557,1
97558,1
97559,1
97560,1
97561,1
97562,1
97563,1
97564,1
97565,1
97566,1
97567,1
97568,1
97569,1
97570,1
97571,1
97572,1
97573,1
97574,1
97575,1
97576,1
97577,1
97578,1
97579,1
97580,1
97581,1
97582,1
97583,1
97584,1
97585,1
97586,1
97587,1
97588,1
97589,1
97590,1
97591,1
97592,1
97593,1
97594,1
97595,1
97596,1
97597,1
97598,1
97599,1
97600,1
97601,1
97602,1
97603,1
97604,1
97605,1
97606,1
97607,1
97608,1
97609,1
97610,1
97611,1
97612,1
97613,1
97614,1
97615,1
97616,1
97617,1
97618,1
97619,1
97620,1
97621,1
97622,1
97623,1
97624,1
97625,1
97626,1
97627,1
97628,1
97629,2
97630,1
97631,1
97632,1
97633,1
97634,1
97635,2
97636,1
97637,1
97638,1
97639,1
97640,1
97641,2
97642,1
97643,1
97644,1
97645,1
97646,1
97647,1
97648,1
97649,1
97650,2
97651,1
97652,2
97653,1
97654,1
97655,1
97656,1
97657,2
97658,1
97659,1
97660,1
97661,1
97662,1
97663,1
97664,1
97665,1
97666,1
97667,1
97668,1
97669,1
97670,1
97671,1
97672,1
97673,1
97674,1
97675,1
97676,1
97677,1
97678,1
97679,1
97680,1
97681,1
97682,1
97683,1
97684,1
97685,3
97686,1
97687,1
97688,1
97689,1
97690,1
97691,1
97692,1
97693,1
97694,1
97695,1
97696,1
97697,1
97698,1
97699,1
97700,2
97701,1
97702,1
97703,1
97704,1
97705,1
97706,1
97707,1
97708,2
97709,1
97710,2
97711,1
97712,1
97713,1
97714,1
97715,1
97716,1
97717,3
97718,1
97719,1
97720,1
97721,1
97722,1
97723,1
97724,1
97725,1
97726,1
97727,1
97728,1
97729,1
97730,1
97731,1
97732,1
97733,1
97734,1
97735,1
97736,1
97737,1
97738,1
97739,1
97740,1
97741,1
97742,1
97743,1
97744,1
97745,1
97746,1
97747,1
97748,1
97749,1
97750,1
97751,1
97752,1
97753,1
97754,1
97755,1
97756,1
97757,1
97758,1
97759,1
97760,1
97761,1
97762,1
97763,1
97764,1
97765,1
97766,1
97767,1
97768,1
97769,1
97770,1
97771,2
97772,1
97773,1
97774,1
97775,1
97776,1
97777,1
97778,1
97779,1
97780,1
97781,2
97782,1
97783,1
97784,1
97785,1
97786,1
97787,1
97788,1
97789,1
97790,1
97791,1
97792,1
97793,2
97794,1
97795,1
97796,1
97797,1
97798,1
97799,1
97800,1
97801,1
97802,1
97803,1
97804,1
97805,2
97806,1
97807,2
97808,1
97809,1
97810,1
97811,1
97812,1
97813,1
97814,1
97815,1
97816,1
97817,1
97818,1
97819,2
97820,1
97821,2
97822,1
97823,1
97824,1
97825,2
97826,1
97827,1
97828,1
97829,1
97830,1
97831,1
97832,1
97833,1
97834,1
97835,1
97836,1
97837,1
97838,1
97839,1
97840,1
97841,1
97842,1
97843,1
97844,1
97845,1
97846,1
97847,1
97848,1
97849,1
97850,1
97851,1
97852,1
97853,1
97854,1
97855,1
97856,3
97857,1
97858,1
97859,1
97860,1
97861,1
97862,1
97863,1
97864,1
97865,1
97866,1
97867,1
97868,1
97869,1
97870,1
97871,1
97872,1
97873,1
97874,1
97875,1
97876,1
97877,1
97878,1
97879,1
97880,2
97881,1
97882,1
97883,1
97884,1
97885,1
97886,1
97887,1
97888,2
97889,1
97890,2
97891,1
97892,1
97893,1
97894,1
97895,1
97896,1
97897,1
97898,1
97899,1
97900,1
97901,1
97902,2
97903,1
97904,1
97905,2
97906,1
97907,1
97908,1
97909,1
97910,1
97911,1
97912,1
97913,1
97914,1
97915,2
97916,1
97917,1
97918,2
97919,1
97920,1
97921,1
97922,1
97923,1
97924,1
97925,1
97926,1
97927,1
97928,1
97929,1
97930,1
97931,1
97932,1
97933,1
97934,1
97935,1
97936,1
97937,1
97938,1
97939,1
97940,1
97941,1
97942,1
97943,1
97944,1
97945,1
97946,1
97947,1
97948,1
97949,1
97950,1
97951,1
97952,1
97953,1
97954,1
97955,1
97956,1
97957,1
97958,1
97959,1
97960,1
97961,1
97962,1
97963,1
97964,1
97965,1
97966,3
97967,1
97968,1
97969,1
97970,1
97971,1
97972,1
97973,1
97974,1
97975,1
97976,1
97977,1
97978,1
97979,2
97980,1
97981,1
97982,1
97983,1
97984,1
97985,1
97986,1
97987,1
97988,1
97989,1
97990,1
97991,1
97992,1
97993,1
97994,1
97995,1
97996,1
97997,1
97998,1
97999,1
98000,1
98001,1
98002,1
98003,1
98004,1
98005,1
98006,1
98007,1
98008,1
98009,1
98010,1
98011,1
98012,1
98013,1
98014,1
98015,1
98016,1
98017,1
98018,1
98019,1
98020,1
98021,1
98022,1
98023,1
98024,1
98025,1
98026,1
98027,1
98028,1
98029,1
98030,1
98031,1
98032,1
98033,1
98034,3
98035,3
98036,1
98037,1
98038,1
98039,1
98040,1
98041,1
98042,1
98043,1
98044,2
98045,1
98046,1
98047,1
98048,1
98049,1
98050,1
98051,1
98052,1
98053,1
98054,1
98055,1
98056,1
98057,1
98058,1
98059,1
98060,1
98061,1
98062,1
98063,2
98064,1
98065,1
98066,1
98067,1
98068,1
98069,1
98070,1
98071,1
98072,2
98073,1
98074,1
98075,1
98076,2
98077,1
98078,2
98079,1
98080,1
98081,2
98082,1
98083,1
98084,1
98085,1
98086,1
98087,1
98088,2
98089,1
98090,1
98091,1
98092,1
98093,1
98094,1
98095,1
98096,1
98097,1
98098,1
98099,1
98100,1
98101,1
98102,1
98103,1
98104,1
98105,1
98106,1
98107,1
98108,1
98109,1
98110,1
98111,1
98112,1
98113,1
98114,1
98115,1
98116,1
98117,1
98118,1
98119,1
98120,1
98121,1
98122,1
98123,1
98124,1
98125,1
98126,1
98127,1
98128,1
98129,1
98130,1
98131,1
98132,1
98133,1
98134,1
98135,1
98136,1
98137,1
98138,1
98139,1
98140,1
98141,1
98142,1
98143,1
98144,1
98145,1
98146,1
98147,1
98148,1
98149,1
98150,1
98151,2
98152,1
98153,1
98154,1
98155,1
98156,1
98157,1
98158,1
98159,1
98160,1
98161,1
98162,1
98163,1
98164,1
98165,2
98166,1
98167,1
98168,1
98169,1
98170,1
98171,1
98172,1
98173,1
98174,2
98175,1
98176,1
98177,1
98178,1
98179,1
98180,1
98181,1
98182,1
98183,1
98184,1
98185,1
98186,1
98187,1
98188,1
98189,1
98190,1
98191,1
98192,1
98193,1
98194,1
98195,1
98196,1
98197,1
98198,1
98199,1
98200,1
98201,1
98202,1
98203,1
98204,1
98205,1
98206,1
98207,1
98208,1
98209,1
98210,1
98211,1
98212,1
98213,1
98214,1
98215,1
98216,1
98217,1
98218,1
98219,1
98220,1
98221,1
98222,1
98223,1
98224,2
98225,1
98226,1
98227,1
98228,1
98229,1
98230,1
98231,1
98232,1
98233,1
98234,1
98235,1
98236,1
98237,1
98238,1
98239,1
98240,1
98241,1
98242,2
98243,1
98244,1
98245,1
98246,1
98247,2
98248,1
98249,2
98250,1
98251,1
98252,1
98253,1
98254,1
98255,1
98256,1
98257,2
98258,1
98259,1
98260,1
98261,1
98262,1
98263,1
98264,2
98265,1
98266,1
98267,1
98268,1
98269,1
98270,1
98271,1
98272,1
98273,1
98274,1
98275,1
98276,1
98277,1
98278,1
98279,1
98280,1
98281,1
98282,1
98283,1
98284,1
98285,1
98286,1
98287,1
98288,1
98289,1
98290,1
98291,1
98292,1
98293,1
98294,1
98295,1
98296,1
98297,1
98298,1
98299,1
98300,1
98301,1
98302,1
98303,1
98304,1
98305,1
98306,1
98307,1
98308,1
98309,1
98310,1
98311,1
98312,1
98313,1
98314,1
98315,1
98316,1
98317,1
98318,1
98319,1
98320,1
98321,1
98322,1
98323,1
98324,1
98325,1
98326,1
98327,1
98328,1
98329,1
98330,1
98331,1
98332,3
98333,1
98334,2
98335,1
98336,2
98337,1
98338,1
98339,1
98340,1
98341,1
98342,1
98343,1
98344,1
98345,2
98346,1
98347,1
98348,1
98349,1
98350,1
98351,1
98352,1
98353,2
98354,1
98355,1
98356,1
98357,1
98358,1
98359,1
98360,1
98361,1
98362,1
98363,1
98364,1
98365,1
98366,1
98367,1
98368,1
98369,1
98370,1
98371,1
98372,1
98373,1
98374,1
98375,1
98376,1
98377,1
98378,1
98379,1
98380,1
98381,1
98382,1
98383,1
98384,1
98385,1
98386,1
98387,1
98388,1
98389,1
98390,1
98391,1
98392,1
98393,2
98394,1
98395,1
98396,1
98397,1
98398,1
98399,1
98400,1
98401,1
98402,1
98403,1
98404,1
98405,1
98406,1
98407,1
98408,1
98409,1
98410,1
98411,1
98412,1
98413,1
98414,1
98415,1
98416,1
98417,2
98418,1
98419,1
98420,1
98421,1
98422,1
98423,1
98424,1
98425,1
98426,1
98427,1
98428,1
98429,1
98430,1
98431,2
98432,1
98433,1
98434,1
98435,2
98436,1
98437,1
98438,1
98439,1
98440,1
98441,1
98442,1
98443,1
98444,1
98445,1
98446,1
98447,1
98448,1
98449,1
98450,1
98451,1
98452,1
98453,1
98454,1
98455,1
98456,1
98457,1
98458,1
98459,1
98460,1
98461,1
98462,1
98463,1
98464,1
98465,1
98466,1
98467,1
98468,1
98469,1
98470,1
98471,1
98472,1
98473,1
98474,1
98475,1
98476,1
98477,1
98478,1
98479,1
98480,1
98481,2
98482,1
98483,1
98484,1
98485,1
98486,1
98487,1
98488,1
98489,1
98490,1
98491,1
98492,1
98493,1
98494,1
98495,1
98496,1
98497,2
98498,1
98499,1
98500,1
98501,1
98502,1
98503,1
98504,1
98505,1
98506,1
98507,1
98508,2
98509,1
98510,1
98511,1
98512,2
98513,1
98514,1
98515,1
98516,2
98517,1
98518,1
98519,2
98520,2
98521,1
98522,1
98523,1
98524,1
98525,1
98526,1
98527,1
98528,1
98529,1
98530,1
98531,1
98532,1
98533,1
98534,1
98535,1
98536,1
98537,1
98538,1
98539,1
98540,2
98541,1
98542,1
98543,1
98544,1
98545,1
98546,1
98547,1
98548,1
98549,1
98550,1
98551,1
98552,1
98553,1
98554,1
98555,1
98556,1
98557,1
98558,1
98559,1
98560,1
98561,1
98562,1
98563,1
98564,1
98565,1
98566,1
98567,1
98568,1
98569,1
98570,1
98571,1
98572,1
98573,1
98574,1
98575,1
98576,1
98577,1
98578,1
98579,1
98580,1
98581,1
98582,1
98583,1
98584,1
98585,1
98586,1
98587,1
98588,1
98589,1
98590,1
98591,1
98592,1
98593,1
98594,1
98595,1
98596,1
98597,1
98598,1
98599,1
98600,1
98601,1
98602,1
98603,1
98604,1
98605,1
98606,1
98607,1
98608,1
98609,1
98610,1
98611,1
98612,1
98613,1
98614,1
98615,1
98616,1
98617,1
98618,1
98619,1
98620,1
98621,2
98622,1
98623,1
98624,1
98625,1
98626,1
98627,1
98628,1
98629,1
98630,1
98631,1
98632,1
98633,1
98634,1
98635,1
98636,1
98637,1
98638,1
98639,1
98640,1
98641,1
98642,1
98643,1
98644,1
98645,1
98646,1
98647,1
98648,1
98649,1
98650,1
98651,1
98652,1
98653,1
98654,1
98655,1
98656,1
98657,1
98658,1
98659,1
98660,1
98661,1
98662,1
98663,1
98664,1
98665,1
98666,1
98667,1
98668,1
98669,2
98670,1
98671,1
98672,1
98673,1
98674,1
98675,1
98676,1
98677,1
98678,1
98679,1
98680,1
98681,1
98682,2
98683,2
98684,2
98685,1
98686,1
98687,2
98688,2
98689,1
98690,2
98691,1
98692,1
98693,1
98694,2
98695,1
98696,1
98697,2
98698,1
98699,1
98700,2
98701,1
98702,1
98703,2
98704,1
98705,1
98706,1
98707,2
98708,1
98709,1
98710,1
98711,1
98712,1
98713,1
98714,1
98715,1
98716,1
98717,1
98718,1
98719,1
98720,1
98721,1
98722,1
98723,1
98724,1
98725,1
98726,1
98727,1
98728,1
98729,1
98730,1
98731,1
98732,1
98733,1
98734,1
98735,1
98736,1
98737,1
98738,1
98739,1
98740,1
98741,1
98742,1
98743,1
98744,1
98745,1
98746,1
98747,1
98748,1
98749,1
98750,1
98751,1
98752,1
98753,1
98754,1
98755,1
98756,1
98757,1
98758,1
98759,1
98760,1
98761,2
98762,1
98763,2
98764,1
98765,3
98766,1
98767,1
98768,1
98769,1
98770,1
98771,1
98772,2
98773,1
98774,1
98775,2
98776,2
98777,2
98778,1
98779,1
98780,1
98781,1
98782,1
98783,1
98784,1
98785,1
98786,1
98787,1
98788,2
98789,1
98790,1
98791,1
98792,1
98793,1
98794,1
98795,1
98796,1
98797,1
98798,1
98799,1
98800,1
98801,1
98802,1
98803,1
98804,1
98805,1
98806,1
98807,1
98808,1
98809,1
98810,1
98811,1
98812,1
98813,1
98814,1
98815,1
98816,1
98817,1
98818,1
98819,1
98820,1
98821,1
98822,1
98823,1
98824,1
98825,1
98826,1
98827,1
98828,1
98829,1
98830,1
98831,1
98832,1
98833,1
98834,1
98835,1
98836,1
98837,1
98838,1
98839,1
98840,1
98841,1
98842,1
98843,1
98844,2
98845,1
98846,1
98847,1
98848,1
98849,1
98850,1
98851,1
98852,1
98853,1
98854,1
98855,1
98856,1
98857,1
98858,1
98859,1
98860,1
98861,2
98862,1
98863,1
98864,1
98865,1
98866,1
98867,1
98868,2
98869,1
98870,1
98871,1
98872,1
98873,1
98874,1
98875,1
98876,1
98877,2
98878,1
98879,1
98880,1
98881,1
98882,1
98883,1
98884,1
98885,1
98886,1
98887,1
98888,1
98889,1
98890,1
98891,1
98892,1
98893,1
98894,1
98895,1
98896,1
98897,1
98898,1
98899,1
98900,1
98901,1
98902,1
98903,1
98904,1
98905,1
98906,1
98907,1
98908,1
98909,1
98910,1
98911,1
98912,1
98913,1
98914,1
98915,1
98916,1
98917,1
98918,1
98919,1
98920,1
98921,1
98922,1
98923,1
98924,1
98925,1
98926,1
98927,1
98928,1
98929,1
98930,1
98931,1
98932,1
98933,1
98934,1
98935,2
98936,1
98937,1
98938,1
98939,2
98940,1
98941,1
98942,1
98943,1
98944,1
98945,1
98946,1
98947,1
98948,1
98949,3
98950,1
98951,1
98952,1
98953,1
98954,1
98955,1
98956,1
98957,1
98958,1
98959,1
98960,1
98961,1
98962,1
98963,1
98964,1
98965,1
98966,1
98967,1
98968,1
98969,1
98970,1
98971,1
98972,1
98973,2
98974,1
98975,1
98976,2
98977,1
98978,1
98979,1
98980,1
98981,1
98982,2
98983,1
98984,1
98985,1
98986,1
98987,1
98988,1
98989,1
98990,1
98991,1
98992,1
98993,1
98994,1
98995,1
98996,1
98997,1
98998,1
98999,1
99000,1
99001,1
99002,1
99003,1
99004,1
99005,1
99006,1
99007,1
99008,1
99009,1
99010,1
99011,1
99012,1
99013,1
99014,1
99015,1
99016,1
99017,1
99018,1
99019,1
99020,1
99021,1
99022,1
99023,1
99024,1
99025,1
99026,1
99027,1
99028,1
99029,1
99030,1
99031,1
99032,1
99033,1
99034,1
99035,1
99036,1
99037,1
99038,1
99039,1
99040,1
99041,1
99042,1
99043,1
99044,1
99045,2
99046,1
99047,1
99048,1
99049,1
99050,1
99051,1
99052,1
99053,2
99054,1
99055,1
99056,1
99057,1
99058,1
99059,1
99060,1
99061,1
99062,2
99063,1
99064,1
99065,1
99066,2
99067,1
99068,1
99069,1
99070,2
99071,1
99072,1
99073,1
99074,1
99075,1
99076,1
99077,1
99078,1
99079,1
99080,1
99081,1
99082,1
99083,1
99084,1
99085,1
99086,1
99087,1
99088,1
99089,1
99090,1
99091,1
99092,1
99093,1
99094,1
99095,1
99096,1
99097,1
99098,1
99099,1
99100,1
99101,1
99102,1
99103,1
99104,1
99105,1
99106,1
99107,1
99108,1
99109,1
99110,1
99111,1
99112,1
99113,1
99114,1
99115,1
99116,1
99117,1
99118,1
99119,1
99120,1
99121,1
99122,1
99123,1
99124,1
99125,3
99126,1
99127,1
99128,1
99129,1
99130,1
99131,1
99132,1
99133,1
99134,1
99135,1
99136,1
99137,1
99138,1
99139,1
99140,1
99141,1
99142,2
99143,2
99144,2
99145,1
99146,1
99147,1
99148,1
99149,1
99150,1
99151,1
99152,1
99153,1
99154,1
99155,1
99156,2
99157,1
99158,1
99159,1
99160,2
99161,1
99162,1
99163,1
99164,1
99165,1
99166,1
99167,1
99168,1
99169,1
99170,1
99171,1
99172,1
99173,1
99174,1
99175,1
99176,1
99177,1
99178,1
99179,1
99180,1
99181,1
99182,1
99183,1
99184,1
99185,1
99186,1
99187,1
99188,1
99189,1
99190,1
99191,1
99192,1
99193,1
99194,1
99195,1
99196,1
99197,1
99198,1
99199,1
99200,1
99201,1
99202,1
99203,1
99204,1
99205,1
99206,1
99207,1
99208,1
99209,1
99210,1
99211,1
99212,1
99213,1
99214,1
99215,1
99216,2
99217,1
99218,1
99219,1
99220,1
99221,1
99222,1
99223,1
99224,1
99225,1
99226,1
99227,1
99228,1
99229,1
99230,1
99231,2
99232,1
99233,1
99234,1
99235,2
99236,1
99237,1
99238,1
99239,2
99240,1
99241,1
99242,1
99243,1
99244,1
99245,1
99246,1
99247,1
99248,1
99249,1
99250,1
99251,2
99252,1
99253,2
99254,1
99255,2
99256,1
99257,1
99258,1
99259,1
99260,1
99261,1
99262,1
99263,1
99264,1
99265,1
99266,1
99267,1
99268,1
99269,1
99270,1
99271,1
99272,1
99273,1
99274,1
99275,1
99276,1
99277,1
99278,1
99279,1
99280,1
99281,1
99282,1
99283,1
99284,1
99285,1
99286,1
99287,1
99288,1
99289,1
99290,1
99291,1
99292,1
99293,1
99294,1
99295,1
99296,1
99297,1
99298,1
99299,1
99300,1
99301,1
99302,1
99303,1
99304,1
99305,1
99306,1
99307,1
99308,1
99309,1
99310,1
99311,1
99312,1
99313,1
99314,1
99315,2
99316,1
99317,1
99318,1
99319,1
99320,1
99321,1
99322,1
99323,1
99324,1
99325,1
99326,2
99327,1
99328,1
99329,1
99330,1
99331,1
99332,1
99333,1
99334,1
99335,1
99336,1
99337,1
99338,1
99339,2
99340,1
99341,1
99342,2
99343,1
99344,1
99345,1
99346,1
99347,1
99348,1
99349,1
99350,1
99351,1
99352,1
99353,1
99354,1
99355,1
99356,1
99357,1
99358,1
99359,2
99360,1
99361,1
99362,2
99363,1
99364,1
99365,1
99366,1
99367,1
99368,1
99369,1
99370,1
99371,1
99372,1
99373,1
99374,1
99375,1
99376,1
99377,1
99378,1
99379,1
99380,1
99381,1
99382,1
99383,1
99384,1
99385,1
99386,1
99387,1
99388,1
99389,1
99390,1
99391,1
99392,1
99393,1
99394,1
99395,1
99396,1
99397,1
99398,1
99399,1
99400,1
99401,1
99402,1
99403,1
99404,1
99405,1
99406,1
99407,1
99408,1
99409,1
99410,1
99411,1
99412,1
99413,1
99414,1
99415,1
99416,1
99417,2
99418,1
99419,1
99420,1
99421,1
99422,1
99423,1
99424,1
99425,1
99426,1
99427,1
99428,1
99429,1
99430,1
99431,1
99432,1
99433,1
99434,1
99435,1
99436,1
99437,1
99438,1
99439,1
99440,1
99441,2
99442,2
99443,1
99444,1
99445,1
99446,2
99447,1
99448,1
99449,1
99450,2
99451,1
99452,1
99453,1
99454,1
99455,1
99456,1
99457,1
99458,1
99459,1
99460,1
99461,1
99462,1
99463,1
99464,1
99465,1
99466,1
99467,1
99468,1
99469,1
99470,1
99471,1
99472,1
99473,1
99474,1
99475,1
99476,1
99477,1
99478,1
99479,1
99480,1
99481,1
99482,1
99483,1
99484,1
99485,1
99486,1
99487,1
99488,1
99489,1
99490,1
99491,1
99492,1
99493,2
99494,1
99495,1
99496,1
99497,1
99498,1
99499,1
99500,1
99501,1
99502,1
99503,1
99504,1
99505,1
99506,1
99507,1
99508,1
99509,1
99510,1
99511,1
99512,1
99513,1
99514,1
99515,1
99516,1
99517,1
99518,1
99519,1
99520,1
99521,1
99522,1
99523,1
99524,1
99525,1
99526,1
99527,2
99528,1
99529,1
99530,1
99531,1
99532,1
99533,2
99534,1
99535,1
99536,1
99537,1
99538,2
99539,2
99540,1
99541,1
99542,2
99543,2
99544,1
99545,1
99546,1
99547,1
99548,1
99549,1
99550,1
99551,1
99552,1
99553,1
99554,1
99555,1
99556,1
99557,1
99558,1
99559,1
99560,1
99561,1
99562,1
99563,1
99564,1
99565,1
99566,1
99567,1
99568,1
99569,1
99570,1
99571,1
99572,1
99573,1
99574,1
99575,1
99576,1
99577,1
99578,1
99579,1
99580,1
99581,1
99582,1
99583,1
99584,1
99585,1
99586,1
99587,1
99588,1
99589,3
99590,1
99591,1
99592,1
99593,1
99594,1
99595,1
99596,1
99597,1
99598,1
99599,1
99600,1
99601,1
99602,1
99603,1
99604,2
99605,1
99606,1
99607,1
99608,1
99609,1
99610,1
99611,1
99612,1
99613,1
99614,1
99615,2
99616,2
99617,1
99618,1
99619,1
99620,1
99621,1
99622,2
99623,1
99624,1
99625,1
99626,1
99627,1
99628,1
99629,1
99630,1
99631,1
99632,2
99633,1
99634,1
99635,1
99636,1
99637,1
99638,1
99639,1
99640,1
99641,1
99642,1
99643,1
99644,1
99645,1
99646,1
99647,1
99648,1
99649,1
99650,1
99651,1
99652,1
99653,1
99654,1
99655,1
99656,1
99657,1
99658,1
99659,1
99660,1
99661,1
99662,1
99663,1
99664,1
99665,1
99666,1
99667,1
99668,1
99669,1
99670,1
99671,1
99672,1
99673,1
99674,1
99675,1
99676,3
99677,1
99678,1
99679,1
99680,1
99681,1
99682,1
99683,1
99684,1
99685,1
99686,1
99687,1
99688,1
99689,1
99690,1
99691,1
99692,1
99693,1
99694,1
99695,1
99696,1
99697,1
99698,1
99699,1
99700,1
99701,1
99702,1
99703,1
99704,1
99705,1
99706,1
99707,1
99708,1
99709,1
99710,1
99711,2
99712,1
99713,1
99714,1
99715,1
99716,1
99717,1
99718,1
99719,2
99720,2
99721,1
99722,1
99723,1
99724,1
99725,1
99726,1
99727,1
99728,1
99729,1
99730,1
99731,1
99732,1
99733,1
99734,1
99735,1
99736,1
99737,1
99738,1
99739,1
99740,1
99741,1
99742,1
99743,1
99744,1
99745,1
99746,1
99747,1
99748,1
99749,1
99750,1
99751,1
99752,1
99753,1
99754,1
99755,1
99756,1
99757,1
99758,1
99759,1
99760,1
99761,1
99762,1
99763,1
99764,1
99765,1
99766,1
99767,1
99768,1
99769,1
99770,1
99771,1
99772,1
99773,1
99774,1
99775,1
99776,1
99777,1
99778,1
99779,1
99780,1
99781,1
99782,1
99783,1
99784,1
99785,1
99786,1
99787,1
99788,1
99789,1
99790,1
99791,1
99792,1
99793,1
99794,1
99795,2
99796,1
99797,1
99798,1
99799,1
99800,1
99801,1
99802,1
99803,1
99804,1
99805,1
99806,1
99807,1
99808,1
99809,1
99810,1
99811,1
99812,1
99813,1
99814,1
99815,1
99816,1
99817,2
99818,1
99819,1
99820,1
99821,1
99822,2
99823,1
99824,1
99825,1
99826,1
99827,1
99828,1
99829,1
99830,1
99831,2
99832,1
99833,1
99834,1
99835,2
99836,1
99837,1
99838,2
99839,1
99840,2
99841,2
99842,1
99843,1
99844,1
99845,2
99846,1
99847,1
99848,1
99849,1
99850,1
99851,1
99852,1
99853,1
99854,1
99855,1
99856,1
99857,1
99858,1
99859,1
99860,1
99861,1
99862,1
99863,1
99864,1
99865,1
99866,1
99867,1
99868,1
99869,1
99870,1
99871,1
99872,1
99873,1
99874,1
99875,1
99876,1
99877,1
99878,1
99879,1
99880,1
99881,1
99882,1
99883,1
99884,1
99885,1
99886,1
99887,1
99888,1
99889,1
99890,1
99891,1
99892,3
99893,1
99894,1
99895,1
99896,1
99897,1
99898,1
99899,1
99900,1
99901,1
99902,1
99903,1
99904,1
99905,1
99906,1
99907,1
99908,1
99909,1
99910,1
99911,1
99912,1
99913,1
99914,1
99915,1
99916,1
99917,1
99918,1
99919,1
99920,1
99921,1
99922,1
99923,1
99924,1
99925,1
99926,1
99927,1
99928,1
99929,1
99930,1
99931,1
99932,1
99933,2
99934,1
99935,2
99936,1
99937,1
99938,1
99939,1
99940,1
99941,2
99942,1
99943,1
99944,2
99945,1
99946,1
99947,1
99948,1
99949,1
99950,1
99951,1
99952,1
99953,1
99954,1
99955,1
99956,1
99957,1
99958,1
99959,1
99960,1
99961,1
99962,1
99963,1
99964,1
99965,1
99966,1
99967,1
99968,1
99969,1
99970,1
99971,1
99972,1
99973,1
99974,1
99975,1
99976,1
99977,1
99978,1
99979,1
99980,1
99981,1
99982,1
99983,1
99984,1
99985,1
99986,1
99987,1
99988,1
99989,1
99990,1
99991,1
99992,1
99993,1
99994,1
99995,1
99996,1
99997,1
99998,1
99999,1
100000,1
100001,1
100002,1
100003,1
100004,1
100005,1
100006,1
100007,1
100008,1
100009,2
100010,1
100011,1
100012,1
100013,1
100014,1
100015,1
100016,1
100017,1
100018,1
100019,1
100020,1
100021,1
100022,1
100023,1
100024,1
100025,1
100026,1
100027,1
100028,1
100029,1
100030,2
100031,2
100032,2
100033,1
100034,1
100035,1
100036,1
100037,1
100038,1
100039,1
100040,1
100041,1
100042,1
100043,1
100044,1
100045,1
100046,1
100047,1
100048,1
100049,1
100050,1
100051,1
100052,1
100053,1
100054,1
100055,1
100056,1
100057,1
100058,1
100059,1
100060,1
100061,1
100062,1
100063,1
100064,1
100065,1
100066,1
100067,1
100068,1
100069,1
100070,1
100071,1
100072,1
100073,1
100074,1
100075,1
100076,1
100077,1
100078,1
100079,1
100080,1
100081,1
100082,1
100083,1
100084,1
100085,1
100086,1
100087,1
100088,1
100089,1
100090,1
100091,1
100092,1
100093,3
100094,1
100095,1
100096,1
100097,1
100098,2
100099,1
100100,1
100101,1
100102,1
100103,1
100104,1
100105,2
100106,1
100107,1
100108,1
100109,1
100110,1
100111,1
100112,1
100113,1
100114,1
100115,1
100116,1
100117,1
100118,1
100119,1
100120,1
100121,1
100122,1
100123,1
100124,1
100125,1
100126,1
100127,1
100128,1
100129,1
100130,1
100131,1
100132,1
100133,1
100134,1
100135,1
100136,1
100137,1
100138,1
100139,1
100140,1
100141,1
100142,1
100143,1
100144,1
100145,1
100146,1
100147,1
100148,1
100149,1
100150,1
100151,1
100152,1
100153,1
100154,1
100155,1
100156,1
100157,1
100158,1
100159,1
100160,1
100161,1
100162,1
100163,1
100164,1
100165,1
100166,1
100167,1
100168,3
100169,1
100170,1
100171,1
100172,1
100173,1
100174,1
100175,1
100176,1
100177,3
100178,1
100179,1
100180,1
100181,1
100182,1
100183,1
100184,1
100185,1
100186,1
100187,2
100188,1
100189,1
100190,1
100191,1
100192,1
100193,1
100194,1
100195,1
100196,1
100197,1
100198,1
100199,1
100200,1
100201,1
100202,1
100203,2
100204,1
100205,1
100206,1
100207,1
100208,1
100209,1
100210,1
100211,1
100212,1
100213,1
100214,1
100215,1
100216,1
100217,1
100218,1
100219,1
100220,1
100221,1
100222,1
100223,1
100224,1
100225,1
100226,1
100227,1
100228,1
100229,1
100230,1
100231,1
100232,1
100233,1
100234,1
100235,1
100236,1
100237,1
100238,1
100239,1
100240,1
100241,1
100242,1
100243,1
100244,1
100245,1
100246,1
100247,1
100248,1
100249,1
100250,1
100251,1
100252,1
100253,1
100254,1
100255,1
100256,1
100257,1
100258,1
100259,1
100260,1
100261,1
100262,1
100263,1
100264,1
100265,1
100266,1
100267,1
100268,1
100269,1
100270,1
100271,1
100272,1
100273,1
100274,1
100275,1
100276,1
100277,3
100278,1
100279,1
100280,1
100281,1
100282,1
100283,1
100284,1
100285,1
100286,1
100287,1
100288,1
100289,1
100290,1
100291,1
100292,1
100293,1
100294,1
100295,1
100296,1
100297,1
100298,2
100299,1
100300,2
100301,1
100302,1
100303,3
100304,2
100305,2
100306,1
100307,1
100308,2
100309,1
100310,2
100311,1
100312,1
100313,1
100314,1
100315,1
100316,1
100317,1
100318,1
100319,1
100320,1
100321,1
100322,1
100323,1
100324,2
100325,1
100326,2
100327,1
100328,1
100329,1
100330,1
100331,1
100332,1
100333,1
100334,1
100335,1
100336,1
100337,1
100338,1
100339,1
100340,1
100341,1
100342,1
100343,1
100344,1
100345,1
100346,1
100347,1
100348,1
100349,1
100350,1
100351,1
100352,1
100353,1
100354,1
100355,1
100356,1
100357,1
100358,1
100359,1
100360,1
100361,1
100362,1
100363,1
100364,1
100365,1
100366,1
100367,1
100368,1
100369,1
100370,1
100371,1
100372,1
100373,1
100374,1
100375,1
100376,1
100377,1
100378,3
100379,1
100380,1
100381,1
100382,1
100383,1
100384,2
100385,1
100386,1
100387,1
100388,1
100389,1
100390,1
100391,1
100392,1
100393,1
100394,1
100395,1
100396,1
100397,1
100398,1
100399,3
100400,1
100401,1
100402,1
100403,1
100404,2
100405,1
100406,1
100407,1
100408,1
100409,1
100410,1
100411,2
100412,1
100413,1
100414,1
100415,2
100416,1
100417,1
100418,1
100419,2
100420,1
100421,1
100422,1
100423,1
100424,1
100425,1
100426,1
100427,1
100428,1
100429,2
100430,1
100431,1
100432,1
100433,2
100434,1
100435,2
100436,1
100437,1
100438,1
100439,1
100440,1
100441,1
100442,1
100443,1
100444,1
100445,1
100446,1
100447,1
100448,1
100449,1
100450,1
100451,1
100452,1
100453,1
100454,1
100455,1
100456,1
100457,1
100458,1
100459,1
100460,1
100461,1
100462,1
100463,1
100464,1
100465,1
100466,1
100467,1
100468,1
100469,1
100470,1
100471,1
100472,1
100473,1
100474,1
100475,1
100476,1
100477,1
100478,1
100479,1
100480,1
100481,1
100482,1
100483,1
100484,1
100485,1
100486,1
100487,1
100488,1
100489,1
100490,3
100491,1
100492,1
100493,1
100494,3
100495,1
100496,1
100497,1
100498,1
100499,1
100500,1
100501,1
100502,1
100503,1
100504,1
100505,1
100506,1
100507,1
100508,1
100509,1
100510,2
100511,1
100512,1
100513,1
100514,1
100515,1
100516,1
100517,1
100518,1
100519,2
100520,1
100521,1
100522,2
100523,1
100524,1
100525,1
100526,1
100527,2
100528,1
100529,1
100530,1
100531,1
100532,1
100533,1
100534,2
100535,1
100536,1
100537,1
100538,1
100539,1
100540,1
100541,1
100542,1
100543,2
100544,1
100545,1
100546,2
100547,1
100548,1
100549,1
100550,1
100551,1
100552,2
100553,1
100554,1
100555,1
100556,1
100557,1
100558,1
100559,1
100560,1
100561,1
100562,1
100563,1
100564,1
100565,1
100566,1
100567,1
100568,1
100569,1
100570,1
100571,1
100572,1
100573,1
100574,1
100575,1
100576,1
100577,1
100578,1
100579,1
100580,1
100581,1
100582,1
100583,1
100584,1
100585,1
100586,1
100587,1
100588,1
100589,1
100590,1
100591,1
100592,1
100593,1
100594,1
100595,1
100596,1
100597,1
100598,1
100599,2
100600,1
100601,1
100602,1
100603,2
100604,1
100605,1
100606,1
100607,1
100608,1
100609,1
100610,1
100611,1
100612,1
100613,2
100614,1
100615,1
100616,1
100617,1
100618,1
100619,1
100620,1
100621,1
100622,1
100623,1
100624,1
100625,1
100626,1
100627,1
100628,1
100629,1
100630,1
100631,1
100632,1
100633,1
100634,1
100635,1
100636,1
100637,1
100638,1
100639,1
100640,1
100641,1
100642,1
100643,1
100644,1
100645,1
100646,1
100647,1
100648,1
100649,1
100650,1
100651,1
100652,1
100653,1
100654,1
100655,1
100656,1
100657,1
100658,1
100659,1
100660,1
100661,1
100662,1
100663,1
100664,1
100665,1
100666,1
100667,1
100668,1
100669,1
100670,1
100671,1
100672,1
100673,1
100674,1
100675,1
100676,1
100677,1
100678,1
100679,1
100680,1
100681,1
100682,3
100683,1
100684,1
100685,1
100686,1
100687,1
100688,1
100689,1
100690,1
100691,1
100692,1
100693,1
100694,1
100695,2
100696,1
100697,1
100698,2
100699,1
100700,1
100701,1
100702,2
100703,1
100704,1
100705,1
100706,2
100707,1
100708,1
100709,1
100710,1
100711,1
100712,1
100713,1
100714,1
100715,1
100716,1
100717,1
100718,1
100719,1
100720,1
100721,1
100722,1
100723,1
100724,1
100725,1
100726,1
100727,1
100728,1
100729,1
100730,1
100731,1
100732,1
100733,1
100734,1
100735,1
100736,1
100737,1
100738,1
100739,1
100740,1
100741,1
100742,1
100743,1
100744,1
100745,1
100746,1
100747,1
100748,1
100749,1
100750,1
100751,1
100752,1
100753,1
100754,1
100755,1
100756,1
100757,2
100758,2
100759,1
100760,1
100761,1
100762,1
100763,1
100764,1
100765,1
100766,1
100767,1
100768,1
100769,1
100770,1
100771,1
100772,1
100773,1
100774,1
100775,1
100776,1
100777,1
100778,1
100779,1
100780,1
100781,1
100782,1
100783,1
100784,2
100785,1
100786,1
100787,1
100788,1
100789,1
100790,1
100791,1
100792,1
100793,1
100794,1
100795,1
100796,1
100797,1
100798,1
100799,1
100800,1
100801,2
100802,1
100803,1
100804,1
100805,1
100806,1
100807,1
100808,1
100809,1
100810,1
100811,1
100812,1
100813,1
100814,1
100815,1
100816,1
100817,1
100818,1
100819,1
100820,1
100821,1
100822,1
100823,1
100824,1
100825,1
100826,1
100827,1
100828,1
100829,1
100830,1
100831,1
100832,1
100833,1
100834,1
100835,1
100836,1
100837,1
100838,1
100839,1
100840,1
100841,1
100842,3
100843,1
100844,1
100845,1
100846,1
100847,1
100848,1
100849,1
100850,1
100851,1
100852,1
100853,3
100854,1
100855,1
100856,1
100857,1
100858,1
100859,1
100860,1
100861,1
100862,1
100863,1
100864,1
100865,1
100866,1
100867,1
100868,1
100869,1
100870,1
100871,1
100872,1
100873,1
100874,1
100875,1
100876,1
100877,1
100878,1
100879,1
100880,1
100881,1
100882,1
100883,1
100884,1
100885,2
100886,1
100887,1
100888,1
100889,1
100890,1
100891,1
100892,1
100893,2
100894,1
100895,1
100896,1
100897,1
100898,1
100899,1
100900,1
100901,1
100902,1
100903,1
100904,1
100905,1
100906,1
100907,1
100908,1
100909,1
100910,1
100911,1
100912,1
100913,1
100914,1
100915,1
100916,1
100917,1
100918,1
100919,1
100920,1
100921,1
100922,1
100923,1
100924,1
100925,1
100926,1
100927,1
100928,1
100929,1
100930,1
100931,1
100932,1
100933,1
100934,1
100935,1
100936,1
100937,1
100938,1
100939,3
100940,1
100941,1
100942,1
100943,1
100944,1
100945,1
100946,1
100947,1
100948,1
100949,1
100950,1
100951,1
100952,2
100953,1
100954,1
100955,1
100956,1
100957,1
100958,1
100959,1
100960,1
100961,1
100962,1
100963,1
100964,1
100965,1
100966,1
100967,1
100968,1
100969,1
100970,1
100971,1
100972,2
100973,1
100974,1
100975,2
100976,2
100977,1
100978,1
100979,1
100980,1
100981,1
100982,1
100983,1
100984,1
100985,2
100986,1
100987,1
100988,1
100989,1
100990,1
100991,1
100992,1
100993,1
100994,1
100995,1
100996,1
100997,1
100998,1
100999,1
101000,1
101001,1
101002,1
101003,1
101004,1
101005,1
101006,1
101007,1
101008,1
101009,1
101010,1
101011,1
101012,1
101013,1
101014,1
101015,1
101016,1
101017,1
101018,3
101019,1
101020,1
101021,1
101022,1
101023,1
101024,1
101025,1
101026,1
101027,1
101028,1
101029,1
101030,1
101031,3
101032,1
101033,1
101034,1
101035,1
101036,1
101037,1
101038,1
101039,1
101040,2
101041,1
101042,2
101043,1
101044,1
101045,1
101046,1
101047,1
101048,1
101049,1
101050,1
101051,1
101052,1
101053,1
101054,1
101055,1
101056,1
101057,1
101058,2
101059,1
101060,1
101061,1
101062,1
101063,1
101064,1
101065,1
101066,1
101067,1
101068,1
101069,1
101070,1
101071,1
101072,1
101073,1
101074,1
101075,1
101076,1
101077,1
101078,1
101079,1
101080,1
101081,1
101082,1
101083,1
101084,1
101085,1
101086,1
101087,1
101088,1
101089,1
101090,1
101091,1
101092,1
101093,1
101094,1
101095,1
101096,1
101097,1
101098,1
101099,1
101100,1
101101,1
101102,1
101103,1
101104,1
101105,1
101106,1
101107,1
101108,1
101109,1
101110,1
101111,1
101112,1
101113,1
101114,1
101115,1
101116,1
101117,1
101118,1
101119,1
101120,3
101121,1
101122,2
101123,1
101124,1
101125,1
101126,1
101127,1
101128,1
101129,1
101130,2
101131,1
101132,1
101133,1
101134,2
101135,1
101136,1
101137,1
101138,1
101139,1
101140,1
101141,1
101142,1
101143,1
101144,1
101145,1
101146,1
101147,1
101148,1
101149,1
101150,1
101151,1
101152,1
101153,1
101154,1
101155,1
101156,1
101157,1
101158,1
101159,1
101160,1
101161,1
101162,2
101163,1
101164,1
101165,1
101166,2
101167,1
101168,1
101169,1
101170,1
101171,1
101172,1
101173,1
101174,1
101175,1
101176,1
101177,1
101178,1
101179,1
101180,1
101181,1
101182,1
101183,1
101184,1
101185,1
101186,1
101187,1
101188,1
101189,1
101190,1
101191,1
101192,1
101193,1
101194,1
101195,1
101196,1
101197,1
101198,1
101199,1
101200,1
101201,1
101202,1
101203,1
101204,1
101205,1
101206,1
101207,1
101208,1
101209,1
101210,1
101211,1
101212,1
101213,1
101214,1
101215,1
101216,1
101217,1
101218,1
101219,1
101220,1
101221,1
101222,1
101223,1
101224,1
101225,1
101226,1
101227,1
101228,1
101229,1
101230,1
101231,1
101232,1
101233,1
101234,1
101235,2
101236,1
101237,1
101238,1
101239,1
101240,1
101241,1
101242,2
101243,1
101244,1
101245,2
101246,1
101247,1
101248,2
101249,1
101250,1
101251,1
101252,1
101253,1
101254,1
101255,1
101256,1
101257,1
101258,1
101259,1
101260,1
101261,1
101262,1
101263,1
101264,1
101265,1
101266,1
101267,1
101268,1
101269,1
101270,1
101271,1
101272,1
101273,1
101274,1
101275,1
101276,1
101277,1
101278,1
101279,1
101280,1
101281,1
101282,1
101283,1
101284,1
101285,1
101286,1
101287,1
101288,1
101289,1
101290,1
101291,1
101292,1
101293,1
101294,1
101295,1
101296,1
101297,1
101298,1
101299,1
101300,1
101301,1
101302,1
101303,1
101304,1
101305,1
101306,1
101307,1
101308,1
101309,1
101310,1
101311,1
101312,1
101313,1
101314,1
101315,1
101316,1
101317,1
101318,1
101319,1
101320,1
101321,1
101322,1
101323,1
101324,2
101325,1
101326,1
101327,1
101328,1
101329,1
101330,1
101331,1
101332,1
101333,1
101334,2
101335,1
101336,1
101337,1
101338,1
101339,1
101340,1
101341,2
101342,1
101343,1
101344,1
101345,1
101346,1
101347,1
101348,1
101349,1
101350,1
101351,1
101352,1
101353,1
101354,1
101355,1
101356,1
101357,1
101358,1
101359,1
101360,1
101361,1
101362,1
101363,1
101364,1
101365,1
101366,1
101367,1
101368,1
101369,1
101370,1
101371,1
101372,1
101373,1
101374,1
101375,1
101376,1
101377,1
101378,1
101379,1
101380,1
101381,1
101382,1
101383,1
101384,1
101385,1
101386,1
101387,1
101388,1
101389,1
101390,1
101391,1
101392,1
101393,1
101394,1
101395,1
101396,1
101397,1
101398,3
101399,1
101400,1
101401,1
101402,1
101403,1
101404,1
101405,1
101406,1
101407,1
101408,1
101409,1
101410,1
101411,1
101412,1
101413,1
101414,1
101415,1
101416,1
101417,1
101418,1
101419,2
101420,1
101421,2
101422,1
101423,1
101424,1
101425,1
101426,1
101427,1
101428,1
101429,1
101430,1
101431,1
101432,1
101433,1
101434,1
101435,1
101436,1
101437,1
101438,1
101439,1
101440,1
101441,1
101442,1
101443,1
101444,1
101445,1
101446,1
101447,1
101448,1
101449,1
101450,1
101451,1
101452,1
101453,1
101454,1
101455,1
101456,1
101457,1
101458,1
101459,1
101460,1
101461,1
101462,1
101463,1
101464,1
101465,1
101466,1
101467,1
101468,1
101469,2
101470,1
101471,1
101472,1
101473,1
101474,1
101475,1
101476,1
101477,1
101478,1
101479,1
101480,1
101481,1
101482,1
101483,1
101484,1
101485,1
101486,1
101487,1
101488,1
101489,1
101490,1
101491,1
101492,1
101493,1
101494,1
101495,1
101496,1
101497,1
101498,2
101499,1
101500,1
101501,1
101502,1
101503,1
101504,1
101505,1
101506,1
101507,1
101508,2
101509,1
101510,1
101511,1
101512,1
101513,1
101514,2
101515,1
101516,1
101517,1
101518,1
101519,1
101520,1
101521,1
101522,1
101523,1
101524,2
101525,1
101526,1
101527,1
101528,1
101529,1
101530,1
101531,1
101532,1
101533,1
101534,1
101535,1
101536,1
101537,1
101538,1
101539,1
101540,1
101541,1
101542,1
101543,1
101544,1
101545,1
101546,1
101547,1
101548,1
101549,1
101550,1
101551,1
101552,1
101553,1
101554,1
101555,1
101556,1
101557,1
101558,1
101559,1
101560,1
101561,1
101562,1
101563,1
101564,1
101565,1
101566,3
101567,1
101568,1
101569,1
101570,1
101571,1
101572,1
101573,1
101574,1
101575,1
101576,1
101577,1
101578,1
101579,1
101580,1
101581,1
101582,1
101583,1
101584,1
101585,2
101586,1
101587,1
101588,1
101589,1
101590,1
101591,1
101592,1
101593,1
101594,1
101595,1
101596,2
101597,2
101598,1
101599,1
101600,1
101601,1
101602,1
101603,1
101604,1
101605,1
101606,1
101607,1
101608,1
101609,2
101610,1
101611,1
101612,1
101613,1
101614,1
101615,1
101616,1
101617,1
101618,1
101619,1
101620,1
101621,1
101622,1
101623,1
101624,1
101625,1
101626,1
101627,1
101628,1
101629,1
101630,1
101631,1
101632,1
101633,1
101634,1
101635,1
101636,1
101637,3
101638,1
101639,1
101640,1
101641,1
101642,1
101643,1
101644,1
101645,1
101646,1
101647,1
101648,1
101649,1
101650,1
101651,1
101652,1
101653,1
101654,1
101655,1
101656,1
101657,3
101658,1
101659,1
101660,1
101661,1
101662,1
101663,1
101664,1
101665,2
101666,1
101667,1
101668,1
101669,1
101670,1
101671,1
101672,1
101673,1
101674,1
101675,1
101676,2
101677,1
101678,1
101679,1
101680,1
101681,1
101682,1
101683,1
101684,1
101685,1
101686,1
101687,1
101688,1
101689,1
101690,1
101691,1
101692,1
101693,1
101694,1
101695,1
101696,1
101697,1
101698,1
101699,1
101700,1
101701,1
101702,1
101703,1
101704,1
101705,1
101706,1
101707,1
101708,1
101709,1
101710,1
101711,1
101712,1
101713,1
101714,1
101715,1
101716,1
101717,1
101718,1
101719,1
101720,1
101721,1
101722,1
101723,1
101724,1
101725,1
101726,1
101727,1
101728,1
101729,1
101730,1
101731,1
101732,1
101733,1
101734,1
101735,1
101736,1
101737,1
101738,1
101739,1
101740,1
101741,1
101742,1
101743,1
101744,1
101745,1
101746,1
101747,1
101748,1
101749,3
101750,1
101751,1
101752,1
101753,2
101754,1
101755,1
101756,2
101757,1
101758,1
101759,2
101760,1
101761,1
101762,2
101763,1
101764,1
101765,1
101766,2
101767,1
101768,1
101769,1
101770,1
101771,1
101772,1
101773,2
101774,1
101775,1
101776,1
101777,1
101778,1
101779,2
101780,1
101781,2
101782,1
101783,1
101784,1
101785,1
101786,1
101787,1
101788,2
101789,1
101790,1
101791,1
101792,1
101793,1
101794,2
101795,1
101796,1
101797,1
101798,1
101799,1
101800,1
101801,1
101802,1
101803,1
101804,1
101805,1
101806,1
101807,1
101808,1
101809,1
101810,1
101811,1
101812,1
101813,1
101814,1
101815,1
101816,1
101817,1
101818,1
101819,1
101820,1
101821,1
101822,1
101823,1
101824,1
101825,1
101826,1
101827,1
101828,1
101829,1
101830,1
101831,1
101832,1
101833,1
101834,1
101835,1
101836,1
101837,1
101838,1
101839,1
101840,1
101841,1
101842,2
101843,1
101844,1
101845,1
101846,2
101847,1
101848,1
101849,1
101850,1
101851,1
101852,1
101853,1
101854,1
101855,1
101856,1
101857,1
101858,1
101859,1
101860,1
101861,2
101862,1
101863,1
101864,1
101865,1
101866,1
101867,1
101868,1
101869,1
101870,1
101871,1
101872,1
101873,1
101874,1
101875,1
101876,1
101877,1
101878,1
101879,1
101880,1
101881,1
101882,1
101883,1
101884,1
101885,1
101886,1
101887,1
101888,1
101889,1
101890,1
101891,1
101892,1
101893,1
101894,1
101895,1
101896,1
101897,1
101898,1
101899,1
101900,1
101901,3
101902,1
101903,1
101904,1
101905,1
101906,1
101907,1
101908,1
101909,1
101910,1
101911,1
101912,1
101913,2
101914,1
101915,1
101916,1
101917,1
101918,1
101919,1
101920,2
101921,1
101922,1
101923,1
101924,1
101925,2
101926,1
101927,1
101928,2
101929,1
101930,1
101931,1
101932,1
101933,1
101934,1
101935,1
101936,1
101937,1
101938,1
101939,1
101940,1
101941,1
101942,1
101943,2
101944,2
101945,1
101946,1
101947,1
101948,2
101949,1
101950,1
101951,1
101952,1
101953,1
101954,1
101955,1
101956,1
101957,1
101958,1
101959,1
101960,1
101961,1
101962,1
101963,1
101964,1
101965,1
101966,1
101967,1
101968,1
101969,1
101970,1
101971,1
101972,1
101973,1
101974,1
101975,1
101976,1
101977,1
101978,1
101979,1
101980,1
101981,1
101982,1
101983,1
101984,1
101985,1
101986,1
101987,1
101988,1
101989,1
101990,1
101991,1
101992,1
101993,1
101994,1
101995,1
101996,1
101997,1
101998,1
101999,1
102000,1
102001,1
102002,1
102003,1
102004,1
102005,1
102006,1
102007,1
102008,1
102009,1
102010,1
102011,1
102012,1
102013,1
102014,1
102015,1
102016,1
102017,1
102018,1
102019,1
102020,1
102021,1
102022,1
102023,1
102024,1
102025,1
102026,1
102027,1
102028,1
102029,1
102030,2
102031,1
102032,1
102033,1
102034,1
102035,1
102036,1
102037,1
102038,2
102039,2
102040,2
102041,1
102042,1
102043,1
102044,1
102045,1
102046,1
102047,1
102048,1
102049,1
102050,1
102051,1
102052,1
102053,1
102054,1
102055,1
102056,1
102057,1
102058,1
102059,1
102060,1
102061,1
102062,1
102063,1
102064,1
102065,1
102066,1
102067,1
102068,1
102069,1
102070,1
102071,1
102072,1
102073,1
102074,1
102075,1
102076,1
102077,1
102078,1
102079,1
102080,1
102081,1
102082,1
102083,1
102084,1
102085,1
102086,1
102087,1
102088,1
102089,1
102090,1
102091,1
102092,1
102093,1
102094,1
102095,1
102096,1
102097,1
102098,1
102099,1
102100,1
102101,1
102102,1
102103,1
102104,1
102105,2
102106,2
102107,1
102108,1
102109,1
102110,1
102111,1
102112,1
102113,1
102114,1
102115,1
102116,1
102117,1
102118,1
102119,1
102120,1
102121,1
102122,1
102123,1
102124,1
102125,1
102126,2
102127,1
102128,1
102129,1
102130,1
102131,1
102132,1
102133,1
102134,1
102135,1
102136,1
102137,1
102138,1
102139,1
102140,1
102141,1
102142,1
102143,1
102144,1
102145,1
102146,1
102147,1
102148,1
102149,1
102150,1
102151,1
102152,1
102153,1
102154,1
102155,1
102156,1
102157,1
102158,1
102159,1
102160,1
102161,1
102162,1
102163,1
102164,1
102165,1
102166,1
102167,1
102168,1
102169,1
102170,1
102171,1
102172,1
102173,1
102174,1
102175,1
102176,1
102177,1
102178,1
102179,1
102180,1
102181,1
102182,1
102183,1
102184,1
102185,1
102186,1
102187,1
102188,1
102189,1
102190,1
102191,1
102192,1
102193,2
102194,1
102195,1
102196,1
102197,1
102198,2
102199,1
102200,2
102201,1
102202,1
102203,1
102204,1
102205,1
102206,1
102207,1
102208,1
102209,1
102210,1
102211,2
102212,1
102213,1
102214,1
102215,1
102216,1
102217,1
102218,1
102219,1
102220,1
102221,1
102222,1
102223,1
102224,1
102225,1
102226,1
102227,1
102228,1
102229,1
102230,1
102231,1
102232,1
102233,1
102234,1
102235,1
102236,1
102237,1
102238,1
102239,1
102240,1
102241,1
102242,1
102243,1
102244,1
102245,1
102246,1
102247,1
102248,1
102249,1
102250,1
102251,1
102252,1
102253,1
102254,1
102255,1
102256,1
102257,3
102258,1
102259,1
102260,1
102261,1
102262,1
102263,1
102264,1
102265,2
102266,2
102267,1
102268,1
102269,1
102270,1
102271,1
102272,1
102273,1
102274,1
102275,1
102276,1
102277,2
102278,1
102279,1
102280,1
102281,2
102282,1
102283,1
102284,1
102285,1
102286,2
102287,1
102288,1
102289,1
102290,1
102291,3
102292,2
102293,1
102294,1
102295,1
102296,1
102297,1
102298,1
102299,1
102300,1
102301,1
102302,1
102303,1
102304,1
102305,1
102306,1
102307,1
102308,1
102309,1
102310,1
102311,1
102312,1
102313,1
102314,1
102315,1
102316,1
102317,1
102318,1
102319,1
102320,1
102321,1
102322,1
102323,1
102324,1
102325,1
102326,1
102327,1
102328,1
102329,1
102330,1
102331,1
102332,1
102333,1
102334,1
102335,1
102336,1
102337,1
102338,1
102339,1
102340,1
102341,1
102342,1
102343,1
102344,1
102345,2
102346,1
102347,1
102348,1
102349,1
102350,1
102351,1
102352,1
102353,1
102354,1
102355,1
102356,2
102357,1
102358,1
102359,1
102360,1
102361,1
102362,1
102363,1
102364,1
102365,2
102366,1
102367,1
102368,1
102369,1
102370,2
102371,1
102372,1
102373,2
102374,1
102375,1
102376,1
102377,2
102378,1
102379,1
102380,1
102381,1
102382,1
102383,1
102384,1
102385,1
102386,1
102387,1
102388,1
102389,1
102390,1
102391,1
102392,1
102393,2
102394,1
102395,1
102396,1
102397,1
102398,1
102399,1
102400,1
102401,1
102402,1
102403,1
102404,1
102405,1
102406,1
102407,1
102408,1
102409,1
102410,1
102411,1
102412,1
102413,1
102414,1
102415,1
102416,1
102417,1
102418,1
102419,1
102420,1
102421,1
102422,1
102423,1
102424,1
102425,1
102426,1
102427,1
102428,1
102429,1
102430,1
102431,1
102432,1
102433,1
102434,1
102435,1
102436,1
102437,1
102438,1
102439,1
102440,1
102441,1
102442,1
102443,1
102444,1
102445,1
102446,1
102447,1
102448,1
102449,1
102450,1
102451,1
102452,2
102453,1
102454,1
102455,1
102456,1
102457,2
102458,1
102459,1
102460,1
102461,1
102462,1
102463,1
102464,1
102465,1
102466,1
102467,1
102468,1
102469,1
102470,1
102471,1
102472,1
102473,1
102474,1
102475,1
102476,1
102477,1
102478,1
102479,1
102480,1
102481,1
102482,1
102483,1
102484,1
102485,1
102486,1
102487,1
102488,1
102489,1
102490,1
102491,1
102492,1
102493,1
102494,1
102495,1
102496,1
102497,1
102498,1
102499,1
102500,1
102501,1
102502,1
102503,1
102504,1
102505,1
102506,1
102507,1
102508,1
102509,1
102510,1
102511,1
102512,1
102513,1
102514,1
102515,1
102516,3
102517,1
102518,1
102519,1
102520,1
102521,1
102522,1
102523,1
102524,1
102525,1
102526,1
102527,1
102528,1
102529,1
102530,1
102531,1
102532,1
102533,1
102534,1
102535,1
102536,1
102537,1
102538,1
102539,1
102540,1
102541,2
102542,1
102543,1
102544,1
102545,1
102546,1
102547,1
102548,1
102549,1
102550,1
102551,1
102552,2
102553,1
102554,1
102555,1
102556,1
102557,1
102558,1
102559,1
102560,1
102561,1
102562,1
102563,1
102564,1
102565,1
102566,1
102567,1
102568,1
102569,1
102570,1
102571,1
102572,1
102573,1
102574,1
102575,1
102576,1
102577,1
102578,1
102579,1
102580,1
102581,1
102582,1
102583,1
102584,1
102585,1
102586,1
102587,1
102588,1
102589,1
102590,1
102591,1
102592,3
102593,1
102594,1
102595,1
102596,3
102597,1
102598,1
102599,1
102600,1
102601,1
102602,3
102603,3
102604,1
102605,1
102606,1
102607,1
102608,1
102609,1
102610,1
102611,1
102612,1
102613,1
102614,1
102615,1
102616,1
102617,1
102618,2
102619,1
102620,2
102621,1
102622,1
102623,1
102624,1
102625,1
102626,1
102627,1
102628,1
102629,2
102630,1
102631,1
102632,1
102633,1
102634,1
102635,1
102636,1
102637,1
102638,2
102639,1
102640,1
102641,1
102642,1
102643,1
102644,1
102645,1
102646,1
102647,1
102648,1
102649,1
102650,1
102651,1
102652,1
102653,1
102654,1
102655,1
102656,1
102657,1
102658,1
102659,1
102660,1
102661,1
102662,1
102663,1
102664,1
102665,1
102666,1
102667,1
102668,1
102669,1
102670,1
102671,1
102672,1
102673,1
102674,1
102675,1
102676,1
102677,1
102678,1
102679,1
102680,1
102681,2
102682,1
102683,1
102684,1
102685,1
102686,1
102687,1
102688,1
102689,1
102690,3
102691,1
102692,1
102693,2
102694,1
102695,2
102696,1
102697,1
102698,1
102699,1
102700,1
102701,1
102702,1
102703,1
102704,1
102705,1
102706,1
102707,1
102708,1
102709,1
102710,2
102711,1
102712,1
102713,1
102714,1
102715,1
102716,1
102717,1
102718,1
102719,2
102720,1
102721,1
102722,1
102723,1
102724,1
102725,1
102726,1
102727,1
102728,1
102729,1
102730,1
102731,1
102732,1
102733,1
102734,1
102735,1
102736,1
102737,1
102738,1
102739,1
102740,1
102741,1
102742,1
102743,1
102744,1
102745,1
102746,1
102747,1
102748,1
102749,1
102750,1
102751,1
102752,1
102753,1
102754,1
102755,1
102756,1
102757,1
102758,1
102759,3
102760,1
102761,1
102762,1
102763,1
102764,1
102765,1
102766,1
102767,1
102768,1
102769,3
102770,1
102771,1
102772,1
102773,1
102774,1
102775,1
102776,2
102777,1
102778,2
102779,1
102780,1
102781,1
102782,1
102783,1
102784,1
102785,1
102786,1
102787,1
102788,1
102789,1
102790,1
102791,1
102792,1
102793,2
102794,1
102795,1
102796,1
102797,2
102798,1
102799,1
102800,2
102801,1
102802,1
102803,1
102804,1
102805,1
102806,1
102807,1
102808,1
102809,1
102810,1
102811,1
102812,1
102813,2
102814,1
102815,1
102816,1
102817,1
102818,1
102819,1
102820,1
102821,1
102822,1
102823,1
102824,1
102825,1
102826,1
102827,1
102828,1
102829,1
102830,1
102831,1
102832,1
102833,1
102834,1
102835,1
102836,1
102837,1
102838,1
102839,1
102840,1
102841,1
102842,1
102843,1
102844,1
102845,1
102846,1
102847,1
102848,1
102849,1
102850,1
102851,1
102852,1
102853,1
102854,1
102855,1
102856,1
102857,1
102858,1
102859,1
102860,1
102861,1
102862,2
102863,1
102864,1
102865,1
102866,1
102867,1
102868,1
102869,1
102870,1
102871,1
102872,1
102873,2
102874,1
102875,1
102876,1
102877,2
102878,1
102879,1
102880,3
102881,1
102882,1
102883,1
102884,1
102885,1
102886,1
102887,1
102888,1
102889,1
102890,1
102891,1
102892,1
102893,1
102894,2
102895,2
102896,1
102897,2
102898,2
102899,1
102900,1
102901,1
102902,1
102903,1
102904,1
102905,2
102906,2
102907,1
102908,1
102909,1
102910,1
102911,1
102912,1
102913,1
102914,1
102915,1
102916,1
102917,1
102918,2
102919,1
102920,1
102921,1
102922,1
102923,1
102924,1
102925,1
102926,1
102927,1
102928,1
102929,1
102930,1
102931,1
102932,1
102933,1
102934,1
102935,1
102936,1
102937,1
102938,1
102939,1
102940,1
102941,1
102942,1
102943,1
102944,1
102945,1
102946,1
102947,1
102948,1
102949,1
102950,1
102951,1
102952,1
102953,1
102954,1
102955,1
102956,1
102957,1
102958,1
102959,1
102960,1
102961,1
102962,1
102963,2
102964,1
102965,1
102966,1
102967,1
102968,1
102969,1
102970,2
102971,1
102972,1
102973,1
102974,1
102975,1
102976,1
102977,1
102978,1
102979,1
102980,1
102981,1
102982,1
102983,2
102984,1
102985,1
102986,1
102987,1
102988,1
102989,1
102990,1
102991,1
102992,2
102993,1
102994,1
102995,1
102996,1
102997,1
102998,1
102999,2
103000,2
103001,1
103002,1
103003,1
103004,1
103005,1
103006,1
103007,1
103008,1
103009,1
103010,1
103011,1
103012,1
103013,1
103014,1
103015,1
103016,1
103017,1
103018,1
103019,1
103020,1
103021,1
103022,1
103023,1
103024,1
103025,1
103026,1
103027,1
103028,1
103029,1
103030,1
103031,1
103032,1
103033,1
103034,1
103035,1
103036,3
103037,1
103038,1
103039,1
103040,1
103041,1
103042,1
103043,2
103044,1
103045,1
103046,1
103047,1
103048,1
103049,2
103050,1
103051,1
103052,1
103053,1
103054,1
103055,1
103056,1
103057,1
103058,1
103059,1
103060,2
103061,1
103062,1
103063,1
103064,1
103065,1
103066,1
103067,1
103068,1
103069,1
103070,1
103071,1
103072,1
103073,1
103074,1
103075,1
103076,1
103077,1
103078,1
103079,1
103080,1
103081,1
103082,1
103083,1
103084,1
103085,1
103086,1
103087,1
103088,1
103089,1
103090,1
103091,1
103092,1
103093,1
103094,1
103095,1
103096,1
103097,1
103098,1
103099,1
103100,1
103101,1
103102,1
103103,1
103104,1
103105,1
103106,1
103107,1
103108,1
103109,1
103110,1
103111,1
103112,1
103113,1
103114,1
103115,1
103116,1
103117,1
103118,1
103119,1
103120,1
103121,1
103122,1
103123,1
103124,1
103125,1
103126,1
103127,1
103128,1
103129,1
103130,1
103131,1
103132,1
103133,1
103134,1
103135,1
103136,1
103137,1
103138,1
103139,1
103140,1
103141,1
103142,1
103143,1
103144,1
103145,1
103146,1
103147,1
103148,2
103149,1
103150,1
103151,1
103152,1
103153,1
103154,1
103155,1
103156,1
103157,2
103158,1
103159,1
103160,1
103161,1
103162,2
103163,1
103164,1
103165,1
103166,2
103167,1
103168,2
103169,1
103170,1
103171,1
103172,2
103173,1
103174,1
103175,1
103176,2
103177,1
103178,1
103179,1
103180,1
103181,1
103182,1
103183,1
103184,1
103185,2
103186,1
103187,1
103188,1
103189,1
103190,1
103191,1
103192,1
103193,1
103194,1
103195,1
103196,1
103197,1
103198,1
103199,1
103200,1
103201,1
103202,1
103203,1
103204,1
103205,1
103206,1
103207,1
103208,1
103209,1
103210,1
103211,1
103212,1
103213,1
103214,1
103215,1
103216,1
103217,1
103218,1
103219,1
103220,1
103221,1
103222,1
103223,1
103224,1
103225,1
103226,1
103227,1
103228,1
103229,1
103230,1
103231,1
103232,1
103233,1
103234,1
103235,1
103236,1
103237,1
103238,1
103239,1
103240,3
103241,1
103242,2
103243,1
103244,1
103245,2
103246,1
103247,1
103248,1
103249,1
103250,1
103251,2
103252,2
103253,1
103254,1
103255,1
103256,1
103257,1
103258,1
103259,1
103260,1
103261,1
103262,1
103263,1
103264,2
103265,1
103266,1
103267,1
103268,1
103269,1
103270,1
103271,2
103272,1
103273,1
103274,1
103275,1
103276,1
103277,1
103278,1
103279,1
103280,1
103281,1
103282,1
103283,1
103284,1
103285,1
103286,1
103287,1
103288,1
103289,1
103290,1
103291,1
103292,1
103293,1
103294,1
103295,1
103296,1
103297,1
103298,1
103299,1
103300,1
103301,1
103302,1
103303,1
103304,1
103305,1
103306,1
103307,1
103308,1
103309,1
103310,1
103311,1
103312,1
103313,1
103314,1
103315,1
103316,1
103317,1
103318,1
103319,1
103320,2
103321,1
103322,1
103323,1
103324,1
103325,1
103326,1
103327,1
103328,1
103329,1
103330,1
103331,1
103332,1
103333,1
103334,2
103335,1
103336,1
103337,1
103338,1
103339,1
103340,1
103341,2
103342,1
103343,1
103344,1
103345,1
103346,1
103347,1
103348,1
103349,1
103350,1
103351,1
103352,1
103353,2
103354,3
103355,1
103356,1
103357,2
103358,1
103359,2
103360,1
103361,1
103362,1
103363,1
103364,1
103365,1
103366,1
103367,1
103368,1
103369,1
103370,1
103371,1
103372,1
103373,1
103374,1
103375,1
103376,1
103377,1
103378,1
103379,1
103380,1
103381,1
103382,1
103383,1
103384,1
103385,1
103386,1
103387,1
103388,1
103389,1
103390,1
103391,1
103392,1
103393,1
103394,1
103395,1
103396,1
103397,1
103398,1
103399,1
103400,1
103401,1
103402,1
103403,1
103404,1
103405,1
103406,1
103407,1
103408,1
103409,1
103410,2
103411,1
103412,1
103413,2
103414,1
103415,1
103416,1
103417,1
103418,1
103419,2
103420,1
103421,1
103422,1
103423,1
103424,1
103425,1
103426,1
103427,1
103428,1
103429,1
103430,2
103431,2
103432,1
103433,1
103434,1
103435,1
103436,1
103437,1
103438,1
103439,1
103440,1
103441,1
103442,1
103443,1
103444,1
103445,1
103446,1
103447,1
103448,1
103449,1
103450,1
103451,1
103452,1
103453,1
103454,1
103455,1
103456,1
103457,1
103458,1
103459,1
103460,1
103461,1
103462,1
103463,1
103464,1
103465,1
103466,1
103467,1
103468,1
103469,1
103470,1
103471,1
103472,1
103473,1
103474,1
103475,1
103476,1
103477,3
103478,1
103479,1
103480,1
103481,1
103482,1
103483,1
103484,1
103485,1
103486,1
103487,1
103488,1
103489,1
103490,1
103491,1
103492,1
103493,2
103494,1
103495,1
103496,1
103497,1
103498,1
103499,1
103500,1
103501,1
103502,2
103503,1
103504,1
103505,1
103506,1
103507,1
103508,1
103509,1
103510,1
103511,1
103512,1
103513,2
103514,1
103515,1
103516,1
103517,1
103518,1
103519,1
103520,2
103521,1
103522,1
103523,1
103524,1
103525,1
103526,1
103527,2
103528,1
103529,1
103530,1
103531,1
103532,1
103533,1
103534,1
103535,1
103536,1
103537,1
103538,1
103539,1
103540,1
103541,1
103542,1
103543,1
103544,1
103545,1
103546,1
103547,1
103548,1
103549,1
103550,1
103551,1
103552,1
103553,1
103554,1
103555,1
103556,1
103557,1
103558,1
103559,1
103560,1
103561,1
103562,1
103563,1
103564,1
103565,1
103566,1
103567,1
103568,1
103569,1
103570,1
103571,1
103572,1
103573,1
103574,1
103575,1
103576,1
103577,3
103578,1
103579,1
103580,1
103581,1
103582,1
103583,1
103584,1
103585,1
103586,1
103587,1
103588,1
103589,1
103590,2
103591,1
103592,1
103593,1
103594,1
103595,1
103596,1
103597,1
103598,1
103599,1
103600,2
103601,1
103602,1
103603,1
103604,1
103605,1
103606,1
103607,1
103608,1
103609,1
103610,1
103611,1
103612,1
103613,1
103614,1
103615,1
103616,1
103617,1
103618,1
103619,1
103620,1
103621,1
103622,1
103623,1
103624,1
103625,1
103626,1
103627,1
103628,1
103629,1
103630,1
103631,1
103632,1
103633,1
103634,1
103635,1
103636,1
103637,1
103638,1
103639,1
103640,1
103641,1
103642,1
103643,1
103644,1
103645,1
103646,1
103647,1
103648,1
103649,1
103650,1
103651,1
103652,1
103653,1
103654,1
103655,1
103656,1
103657,1
103658,1
103659,1
103660,1
103661,1
103662,1
103663,1
103664,1
103665,1
103666,1
103667,1
103668,1
103669,1
103670,1
103671,1
103672,1
103673,1
103674,1
103675,1
103676,1
103677,1
103678,1
103679,1
103680,1
103681,1
103682,1
103683,1
103684,1
103685,1
103686,1
103687,2
103688,1
103689,2
103690,1
103691,1
103692,1
103693,2
103694,1
103695,1
103696,1
103697,1
103698,2
103699,2
103700,2
103701,2
103702,1
103703,1
103704,1
103705,1
103706,1
103707,1
103708,1
103709,1
103710,1
103711,1
103712,1
103713,1
103714,1
103715,2
103716,1
103717,1
103718,1
103719,1
103720,1
103721,1
103722,1
103723,1
103724,1
103725,1
103726,1
103727,1
103728,1
103729,1
103730,1
103731,1
103732,1
103733,1
103734,1
103735,1
103736,1
103737,1
103738,1
103739,1
103740,1
103741,1
103742,1
103743,1
103744,1
103745,1
103746,1
103747,1
103748,1
103749,1
103750,1
103751,1
103752,1
103753,1
103754,1
103755,2
103756,1
103757,1
103758,1
103759,1
103760,1
103761,1
103762,1
103763,1
103764,2
103765,1
103766,1
103767,1
103768,1
103769,2
103770,1
103771,1
103772,1
103773,1
103774,1
103775,1
103776,1
103777,2
103778,1
103779,1
103780,2
103781,1
103782,1
103783,1
103784,1
103785,1
103786,1
103787,1
103788,1
103789,1
103790,1
103791,1
103792,1
103793,1
103794,1
103795,1
103796,1
103797,1
103798,1
103799,1
103800,1
103801,1
103802,1
103803,1
103804,1
103805,1
103806,1
103807,1
103808,1
103809,1
103810,1
103811,1
103812,1
103813,1
103814,1
103815,1
103816,1
103817,1
103818,1
103819,1
103820,1
103821,1
103822,1
103823,1
103824,1
103825,1
103826,3
103827,1
103828,1
103829,1
103830,1
103831,1
103832,1
103833,1
103834,2
103835,1
103836,1
103837,1
103838,1
103839,1
103840,1
103841,1
103842,1
103843,1
103844,1
103845,1
103846,1
103847,1
103848,1
103849,2
103850,1
103851,1
103852,1
103853,1
103854,2
103855,2
103856,2
103857,2
103858,1
103859,1
103860,1
103861,1
103862,1
103863,2
103864,1
103865,2
103866,1
103867,1
103868,1
103869,1
103870,1
103871,1
103872,1
103873,1
103874,1
103875,1
103876,1
103877,1
103878,1
103879,1
103880,1
103881,1
103882,1
103883,1
103884,1
103885,1
103886,1
103887,1
103888,1
103889,1
103890,1
103891,1
103892,1
103893,1
103894,1
103895,1
103896,1
103897,1
103898,3
103899,1
103900,1
103901,1
103902,1
103903,1
103904,1
103905,1
103906,1
103907,1
103908,1
103909,1
103910,1
103911,1
103912,1
103913,1
103914,1
103915,1
103916,1
103917,1
103918,1
103919,1
103920,1
103921,1
103922,1
103923,1
103924,1
103925,1
103926,1
103927,1
103928,1
103929,1
103930,1
103931,1
103932,1
103933,1
103934,1
103935,1
103936,1
103937,2
103938,1
103939,1
103940,1
103941,1
103942,1
103943,1
103944,1
103945,1
103946,1
103947,1
103948,1
103949,1
103950,1
103951,1
103952,1
103953,1
103954,1
103955,1
103956,1
103957,1
103958,1
103959,1
103960,1
103961,1
103962,1
103963,1
103964,1
103965,1
103966,1
103967,1
103968,1
103969,1
103970,1
103971,1
103972,1
103973,1
103974,1
103975,1
103976,1
103977,1
103978,1
103979,1
103980,1
103981,1
103982,1
103983,1
103984,1
103985,1
103986,1
103987,1
103988,1
103989,1
103990,1
103991,1
103992,1
103993,1
103994,1
103995,1
103996,3
103997,1
103998,1
103999,1
104000,2
104001,1
104002,1
104003,1
104004,2
104005,1
104006,1
104007,1
104008,1
104009,1
104010,2
104011,1
104012,1
104013,1
104014,1
104015,1
104016,1
104017,1
104018,1
104019,2
104020,1
104021,1
104022,1
104023,1
104024,1
104025,2
104026,1
104027,1
104028,2
104029,1
104030,2
104031,1
104032,1
104033,1
104034,1
104035,1
104036,1
104037,1
104038,1
104039,1
104040,1
104041,1
104042,1
104043,1
104044,1
104045,1
104046,1
104047,1
104048,1
104049,1
104050,1
104051,1
104052,1
104053,1
104054,1
104055,1
104056,1
104057,1
104058,1
104059,1
104060,1
104061,1
104062,1
104063,1
104064,1
104065,1
104066,1
104067,1
104068,1
104069,1
104070,1
104071,1
104072,1
104073,1
104074,1
104075,1
104076,1
104077,1
104078,1
104079,1
104080,3
104081,1
104082,1
104083,1
104084,1
104085,1
104086,2
104087,2
104088,1
104089,2
104090,1
104091,1
104092,1
104093,1
104094,1
104095,2
104096,1
104097,1
104098,1
104099,1
104100,1
104101,2
104102,1
104103,1
104104,1
104105,1
104106,1
104107,2
104108,1
104109,2
104110,2
104111,1
104112,1
104113,1
104114,1
104115,1
104116,1
104117,1
104118,1
104119,1
104120,1
104121,1
104122,1
104123,1
104124,1
104125,1
104126,1
104127,1
104128,1
104129,1
104130,1
104131,1
104132,1
104133,1
104134,1
104135,1
104136,1
104137,1
104138,1
104139,1
104140,1
104141,1
104142,1
104143,1
104144,1
104145,1
104146,1
104147,1
104148,1
104149,1
104150,1
104151,2
104152,1
104153,1
104154,1
104155,1
104156,1
104157,1
104158,1
104159,1
104160,2
104161,1
104162,1
104163,1
104164,1
104165,1
104166,1
104167,1
104168,2
104169,1
104170,1
104171,1
104172,2
104173,1
104174,2
104175,2
104176,2
104177,1
104178,1
104179,1
104180,2
104181,1
104182,1
104183,1
104184,1
104185,1
104186,1
104187,1
104188,2
104189,2
104190,1
104191,1
104192,1
104193,1
104194,1
104195,1
104196,1
104197,1
104198,1
104199,1
104200,1
104201,1
104202,1
104203,1
104204,1
104205,1
104206,1
104207,1
104208,1
104209,1
104210,1
104211,1
104212,1
104213,1
104214,2
104215,1
104216,1
104217,1
104218,1
104219,1
104220,1
104221,1
104222,1
104223,1
104224,1
104225,1
104226,1
104227,1
104228,1
104229,1
104230,1
104231,1
104232,1
104233,1
104234,1
104235,2
104236,1
104237,1
104238,2
104239,1
104240,1
104241,1
104242,1
104243,1
104244,1
104245,1
104246,1
104247,1
104248,1
104249,1
104250,1
104251,1
104252,1
104253,1
104254,1
104255,1
104256,1
104257,1
104258,1
104259,2
104260,1
104261,1
104262,1
104263,1
104264,1
104265,1
104266,1
104267,1
104268,1
104269,1
104270,1
104271,1
104272,1
104273,1
104274,1
104275,1
104276,1
104277,1
104278,1
104279,1
104280,1
104281,1
104282,1
104283,1
104284,1
104285,1
104286,1
104287,1
104288,1
104289,1
104290,1
104291,2
104292,1
104293,1
104294,1
104295,1
104296,1
104297,1
104298,1
104299,1
104300,3
104301,1
104302,1
104303,1
104304,1
104305,1
104306,1
104307,1
104308,2
104309,1
104310,1
104311,1
104312,1
104313,2
104314,1
104315,1
104316,1
104317,1
104318,1
104319,1
104320,1
104321,1
104322,1
104323,1
104324,2
104325,1
104326,2
104327,1
104328,1
104329,1
104330,1
104331,1
104332,1
104333,1
104334,1
104335,1
104336,1
104337,1
104338,2
104339,1
104340,1
104341,1
104342,1
104343,1
104344,1
104345,1
104346,1
104347,1
104348,1
104349,1
104350,1
104351,1
104352,1
104353,1
104354,1
104355,1
104356,1
104357,1
104358,1
104359,1
104360,1
104361,1
104362,1
104363,1
104364,1
104365,1
104366,1
104367,1
104368,1
104369,1
104370,1
104371,1
104372,1
104373,1
104374,1
104375,1
104376,1
104377,1
104378,1
104379,1
104380,1
104381,1
104382,1
104383,1
104384,1
104385,1
104386,1
104387,1
104388,3
104389,1
104390,1
104391,1
104392,2
104393,1
104394,1
104395,1
104396,1
104397,1
104398,1
104399,1
104400,2
104401,1
104402,1
104403,3
104404,1
104405,1
104406,1
104407,1
104408,1
104409,1
104410,1
104411,1
104412,1
104413,1
104414,1
104415,2
104416,1
104417,1
104418,1
104419,1
104420,1
104421,1
104422,2
104423,1
104424,1
104425,1
104426,1
104427,1
104428,1
104429,1
104430,1
104431,1
104432,2
104433,2
104434,1
104435,2
104436,1
104437,1
104438,2
104439,3
104440,1
104441,2
104442,1
104443,1
104444,1
104445,1
104446,1
104447,1
104448,1
104449,1
104450,1
104451,1
104452,1
104453,1
104454,1
104455,1
104456,1
104457,1
104458,1
104459,1
104460,1
104461,1
104462,1
104463,1
104464,1
104465,1
104466,1
104467,1
104468,1
104469,1
104470,1
104471,1
104472,1
104473,1
104474,1
104475,1
104476,1
104477,1
104478,1
104479,1
104480,1
104481,1
104482,1
104483,1
104484,1
104485,1
104486,1
104487,1
104488,1
104489,1
104490,1
104491,1
104492,1
104493,1
104494,1
104495,1
104496,1
104497,2
104498,1
104499,1
104500,1
104501,1
104502,1
104503,1
104504,1
104505,1
104506,2
104507,1
104508,1
104509,1
104510,1
104511,1
104512,1
104513,1
104514,1
104515,1
104516,1
104517,1
104518,2
104519,2
104520,1
104521,1
104522,1
104523,1
104524,1
104525,1
104526,1
104527,1
104528,1
104529,1
104530,1
104531,2
104532,1
104533,1
104534,1
104535,1
104536,1
104537,1
104538,1
104539,1
104540,1
104541,1
104542,1
104543,1
104544,1
104545,1
104546,1
104547,1
104548,1
104549,1
104550,1
104551,1
104552,1
104553,1
104554,1
104555,1
104556,1
104557,1
104558,1
104559,1
104560,1
104561,1
104562,1
104563,1
104564,1
104565,1
104566,1
104567,1
104568,1
104569,1
104570,1
104571,1
104572,3
104573,1
104574,1
104575,1
104576,1
104577,1
104578,1
104579,1
104580,1
104581,1
104582,1
104583,1
104584,1
104585,1
104586,1
104587,1
104588,2
104589,1
104590,1
104591,1
104592,1
104593,1
104594,1
104595,1
104596,2
104597,1
104598,2
104599,1
104600,1
104601,1
104602,1
104603,1
104604,1
104605,1
104606,1
104607,1
104608,1
104609,1
104610,1
104611,1
104612,1
104613,2
104614,1
104615,1
104616,2
104617,1
104618,1
104619,1
104620,1
104621,1
104622,1
104623,1
104624,1
104625,1
104626,1
104627,1
104628,1
104629,1
104630,1
104631,1
104632,1
104633,1
104634,1
104635,1
104636,1
104637,1
104638,1
104639,1
104640,1
104641,1
104642,2
104643,1
104644,1
104645,1
104646,1
104647,1
104648,1
104649,1
104650,1
104651,2
104652,2
104653,1
104654,1
104655,1
104656,1
104657,1
104658,2
104659,1
104660,1
104661,1
104662,1
104663,1
104664,1
104665,1
104666,1
104667,2
104668,1
104669,2
104670,1
104671,1
104672,1
104673,1
104674,1
104675,1
104676,1
104677,1
104678,1
104679,1
104680,1
104681,1
104682,1
104683,1
104684,1
104685,1
104686,1
104687,1
104688,1
104689,1
104690,1
104691,1
104692,1
104693,1
104694,1
104695,1
104696,1
104697,1
104698,1
104699,1
104700,1
104701,1
104702,1
104703,1
104704,1
104705,1
104706,1
104707,1
104708,1
104709,1
104710,1
104711,1
104712,1
104713,1
104714,1
104715,2
104716,1
104717,1
104718,1
104719,1
104720,1
104721,1
104722,1
104723,1
104724,2
104725,1
104726,1
104727,1
104728,2
104729,1
104730,2
104731,1
104732,1
104733,1
104734,1
104735,1
104736,1
104737,1
104738,1
104739,1
104740,1
104741,1
104742,2
104743,1
104744,1
104745,1
104746,1
104747,2
104748,1
104749,1
104750,1
104751,1
104752,1
104753,1
104754,1
104755,1
104756,1
104757,1
104758,1
104759,1
104760,1
104761,1
104762,1
104763,1
104764,1
104765,1
104766,1
104767,1
104768,1
104769,1
104770,1
104771,1
104772,1
104773,1
104774,1
104775,1
104776,1
104777,1
104778,1
104779,1
104780,1
104781,1
104782,1
104783,1
104784,1
104785,1
104786,1
104787,1
104788,2
104789,1
104790,1
104791,1
104792,1
104793,1
104794,2
104795,1
104796,1
104797,1
104798,2
104799,1
104800,1
104801,1
104802,1
104803,1
104804,1
104805,1
104806,1
104807,1
104808,1
104809,2
104810,1
104811,1
104812,1
104813,1
104814,1
104815,1
104816,1
104817,1
104818,1
104819,1
104820,1
104821,1
104822,1
104823,1
104824,1
104825,1
104826,1
104827,1
104828,1
104829,1
104830,1
104831,1
104832,1
104833,1
104834,1
104835,1
104836,1
104837,1
104838,1
104839,1
104840,1
104841,1
104842,1
104843,1
104844,1
104845,2
104846,1
104847,1
104848,1
104849,1
104850,1
104851,1
104852,1
104853,1
104854,1
104855,1
104856,1
104857,1
104858,1
104859,2
104860,1
104861,1
104862,1
104863,1
104864,1
104865,1
104866,1
104867,1
104868,1
104869,1
104870,1
104871,1
104872,1
104873,1
104874,1
104875,1
104876,1
104877,1
104878,1
104879,1
104880,1
104881,1
104882,1
104883,1
104884,1
104885,1
104886,1
104887,1
104888,1
104889,1
104890,1
104891,1
104892,1
104893,1
104894,1
104895,1
104896,1
104897,1
104898,1
104899,1
104900,1
104901,1
104902,1
104903,1
104904,1
104905,1
104906,1
104907,1
104908,1
104909,1
104910,1
104911,1
104912,1
104913,3
104914,1
104915,1
104916,1
104917,1
104918,1
104919,1
104920,1
104921,3
104922,1
104923,1
104924,1
104925,1
104926,1
104927,1
104928,1
104929,1
104930,1
104931,1
104932,1
104933,1
104934,2
104935,1
104936,1
104937,1
104938,1
104939,1
104940,1
104941,1
104942,1
104943,1
104944,2
104945,2
104946,1
104947,2
104948,1
104949,1
104950,1
104951,1
104952,1
104953,1
104954,1
104955,1
104956,1
104957,1
104958,1
104959,1
104960,1
104961,1
104962,1
104963,1
104964,1
104965,1
104966,1
104967,1
104968,1
104969,1
104970,1
104971,1
104972,1
104973,1
104974,1
104975,1
104976,1
104977,1
104978,1
104979,1
104980,1
104981,1
104982,1
104983,1
104984,1
104985,1
104986,1
104987,3
104988,1
104989,1
104990,1
104991,1
104992,1
104993,1
104994,1
104995,1
104996,1
104997,1
104998,1
104999,1
105000,1
105001,2
105002,1
105003,2
105004,1
105005,1
105006,1
105007,1
105008,1
105009,1
105010,1
105011,1
105012,2
105013,1
105014,1
105015,1
105016,1
105017,1
105018,1
105019,2
105020,1
105021,1
105022,1
105023,1
105024,1
105025,1
105026,1
105027,1
105028,1
105029,1
105030,1
105031,1
105032,1
105033,1
105034,1
105035,1
105036,1
105037,1
105038,1
105039,1
105040,1
105041,1
105042,1
105043,1
105044,1
105045,1
105046,1
105047,1
105048,1
105049,1
105050,3
105051,1
105052,1
105053,1
105054,1
105055,1
105056,1
105057,1
105058,1
105059,1
105060,1
105061,2
105062,1
105063,1
105064,1
105065,1
105066,1
105067,1
105068,1
105069,1
105070,1
105071,1
105072,1
105073,1
105074,2
105075,1
105076,2
105077,2
105078,1
105079,1
105080,1
105081,1
105082,1
105083,1
105084,1
105085,1
105086,1
105087,1
105088,1
105089,1
105090,1
105091,1
105092,1
105093,1
105094,1
105095,1
105096,1
105097,1
105098,1
105099,1
105100,1
105101,1
105102,1
105103,1
105104,1
105105,1
105106,1
105107,1
105108,1
105109,1
105110,1
105111,1
105112,1
105113,1
105114,1
105115,1
105116,1
105117,1
105118,1
105119,1
105120,1
105121,3
105122,1
105123,1
105124,2
105125,1
105126,1
105127,1
105128,1
105129,1
105130,1
105131,1
105132,1
105133,1
105134,1
105135,1
105136,1
105137,2
105138,2
105139,1
105140,1
105141,1
105142,1
105143,1
105144,2
105145,2
105146,1
105147,1
105148,1
105149,1
105150,1
105151,2
105152,1
105153,1
105154,1
105155,1
105156,1
105157,1
105158,1
105159,1
105160,1
105161,1
105162,1
105163,1
105164,1
105165,1
105166,1
105167,1
105168,1
105169,1
105170,1
105171,1
105172,1
105173,1
105174,1
105175,1
105176,1
105177,1
105178,1
105179,1
105180,2
105181,1
105182,3
105183,1
105184,2
105185,2
105186,1
105187,1
105188,1
105189,1
105190,1
105191,1
105192,1
105193,1
105194,2
105195,1
105196,1
105197,2
105198,1
105199,1
105200,1
105201,1
105202,1
105203,1
105204,2
105205,1
105206,1
105207,1
105208,1
105209,1
105210,1
105211,1
105212,1
105213,1
105214,1
105215,2
105216,2
105217,1
105218,1
105219,1
105220,1
105221,1
105222,1
105223,1
105224,1
105225,1
105226,1
105227,1
105228,1
105229,1
105230,1
105231,1
105232,1
105233,1
105234,1
105235,1
105236,1
105237,1
105238,1
105239,1
105240,1
105241,1
105242,1
105243,1
105244,1
105245,1
105246,1
105247,1
105248,1
105249,1
105250,1
105251,1
105252,1
105253,1
105254,1
105255,1
105256,1
105257,1
105258,1
105259,1
105260,1
105261,1
105262,1
105263,2
105264,1
105265,1
105266,1
105267,1
105268,3
105269,2
105270,1
105271,1
105272,1
105273,1
105274,1
105275,1
105276,1
105277,1
105278,1
105279,1
105280,1
105281,1
105282,1
105283,2
105284,1
105285,1
105286,2
105287,2
105288,1
105289,2
105290,1
105291,1
105292,1
105293,1
105294,1
105295,1
105296,2
105297,1
105298,2
105299,3
105300,1
105301,1
105302,1
105303,1
105304,1
105305,1
105306,1
105307,1
105308,1
105309,1
105310,1
105311,1
105312,1
105313,1
105314,1
105315,1
105316,1
105317,1
105318,1
105319,1
105320,1
105321,1
105322,1
105323,1
105324,1
105325,1
105326,1
105327,1
105328,1
105329,1
105330,1
105331,1
105332,1
105333,1
105334,1
105335,1
105336,1
105337,1
105338,1
105339,1
105340,1
105341,1
105342,1
105343,1
105344,1
105345,3
105346,1
105347,2
105348,1
105349,1
105350,1
105351,2
105352,1
105353,1
105354,1
105355,1
105356,1
105357,1
105358,1
105359,1
105360,1
105361,3
105362,2
105363,1
105364,1
105365,1
105366,2
105367,1
105368,1
105369,1
105370,1
105371,2
105372,2
105373,1
105374,2
105375,1
105376,3
105377,1
105378,1
105379,1
105380,2
105381,1
105382,1
105383,1
105384,1
105385,1
105386,1
105387,1
105388,2
105389,1
105390,1
105391,1
105392,1
105393,1
105394,1
105395,1
105396,1
105397,1
105398,1
105399,1
105400,1
105401,1
105402,1
105403,1
105404,1
105405,1
105406,1
105407,1
105408,1
105409,1
105410,1
105411,1
105412,1
105413,1
105414,1
105415,1
105416,1
105417,1
105418,1
105419,1
105420,1
105421,1
105422,1
105423,1
105424,1
105425,1
105426,1
105427,1
105428,1
105429,1
105430,1
105431,1
105432,1
105433,1
105434,1
105435,1
105436,1
105437,1
105438,1
105439,1
105440,1
105441,1
105442,1
105443,1
105444,1
105445,1
105446,1
105447,1
105448,1
105449,1
105450,1
105451,1
105452,1
105453,1
105454,1
105455,1
105456,1
105457,1
105458,1
105459,1
105460,1
105461,1
105462,2
105463,1
105464,2
105465,1
105466,1
105467,1
105468,1
105469,1
105470,1
105471,1
105472,1
105473,1
105474,1
105475,1
105476,1
105477,1
105478,1
105479,1
105480,1
105481,1
105482,1
105483,1
105484,1
105485,1
105486,1
105487,1
105488,1
105489,1
105490,1
105491,1
105492,1
105493,1
105494,1
105495,1
105496,1
105497,1
105498,1
105499,1
105500,1
105501,1
105502,1
105503,1
105504,1
105505,1
105506,1
105507,1
105508,1
105509,1
105510,1
105511,1
105512,1
105513,1
105514,1
105515,1
105516,1
105517,1
105518,1
105519,1
105520,2
105521,1
105522,1
105523,1
105524,1
105525,1
105526,1
105527,1
105528,1
105529,1
105530,1
105531,1
105532,1
105533,1
105534,1
105535,2
105536,1
105537,1
105538,1
105539,1
105540,1
105541,1
105542,1
105543,1
105544,1
105545,1
105546,1
105547,1
105548,1
105549,1
105550,1
105551,1
105552,1
105553,1
105554,1
105555,3
105556,1
105557,1
105558,1
105559,1
105560,1
105561,1
105562,2
105563,2
105564,1
105565,1
105566,3
105567,1
105568,1
105569,1
105570,2
105571,1
105572,1
105573,2
105574,1
105575,1
105576,1
105577,1
105578,1
105579,1
105580,2
105581,1
105582,1
105583,1
105584,1
105585,1
105586,1
105587,1
105588,1
105589,1
105590,3
105591,1
105592,1
105593,1
105594,1
105595,1
105596,1
105597,1
105598,1
105599,1
105600,1
105601,1
105602,1
105603,1
105604,1
105605,1
105606,1
105607,1
105608,1
105609,1
105610,1
105611,2
105612,1
105613,1
105614,1
105615,2
105616,1
105617,1
105618,1
105619,1
105620,1
105621,1
105622,1
105623,1
105624,1
105625,1
105626,1
105627,1
105628,1
105629,1
105630,1
105631,1
105632,1
105633,1
105634,1
105635,1
105636,1
105637,1
105638,1
105639,1
105640,1
105641,1
105642,1
105643,1
105644,1
105645,1
105646,1
105647,1
105648,1
105649,2
105650,1
105651,1
105652,1
105653,1
105654,2
105655,1
105656,1
105657,2
105658,1
105659,1
105660,1
105661,3
105662,1
105663,1
105664,1
105665,1
105666,2
105667,1
105668,1
105669,1
105670,1
105671,2
105672,1
105673,1
105674,1
105675,1
105676,1
105677,1
105678,1
105679,1
105680,2
105681,2
105682,2
105683,1
105684,1
105685,2
105686,1
105687,1
105688,1
105689,1
105690,1
105691,2
105692,2
105693,1
105694,1
105695,1
105696,1
105697,1
105698,1
105699,1
105700,1
105701,2
105702,1
105703,1
105704,1
105705,1
105706,1
105707,1
105708,1
105709,1
105710,1
105711,1
105712,1
105713,1
105714,1
105715,1
105716,1
105717,1
105718,1
105719,3
105720,1
105721,1
105722,1
105723,1
105724,1
105725,1
105726,2
105727,1
105728,1
105729,1
105730,1
105731,1
105732,1
105733,1
105734,1
105735,1
105736,1
105737,1
105738,1
105739,2
105740,1
105741,1
105742,1
105743,1
105744,1
105745,1
105746,1
105747,2
105748,1
105749,1
105750,2
105751,1
105752,1
105753,1
105754,1
105755,1
105756,1
105757,2
105758,1
105759,1
105760,1
105761,2
105762,2
105763,1
105764,1
105765,1
105766,1
105767,1
105768,1
105769,1
105770,1
105771,1
105772,1
105773,1
105774,1
105775,1
105776,1
105777,1
105778,2
105779,1
105780,1
105781,1
105782,1
105783,1
105784,1
105785,1
105786,1
105787,1
105788,1
105789,1
105790,1
105791,1
105792,1
105793,1
105794,1
105795,1
105796,1
105797,1
105798,1
105799,1
105800,1
105801,1
105802,1
105803,1
105804,1
105805,1
105806,1
105807,1
105808,1
105809,1
105810,1
105811,1
105812,1
105813,1
105814,1
105815,1
105816,1
105817,1
105818,1
105819,1
105820,1
105821,1
105822,1
105823,3
105824,1
105825,3
105826,1
105827,1
105828,1
105829,1
105830,1
105831,2
105832,1
105833,1
105834,1
105835,1
105836,1
105837,1
105838,1
105839,1
105840,1
105841,2
105842,1
105843,1
105844,1
105845,1
105846,1
105847,1
105848,1
105849,1
105850,1
105851,1
105852,2
105853,2
105854,1
105855,1
105856,1
105857,1
105858,1
105859,1
105860,1
105861,1
105862,1
105863,1
105864,1
105865,1
105866,1
105867,1
105868,1
105869,1
105870,1
105871,1
105872,1
105873,1
105874,1
105875,1
105876,1
105877,1
105878,1
105879,1
105880,1
105881,1
105882,1
105883,1
105884,1
105885,1
105886,1
105887,1
105888,1
105889,1
105890,1
105891,1
105892,1
105893,1
105894,1
105895,1
105896,1
105897,1
105898,1
105899,1
105900,1
105901,1
105902,1
105903,1
105904,1
105905,1
105906,1
105907,2
105908,1
105909,1
105910,1
105911,1
105912,1
105913,1
105914,1
105915,1
105916,2
105917,1
105918,1
105919,1
105920,1
105921,1
105922,1
105923,1
105924,1
105925,1
105926,1
105927,2
105928,1
105929,1
105930,1
105931,1
105932,2
105933,1
105934,1
105935,2
105936,2
105937,1
105938,1
105939,1
105940,1
105941,1
105942,1
105943,1
105944,1
105945,1
105946,1
105947,1
105948,1
105949,1
105950,1
105951,1
105952,1
105953,1
105954,1
105955,1
105956,1
105957,1
105958,1
105959,1
105960,1
105961,1
105962,1
105963,1
105964,3
105965,1
105966,1
105967,1
105968,1
105969,1
105970,1
105971,1
105972,1
105973,1
105974,1
105975,1
105976,1
105977,1
105978,1
105979,1
105980,2
105981,1
105982,1
105983,1
105984,1
105985,2
105986,2
105987,2
105988,1
105989,1
105990,1
105991,1
105992,1
105993,1
105994,1
105995,1
105996,2
105997,1
105998,1
105999,1
106000,1
106001,3
106002,1
106003,1
106004,1
106005,1
106006,1
106007,1
106008,1
106009,1
106010,1
106011,1
106012,1
106013,1
106014,1
106015,1
106016,1
106017,1
106018,2
106019,1
106020,1
106021,1
106022,1
106023,1
106024,1
106025,1
106026,1
106027,1
106028,1
106029,1
106030,1
106031,1
106032,1
106033,1
106034,1
106035,1
106036,2
106037,1
106038,1
106039,1
106040,3
106041,1
106042,1
106043,1
106044,1
106045,1
106046,1
106047,2
106048,1
106049,1
106050,1
106051,1
106052,1
106053,1
106054,1
106055,1
106056,1
106057,1
106058,2
106059,1
106060,1
106061,1
106062,1
106063,2
106064,2
106065,1
106066,1
106067,1
106068,1
106069,1
106070,1
106071,1
106072,1
106073,1
106074,1
106075,1
106076,1
106077,1
106078,1
106079,1
106080,1
106081,1
106082,1
106083,1
106084,1
106085,1
106086,1
106087,1
106088,1
106089,1
106090,1
106091,1
106092,1
106093,1
106094,1
106095,1
106096,1
106097,1
106098,1
106099,1
106100,1
106101,1
106102,1
106103,1
106104,1
106105,1
106106,1
106107,1
106108,1
106109,1
106110,1
106111,1
106112,1
106113,1
106114,1
106115,1
106116,1
106117,1
106118,1
106119,1
106120,3
106121,1
106122,1
106123,1
106124,1
106125,1
106126,1
106127,1
106128,1
106129,1
106130,1
106131,1
106132,1
106133,1
106134,1
106135,1
106136,1
106137,2
106138,1
106139,1
106140,1
106141,1
106142,1
106143,1
106144,1
106145,1
106146,1
106147,1
106148,1
106149,2
106150,1
106151,1
106152,1
106153,1
106154,1
106155,2
106156,1
106157,1
106158,1
106159,1
106160,1
106161,1
106162,1
106163,1
106164,1
106165,1
106166,2
106167,1
106168,1
106169,2
106170,1
106171,1
106172,2
106173,1
106174,1
106175,1
106176,1
106177,1
106178,1
106179,1
106180,1
106181,1
106182,1
106183,1
106184,1
106185,1
106186,1
106187,1
106188,1
106189,1
106190,1
106191,1
106192,1
106193,1
106194,1
106195,1
106196,1
106197,3
106198,1
106199,1
106200,1
106201,1
106202,1
106203,1
106204,1
106205,1
106206,1
106207,1
106208,1
106209,1
106210,1
106211,1
106212,1
106213,1
106214,1
106215,1
106216,1
106217,1
106218,1
106219,1
106220,1
106221,1
106222,1
106223,1
106224,1
106225,1
106226,1
106227,1
106228,2
106229,1
106230,1
106231,1
106232,2
106233,1
106234,1
106235,2
106236,2
106237,2
106238,1
106239,1
106240,1
106241,1
106242,1
106243,1
106244,1
106245,1
106246,1
106247,1
106248,1
106249,1
106250,1
106251,1
106252,1
106253,1
106254,1
106255,1
106256,1
106257,1
106258,1
106259,1
106260,1
106261,1
106262,3
106263,1
106264,1
106265,1
106266,1
106267,1
106268,1
106269,1
106270,2
106271,1
106272,1
106273,1
106274,1
106275,2
106276,1
106277,1
106278,1
106279,2
106280,1
106281,1
106282,1
106283,1
106284,1
106285,1
106286,1
106287,1
106288,1
106289,1
106290,1
106291,1
106292,1
106293,1
106294,1
106295,1
106296,1
106297,1
106298,1
106299,1
106300,1
106301,1
106302,1
106303,1
106304,1
106305,1
106306,1
106307,1
106308,1
106309,1
106310,1
106311,1
106312,1
106313,1
106314,1
106315,1
106316,1
106317,1
106318,1
106319,1
106320,1
106321,1
106322,1
106323,1
106324,1
106325,1
106326,1
106327,1
106328,1
106329,1
106330,1
106331,1
106332,1
106333,1
106334,2
106335,1
106336,1
106337,1
106338,1
106339,1
106340,1
106341,1
106342,1
106343,1
106344,1
106345,1
106346,1
106347,1
106348,1
106349,1
106350,2
106351,1
106352,3
106353,1
106354,1
106355,1
106356,1
106357,1
106358,1
106359,1
106360,1
106361,1
106362,1
106363,1
106364,1
106365,1
106366,1
106367,1
106368,1
106369,1
106370,1
106371,1
106372,1
106373,1
106374,1
106375,1
106376,2
106377,1
106378,1
106379,1
106380,1
106381,1
106382,2
106383,1
106384,1
106385,1
106386,1
106387,1
106388,1
106389,1
106390,1
106391,1
106392,1
106393,1
106394,1
106395,1
106396,1
106397,1
106398,1
106399,1
106400,1
106401,1
106402,1
106403,1
106404,1
106405,1
106406,1
106407,1
106408,1
106409,1
106410,2
106411,1
106412,1
106413,1
106414,1
106415,2
106416,1
106417,2
106418,2
106419,1
106420,1
106421,1
106422,1
106423,1
106424,1
106425,1
106426,1
106427,1
106428,1
106429,1
106430,1
106431,2
106432,1
106433,1
106434,2
106435,1
106436,2
106437,1
106438,1
106439,1
106440,1
106441,1
106442,1
106443,1
106444,1
106445,1
106446,1
106447,1
106448,1
106449,1
106450,1
106451,1
106452,1
106453,1
106454,1
106455,1
106456,1
106457,1
106458,1
106459,1
106460,1
106461,1
106462,1
106463,1
106464,1
106465,1
106466,1
106467,1
106468,1
106469,1
106470,1
106471,1
106472,1
106473,1
106474,1
106475,1
106476,1
106477,1
106478,1
106479,1
106480,3
106481,1
106482,1
106483,1
106484,1
106485,1
106486,1
106487,1
106488,3
106489,1
106490,1
106491,1
106492,1
106493,1
106494,1
106495,1
106496,1
106497,1
106498,1
106499,1
106500,1
106501,1
106502,1
106503,1
106504,1
106505,2
106506,1
106507,1
106508,1
106509,1
106510,1
106511,1
106512,1
106513,1
106514,1
106515,1
106516,1
106517,2
106518,1
106519,1
106520,1
106521,1
106522,1
106523,1
106524,1
106525,1
106526,1
106527,1
106528,1
106529,1
106530,1
106531,1
106532,1
106533,1
106534,1
106535,2
106536,1
106537,1
106538,1
106539,1
106540,1
106541,1
106542,1
106543,1
106544,1
106545,1
106546,1
106547,1
106548,1
106549,1
106550,1
106551,1
106552,1
106553,1
106554,1
106555,1
106556,1
106557,1
106558,1
106559,1
106560,1
106561,3
106562,1
106563,1
106564,1
106565,1
106566,1
106567,1
106568,1
106569,1
106570,1
106571,1
106572,1
106573,1
106574,1
106575,1
106576,1
106577,1
106578,1
106579,1
106580,1
106581,1
106582,1
106583,1
106584,1
106585,1
106586,1
106587,2
106588,1
106589,1
106590,1
106591,1
106592,1
106593,1
106594,2
106595,1
106596,2
106597,1
106598,2
106599,1
106600,1
106601,1
106602,2
106603,1
106604,1
106605,1
106606,1
106607,1
106608,1
106609,1
106610,1
106611,1
106612,1
106613,1
106614,1
106615,1
106616,1
106617,1
106618,1
106619,1
106620,1
106621,1
106622,1
106623,1
106624,1
106625,1
106626,1
106627,1
106628,1
106629,1
106630,1
106631,1
106632,1
106633,1
106634,1
106635,1
106636,1
106637,1
106638,1
106639,2
106640,1
106641,1
106642,1
106643,1
106644,1
106645,1
106646,2
106647,2
106648,1
106649,3
106650,1
106651,1
106652,1
106653,3
106654,1
106655,1
106656,1
106657,1
106658,1
106659,1
106660,1
106661,1
106662,1
106663,1
106664,1
106665,1
106666,1
106667,1
106668,2
106669,1
106670,1
106671,1
106672,2
106673,3
106674,1
106675,1
106676,1
106677,1
106678,1
106679,1
106680,1
106681,1
106682,2
106683,1
106684,1
106685,1
106686,2
106687,1
106688,1
106689,1
106690,1
106691,1
106692,2
106693,2
106694,1
106695,1
106696,1
106697,1
106698,1
106699,1
106700,1
106701,1
106702,1
106703,1
106704,1
106705,1
106706,1
106707,1
106708,1
106709,1
106710,1
106711,1
106712,1
106713,2
106714,1
106715,1
106716,1
106717,1
106718,1
106719,1
106720,1
106721,1
106722,1
106723,1
106724,1
106725,1
106726,1
106727,2
106728,1
106729,1
106730,2
106731,1
106732,1
106733,1
106734,1
106735,1
106736,1
106737,1
106738,1
106739,1
106740,1
106741,2
106742,1
106743,1
106744,1
106745,2
106746,1
106747,1
106748,1
106749,1
106750,1
106751,1
106752,1
106753,1
106754,1
106755,1
106756,1
106757,1
106758,1
106759,1
106760,1
106761,1
106762,1
106763,1
106764,1
106765,1
106766,1
106767,1
106768,1
106769,1
106770,1
106771,1
106772,1
106773,1
106774,1
106775,1
106776,2
106777,1
106778,1
106779,1
106780,1
106781,1
106782,1
106783,1
106784,1
106785,1
106786,2
106787,1
106788,1
106789,1
106790,1
106791,1
106792,1
106793,1
106794,1
106795,1
106796,1
106797,1
106798,1
106799,1
106800,1
106801,1
106802,1
106803,1
106804,1
106805,1
106806,1
106807,2
106808,1
106809,1
106810,1
106811,1
106812,1
106813,1
106814,1
106815,1
106816,1
106817,1
106818,1
106819,2
106820,1
106821,1
106822,1
106823,1
106824,1
106825,1
106826,1
106827,1
106828,1
106829,1
106830,1
106831,1
106832,1
106833,1
106834,1
106835,1
106836,1
106837,1
106838,1
106839,1
106840,1
106841,1
106842,1
106843,1
106844,1
106845,1
106846,1
106847,1
106848,1
106849,1
106850,1
106851,1
106852,1
106853,1
106854,1
106855,1
106856,1
106857,1
106858,1
106859,1
106860,1
106861,1
106862,1
106863,1
106864,2
106865,1
106866,1
106867,1
106868,1
106869,2
106870,1
106871,1
106872,1
106873,1
106874,2
106875,1
106876,1
106877,1
106878,1
106879,1
106880,1
106881,1
106882,1
106883,1
106884,1
106885,1
106886,2
106887,2
106888,1
106889,1
106890,2
106891,2
106892,1
106893,1
106894,2
106895,1
106896,2
106897,1
106898,1
106899,1
106900,1
106901,2
106902,1
106903,1
106904,1
106905,1
106906,1
106907,1
106908,1
106909,1
106910,1
106911,1
106912,1
106913,1
106914,1
106915,1
106916,1
106917,1
106918,1
106919,1
106920,1
106921,1
106922,1
106923,1
106924,1
106925,1
106926,1
106927,1
106928,1
106929,1
106930,1
106931,1
106932,1
106933,1
106934,1
106935,1
106936,1
106937,1
106938,1
106939,1
106940,1
106941,1
106942,1
106943,1
106944,1
106945,1
106946,1
106947,1
106948,1
106949,1
106950,1
106951,1
106952,1
106953,1
106954,1
106955,2
106956,1
106957,1
106958,1
106959,1
106960,1
106961,1
106962,1
106963,2
106964,2
106965,2
106966,1
106967,1
106968,1
106969,2
106970,1
106971,1
106972,1
106973,1
106974,2
106975,2
106976,1
106977,2
106978,1
106979,1
106980,1
106981,2
106982,1
106983,1
106984,1
106985,1
106986,1
106987,1
106988,1
106989,1
106990,1
106991,1
106992,1
106993,1
106994,1
106995,1
106996,1
106997,1
106998,1
106999,1
107000,1
107001,1
107002,1
107003,1
107004,1
107005,1
107006,1
107007,1
107008,1
107009,1
107010,1
107011,1
107012,1
107013,1
107014,1
107015,1
107016,1
107017,1
107018,1
107019,1
107020,1
107021,1
107022,1
107023,1
107024,1
107025,1
107026,1
107027,1
107028,1
107029,1
107030,1
107031,1
107032,1
107033,2
107034,1
107035,1
107036,2
107037,1
107038,1
107039,1
107040,1
107041,1
107042,1
107043,1
107044,1
107045,2
107046,2
107047,1
107048,2
107049,1
107050,1
107051,1
107052,1
107053,2
107054,1
107055,1
107056,1
107057,1
107058,1
107059,1
107060,1
107061,1
107062,1
107063,1
107064,1
107065,1
107066,1
107067,1
107068,1
107069,1
107070,1
107071,1
107072,1
107073,3
107074,1
107075,1
107076,2
107077,1
107078,1
107079,1
107080,1
107081,1
107082,1
107083,1
107084,1
107085,1
107086,1
107087,1
107088,1
107089,1
107090,1
107091,1
107092,1
107093,1
107094,1
107095,2
107096,1
107097,1
107098,1
107099,1
107100,2
107101,1
107102,1
107103,1
107104,1
107105,1
107106,1
107107,1
107108,1
107109,1
107110,1
107111,1
107112,1
107113,1
107114,1
107115,3
107116,1
107117,1
107118,3
107119,3
107120,1
107121,3
107122,1
107123,1
107124,1
107125,1
107126,1
107127,1
107128,1
107129,1
107130,1
107131,1
107132,1
107133,1
107134,2
107135,1
107136,1
107137,1
107138,1
107139,1
107140,1
107141,2
107142,2
107143,1
107144,2
107145,1
107146,1
107147,1
107148,1
107149,1
107150,1
107151,1
107152,1
107153,2
107154,1
107155,1
107156,2
107157,2
107158,2
107159,1
107160,1
107161,1
107162,1
107163,1
107164,1
107165,1
107166,1
107167,1
107168,1
107169,1
107170,1
107171,1
107172,1
107173,1
107174,1
107175,1
107176,1
107177,1
107178,1
107179,1
107180,1
107181,1
107182,1
107183,1
107184,1
107185,1
107186,1
107187,1
107188,1
107189,1
107190,1
107191,2
107192,1
107193,1
107194,1
107195,1
107196,1
107197,1
107198,2
107199,1
107200,2
107201,1
107202,1
107203,1
107204,2
107205,1
107206,1
107207,1
107208,1
107209,1
107210,1
107211,1
107212,1
107213,1
107214,1
107215,2
107216,1
107217,2
107218,1
107219,1
107220,1
107221,1
107222,1
107223,1
107224,1
107225,1
107226,1
107227,1
107228,1
107229,2
107230,1
107231,1
107232,1
107233,1
107234,1
107235,1
107236,1
107237,1
107238,1
107239,1
107240,1
107241,1
107242,1
107243,1
107244,1
107245,1
107246,1
107247,1
107248,1
107249,1
107250,1
107251,1
107252,1
107253,1
107254,1
107255,1
107256,1
107257,1
107258,1
107259,1
107260,1
107261,1
107262,1
107263,1
107264,2
107265,1
107266,1
107267,1
107268,1
107269,1
107270,1
107271,1
107272,1
107273,1
107274,1
107275,1
107276,1
107277,1
107278,1
107279,2
107280,1
107281,1
107282,1
107283,1
107284,1
107285,1
107286,1
107287,2
107288,1
107289,1
107290,1
107291,1
107292,1
107293,1
107294,2
107295,1
107296,1
107297,2
107298,1
107299,1
107300,1
107301,2
107302,1
107303,1
107304,1
107305,1
107306,1
107307,1
107308,1
107309,1
107310,1
107311,1
107312,1
107313,1
107314,1
107315,1
107316,1
107317,1
107318,1
107319,1
107320,1
107321,1
107322,1
107323,1
107324,1
107325,1
107326,1
107327,1
107328,1
107329,1
107330,1
107331,1
107332,1
107333,1
107334,1
107335,2
107336,1
107337,1
107338,1
107339,1
107340,1
107341,1
107342,1
107343,1
107344,1
107345,1
107346,1
107347,1
107348,1
107349,1
107350,1
107351,1
107352,1
107353,2
107354,1
107355,2
107356,2
107357,1
107358,1
107359,1
107360,2
107361,1
107362,1
107363,1
107364,1
107365,1
107366,1
107367,2
107368,1
107369,1
107370,1
107371,1
107372,1
107373,1
107374,1
107375,1
107376,1
107377,1
107378,1
107379,1
107380,1
107381,1
107382,1
107383,1
107384,1
107385,1
107386,2
107387,1
107388,1
107389,1
107390,1
107391,1
107392,3
107393,1
107394,1
107395,1
107396,1
107397,1
107398,1
107399,1
107400,1
107401,1
107402,1
107403,1
107404,2
107405,1
107406,1
107407,1
107408,1
107409,1
107410,1
107411,1
107412,1
107413,1
107414,1
107415,2
107416,1
107417,1
107418,1
107419,1
107420,1
107421,1
107422,1
107423,1
107424,2
107425,1
107426,1
107427,1
107428,2
107429,2
107430,1
107431,1
107432,1
107433,1
107434,1
107435,1
107436,1
107437,1
107438,1
107439,1
107440,1
107441,1
107442,1
107443,1
107444,1
107445,1
107446,1
107447,1
107448,1
107449,1
107450,1
107451,1
107452,1
107453,1
107454,1
107455,1
107456,1
107457,1
107458,1
107459,1
107460,1
107461,1
107462,1
107463,1
107464,1
107465,1
107466,1
107467,1
107468,1
107469,1
107470,1
107471,1
107472,1
107473,1
107474,1
107475,1
107476,1
107477,1
107478,1
107479,1
107480,1
107481,2
107482,1
107483,1
107484,1
107485,1
107486,1
107487,1
107488,1
107489,1
107490,1
107491,2
107492,1
107493,1
107494,1
107495,2
107496,1
107497,2
107498,1
107499,1
107500,1
107501,1
107502,1
107503,1
107504,1
107505,1
107506,2
107507,1
107508,2
107509,1
107510,1
107511,1
107512,1
107513,1
107514,1
107515,1
107516,1
107517,1
107518,1
107519,1
107520,1
107521,1
107522,1
107523,1
107524,1
107525,1
107526,1
107527,1
107528,1
107529,1
107530,1
107531,1
107532,1
107533,3
107534,1
107535,1
107536,1
107537,1
107538,2
107539,1
107540,1
107541,1
107542,1
107543,1
107544,1
107545,1
107546,2
107547,1
107548,1
107549,1
107550,1
107551,1
107552,1
107553,2
107554,1
107555,2
107556,1
107557,2
107558,1
107559,1
107560,1
107561,1
107562,1
107563,1
107564,1
107565,1
107566,2
107567,1
107568,1
107569,2
107570,1
107571,1
107572,1
107573,1
107574,1
107575,1
107576,1
107577,1
107578,1
107579,1
107580,1
107581,1
107582,1
107583,1
107584,1
107585,1
107586,1
107587,1
107588,1
107589,1
107590,1
107591,1
107592,1
107593,1
107594,1
107595,3
107596,1
107597,1
107598,1
107599,1
107600,2
107601,1
107602,1
107603,1
107604,1
107605,1
107606,1
107607,3
107608,1
107609,1
107610,1
107611,1
107612,1
107613,1
107614,1
107615,1
107616,1
107617,1
107618,2
107619,2
107620,1
107621,1
107622,1
107623,1
107624,1
107625,1
107626,1
107627,1
107628,2
107629,3
107630,1
107631,1
107632,2
107633,2
107634,2
107635,1
107636,1
107637,2
107638,1
107639,1
107640,1
107641,1
107642,1
107643,1
107644,1
107645,1
107646,1
107647,1
107648,1
107649,1
107650,1
107651,1
107652,1
107653,1
107654,1
107655,1
107656,1
107657,1
107658,1
107659,1
107660,1
107661,1
107662,1
107663,1
107664,3
107665,1
107666,1
107667,1
107668,1
107669,1
107670,1
107671,1
107672,1
107673,1
107674,1
107675,1
107676,1
107677,1
107678,1
107679,1
107680,1
107681,2
107682,1
107683,1
107684,1
107685,1
107686,1
107687,1
107688,1
107689,1
107690,1
107691,1
107692,1
107693,1
107694,1
107695,1
107696,1
107697,1
107698,1
107699,1
107700,1
107701,1
107702,1
107703,1
107704,1
107705,1
107706,1
107707,1
107708,1
107709,1
107710,1
107711,1
107712,1
107713,1
107714,1
107715,1
107716,1
107717,1
107718,1
107719,1
107720,1
107721,1
107722,1
107723,1
107724,1
107725,1
107726,1
107727,1
107728,1
107729,1
107730,1
107731,1
107732,1
107733,1
107734,1
107735,1
107736,2
107737,1
107738,1
107739,1
107740,1
107741,1
107742,1
107743,1
107744,1
107745,1
107746,1
107747,2
107748,1
107749,1
107750,1
107751,1
107752,1
107753,1
107754,1
107755,1
107756,1
107757,1
107758,1
107759,1
107760,1
107761,1
107762,1
107763,1
107764,1
107765,1
107766,1
107767,1
107768,1
107769,1
107770,1
107771,1
107772,2
107773,1
107774,1
107775,1
107776,1
107777,1
107778,2
107779,2
107780,1
107781,1
107782,1
107783,1
107784,3
107785,1
107786,1
107787,1
107788,1
107789,1
107790,1
107791,1
107792,1
107793,1
107794,1
107795,1
107796,1
107797,1
107798,1
107799,2
107800,1
107801,1
107802,1
107803,1
107804,1
107805,2
107806,1
107807,1
107808,2
107809,1
107810,1
107811,1
107812,1
107813,2
107814,1
107815,1
107816,1
107817,1
107818,1
107819,1
107820,1
107821,1
107822,1
107823,1
107824,1
107825,1
107826,1
107827,1
107828,1
107829,1
107830,1
107831,1
107832,1
107833,1
107834,1
107835,1
107836,1
107837,1
107838,1
107839,1
107840,1
107841,1
107842,1
107843,1
107844,3
107845,1
107846,1
107847,1
107848,1
107849,1
107850,1
107851,1
107852,1
107853,1
107854,1
107855,1
107856,1
107857,2
107858,1
107859,1
107860,1
107861,2
107862,1
107863,2
107864,1
107865,2
107866,1
107867,1
107868,1
107869,1
107870,1
107871,1
107872,1
107873,1
107874,1
107875,1
107876,1
107877,1
107878,1
107879,1
107880,1
107881,1
107882,1
107883,1
107884,1
107885,1
107886,1
107887,1
107888,1
107889,1
107890,3
107891,1
107892,1
107893,1
107894,1
107895,1
107896,3
107897,1
107898,1
107899,1
107900,1
107901,1
107902,1
107903,1
107904,1
107905,2
107906,1
107907,1
107908,1
107909,1
107910,1
107911,1
107912,1
107913,1
107914,1
107915,1
107916,1
107917,1
107918,2
107919,1
107920,1
107921,1
107922,1
107923,2
107924,1
107925,2
107926,2
107927,1
107928,1
107929,2
107930,2
107931,1
107932,2
107933,1
107934,1
107935,1
107936,1
107937,1
107938,1
107939,1
107940,1
107941,1
107942,1
107943,1
107944,1
107945,2
107946,1
107947,1
107948,1
107949,1
107950,1
107951,1
107952,1
107953,1
107954,1
107955,1
107956,1
107957,1
107958,1
107959,1
107960,1
107961,1
107962,1
107963,1
107964,1
107965,1
107966,1
107967,1
107968,1
107969,1
107970,1
107971,1
107972,1
107973,1
107974,1
107975,1
107976,1
107977,1
107978,2
107979,1
107980,1
107981,1
107982,1
107983,1
107984,1
107985,1
107986,1
107987,1
107988,1
107989,1
107990,1
107991,1
107992,1
107993,1
107994,1
107995,1
107996,1
107997,2
107998,2
107999,1
108000,2
108001,1
108002,1
108003,1
108004,1
108005,1
108006,2
108007,1
108008,1
108009,1
108010,1
108011,1
108012,1
108013,1
108014,1
108015,1
108016,1
108017,1
108018,2
108019,1
108020,1
108021,1
108022,1
108023,1
108024,1
108025,1
108026,1
108027,1
108028,1
108029,1
108030,1
108031,1
108032,1
108033,1
108034,1
108035,1
108036,1
108037,1
108038,1
108039,1
108040,1
108041,1
108042,1
108043,1
108044,1
108045,1
108046,1
108047,1
108048,1
108049,1
108050,1
108051,1
108052,1
108053,1
108054,1
108055,3
108056,2
108057,1
108058,1
108059,1
108060,1
108061,1
108062,1
108063,1
108064,1
108065,1
108066,1
108067,1
108068,2
108069,1
108070,1
108071,1
108072,1
108073,1
108074,2
108075,1
108076,1
108077,1
108078,1
108079,1
108080,2
108081,2
108082,2
108083,1
108084,1
108085,1
108086,1
108087,1
108088,1
108089,1
108090,1
108091,2
108092,2
108093,1
108094,1
108095,1
108096,1
108097,1
108098,1
108099,1
108100,1
108101,1
108102,1
108103,1
108104,1
108105,1
108106,1
108107,1
108108,1
108109,1
108110,1
108111,1
108112,1
108113,1
108114,2
108115,1
108116,1
108117,2
108118,1
108119,1
108120,1
108121,2
108122,1
108123,1
108124,1
108125,2
108126,2
108127,1
108128,1
108129,1
108130,1
108131,1
108132,2
108133,2
108134,1
108135,1
108136,2
108137,1
108138,1
108139,1
108140,1
108141,1
108142,1
108143,1
108144,1
108145,1
108146,1
108147,1
108148,1
108149,1
108150,1
108151,1
108152,1
108153,1
108154,1
108155,1
108156,1
108157,1
108158,1
108159,1
108160,1
108161,1
108162,1
108163,1
108164,3
108165,1
108166,1
108167,3
108168,1
108169,1
108170,1
108171,1
108172,1
108173,1
108174,1
108175,1
108176,1
108177,1
108178,1
108179,1
108180,1
108181,1
108182,2
108183,1
108184,1
108185,1
108186,1
108187,1
108188,2
108189,1
108190,1
108191,1
108192,1
108193,1
108194,1
108195,2
108196,2
108197,2
108198,1
108199,1
108200,1
108201,1
108202,1
108203,1
108204,1
108205,1
108206,1
108207,1
108208,1
108209,1
108210,1
108211,1
108212,1
108213,1
108214,1
108215,1
108216,1
108217,1
108218,1
108219,1
108220,1
108221,1
108222,1
108223,1
108224,1
108225,1
108226,1
108227,1
108228,1
108229,1
108230,1
108231,1
108232,1
108233,2
108234,1
108235,1
108236,1
108237,1
108238,1
108239,1
108240,1
108241,2
108242,1
108243,1
108244,1
108245,1
108246,1
108247,1
108248,1
108249,1
108250,1
108251,1
108252,1
108253,1
108254,1
108255,1
108256,1
108257,1
108258,1
108259,1
108260,1
108261,1
108262,1
108263,1
108264,1
108265,1
108266,1
108267,1
108268,3
108269,1
108270,3
108271,1
108272,1
108273,1
108274,1
108275,1
108276,1
108277,1
108278,1
108279,1
108280,1
108281,1
108282,1
108283,1
108284,1
108285,1
108286,1
108287,1
108288,1
108289,1
108290,1
108291,1
108292,1
108293,1
108294,2
108295,1
108296,1
108297,2
108298,1
108299,1
108300,1
108301,1
108302,1
108303,1
108304,1
108305,1
108306,1
108307,1
108308,1
108309,1
108310,1
108311,1
108312,1
108313,1
108314,1
108315,1
108316,1
108317,1
108318,1
108319,1
108320,1
108321,1
108322,1
108323,1
108324,1
108325,1
108326,1
108327,1
108328,1
108329,1
108330,1
108331,1
108332,1
108333,1
108334,1
108335,1
108336,1
108337,3
108338,1
108339,1
108340,3
108341,1
108342,1
108343,1
108344,1
108345,1
108346,1
108347,1
108348,1
108349,1
108350,1
108351,1
108352,1
108353,1
108354,1
108355,1
108356,1
108357,1
108358,1
108359,1
108360,1
108361,1
108362,1
108363,1
108364,1
108365,1
108366,1
108367,1
108368,1
108369,2
108370,2
108371,1
108372,1
108373,1
108374,1
108375,1
108376,3
108377,1
108378,3
108379,1
108380,1
108381,1
108382,1
108383,1
108384,1
108385,1
108386,1
108387,1
108388,1
108389,1
108390,1
108391,1
108392,1
108393,1
108394,1
108395,1
108396,1
108397,1
108398,1
108399,1
108400,1
108401,1
108402,1
108403,1
108404,1
108405,1
108406,1
108407,1
108408,1
108409,1
108410,1
108411,1
108412,2
108413,1
108414,1
108415,1
108416,1
108417,2
108418,2
108419,1
108420,1
108421,1
108422,1
108423,1
108424,1
108425,1
108426,1
108427,2
108428,1
108429,1
108430,2
108431,1
108432,1
108433,1
108434,1
108435,1
108436,1
108437,1
108438,1
108439,1
108440,1
108441,1
108442,1
108443,1
108444,1
108445,1
108446,1
108447,1
108448,1
108449,1
108450,1
108451,1
108452,1
108453,1
108454,1
108455,1
108456,1
108457,1
108458,1
108459,1
108460,1
108461,1
108462,1
108463,1
108464,1
108465,1
108466,1
108467,1
108468,1
108469,1
108470,1
108471,1
108472,1
108473,1
108474,1
108475,2
108476,1
108477,1
108478,1
108479,1
108480,1
108481,1
108482,1
108483,1
108484,1
108485,1
108486,2
108487,2
108488,1
108489,2
108490,1
108491,1
108492,2
108493,1
108494,2
108495,1
108496,2
108497,1
108498,1
108499,1
108500,1
108501,1
108502,1
108503,1
108504,1
108505,1
108506,1
108507,1
108508,1
108509,1
108510,1
108511,1
108512,1
108513,1
108514,1
108515,1
108516,1
108517,1
108518,1
108519,1
108520,1
108521,1
108522,1
108523,1
108524,1
108525,1
108526,1
108527,3
108528,1
108529,1
108530,1
108531,1
108532,1
108533,1
108534,1
108535,1
108536,2
108537,1
108538,2
108539,1
108540,1
108541,1
108542,1
108543,1
108544,1
108545,1
108546,1
108547,1
108548,1
108549,1
108550,2
108551,1
108552,1
108553,1
108554,1
108555,1
108556,1
108557,1
108558,1
108559,1
108560,1
108561,1
108562,1
108563,1
108564,1
108565,1
108566,1
108567,1
108568,1
108569,1
108570,1
108571,1
108572,1
108573,1
108574,1
108575,1
108576,1
108577,1
108578,1
108579,1
108580,1
108581,1
108582,1
108583,1
108584,1
108585,2
108586,1
108587,1
108588,1
108589,1
108590,1
108591,1
108592,2
108593,1
108594,1
108595,1
108596,1
108597,1
108598,1
108599,1
108600,2
108601,1
108602,1
108603,1
108604,2
108605,1
108606,1
108607,1
108608,1
108609,1
108610,1
108611,2
108612,1
108613,1
108614,1
108615,1
108616,1
108617,1
108618,1
108619,1
108620,1
108621,1
108622,1
108623,1
108624,1
108625,1
108626,1
108627,1
108628,1
108629,1
108630,1
108631,1
108632,1
108633,1
108634,1
108635,1
108636,1
108637,1
108638,1
108639,1
108640,1
108641,1
108642,1
108643,1
108644,3
108645,1
108646,1
108647,1
108648,1
108649,1
108650,2
108651,1
108652,1
108653,1
108654,1
108655,1
108656,1
108657,1
108658,1
108659,1
108660,1
108661,1
108662,1
108663,1
108664,2
108665,2
108666,1
108667,1
108668,1
108669,1
108670,2
108671,1
108672,1
108673,1
108674,1
108675,2
108676,1
108677,2
108678,1
108679,1
108680,1
108681,1
108682,1
108683,1
108684,1
108685,1
108686,1
108687,1
108688,1
108689,1
108690,1
108691,1
108692,1
108693,1
108694,1
108695,1
108696,1
108697,1
108698,1
108699,2
108700,1
108701,1
108702,2
108703,1
108704,2
108705,2
108706,1
108707,1
108708,1
108709,2
108710,1
108711,1
108712,1
108713,1
108714,1
108715,1
108716,1
108717,2
108718,1
108719,1
108720,1
108721,2
108722,1
108723,1
108724,1
108725,1
108726,1
108727,1
108728,1
108729,1
108730,1
108731,1
108732,1
108733,1
108734,1
108735,1
108736,1
108737,1
108738,1
108739,1
108740,1
108741,1
108742,1
108743,1
108744,1
108745,1
108746,1
108747,3
108748,3
108749,1
108750,1
108751,2
108752,1
108753,1
108754,1
108755,1
108756,1
108757,1
108758,2
108759,1
108760,1
108761,1
108762,2
108763,1
108764,1
108765,1
108766,2
108767,1
108768,1
108769,1
108770,1
108771,1
108772,1
108773,2
108774,1
108775,1
108776,1
108777,1
108778,1
108779,1
108780,1
108781,1
108782,2
108783,1
108784,1
108785,1
108786,1
108787,1
108788,1
108789,1
108790,1
108791,1
108792,1
108793,1
108794,1
108795,1
108796,1
108797,1
108798,1
108799,1
108800,1
108801,1
108802,1
108803,1
108804,1
108805,1
108806,1
108807,1
108808,1
108809,1
108810,1
108811,1
108812,1
108813,2
108814,1
108815,2
108816,1
108817,1
108818,1
108819,1
108820,1
108821,1
108822,1
108823,1
108824,1
108825,1
108826,1
108827,1
108828,1
108829,1
108830,1
108831,1
108832,1
108833,1
108834,1
108835,1
108836,1
108837,1
108838,1
108839,1
108840,1
108841,1
108842,1
108843,1
108844,1
108845,1
108846,1
108847,1
108848,1
108849,1
108850,1
108851,1
108852,1
108853,1
108854,1
108855,3
108856,1
108857,1
108858,1
108859,1
108860,1
108861,1
108862,1
108863,1
108864,1
108865,1
108866,3
108867,2
108868,1
108869,1
108870,1
108871,1
108872,1
108873,1
108874,1
108875,1
108876,1
108877,2
108878,1
108879,1
108880,1
108881,1
108882,1
108883,2
108884,1
108885,1
108886,1
108887,1
108888,1
108889,1
108890,1
108891,2
108892,1
108893,1
108894,1
108895,1
108896,1
108897,1
108898,1
108899,1
108900,1
108901,1
108902,1
108903,1
108904,1
108905,1
108906,1
108907,1
108908,1
108909,1
108910,1
108911,1
108912,2
108913,1
108914,1
108915,1
108916,1
108917,1
108918,3
108919,1
108920,1
108921,1
108922,2
108923,1
108924,1
108925,1
108926,2
108927,1
108928,2
108929,1
108930,1
108931,1
108932,1
108933,1
108934,2
108935,1
108936,1
108937,1
108938,1
108939,2
108940,1
108941,1
108942,2
108943,2
108944,1
108945,2
108946,1
108947,1
108948,1
108949,1
108950,1
108951,1
108952,1
108953,1
108954,1
108955,1
108956,1
108957,1
108958,1
108959,1
108960,1
108961,1
108962,1
108963,1
108964,1
108965,1
108966,1
108967,1
108968,1
108969,1
108970,1
108971,1
108972,1
108973,1
108974,2
108975,1
108976,1
108977,2
108978,2
108979,2
108980,1
108981,1
108982,1
108983,1
108984,1
108985,1
108986,1
108987,1
108988,1
108989,1
108990,1
108991,1
108992,1
108993,1
108994,1
108995,1
108996,1
108997,1
108998,1
108999,1
109000,2
109001,1
109002,2
109003,1
109004,1
109005,1
109006,1
109007,1
109008,1
109009,1
109010,1
109011,1
109012,1
109013,1
109014,1
109015,1
109016,1
109017,1
109018,1
109019,1
109020,1
109021,1
109022,3
109023,1
109024,1
109025,1
109026,1
109027,1
109028,1
109029,2
109030,1
109031,1
109032,2
109033,1
109034,1
109035,2
109036,1
109037,1
109038,1
109039,2
109040,1
109041,1
109042,2
109043,1
109044,1
109045,1
109046,1
109047,1
109048,2
109049,1
109050,1
109051,1
109052,1
109053,1
109054,1
109055,2
109056,1
109057,1
109058,2
109059,1
109060,1
109061,1
109062,1
109063,1
109064,1
109065,1
109066,1
109067,1
109068,1
109069,1
109070,1
109071,1
109072,1
109073,1
109074,1
109075,1
109076,1
109077,1
109078,1
109079,1
109080,1
109081,1
109082,1
109083,1
109084,1
109085,1
109086,1
109087,1
109088,1
109089,1
109090,1
109091,1
109092,1
109093,1
109094,1
109095,1
109096,1
109097,1
109098,1
109099,1
109100,2
109101,1
109102,1
109103,2
109104,1
109105,2
109106,1
109107,1
109108,1
109109,1
109110,1
109111,1
109112,1
109113,1
109114,1
109115,1
109116,1
109117,1
109118,1
109119,1
109120,1
109121,1
109122,1
109123,1
109124,1
109125,1
109126,1
109127,1
109128,1
109129,1
109130,1
109131,1
109132,1
109133,1
109134,1
109135,1
109136,1
109137,1
109138,1
109139,1
109140,2
109141,2
109142,1
109143,1
109144,1
109145,1
109146,1
109147,1
109148,1
109149,1
109150,2
109151,2
109152,2
109153,1
109154,1
109155,1
109156,2
109157,1
109158,1
109159,1
109160,1
109161,1
109162,1
109163,1
109164,1
109165,2
109166,1
109167,1
109168,1
109169,1
109170,1
109171,1
109172,1
109173,1
109174,2
109175,1
109176,1
109177,1
109178,1
109179,1
109180,1
109181,1
109182,1
109183,1
109184,1
109185,1
109186,1
109187,1
109188,1
109189,1
109190,1
109191,1
109192,1
109193,1
109194,1
109195,1
109196,1
109197,1
109198,1
109199,1
109200,1
109201,1
109202,1
109203,1
109204,1
109205,1
109206,2
109207,1
109208,1
109209,1
109210,1
109211,1
109212,1
109213,1
109214,1
109215,2
109216,1
109217,1
109218,2
109219,1
109220,1
109221,1
109222,2
109223,1
109224,2
109225,1
109226,2
109227,1
109228,1
109229,1
109230,1
109231,1
109232,1
109233,2
109234,1
109235,1
109236,1
109237,1
109238,1
109239,1
109240,1
109241,1
109242,1
109243,1
109244,1
109245,1
109246,1
109247,1
109248,1
109249,1
109250,1
109251,1
109252,1
109253,1
109254,1
109255,1
109256,1
109257,1
109258,1
109259,1
109260,1
109261,1
109262,1
109263,1
109264,1
109265,1
109266,1
109267,3
109268,1
109269,2
109270,2
109271,1
109272,1
109273,2
109274,1
109275,1
109276,1
109277,2
109278,2
109279,2
109280,1
109281,2
109282,1
109283,1
109284,1
109285,2
109286,2
109287,1
109288,1
109289,1
109290,1
109291,2
109292,1
109293,1
109294,1
109295,2
109296,1
109297,1
109298,1
109299,1
109300,1
109301,1
109302,1
109303,1
109304,1
109305,1
109306,1
109307,1
109308,1
109309,1
109310,1
109311,1
109312,1
109313,1
109314,1
109315,1
109316,1
109317,1
109318,3
109319,1
109320,1
109321,1
109322,1
109323,1
109324,1
109325,2
109326,2
109327,2
109328,1
109329,1
109330,1
109331,1
109332,1
109333,1
109334,1
109335,1
109336,1
109337,1
109338,2
109339,2
109340,1
109341,1
109342,1
109343,1
109344,1
109345,1
109346,1
109347,1
109348,1
109349,1
109350,1
109351,1
109352,1
109353,1
109354,2
109355,1
109356,1
109357,1
109358,1
109359,1
109360,1
109361,1
109362,1
109363,1
109364,1
109365,1
109366,1
109367,1
109368,1
109369,1
109370,1
109371,1
109372,1
109373,1
109374,1
109375,1
109376,1
109377,1
109378,1
109379,1
109380,1
109381,1
109382,1
109383,1
109384,1
109385,1
109386,1
109387,1
109388,1
109389,1
109390,1
109391,1
109392,1
109393,1
109394,1
109395,1
109396,1
109397,1
109398,1
109399,1
109400,1
109401,2
109402,1
109403,1
109404,1
109405,1
109406,1
109407,2
109408,1
109409,1
109410,1
109411,1
109412,1
109413,1
109414,1
109415,1
109416,1
109417,1
109418,1
109419,1
109420,1
109421,1
109422,1
109423,1
109424,1
109425,1
109426,1
109427,1
109428,2
109429,3
109430,2
109431,3
109432,1
109433,1
109434,2
109435,1
109436,1
109437,1
109438,1
109439,1
109440,1
109441,1
109442,2
109443,2
109444,1
109445,1
109446,1
109447,1
109448,2
109449,2
109450,1
109451,1
109452,1
109453,2
109454,1
109455,2
109456,1
109457,2
109458,1
109459,2
109460,1
109461,2
109462,1
109463,1
109464,1
109465,1
109466,1
109467,1
109468,1
109469,2
109470,1
109471,2
109472,1
109473,1
109474,1
109475,1
109476,1
109477,1
109478,1
109479,1
109480,1
109481,1
109482,1
109483,1
109484,1
109485,1
109486,1
109487,1
109488,1
109489,1
109490,1
109491,1
109492,1
109493,1
109494,1
109495,3
109496,1
109497,2
109498,1
109499,1
109500,3
109501,1
109502,2
109503,1
109504,1
109505,1
109506,1
109507,1
109508,1
109509,1
109510,1
109511,1
109512,1
109513,1
109514,1
109515,2
109516,1
109517,2
109518,1
109519,1
109520,1
109521,1
109522,1
109523,1
109524,1
109525,1
109526,1
109527,1
109528,1
109529,1
109530,1
109531,1
109532,1
109533,1
109534,1
109535,1
109536,1
109537,1
109538,1
109539,1
109540,1
109541,1
109542,1
109543,1
109544,1
109545,1
109546,2
109547,1
109548,1
109549,1
109550,1
109551,1
109552,1
109553,1
109554,1
109555,1
109556,2
109557,1
109558,2
109559,1
109560,1
109561,2
109562,1
109563,1
109564,1
109565,1
109566,1
109567,1
109568,1
109569,1
109570,1
109571,1
109572,1
109573,1
109574,1
109575,1
109576,1
109577,1
109578,1
109579,1
109580,1
109581,1
109582,3
109583,1
109584,1
109585,1
109586,1
109587,1
109588,1
109589,1
109590,1
109591,1
109592,1
109593,1
109594,1
109595,1
109596,1
109597,1
109598,1
109599,1
109600,1
109601,1
109602,1
109603,1
109604,1
109605,1
109606,1
109607,1
109608,1
109609,1
109610,1
109611,1
109612,1
109613,1
109614,2
109615,1
109616,1
109617,1
109618,1
109619,1
109620,2
109621,1
109622,1
109623,1
109624,1
109625,1
109626,1
109627,1
109628,1
109629,1
109630,1
109631,1
109632,1
109633,1
109634,1
109635,1
109636,1
109637,1
109638,1
109639,1
109640,1
109641,1
109642,1
109643,1
109644,1
109645,1
109646,2
109647,2
109648,2
109649,2
109650,1
109651,1
109652,1
109653,1
109654,1
109655,1
109656,1
109657,1
109658,1
109659,1
109660,2
109661,2
109662,1
109663,2
109664,2
109665,1
109666,1
109667,1
109668,1
109669,1
109670,1
109671,1
109672,2
109673,1
109674,1
109675,1
109676,1
109677,1
109678,1
109679,1
109680,1
109681,1
109682,1
109683,1
109684,1
109685,1
109686,1
109687,1
109688,1
109689,1
109690,1
109691,1
109692,1
109693,1
109694,1
109695,1
109696,1
109697,1
109698,1
109699,1
109700,1
109701,1
109702,1
109703,1
109704,1
109705,1
109706,1
109707,1
109708,2
109709,1
109710,1
109711,1
109712,1
109713,1
109714,1
109715,1
109716,1
109717,1
109718,1
109719,1
109720,1
109721,2
109722,1
109723,1
109724,1
109725,1
109726,1
109727,1
109728,1
109729,1
109730,1
109731,1
109732,1
109733,1
109734,1
109735,1
109736,1
109737,1
109738,1
109739,1
109740,1
109741,1
109742,1
109743,1
109744,1
109745,1
109746,1
109747,1
109748,1
109749,1
109750,1
109751,1
109752,1
109753,1
109754,1
109755,1
109756,1
109757,2
109758,2
109759,1
109760,1
109761,1
109762,1
109763,1
109764,1
109765,1
109766,1
109767,1
109768,1
109769,1
109770,1
109771,1
109772,1
109773,1
109774,1
109775,1
109776,1
109777,1
109778,1
109779,1
109780,1
109781,1
109782,1
109783,1
109784,1
109785,1
109786,2
109787,1
109788,1
109789,1
109790,1
109791,1
109792,1
109793,1
109794,1
109795,1
109796,1
109797,1
109798,1
109799,1
109800,1
109801,1
109802,3
109803,1
109804,1
109805,2
109806,1
109807,1
109808,3
109809,1
109810,2
109811,1
109812,1
109813,1
109814,1
109815,1
109816,2
109817,1
109818,2
109819,1
109820,1
109821,1
109822,1
109823,1
109824,2
109825,1
109826,1
109827,1
109828,1
109829,1
109830,1
109831,1
109832,1
109833,1
109834,1
109835,1
109836,1
109837,1
109838,1
109839,1
109840,1
109841,1
109842,1
109843,1
109844,2
109845,1
109846,1
109847,1
109848,1
109849,1
109850,1
109851,1
109852,1
109853,1
109854,1
109855,1
109856,1
109857,1
109858,1
109859,1
109860,1
109861,3
109862,1
109863,1
109864,2
109865,1
109866,1
109867,1
109868,1
109869,1
109870,1
109871,1
109872,1
109873,1
109874,1
109875,1
109876,1
109877,1
109878,1
109879,1
109880,2
109881,1
109882,1
109883,1
109884,2
109885,1
109886,2
109887,2
109888,1
109889,1
109890,1
109891,1
109892,1
109893,1
109894,1
109895,1
109896,1
109897,1
109898,1
109899,1
109900,1
109901,1
109902,1
109903,1
109904,1
109905,1
109906,1
109907,1
109908,1
109909,1
109910,1
109911,1
109912,1
109913,1
109914,1
109915,1
109916,1
109917,1
109918,1
109919,1
109920,1
109921,1
109922,2
109923,1
109924,2
109925,1
109926,1
109927,2
109928,1
109929,1
109930,2
109931,1
109932,1
109933,3
109934,1
109935,1
109936,2
109937,1
109938,1
109939,2
109940,1
109941,1
109942,2
109943,1
109944,1
109945,1
109946,1
109947,1
109948,1
109949,1
109950,1
109951,1
109952,1
109953,1
109954,1
109955,1
109956,1
109957,1
109958,1
109959,1
109960,1
109961,1
109962,1
109963,1
109964,2
109965,1
109966,1
109967,1
109968,1
109969,2
109970,1
109971,1
109972,1
109973,1
109974,2
109975,1
109976,1
109977,1
109978,1
109979,1
109980,2
109981,2
109982,1
109983,1
109984,1
109985,1
109986,1
109987,1
109988,1
109989,1
109990,1
109991,2
109992,1
109993,1
109994,2
109995,1
109996,1
109997,1
109998,1
109999,2
110000,1
110001,1
110002,1
110003,1
110004,1
110005,1
110006,1
110007,1
110008,1
110009,1
110010,1
110011,1
110012,1
110013,1
110014,1
110015,1
110016,1
110017,1
110018,1
110019,1
110020,1
110021,1
110022,1
110023,1
110024,1
110025,1
110026,1
110027,1
110028,2
110029,2
110030,1
110031,1
110032,1
110033,1
110034,1
110035,1
110036,1
110037,1
110038,1
110039,1
110040,1
110041,1
110042,1
110043,1
110044,1
110045,1
110046,1
110047,1
110048,1
110049,1
110050,1
110051,1
110052,1
110053,1
110054,1
110055,1
110056,1
110057,1
110058,1
110059,1
110060,1
110061,1
110062,1
110063,1
110064,1
110065,1
110066,1
110067,1
110068,2
110069,1
110070,1
110071,1
110072,1
110073,1
110074,1
110075,1
110076,1
110077,1
110078,2
110079,1
110080,1
110081,1
110082,1
110083,1
110084,1
110085,1
110086,1
110087,1
110088,1
110089,1
110090,1
110091,1
110092,1
110093,1
110094,1
110095,1
110096,1
110097,1
110098,1
110099,2
110100,1
110101,1
110102,1
110103,1
110104,1
110105,2
110106,2
110107,1
110108,1
110109,1
110110,1
110111,1
110112,2
110113,1
110114,1
110115,1
110116,1
110117,1
110118,1
110119,1
110120,1
110121,1
110122,1
110123,1
110124,1
110125,1
110126,1
110127,1
110128,1
110129,1
110130,1
110131,1
110132,1
110133,1
110134,1
110135,1
110136,1
110137,1
110138,1
110139,1
110140,1
110141,1
110142,1
110143,1
110144,1
110145,1
110146,1
110147,1
110148,1
110149,1
110150,1
110151,1
110152,1
110153,2
110154,1
110155,1
110156,1
110157,1
110158,1
110159,1
110160,1
110161,1
110162,1
110163,1
110164,2
110165,2
110166,1
110167,1
110168,1
110169,2
110170,1
110171,2
110172,1
110173,1
110174,1
110175,1
110176,1
110177,1
110178,1
110179,1
110180,1
110181,1
110182,1
110183,1
110184,1
110185,1
110186,1
110187,1
110188,1
110189,1
110190,1
110191,2
110192,1
110193,1
110194,1
110195,1
110196,1
110197,1
110198,1
110199,1
110200,1
110201,1
110202,1
110203,1
110204,2
110205,1
110206,1
110207,1
110208,1
110209,1
110210,1
110211,1
110212,1
110213,1
110214,1
110215,1
110216,1
110217,1
110218,1
110219,1
110220,1
110221,1
110222,1
110223,1
110224,1
110225,1
110226,1
110227,1
110228,1
110229,1
110230,1
110231,1
110232,1
110233,1
110234,1
110235,1
110236,1
110237,1
110238,1
110239,1
110240,1
110241,1
110242,1
110243,1
110244,1
110245,1
110246,2
110247,1
110248,1
110249,1
110250,2
110251,1
110252,1
110253,1
110254,1
110255,2
110256,1
110257,1
110258,1
110259,1
110260,1
110261,1
110262,1
110263,1
110264,1
110265,1
110266,1
110267,1
110268,2
110269,2
110270,1
110271,1
110272,1
110273,1
110274,1
110275,1
110276,1
110277,1
110278,1
110279,1
110280,1
110281,1
110282,1
110283,1
110284,1
110285,1
110286,1
110287,1
110288,1
110289,1
110290,1
110291,1
110292,1
110293,1
110294,1
110295,3
110296,1
110297,1
110298,1
110299,1
110300,1
110301,1
110302,1
110303,1
110304,1
110305,2
110306,1
110307,1
110308,1
110309,1
110310,1
110311,1
110312,1
110313,1
110314,1
110315,1
110316,2
110317,1
110318,2
110319,2
110320,1
110321,1
110322,1
110323,1
110324,1
110325,1
110326,1
110327,1
110328,1
110329,1
110330,1
110331,1
110332,1
110333,1
110334,1
110335,1
110336,1
110337,1
110338,1
110339,1
110340,1
110341,1
110342,1
110343,1
110344,1
110345,1
110346,1
110347,1
110348,1
110349,1
110350,1
110351,1
110352,1
110353,1
110354,2
110355,1
110356,1
110357,1
110358,1
110359,1
110360,1
110361,1
110362,1
110363,1
110364,1
110365,1
110366,1
110367,1
110368,1
110369,2
110370,2
110371,1
110372,2
110373,1
110374,2
110375,1
110376,1
110377,1
110378,1
110379,2
110380,1
110381,1
110382,1
110383,1
110384,2
110385,1
110386,2
110387,1
110388,1
110389,1
110390,1
110391,1
110392,1
110393,2
110394,1
110395,1
110396,1
110397,1
110398,1
110399,1
110400,1
110401,1
110402,1
110403,2
110404,2
110405,2
110406,2
110407,1
110408,2
110409,1
110410,1
110411,1
110412,1
110413,1
110414,1
110415,1
110416,1
110417,1
110418,1
110419,2
110420,1
110421,1
110422,1
110423,1
110424,2
110425,1
110426,1
110427,1
110428,1
110429,1
110430,1
110431,1
110432,1
110433,1
110434,1
110435,1
110436,1
110437,1
110438,1
110439,1
110440,2
110441,1
110442,1
110443,1
110444,1
110445,1
110446,1
110447,1
110448,1
110449,1
110450,1
110451,1
110452,1
110453,1
110454,1
110455,1
110456,1
110457,1
110458,1
110459,1
110460,1
110461,1
110462,1
110463,1
110464,1
110465,1
110466,1
110467,1
110468,1
110469,1
110470,1
110471,1
110472,1
110473,1
110474,1
110475,1
110476,1
110477,1
110478,1
110479,1
110480,1
110481,1
110482,1
110483,1
110484,1
110485,1
110486,1
110487,1
110488,1
110489,1
110490,1
110491,1
110492,1
110493,1
110494,1
110495,1
110496,3
110497,1
110498,1
110499,1
110500,1
110501,1
110502,2
110503,1
110504,1
110505,2
110506,1
110507,1
110508,1
110509,1
110510,2
110511,1
110512,1
110513,1
110514,2
110515,1
110516,1
110517,1
110518,1
110519,1
110520,1
110521,1
110522,1
110523,1
110524,1
110525,1
110526,1
110527,1
110528,1
110529,1
110530,1
110531,1
110532,1
110533,1
110534,1
110535,1
110536,1
110537,1
110538,1
110539,1
110540,1
110541,1
110542,1
110543,1
110544,1
110545,1
110546,1
110547,1
110548,1
110549,1
110550,1
110551,1
110552,1
110553,1
110554,1
110555,1
110556,1
110557,1
110558,1
110559,1
110560,1
110561,1
110562,1
110563,1
110564,1
110565,1
110566,1
110567,1
110568,1
110569,1
110570,1
110571,1
110572,1
110573,1
110574,1
110575,1
110576,1
110577,1
110578,1
110579,1
110580,1
110581,1
110582,1
110583,1
110584,1
110585,1
110586,1
110587,1
110588,1
110589,1
110590,1
110591,1
110592,1
110593,1
110594,1
110595,1
110596,1
110597,1
110598,1
110599,1
110600,2
110601,1
110602,2
110603,1
110604,1
110605,1
110606,1
110607,1
110608,1
110609,1
110610,1
110611,1
110612,1
110613,1
110614,1
110615,1
110616,1
110617,1
110618,1
110619,1
110620,1
110621,1
110622,1
110623,1
110624,1
110625,2
110626,1
110627,1
110628,2
110629,1
110630,1
110631,1
110632,1
110633,1
110634,1
110635,1
110636,1
110637,1
110638,1
110639,1
110640,1
110641,1
110642,1
110643,1
110644,1
110645,1
110646,1
110647,1
110648,3
110649,1
110650,1
110651,2
110652,2
110653,1
110654,2
110655,1
110656,2
110657,1
110658,1
110659,1
110660,2
110661,1
110662,1
110663,1
110664,2
110665,1
110666,1
110667,3
110668,1
110669,1
110670,1
110671,1
110672,1
110673,1
110674,1
110675,1
110676,1
110677,1
110678,1
110679,2
110680,1
110681,1
110682,1
110683,1
110684,2
110685,2
110686,1
110687,1
110688,2
110689,2
110690,1
110691,1
110692,1
110693,1
110694,1
110695,1
110696,1
110697,1
110698,2
110699,2
110700,2
110701,2
110702,1
110703,1
110704,2
110705,2
110706,1
110707,1
110708,1
110709,1
110710,1
110711,1
110712,1
110713,1
110714,1
110715,1
110716,1
110717,2
110718,1
110719,1
110720,2
110721,2
110722,1
110723,2
110724,1
110725,1
110726,1
110727,2
110728,1
110729,2
110730,1
110731,2
110732,1
110733,2
110734,1
110735,2
110736,1
110737,1
110738,1
110739,2
110740,1
110741,1
110742,2
110743,2
110744,1
110745,1
110746,2
110747,1
110748,2
110749,1
110750,1
110751,1
110752,1
110753,1
110754,1
110755,1
110756,1
110757,1
110758,2
110759,1
110760,1
110761,2
110762,1
110763,1
110764,2
110765,1
110766,1
110767,1
110768,1
110769,1
110770,1
110771,2
110772,1
110773,1
110774,1
110775,1
110776,2
110777,1
110778,1
110779,1
110780,1
110781,1
110782,1
110783,2
110784,1
110785,2
110786,1
110787,2
110788,1
110789,1
110790,1
110791,1
110792,1
110793,1
110794,1
110795,1
110796,1
110797,1
110798,1
110799,1
110800,1
110801,1
110802,1
110803,1
110804,1
110805,1
110806,1
110807,1
110808,1
110809,1
110810,1
110811,1
110812,1
110813,1
110814,1
110815,1
110816,1
110817,1
110818,1
110819,1
110820,1
110821,1
110822,1
110823,1
110824,1
110825,1
110826,1
110827,1
110828,1
110829,1
110830,1
110831,1
110832,1
110833,1
110834,1
110835,1
110836,1
110837,1
110838,1
110839,1
110840,1
110841,1
110842,1
110843,1
110844,1
110845,1
110846,1
110847,1
110848,1
110849,1
110850,1
110851,1
110852,1
110853,1
110854,1
110855,1
110856,2
110857,2
110858,4
110859,4
110860,4
110861,4
110862,4
110863,3
110864,3
110865,4
110866,4
110867,4
110868,4
110869,4
110870,4
110871,4
110872,4
110873,1
110874,4
110875,4
110876,4
110877,4
110878,4
110879,4
110880,4
110881,4
110882,4
110883,4
110884,4
110885,3
110886,4
110887,3
110888,4
110889,4
110890,4
110891,4
110892,4
110893,4
110894,4
110895,3
110896,4
110897,3
110898,4
110899,4
110900,4
110901,4
110902,3
110903,4
110904,4
110905,4
110906,4
110907,4
110908,4
110909,4
110910,4
110911,3
110912,1
110913,4
110914,4
110915,4
110916,4
110917,4
110918,1
110919,4
110920,4
110921,4
110922,4
110923,4
110924,4
110925,4
110926,4
110927,4
110928,4
110929,4
110930,4
110931,4
110932,4
110933,4
110934,4
110935,3
110936,1
110937,4
110938,4
110939,4
110940,4
110941,4
110942,4
110943,4
110944,4
110945,4
110946,4
110947,4
110948,4
110949,1
110950,4
110951,4
110952,4
110953,4
110954,4
110955,4
110956,3
110957,4
110958,4
110959,4
110960,4
110961,1
110962,1
110963,1
110964,4
110965,4
110966,4
110967,3
110968,1
110969,4
110970,3
110971,4
110972,4
110973,4
110974,4
110975,3
110976,4
110977,4
110978,4
110979,4
110980,4
110981,4
110982,4
110983,4
110984,4
110985,4
110986,3
110987,4
110988,4
110989,4
110990,3
110991,4
110992,4
110993,4
110994,4
110995,4
110996,3
110997,4
110998,4
110999,3
111000,1
111001,4
111002,4
111003,4
111004,3
111005,4
111006,4
111007,4
111008,3
111009,3
111010,3
111011,4
111012,4
111013,4
111014,4
111015,4
111016,4
111017,4
111018,4
111019,1
111020,4
111021,4
111022,4
111023,4
111024,4
111025,4
111026,1
111027,4
111028,4
111029,4
111030,4
111031,4
111032,3
111033,4
111034,4
111035,4
111036,4
111037,4
111038,4
111039,3
111040,4
111041,1
111042,4
111043,3
111044,4
111045,3
111046,1
111047,3
111048,4
111049,4
111050,4
111051,4
111052,3
111053,4
111054,4
111055,4
111056,4
111057,3
111058,3
111059,3
111060,4
111061,4
111062,4
111063,3
111064,3
111065,1
111066,3
111067,3
111068,4
111069,4
111070,3
111071,3
111072,4
111073,3
111074,4
111075,3
111076,3
111077,4
111078,1
111079,4
111080,4
111081,4
111082,3
111083,1
111084,4
111085,4
111086,1
111087,4
111088,3
111089,4
111090,4
111091,4
111092,4
111093,4
111094,4
111095,4
111096,4
111097,3
111098,4
111099,4
111100,3
111101,1
111102,4
111103,4
111104,3
111105,3
111106,4
111107,3
111108,4
111109,3
111110,4
111111,4
111112,3
111113,4
111114,3
111115,4
111116,4
111117,3
111118,3
111119,4
111120,4
111121,4
111122,4
111123,4
111124,4
111125,4
111126,4
111127,4
111128,4
111129,3
111130,3
111131,3
111132,4
111133,4
111134,4
111135,4
111136,4
111137,4
111138,4
111139,4
111140,4
111141,4
111142,3
111143,1
111144,4
111145,4
111146,4
111147,4
111148,4
111149,4
111150,4
111151,4
111152,4
111153,4
111154,4
111155,4
111156,4
111157,4
111158,4
111159,3
111160,4
111161,4
111162,4
111163,3
111164,4
111165,4
111166,4
111167,3
111168,4
111169,4
111170,4
111171,4
111172,4
111173,4
111174,3
111175,4
111176,4
111177,3
111178,4
111179,4
111180,4
111181,4
111182,4
111183,4
111184,4
111185,4
111186,4
111187,4
111188,4
111189,4
111190,4
111191,4
111192,4
111193,3
111194,4
111195,4
111196,4
111197,4
111198,3
111199,4
111200,3
111201,1
111202,4
111203,4
111204,3
111205,3
111206,1
111207,4
111208,4
111209,4
111210,3
111211,4
111212,4
111213,3
111214,3
111215,1
111216,1
111217,1
111218,4
111219,1
111220,4
111221,3
111222,3
111223,3
111224,4
111225,4
111226,3
111227,4
111228,4
111229,4
111230,4
111231,4
111232,4
111233,4
111234,4
111235,3
111236,4
111237,4
111238,4
111239,4
111240,4
111241,3
111242,4
111243,4
111244,4
111245,4
111246,4
111247,4
111248,4
111249,4
111250,4
111251,4
111252,4
111253,3
111254,4
111255,3
111256,1
111257,4
111258,4
111259,3
111260,4
111261,4
111262,3
111263,4
111264,4
111265,3
111266,4
111267,4
111268,4
111269,4
111270,4
111271,4
111272,4
111273,4
111274,4
111275,4
111276,4
111277,3
111278,4
111279,4
111280,4
111281,4
111282,4
111283,4
111284,4
111285,4
111286,4
111287,3
111288,4
111289,4
111290,4
111291,4
111292,4
111293,4
111294,4
111295,4
111296,4
111297,4
111298,4
111299,4
111300,4
111301,3
111302,4
111303,4
111304,4
111305,4
111306,3
111307,4
111308,4
111309,4
111310,4
111311,4
111312,4
111313,4
111314,1
111315,4
111316,4
111317,4
111318,4
111319,1
111320,3
111321,3
111322,4
111323,4
111324,4
111325,4
111326,4
111327,4
111328,4
111329,4
111330,4
111331,4
111332,4
111333,4
111334,4
111335,1
111336,4
111337,4
111338,4
111339,4
111340,4
111341,4
111342,4
111343,4
111344,4
111345,3
111346,4
111347,3
111348,3
111349,4
111350,4
111351,4
111352,4
111353,4
111354,4
111355,4
111356,4
111357,4
111358,3
111359,1
111360,4
111361,4
111362,4
111363,4
111364,4
111365,4
111366,4
111367,4
111368,4
111369,4
111370,4
111371,4
111372,4
111373,4
111374,4
111375,1
111376,4
111377,3
111378,4
111379,4
111380,4
111381,4
111382,4
111383,3
111384,4
111385,4
111386,4
111387,4
111388,3
111389,1
111390,4
111391,4
111392,4
111393,4
111394,4
111395,4
111396,4
111397,4
111398,4
111399,4
111400,4
111401,4
111402,4
111403,3
111404,4
111405,4
111406,4
111407,4
111408,4
111409,4
111410,4
111411,4
111412,4
111413,4
111414,4
111415,4
111416,3
111417,4
111418,4
111419,4
111420,4
111421,3
111422,3
111423,4
111424,4
111425,4
111426,4
111427,4
111428,1
111429,3
111430,4
111431,1
111432,4
111433,4
111434,4
111435,4
111436,4
111437,4
111438,4
111439,4
111440,4
111441,4
111442,4
111443,4
111444,4
111445,4
111446,4
111447,4
111448,4
111449,4
111450,3
111451,4
111452,4
111453,4
111454,4
111455,4
111456,3
111457,4
111458,4
111459,4
111460,4
111461,4
111462,3
111463,4
111464,4
111465,4
111466,4
111467,4
111468,4
111469,4
111470,4
111471,4
111472,4
111473,4
111474,4
111475,4
111476,4
111477,3
111478,3
111479,4
111480,4
111481,4
111482,4
111483,4
111484,1
111485,4
111486,4
111487,4
111488,4
111489,4
111490,4
111491,3
111492,4
111493,4
111494,4
111495,4
111496,3
111497,4
111498,3
111499,4
111500,4
111501,4
111502,3
111503,4
111504,4
111505,4
111506,4
111507,4
111508,4
111509,4
111510,4
111511,4
111512,4
111513,3
111514,4
111515,4
111516,3
111517,4
111518,4
111519,4
111520,3
111521,3
111522,3
111523,4
111524,4
111525,4
111526,4
111527,4
111528,4
111529,4
111530,4
111531,4
111532,4
111533,4
111534,4
111535,4
111536,4
111537,4
111538,4
111539,4
111540,4
111541,4
111542,4
111543,4
111544,4
111545,4
111546,4
111547,4
111548,4
111549,4
111550,4
111551,1
111552,4
111553,4
111554,4
111555,4
111556,4
111557,4
111558,4
111559,4
111560,4
111561,4
111562,3
111563,4
111564,4
111565,4
111566,3
111567,3
111568,4
111569,4
111570,4
111571,4
111572,4
111573,4
111574,4
111575,4
111576,1
111577,4
111578,4
111579,4
111580,4
111581,4
111582,4
111583,4
111584,4
111585,4
111586,4
111587,4
111588,4
111589,4
111590,4
111591,4
111592,4
111593,4
111594,3
111595,4
111596,4
111597,4
111598,3
111599,4
111600,4
111601,4
111602,4
111603,4
111604,4
111605,4
111606,4
111607,4
111608,4
111609,4
111610,4
111611,4
111612,4
111613,3
111614,4
111615,4
111616,4
111617,4
111618,4
111619,4
111620,4
111621,4
111622,3
111623,4
111624,4
111625,4
111626,4
111627,4
111628,4
111629,4
111630,4
111631,4
111632,4
111633,4
111634,4
111635,4
111636,4
111637,3
111638,4
111639,4
111640,4
111641,4
111642,4
111643,4
111644,4
111645,4
111646,4
111647,4
111648,4
111649,4
111650,4
111651,4
111652,4
111653,4
111654,1
111655,4
111656,4
111657,4
111658,4
111659,4
111660,3
111661,4
111662,4
111663,4
111664,4
111665,4
111666,4
111667,4
111668,4
111669,4
111670,4
111671,4
111672,4
111673,4
111674,4
111675,4
111676,4
111677,4
111678,1
111679,4
111680,4
111681,1
111682,4
111683,4
111684,3
111685,4
111686,1
111687,3
111688,4
111689,4
111690,4
111691,4
111692,4
111693,4
111694,3
111695,3
111696,4
111697,4
111698,4
111699,3
111700,4
111701,4
111702,4
111703,4
111704,3
111705,4
111706,4
111707,4
111708,1
111709,4
111710,4
111711,4
111712,4
111713,4
111714,3
111715,3
111716,4
111717,4
111718,4
111719,4
111720,4
111721,4
111722,4
111723,4
111724,1
111725,4
111726,3
111727,4
111728,4
111729,4
111730,4
111731,1
111732,4
111733,4
111734,4
111735,4
111736,4
111737,4
111738,4
111739,4
111740,4
111741,4
111742,4
111743,4
111744,4
111745,4
111746,1
111747,1
111748,4
111749,4
111750,4
111751,4
111752,4
111753,4
111754,4
111755,4
111756,4
111757,3
111758,4
111759,4
111760,4
111761,4
111762,4
111763,3
111764,4
111765,4
111766,4
111767,4
111768,4
111769,4
111770,4
111771,4
111772,1
111773,4
111774,4
111775,4
111776,4
111777,4
111778,4
111779,1
111780,3
111781,4
111782,4
111783,3
111784,4
111785,4
111786,4
111787,4
111788,4
111789,4
111790,4
111791,4
111792,4
111793,3
111794,4
111795,4
111796,4
111797,4
111798,4
111799,4
111800,4
111801,1
111802,4
111803,4
111804,4
111805,4
111806,4
111807,4
111808,4
111809,4
111810,4
111811,4
111812,4
111813,4
111814,4
111815,4
111816,4
111817,4
111818,3
111819,1
111820,4
111821,4
111822,4
111823,3
111824,4
111825,4
111826,4
111827,3
111828,3
111829,4
111830,4
111831,4
111832,4
111833,4
111834,4
111835,4
111836,4
111837,4
111838,4
111839,4
111840,4
111841,4
111842,4
111843,4
111844,4
111845,3
111846,4
111847,4
111848,4
111849,4
111850,4
111851,4
111852,4
111853,4
111854,4
111855,4
111856,4
111857,4
111858,4
111859,4
111860,4
111861,3
111862,4
111863,4
111864,4
111865,3
111866,4
111867,4
111868,4
111869,4
111870,4
111871,4
111872,4
111873,4
111874,4
111875,1
111876,4
111877,4
111878,4
111879,4
111880,4
111881,4
111882,4
111883,4
111884,4
111885,4
111886,4
111887,4
111888,4
111889,4
111890,4
111891,4
111892,3
111893,4
111894,4
111895,4
111896,4
111897,4
111898,4
111899,4
111900,4
111901,4
111902,4
111903,4
111904,4
111905,4
111906,4
111907,4
111908,4
111909,4
111910,4
111911,1
111912,4
111913,4
111914,1
111915,3
111916,4
111917,4
111918,3
111919,4
111920,4
111921,4
111922,4
111923,4
111924,4
111925,4
111926,4
111927,1
111928,4
111929,4
111930,4
111931,4
111932,4
111933,4
111934,4
111935,4
111936,4
111937,4
111938,3
111939,4
111940,4
111941,4
111942,4
111943,3
111944,4
111945,4
111946,4
111947,4
111948,4
111949,4
111950,4
111951,1
111952,4
111953,3
111954,4
111955,4
111956,4
111957,4
111958,4
111959,4
111960,4
111961,4
111962,4
111963,4
111964,4
111965,4
111966,3
111967,4
111968,4
111969,4
111970,3
111971,4
111972,4
111973,3
111974,4
111975,4
111976,4
111977,4
111978,4
111979,4
111980,4
111981,4
111982,3
111983,3
111984,3
111985,4
111986,4
111987,4
111988,3
111989,4
111990,4
111991,4
111992,4
111993,4
111994,4
111995,4
111996,4
111997,4
111998,4
111999,3
112000,4
112001,4
112002,4
112003,4
112004,4
112005,4
112006,4
112007,4
112008,4
112009,4
112010,4
112011,4
112012,4
112013,4
112014,4
112015,4
112016,4
112017,4
112018,4
112019,1
112020,4
112021,4
112022,4
112023,4
112024,4
112025,4
112026,4
112027,4
112028,4
112029,4
112030,4
112031,4
112032,4
112033,4
112034,4
112035,4
112036,4
112037,4
112038,4
112039,4
112040,4
112041,4
112042,4
112043,4
112044,4
112045,4
112046,4
112047,4
112048,3
112049,4
112050,3
112051,4
112052,4
112053,4
112054,4
112055,4
112056,4
112057,4
112058,4
112059,4
112060,4
112061,3
112062,4
112063,4
112064,4
112065,4
112066,4
112067,4
112068,3
112069,3
112070,4
112071,4
112072,4
112073,4
112074,4
112075,4
112076,4
112077,4
112078,4
112079,4
112080,1
112081,4
112082,3
112083,4
112084,4
112085,4
112086,4
112087,1
112088,3
112089,4
112090,4
112091,3
112092,4
112093,4
112094,4
112095,3
112096,3
112097,4
112098,4
112099,4
112100,4
112101,4
112102,4
112103,3
112104,4
112105,4
112106,4
112107,4
112108,4
112109,4
112110,4
112111,4
112112,4
112113,4
112114,4
112115,4
112116,4
112117,4
112118,3
112119,4
112120,3
112121,4
112122,4
112123,4
112124,4
112125,4
112126,4
112127,4
112128,4
112129,4
112130,4
112131,4
112132,3
112133,4
112134,4
112135,3
112136,4
112137,4
112138,3
112139,4
112140,4
112141,4
112142,4
112143,4
112144,4
112145,4
112146,4
112147,4
112148,4
112149,4
112150,4
112151,3
112152,4
112153,4
112154,4
112155,4
112156,4
112157,3
112158,4
112159,4
112160,4
112161,3
112162,4
112163,4
112164,4
112165,4
112166,4
112167,3
112168,4
112169,4
112170,3
112171,4
112172,4
112173,4
112174,4
112175,4
112176,4
112177,4
112178,4
112179,4
112180,4
112181,3
112182,4
112183,4
112184,4
112185,3
112186,4
112187,4
112188,3
112189,4
112190,4
112191,4
112192,4
112193,4
112194,4
112195,4
112196,4
112197,4
112198,4
112199,4
112200,4
112201,4
112202,4
112203,4
112204,4
112205,4
112206,4
112207,1
112208,4
112209,4
112210,4
112211,4
112212,4
112213,4
112214,3
112215,4
112216,4
112217,4
112218,4
112219,3
112220,4
112221,4
112222,4
112223,3
112224,4
112225,4
112226,4
112227,4
112228,4
112229,4
112230,3
112231,4
112232,4
112233,3
112234,4
112235,4
112236,4
112237,4
112238,4
112239,4
112240,4
112241,4
112242,4
112243,4
112244,4
112245,4
112246,4
112247,4
112248,4
112249,4
112250,4
112251,4
112252,4
112253,4
112254,4
112255,4
112256,4
112257,4
112258,3
112259,4
112260,4
112261,4
112262,4
112263,4
112264,4
112265,4
112266,4
112267,1
112268,4
112269,4
112270,4
112271,4
112272,4
112273,4
112274,4
112275,3
112276,1
112277,4
112278,4
112279,4
112280,1
112281,4
112282,4
112283,3
112284,4
112285,4
112286,4
112287,4
112288,4
112289,4
112290,4
112291,4
112292,4
112293,4
112294,4
112295,4
112296,4
112297,3
112298,4
112299,4
112300,4
112301,4
112302,4
112303,4
112304,4
112305,1
112306,4
112307,4
112308,4
112309,4
112310,4
112311,4
112312,3
112313,4
112314,4
112315,4
112316,4
112317,4
112318,4
112319,4
112320,4
112321,3
112322,4
112323,4
112324,4
112325,4
112326,4
112327,4
112328,3
112329,4
112330,4
112331,4
112332,4
112333,4
112334,4
112335,4
112336,4
112337,4
112338,4
112339,3
112340,4
112341,4
112342,4
112343,3
112344,4
112345,4
112346,4
112347,4
112348,4
112349,4
112350,4
112351,4
112352,4
112353,4
112354,4
112355,4
112356,4
112357,4
112358,4
112359,4
112360,4
112361,4
112362,4
112363,4
112364,4
112365,4
112366,4
112367,4
112368,3
112369,4
112370,4
112371,4
112372,4
112373,4
112374,3
112375,4
112376,4
112377,4
112378,4
112379,4
112380,4
112381,4
112382,4
112383,4
112384,4
112385,4
112386,3
112387,4
112388,4
112389,4
112390,4
112391,4
112392,4
112393,3
112394,4
112395,4
112396,4
112397,4
112398,4
112399,1
112400,4
112401,3
112402,3
112403,4
112404,3
112405,4
112406,3
112407,4
112408,4
112409,4
112410,4
112411,4
112412,4
112413,4
112414,4
112415,4
112416,4
112417,4
112418,4
112419,4
112420,4
112421,4
112422,3
112423,1
112424,4
112425,4
112426,4
112427,4
112428,3
112429,4
112430,4
112431,1
112432,1
112433,1
112434,4
112435,4
112436,3
112437,4
112438,4
112439,4
112440,4
112441,4
112442,4
112443,4
112444,4
112445,3
112446,4
112447,3
112448,4
112449,4
112450,4
112451,4
112452,4
112453,4
112454,4
112455,3
112456,1
112457,4
112458,4
112459,4
112460,4
112461,4
112462,4
112463,4
112464,4
112465,4
112466,3
112467,4
112468,4
112469,4
112470,4
112471,4
112472,4
112473,4
112474,4
112475,4
112476,4
112477,4
112478,4
112479,4
112480,4
112481,4
112482,4
112483,4
112484,4
112485,4
112486,4
112487,4
112488,4
112489,4
112490,4
112491,4
112492,4
112493,4
112494,4
112495,3
112496,4
112497,4
112498,1
112499,4
112500,4
112501,4
112502,3
112503,4
112504,3
112505,4
112506,4
112507,3
112508,4
112509,4
112510,4
112511,4
112512,4
112513,4
112514,4
112515,4
112516,4
112517,4
112518,4
112519,4
112520,4
112521,4
112522,4
112523,1
112524,4
112525,4
112526,4
112527,4
112528,3
112529,4
112530,4
112531,4
112532,4
112533,4
112534,4
112535,4
112536,4
112537,3
112538,4
112539,4
112540,4
112541,4
112542,4
112543,4
112544,4
112545,3
112546,4
112547,4
112548,4
112549,4
112550,4
112551,4
112552,3
112553,3
112554,1
112555,1
112556,4
112557,4
112558,3
112559,4
112560,4
112561,4
112562,4
112563,4
112564,4
112565,4
112566,4
112567,4
112568,4
112569,4
112570,4
112571,4
112572,4
112573,4
112574,4
112575,3
112576,1
112577,4
112578,4
112579,4
112580,4
112581,3
112582,4
112583,4
112584,4
112585,3
112586,4
112587,4
112588,4
112589,3
112590,4
112591,4
112592,4
112593,4
112594,4
112595,4
112596,4
112597,4
112598,4
112599,4
112600,4
112601,4
112602,3
112603,4
112604,4
112605,4
112606,4
112607,3
112608,4
112609,4
112610,4
112611,4
112612,4
112613,4
112614,4
112615,4
112616,4
112617,4
112618,4
112619,4
112620,4
112621,4
112622,4
112623,4
112624,4
112625,4
112626,4
112627,3
112628,4
112629,4
112630,4
112631,4
112632,4
112633,4
112634,4
112635,4
112636,4
112637,4
112638,4
112639,4
112640,4
112641,4
112642,3
112643,3
112644,4
112645,3
112646,4
112647,4
112648,4
112649,4
112650,1
112651,1
112652,4
112653,4
112654,4
112655,3
112656,4
112657,4
112658,4
112659,4
112660,4
112661,4
112662,4
112663,4
112664,4
112665,4
112666,4
112667,4
112668,4
112669,4
112670,4
112671,4
112672,4
112673,4
112674,4
112675,4
112676,4
112677,3
112678,4
112679,4
112680,4
112681,4
112682,4
112683,4
112684,4
112685,4
112686,4
112687,4
112688,4
112689,4
112690,4
112691,4
112692,4
112693,4
112694,4
112695,4
112696,4
112697,4
112698,4
112699,4
112700,4
112701,4
112702,4
112703,4
112704,4
112705,4
112706,4
112707,4
112708,4
112709,4
112710,4
112711,4
112712,4
112713,4
112714,4
112715,4
112716,4
112717,4
112718,4
112719,4
112720,4
112721,4
112722,4
112723,4
112724,1
112725,4
112726,4
112727,3
112728,4
112729,4
112730,4
112731,4
112732,4
112733,4
112734,4
112735,4
112736,4
112737,4
112738,4
112739,4
112740,3
112741,4
112742,4
112743,4
112744,4
112745,4
112746,4
112747,4
112748,4
112749,3
112750,4
112751,4
112752,4
112753,4
112754,4
112755,4
112756,4
112757,4
112758,4
112759,4
112760,4
112761,3
112762,4
112763,4
112764,4
112765,4
112766,4
112767,4
112768,4
112769,4
112770,4
112771,3
112772,4
112773,4
112774,4
112775,4
112776,4
112777,4
112778,4
112779,4
112780,4
112781,4
112782,4
112783,4
112784,4
112785,4
112786,4
112787,3
112788,3
112789,3
112790,4
112791,4
112792,4
112793,4
112794,4
112795,3
112796,4
112797,4
112798,4
112799,4
112800,4
112801,4
112802,3
112803,4
112804,4
112805,4
112806,4
112807,4
112808,4
112809,4
112810,4
112811,4
112812,3
112813,4
112814,4
112815,4
112816,4
112817,4
112818,4
112819,4
112820,4
112821,4
112822,4
112823,4
112824,4
112825,4
112826,4
112827,4
112828,4
112829,4
112830,4
112831,4
112832,4
112833,4
112834,4
112835,3
112836,4
112837,4
112838,4
112839,4
112840,4
112841,4
112842,4
112843,4
112844,4
112845,4
112846,4
112847,4
112848,4
112849,4
112850,4
112851,3
112852,4
112853,4
112854,4
112855,4
112856,4
112857,4
112858,4
112859,4
112860,4
112861,4
112862,4
112863,4
112864,4
112865,4
112866,4
112867,4
112868,4
112869,4
112870,4
112871,4
112872,4
112873,4
112874,4
112875,4
112876,4
112877,3
112878,1
112879,4
112880,4
112881,4
112882,4
112883,4
112884,4
112885,4
112886,4
112887,4
112888,4
112889,4
112890,3
112891,4
112892,3
112893,3
112894,4
112895,4
112896,4
112897,4
112898,4
112899,4
112900,4
112901,3
112902,4
112903,4
112904,4
112905,4
112906,4
112907,4
112908,4
112909,4
112910,4
112911,4
112912,3
112913,4
112914,4
112915,3
112916,4
112917,4
112918,4
112919,4
112920,4
112921,4
112922,4
112923,4
112924,4
112925,4
112926,4
112927,4
112928,4
112929,4
112930,4
112931,3
112932,4
112933,4
112934,4
112935,4
112936,4
112937,4
112938,4
112939,4
112940,4
112941,3
112942,4
112943,4
112944,4
112945,4
112946,4
112947,4
112948,4
112949,4
112950,4
112951,4
112952,4
112953,4
112954,4
112955,4
112956,4
112957,4
112958,4
112959,4
112960,4
112961,4
112962,4
112963,3
112964,4
112965,4
112966,4
112967,4
112968,4
112969,4
112970,4
112971,4
112972,3
112973,3
112974,4
112975,4
112976,4
112977,4
112978,4
112979,4
112980,3
112981,4
112982,4
112983,4
112984,4
112985,4
112986,4
112987,4
112988,4
112989,4
112990,4
112991,4
112992,4
112993,4
112994,4
112995,4
112996,4
112997,4
112998,4
112999,3
113000,4
113001,4
113002,4
113003,1
113004,4
113005,4
113006,4
113007,4
113008,4
113009,4
113010,4
113011,4
113012,4
113013,4
113014,4
113015,3
113016,4
113017,4
113018,3
113019,4
113020,4
113021,4
113022,4
113023,4
113024,4
113025,4
113026,4
113027,4
113028,4
113029,4
113030,4
113031,4
113032,4
113033,4
113034,4
113035,4
113036,3
113037,4
113038,1
113039,3
113040,4
113041,4
113042,4
113043,1
113044,4
113045,4
113046,4
113047,4
113048,3
113049,4
113050,4
113051,4
113052,3
113053,4
113054,4
113055,4
113056,4
113057,4
113058,4
113059,4
113060,4
113061,4
113062,4
113063,4
113064,4
113065,4
113066,4
113067,4
113068,4
113069,4
113070,3
113071,4
113072,4
113073,4
113074,3
113075,4
113076,4
113077,4
113078,4
113079,4
113080,4
113081,4
113082,4
113083,4
113084,4
113085,4
113086,4
113087,4
113088,1
113089,4
113090,4
113091,4
113092,4
113093,4
113094,4
113095,4
113096,4
113097,4
113098,4
113099,4
113100,4
113101,4
113102,4
113103,4
113104,4
113105,4
113106,4
113107,4
113108,4
113109,4
113110,4
113111,4
113112,4
113113,4
113114,4
113115,4
113116,4
113117,4
113118,3
113119,1
113120,4
113121,4
113122,4
113123,4
113124,4
113125,4
113126,4
113127,4
113128,4
113129,4
113130,4
113131,4
113132,4
113133,4
113134,4
113135,4
113136,1
113137,4
113138,4
113139,4
113140,1
113141,4
113142,4
113143,4
113144,3
113145,4
113146,4
113147,3
113148,4
113149,4
113150,4
113151,3
113152,4
113153,4
113154,4
113155,4
113156,4
113157,4
113158,4
113159,4
113160,4
113161,4
113162,3
113163,4
113164,4
113165,4
113166,3
113167,4
113168,4
113169,4
113170,4
113171,4
113172,4
113173,4
113174,4
113175,4
113176,4
113177,4
113178,4
113179,4
113180,4
113181,4
113182,4
113183,3
113184,4
113185,4
113186,4
113187,3
113188,4
113189,4
113190,4
113191,4
113192,4
113193,4
113194,3
113195,3
113196,4
113197,4
113198,4
113199,4
113200,4
113201,3
113202,4
113203,4
113204,4
113205,4
113206,4
113207,4
113208,4
113209,3
113210,4
113211,4
113212,4
113213,4
113214,4
113215,1
113216,4
113217,4
113218,4
113219,1
113220,4
113221,1
113222,1
113223,4
113224,4
113225,4
113226,4
113227,4
113228,4
113229,4
113230,4
113231,4
113232,4
113233,4
113234,4
113235,4
113236,4
113237,4
113238,4
113239,4
113240,4
113241,4
113242,4
113243,4
113244,4
113245,4
113246,4
113247,4
113248,4
113249,4
113250,4
113251,4
113252,4
113253,1
113254,4
113255,3
113256,3
113257,4
113258,4
113259,4
113260,4
113261,4
113262,4
113263,4
113264,4
113265,4
113266,4
113267,4
113268,4
113269,4
113270,4
113271,4
113272,4
113273,4
113274,4
113275,4
113276,4
113277,4
113278,4
113279,4
113280,3
113281,4
113282,4
113283,3
113284,4
113285,4
113286,4
113287,4
113288,4
113289,4
113290,4
113291,4
113292,4
113293,4
113294,4
113295,4
113296,4
113297,4
113298,1
113299,4
113300,3
113301,4
113302,4
113303,4
113304,4
113305,4
113306,4
113307,4
113308,4
113309,4
113310,3
113311,4
113312,4
113313,3
113314,4
113315,4
113316,4
113317,4
113318,4
113319,4
113320,4
113321,4
113322,4
113323,4
113324,4
113325,4
113326,4
113327,4
113328,4
113329,4
113330,4
113331,4
113332,4
113333,4
113334,4
113335,4
113336,4
113337,4
113338,4
113339,1
113340,3
113341,3
113342,4
113343,3
113344,4
113345,4
113346,4
113347,4
113348,4
113349,4
113350,3
113351,4
113352,4
113353,4
113354,4
113355,4
113356,4
113357,4
113358,4
113359,4
113360,4
113361,3
113362,4
113363,4
113364,4
113365,4
113366,4
113367,4
113368,4
113369,4
113370,4
113371,4
113372,4
113373,4
113374,4
113375,4
113376,4
113377,4
113378,3
113379,4
113380,4
113381,4
113382,4
113383,3
113384,4
113385,4
113386,4
113387,4
113388,3
113389,4
113390,4
113391,4
113392,4
113393,4
113394,4
113395,3
113396,4
113397,4
113398,4
113399,4
113400,4
113401,4
113402,4
113403,4
113404,3
113405,4
113406,4
113407,4
113408,4
113409,4
113410,4
113411,4
113412,4
113413,4
113414,3
113415,4
113416,4
113417,4
113418,3
113419,4
113420,4
113421,4
113422,4
113423,4
113424,3
113425,4
113426,4
113427,4
113428,4
113429,4
113430,4
113431,4
113432,4
113433,4
113434,4
113435,4
113436,4
113437,4
113438,4
113439,4
113440,4
113441,3
113442,4
113443,4
113444,4
113445,4
113446,4
113447,4
113448,4
113449,4
113450,3
113451,4
113452,4
113453,4
113454,4
113455,4
113456,4
113457,4
113458,4
113459,4
113460,4
113461,4
113462,4
113463,4
113464,4
113465,4
113466,4
113467,4
113468,4
113469,4
113470,4
113471,4
113472,4
113473,3
113474,4
113475,3
113476,4
113477,4
113478,4
113479,4
113480,4
113481,3
113482,4
113483,4
113484,4
113485,4
113486,4
113487,4
113488,3
113489,4
113490,4
113491,4
113492,4
113493,4
113494,4
113495,4
113496,4
113497,4
113498,4
113499,4
113500,4
113501,4
113502,1
113503,3
113504,1
113505,4
113506,4
113507,4
113508,4
113509,4
113510,4
113511,4
113512,4
113513,3
113514,4
113515,4
113516,4
113517,3
113518,4
113519,4
113520,4
113521,4
113522,4
113523,4
113524,4
113525,3
113526,4
113527,4
113528,4
113529,4
113530,4
113531,4
113532,4
113533,4
113534,3
113535,4
113536,4
113537,4
113538,4
113539,4
113540,4
113541,4
113542,3
113543,4
113544,4
113545,4
113546,4
113547,4
113548,4
113549,4
113550,4
113551,4
113552,4
113553,4
113554,4
113555,4
113556,4
113557,4
113558,4
113559,4
113560,4
113561,4
113562,4
113563,4
113564,4
113565,4
113566,4
113567,4
113568,4
113569,4
113570,3
113571,4
113572,4
113573,3
113574,4
113575,4
113576,4
113577,4
113578,4
113579,4
113580,4
113581,4
113582,4
113583,3
113584,4
113585,4
113586,1
113587,4
113588,4
113589,4
113590,4
113591,4
113592,4
113593,4
113594,4
113595,4
113596,4
113597,4
113598,4
113599,4
113600,4
113601,4
113602,4
113603,4
113604,4
113605,4
113606,4
113607,4
113608,4
113609,4
113610,4
113611,4
113612,4
113613,4
113614,4
113615,4
113616,4
113617,4
113618,4
113619,4
113620,4
113621,4
113622,4
113623,4
113624,4
113625,4
113626,4
113627,4
113628,4
113629,3
113630,4
113631,4
113632,4
113633,4
113634,4
113635,3
113636,4
113637,4
113638,3
113639,4
113640,4
113641,4
113642,4
113643,4
113644,4
113645,4
113646,4
113647,4
113648,4
113649,4
113650,4
113651,4
113652,4
113653,4
113654,4
113655,4
113656,3
113657,4
113658,4
113659,4
113660,4
113661,4
113662,4
113663,4
113664,3
113665,4
113666,4
113667,4
113668,4
113669,4
113670,4
113671,4
113672,4
113673,4
113674,4
113675,4
113676,4
113677,4
113678,4
113679,4
113680,4
113681,4
113682,4
113683,4
113684,4
113685,4
113686,4
113687,4
113688,4
113689,4
113690,3
113691,4
113692,4
113693,4
113694,4
113695,4
113696,4
113697,3
113698,4
113699,4
113700,4
113701,4
113702,4
113703,4
113704,4
113705,4
113706,4
113707,4
113708,4
113709,4
113710,4
113711,4
113712,4
113713,4
113714,3
113715,4
113716,4
113717,4
113718,4
113719,4
113720,4
113721,4
113722,4
113723,4
113724,4
113725,4
113726,4
113727,4
113728,4
113729,3
113730,4
113731,4
113732,4
113733,4
113734,4
113735,4
113736,4
113737,4
113738,4
113739,4
113740,4
113741,4
113742,3
113743,4
113744,4
113745,4
113746,4
113747,3
113748,3
113749,4
113750,4
113751,4
113752,4
113753,4
113754,4
113755,4
113756,4
113757,4
113758,4
113759,4
113760,1
113761,4
113762,4
113763,4
113764,4
113765,4
113766,4
113767,4
113768,4
113769,4
113770,4
113771,4
113772,4
113773,4
113774,4
113775,4
113776,4
113777,4
113778,4
113779,4
113780,4
113781,4
113782,4
113783,4
113784,4
113785,4
113786,4
113787,3
113788,4
113789,4
113790,4
113791,4
113792,4
113793,4
113794,4
113795,4
113796,4
113797,1
113798,3
113799,4
113800,4
113801,4
113802,4
113803,4
113804,4
113805,4
113806,4
113807,4
113808,4
113809,4
113810,4
113811,4
113812,4
113813,4
113814,3
113815,4
113816,4
113817,4
113818,4
113819,4
113820,3
113821,4
113822,4
113823,4
113824,4
113825,4
113826,4
113827,4
113828,4
113829,4
113830,4
113831,3
113832,4
113833,4
113834,4
113835,4
113836,4
113837,4
113838,4
113839,4
113840,4
113841,4
113842,4
113843,4
113844,4
113845,4
113846,4
113847,4
113848,4
113849,1
113850,4
113851,4
113852,4
113853,4
113854,4
113855,4
113856,4
113857,4
113858,4
113859,4
113860,4
113861,4
113862,4
113863,4
113864,4
113865,4
113866,4
113867,4
113868,4
113869,4
113870,4
113871,4
113872,4
113873,4
113874,4
113875,4
113876,4
113877,4
113878,4
113879,4
113880,4
113881,4
113882,4
113883,4
113884,4
113885,4
113886,4
113887,4
113888,4
113889,4
113890,4
113891,3
113892,4
113893,4
113894,4
113895,4
113896,4
113897,4
113898,4
113899,4
113900,4
113901,4
113902,4
113903,4
113904,4
113905,4
113906,4
113907,4
113908,4
113909,4
113910,4
113911,4
113912,4
113913,4
113914,4
113915,4
113916,4
113917,4
113918,4
113919,3
113920,4
113921,4
113922,4
113923,4
113924,4
113925,4
113926,4
113927,4
113928,4
113929,3
113930,4
113931,4
113932,4
113933,4
113934,4
113935,1
113936,4
113937,4
113938,4
113939,4
113940,1
113941,3
113942,4
113943,4
113944,4
113945,4
113946,4
113947,4
113948,4
113949,4
113950,4
113951,4
113952,4
113953,4
113954,4
113955,4
113956,4
113957,4
113958,4
113959,4
113960,4
113961,4
113962,4
113963,4
113964,4
113965,4
113966,4
113967,4
113968,4
113969,4
113970,4
113971,4
113972,4
113973,3
113974,3
113975,4
113976,4
113977,4
113978,4
113979,4
113980,4
113981,4
113982,4
113983,4
113984,4
113985,4
113986,4
113987,4
113988,4
113989,4
113990,4
113991,4
113992,4
113993,4
113994,4
113995,4
113996,4
113997,4
113998,4
113999,4
114000,4
114001,4
114002,4
114003,4
114004,4
114005,4
114006,4
114007,4
114008,4
114009,4
114010,4
114011,3
114012,4
114013,4
114014,4
114015,4
114016,4
114017,4
114018,4
114019,4
114020,4
114021,4
114022,4
114023,4
114024,4
114025,4
114026,4
114027,4
114028,4
114029,4
114030,4
114031,4
114032,4
114033,4
114034,4
114035,4
114036,4
114037,4
114038,4
114039,4
114040,4
114041,4
114042,4
114043,4
114044,4
114045,3
114046,4
114047,3
114048,4
114049,4
114050,4
114051,4
114052,3
114053,4
114054,4
114055,4
114056,4
114057,4
114058,4
114059,4
114060,3
114061,4
114062,4
114063,4
114064,4
114065,4
114066,1
114067,4
114068,4
114069,4
114070,4
114071,4
114072,4
114073,4
114074,4
114075,3
114076,4
114077,4
114078,4
114079,4
114080,4
114081,4
114082,4
114083,4
114084,4
114085,4
114086,4
114087,4
114088,4
114089,3
114090,4
114091,4
114092,4
114093,4
114094,4
114095,4
114096,4
114097,4
114098,4
114099,4
114100,4
114101,4
114102,4
114103,4
114104,4
114105,4
114106,4
114107,4
114108,4
114109,4
114110,4
114111,4
114112,4
114113,4
114114,4
114115,4
114116,3
114117,4
114118,4
114119,4
114120,4
114121,4
114122,3
114123,4
114124,1
114125,4
114126,4
114127,4
114128,4
114129,4
114130,4
114131,4
114132,4
114133,4
114134,3
114135,4
114136,4
114137,4
114138,4
114139,4
114140,4
114141,4
114142,4
114143,4
114144,4
114145,4
114146,4
114147,4
114148,4
114149,4
114150,4
114151,4
114152,4
114153,4
114154,4
114155,4
114156,4
114157,3
114158,4
114159,4
114160,4
114161,4
114162,4
114163,4
114164,4
114165,3
114166,4
114167,4
114168,4
114169,4
114170,4
114171,4
114172,4
114173,4
114174,4
114175,4
114176,4
114177,4
114178,4
114179,3
114180,4
114181,4
114182,4
114183,4
114184,3
114185,4
114186,4
114187,3
114188,4
114189,3
114190,4
114191,4
114192,4
114193,4
114194,4
114195,4
114196,4
114197,4
114198,4
114199,4
114200,3
114201,4
114202,4
114203,3
114204,4
114205,1
114206,4
114207,4
114208,4
114209,4
114210,4
114211,4
114212,1
114213,4
114214,4
114215,4
114216,4
114217,4
114218,3
114219,4
114220,4
114221,4
114222,3
114223,4
114224,4
114225,4
114226,4
114227,4
114228,4
114229,4
114230,4
114231,4
114232,4
114233,4
114234,4
114235,4
114236,4
114237,4
114238,4
114239,4
114240,4
114241,4
114242,4
114243,4
114244,4
114245,4
114246,4
114247,4
114248,4
114249,4
114250,4
114251,4
114252,4
114253,4
114254,4
114255,4
114256,4
114257,4
114258,4
114259,4
114260,4
114261,4
114262,4
114263,4
114264,4
114265,4
114266,4
114267,4
114268,4
114269,4
114270,4
114271,4
114272,4
114273,4
114274,4
114275,4
114276,4
114277,4
114278,4
114279,4
114280,4
114281,4
114282,4
114283,4
114284,4
114285,4
114286,4
114287,4
114288,4
114289,4
114290,4
114291,4
114292,4
114293,4
114294,3
114295,4
114296,4
114297,4
114298,4
114299,3
114300,4
114301,4
114302,3
114303,4
114304,1
114305,4
114306,4
114307,4
114308,4
114309,4
114310,4
114311,4
114312,4
114313,4
114314,4
114315,4
114316,4
114317,4
114318,4
114319,4
114320,4
114321,4
114322,4
114323,4
114324,3
114325,3
114326,4
114327,4
114328,4
114329,4
114330,4
114331,4
114332,4
114333,4
114334,4
114335,4
114336,4
114337,4
114338,4
114339,4
114340,4
114341,3
114342,3
114343,4
114344,4
114345,4
114346,4
114347,4
114348,4
114349,4
114350,4
114351,4
114352,4
114353,4
114354,1
114355,4
114356,4
114357,4
114358,4
114359,4
114360,1
114361,4
114362,4
114363,4
114364,4
114365,4
114366,1
114367,4
114368,4
114369,4
114370,4
114371,4
114372,4
114373,4
114374,4
114375,4
114376,4
114377,4
114378,4
114379,4
114380,4
114381,4
114382,4
114383,4
114384,4
114385,4
114386,4
114387,4
114388,4
114389,4
114390,4
114391,4
114392,4
114393,4
114394,4
114395,3
114396,3
114397,4
114398,4
114399,4
114400,4
114401,4
114402,4
114403,1
114404,4
114405,4
114406,4
114407,4
114408,4
114409,4
114410,4
114411,4
114412,4
114413,4
114414,4
114415,4
114416,4
114417,4
114418,4
114419,4
114420,4
114421,4
114422,4
114423,3
114424,4
114425,4
114426,4
114427,4
114428,4
114429,4
114430,4
114431,4
114432,4
114433,4
114434,4
114435,4
114436,4
114437,4
114438,4
114439,4
114440,4
114441,4
114442,4
114443,4
114444,4
114445,4
114446,4
114447,4
114448,4
114449,4
114450,4
114451,3
114452,4
114453,4
114454,4
114455,4
114456,4
114457,4
114458,4
114459,4
114460,4
114461,4
114462,4
114463,4
114464,4
114465,3
114466,4
114467,4
114468,3
114469,4
114470,4
114471,3
114472,1
114473,4
114474,4
114475,4
114476,4
114477,4
114478,4
114479,4
114480,4
114481,4
114482,4
114483,4
114484,4
114485,4
114486,4
114487,4
114488,4
114489,4
114490,4
114491,4
114492,4
114493,4
114494,4
114495,4
114496,4
114497,4
114498,4
114499,4
114500,4
114501,4
114502,4
114503,4
114504,4
114505,4
114506,4
114507,4
114508,4
114509,4
114510,3
114511,4
114512,3
114513,4
114514,4
114515,4
114516,4
114517,4
114518,4
114519,1
114520,4
114521,4
114522,1
114523,4
114524,1
114525,4
114526,3
114527,4
114528,4
114529,4
114530,3
114531,4
114532,3
114533,4
114534,4
114535,4
114536,4
114537,4
114538,4
114539,4
114540,4
114541,4
114542,3
114543,4
114544,4
114545,4
114546,3
114547,4
114548,4
114549,4
114550,4
114551,4
114552,4
114553,3
114554,4
114555,4
114556,4
114557,3
114558,4
114559,4
114560,4
114561,4
114562,4
114563,3
114564,1
114565,4
114566,4
114567,4
114568,4
114569,4
114570,4
114571,4
114572,4
114573,4
114574,4
114575,3
114576,3
114577,4
114578,4
114579,4
114580,4
114581,3
114582,4
114583,4
114584,4
114585,4
114586,4
114587,4
114588,4
114589,4
114590,4
114591,4
114592,4
114593,4
114594,4
114595,3
114596,4
114597,4
114598,4
114599,4
114600,4
114601,4
114602,4
114603,4
114604,4
114605,4
114606,4
114607,4
114608,4
114609,4
114610,4
114611,3
114612,4
114613,4
114614,4
114615,4
114616,4
114617,3
114618,4
114619,4
114620,4
114621,4
114622,4
114623,4
114624,4
114625,4
114626,4
114627,1
114628,3
114629,4
114630,4
114631,3
114632,4
114633,4
114634,4
114635,4
114636,4
114637,4
114638,4
114639,4
114640,4
114641,4
114642,3
114643,4
114644,4
114645,3
114646,4
114647,4
114648,4
114649,4
114650,3
114651,4
114652,4
114653,4
114654,3
114655,4
114656,3
114657,4
114658,4
114659,4
114660,4
114661,4
114662,4
114663,4
114664,3
114665,4
114666,4
114667,4
114668,4
114669,3
114670,4
114671,4
114672,4
114673,4
114674,4
114675,4
114676,4
114677,4
114678,4
114679,1
114680,1
114681,3
114682,3
114683,3
114684,4
114685,4
114686,4
114687,4
114688,4
114689,4
114690,4
114691,4
114692,4
114693,4
114694,4
114695,4
114696,4
114697,4
114698,4
114699,4
114700,4
114701,4
114702,4
114703,4
114704,3
114705,4
114706,3
114707,4
114708,4
114709,4
114710,3
114711,4
114712,3
114713,4
114714,4
114715,4
114716,4
114717,4
114718,4
114719,4
114720,3
114721,1
114722,1
114723,4
114724,4
114725,1
114726,4
114727,4
114728,4
114729,1
114730,4
114731,4
114732,3
114733,4
114734,4
114735,4
114736,4
114737,4
114738,4
114739,4
114740,4
114741,4
114742,3
114743,4
114744,4
114745,4
114746,4
114747,4
114748,4
114749,4
114750,4
114751,4
114752,4
114753,4
114754,4
114755,3
114756,4
114757,4
114758,4
114759,4
114760,4
114761,4
114762,4
114763,4
114764,4
114765,3
114766,4
114767,4
114768,3
114769,4
114770,3
114771,4
114772,4
114773,4
114774,3
114775,3
114776,4
114777,4
114778,4
114779,1
114780,4
114781,4
114782,4
114783,1
114784,1
114785,4
114786,4
114787,4
114788,4
114789,4
114790,4
114791,3
114792,4
114793,4
114794,4
114795,4
114796,4
114797,4
114798,4
114799,4
114800,4
114801,4
114802,3
114803,4
114804,4
114805,3
114806,4
114807,4
114808,4
114809,4
114810,4
114811,4
114812,4
114813,4
114814,4
114815,3
114816,4
114817,4
114818,4
114819,3
114820,4
114821,4
114822,4
114823,3
114824,4
114825,4
114826,4
114827,4
114828,4
114829,4
114830,4
114831,4
114832,4
114833,4
114834,4
114835,4
114836,4
114837,4
114838,1
114839,4
114840,4
114841,4
114842,3
114843,3
114844,4
114845,4
114846,4
114847,4
114848,4
114849,4
114850,4
114851,4
114852,4
114853,4
114854,4
114855,3
114856,4
114857,4
114858,4
114859,4
114860,4
114861,4
114862,4
114863,4
114864,4
114865,4
114866,3
114867,4
114868,4
114869,4
114870,4
114871,4
114872,4
114873,3
114874,4
114875,4
114876,4
114877,4
114878,4
114879,4
114880,4
114881,4
114882,4
114883,4
114884,4
114885,4
114886,4
114887,1
114888,1
114889,4
114890,4
114891,4
114892,4
114893,4
114894,4
114895,4
114896,4
114897,4
114898,4
114899,4
114900,4
114901,4
114902,4
114903,4
114904,4
114905,4
114906,4
114907,4
114908,4
114909,4
114910,4
114911,4
114912,4
114913,4
114914,4
114915,4
114916,4
114917,4
114918,4
114919,4
114920,4
114921,4
114922,4
114923,4
114924,4
114925,3
114926,3
114927,3
114928,4
114929,3
114930,4
114931,4
114932,4
114933,4
114934,4
114935,4
114936,4
114937,4
114938,4
114939,4
114940,4
114941,4
114942,4
114943,4
114944,3
114945,4
114946,4
114947,4
114948,3
114949,4
114950,4
114951,4
114952,4
114953,4
114954,4
114955,4
114956,4
114957,4
114958,4
114959,4
114960,4
114961,4
114962,4
114963,3
114964,4
114965,4
114966,4
114967,4
114968,4
114969,4
114970,4
114971,4
114972,4
114973,3
114974,4
114975,4
114976,3
114977,3
114978,3
114979,3
114980,1
114981,1
114982,4
114983,4
114984,4
114985,4
114986,4
114987,4
114988,4
114989,4
114990,4
114991,4
114992,4
114993,4
114994,4
114995,4
114996,4
114997,4
114998,3
114999,4
115000,4
115001,4
115002,4
115003,4
115004,3
115005,4
115006,4
115007,4
115008,4
115009,4
115010,4
115011,4
115012,4
115013,4
115014,4
115015,4
115016,3
115017,4
115018,4
115019,4
115020,3
115021,4
115022,4
115023,4
115024,1
115025,4
115026,4
115027,3
115028,4
115029,4
115030,4
115031,3
115032,4
115033,4
115034,4
115035,3
115036,4
115037,4
115038,4
115039,3
115040,3
115041,3
115042,4
115043,3
115044,4
115045,3
115046,4
115047,4
115048,4
115049,4
115050,4
115051,4
115052,4
115053,4
115054,4
115055,4
115056,3
115057,4
115058,4
115059,4
115060,4
115061,4
115062,4
115063,4
115064,4
115065,4
115066,4
115067,3
115068,3
115069,4
115070,4
115071,3
115072,4
115073,4
115074,4
115075,4
115076,4
115077,4
115078,4
115079,4
115080,4
115081,4
115082,3
115083,4
115084,1
115085,4
115086,4
115087,4
115088,4
115089,3
115090,3
115091,3
115092,4
115093,4
115094,4
115095,4
115096,4
115097,4
115098,4
115099,4
115100,4
115101,3
115102,4
115103,4
115104,4
115105,4
115106,4
115107,4
115108,4
115109,4
115110,4
115111,4
115112,4
115113,4
115114,4
115115,4
115116,4
115117,3
115118,3
115119,4
115120,4
115121,4
115122,4
115123,4
115124,4
115125,4
115126,4
115127,4
115128,4
115129,4
115130,4
115131,4
115132,4
115133,4
115134,4
115135,4
115136,4
115137,4
115138,4
115139,3
115140,4
115141,4
115142,4
115143,4
115144,4
115145,4
115146,4
115147,4
115148,4
115149,4
115150,4
115151,4
115152,4
115153,4
115154,4
115155,4
115156,4
115157,3
115158,4
115159,4
115160,4
115161,4
115162,4
115163,4
115164,4
115165,4
115166,4
115167,4
115168,4
115169,4
115170,4
115171,3
115172,4
115173,4
115174,3
115175,4
115176,4
115177,4
115178,4
115179,4
115180,4
115181,3
115182,4
115183,4
115184,4
115185,4
115186,4
115187,4
115188,4
115189,4
115190,4
115191,4
115192,4
115193,4
115194,3
115195,4
115196,4
115197,4
115198,4
115199,3
115200,4
115201,4
115202,4
115203,4
115204,1
115205,4
115206,3
115207,3
115208,3
115209,4
115210,4
115211,4
115212,4
115213,4
115214,4
115215,4
115216,4
115217,4
115218,4
115219,4
115220,4
115221,4
115222,3
115223,4
115224,4
115225,4
115226,4
115227,4
115228,4
115229,4
115230,3
115231,4
115232,4
115233,4
115234,4
115235,4
115236,4
115237,4
115238,4
115239,4
115240,3
115241,4
115242,4
115243,4
115244,4
115245,4
115246,4
115247,4
115248,4
115249,4
115250,4
115251,4
115252,4
115253,4
115254,4
115255,4
115256,4
115257,4
115258,4
115259,4
115260,4
115261,4
115262,4
115263,4
115264,4
115265,4
115266,4
115267,4
115268,4
115269,4
115270,4
115271,4
115272,4
115273,3
115274,4
115275,4
115276,3
115277,4
115278,4
115279,4
115280,4
115281,4
115282,4
115283,4
115284,4
115285,4
115286,4
115287,4
115288,4
115289,4
115290,4
115291,4
115292,4
115293,4
115294,3
115295,4
115296,4
115297,4
115298,4
115299,4
115300,1
115301,4
115302,4
115303,4
115304,3
115305,4
115306,4
115307,4
115308,3
115309,4
115310,4
115311,4
115312,4
115313,4
115314,4
115315,3
115316,4
115317,4
115318,4
115319,4
115320,4
115321,4
115322,4
115323,3
115324,4
115325,4
115326,4
115327,4
115328,4
115329,4
115330,4
115331,4
115332,4
115333,4
115334,4
115335,4
115336,4
115337,4
115338,4
115339,3
115340,4
115341,4
115342,4
115343,4
115344,4
115345,4
115346,4
115347,4
115348,4
115349,4
115350,4
115351,4
115352,4
115353,1
115354,1
115355,3
115356,4
115357,3
115358,3
115359,4
115360,4
115361,3
115362,4
115363,4
115364,4
115365,4
115366,4
115367,4
115368,4
115369,4
115370,4
115371,4
115372,4
115373,4
115374,4
115375,4
115376,4
115377,4
115378,4
115379,4
115380,4
115381,3
115382,4
115383,4
115384,4
115385,4
115386,3
115387,4
115388,4
115389,4
115390,4
115391,4
115392,4
115393,4
115394,4
115395,4
115396,4
115397,4
115398,4
115399,4
115400,3
115401,4
115402,4
115403,4
115404,4
115405,4
115406,4
115407,4
115408,4
115409,4
115410,4
115411,4
115412,4
115413,1
115414,4
115415,1
115416,1
115417,4
115418,1
115419,3
115420,4
115421,4
115422,3
115423,4
115424,4
115425,4
115426,4
115427,4
115428,4
115429,4
115430,4
115431,4
115432,4
115433,4
115434,4
115435,4
115436,4
115437,4
115438,4
115439,4
115440,4
115441,4
115442,4
115443,4
115444,4
115445,3
115446,4
115447,3
115448,3
115449,4
115450,4
115451,4
115452,4
115453,4
115454,4
115455,4
115456,4
115457,4
115458,3
115459,4
115460,4
115461,4
115462,4
115463,4
115464,3
115465,4
115466,4
115467,4
115468,4
115469,4
115470,4
115471,4
115472,3
115473,4
115474,4
115475,3
115476,4
115477,4
115478,4
115479,4
115480,4
115481,3
115482,4
115483,4
115484,4
115485,4
115486,4
115487,4
115488,4
115489,4
115490,4
115491,4
115492,4
115493,4
115494,4
115495,4
115496,4
115497,4
115498,4
115499,4
115500,4
115501,4
115502,4
115503,4
115504,4
115505,4
115506,4
115507,4
115508,4
115509,3
115510,4
115511,4
115512,4
115513,4
115514,4
115515,3
115516,4
115517,4
115518,4
115519,4
115520,4
115521,4
115522,3
115523,4
115524,4
115525,4
115526,4
115527,4
115528,4
115529,4
115530,4
115531,4
115532,3
115533,4
115534,4
115535,4
115536,4
115537,4
115538,4
115539,4
115540,4
115541,4
115542,4
115543,4
115544,4
115545,4
115546,4
115547,4
115548,4
115549,3
115550,4
115551,4
115552,4
115553,4
115554,4
115555,4
115556,4
115557,4
115558,4
115559,3
115560,4
115561,4
115562,3
115563,3
115564,4
115565,1
115566,4
115567,4
115568,3
115569,3
115570,4
115571,4
115572,4
115573,3
115574,4
115575,4
115576,4
115577,4
115578,4
115579,4
115580,3
115581,3
115582,4
115583,4
115584,4
115585,4
115586,3
115587,4
115588,4
115589,4
115590,4
115591,4
115592,4
115593,4
115594,4
115595,4
115596,4
115597,4
115598,4
115599,4
115600,4
115601,4
115602,4
115603,4
115604,4
115605,4
115606,4
115607,4
115608,4
115609,4
115610,4
115611,4
115612,4
115613,4
115614,4
115615,3
115616,4
115617,3
115618,4
115619,4
115620,4
115621,4
115622,4
115623,4
115624,1
115625,4
115626,3
115627,4
115628,4
115629,4
115630,1
115631,4
115632,4
115633,3
115634,4
115635,4
115636,4
115637,4
115638,3
115639,4
115640,3
115641,4
115642,4
115643,4
115644,4
115645,4
115646,4
115647,4
115648,4
115649,3
115650,4
115651,4
115652,4
115653,4
115654,4
115655,4
115656,4
115657,4
115658,4
115659,4
115660,4
115661,4
115662,4
115663,4
115664,3
115665,4
115666,4
115667,4
115668,4
115669,4
115670,4
115671,4
115672,4
115673,4
115674,4
115675,3
115676,3
115677,4
115678,4
115679,3
115680,4
115681,4
115682,4
115683,1
115684,4
115685,3
115686,3
115687,1
115688,4
115689,4
115690,4
115691,4
115692,4
115693,4
115694,4
115695,4
115696,4
115697,3
115698,4
115699,3
115700,4
115701,4
115702,4
115703,3
115704,4
115705,4
115706,4
115707,4
115708,4
115709,3
115710,4
115711,4
115712,4
115713,4
115714,4
115715,4
115716,4
115717,4
115718,4
115719,4
115720,3
115721,3
115722,4
115723,4
115724,4
115725,4
115726,4
115727,4
115728,4
115729,4
115730,4
115731,4
115732,4
115733,4
115734,4
115735,4
115736,4
115737,4
115738,4
115739,4
115740,4
115741,4
115742,4
115743,4
115744,4
115745,3
115746,4
115747,4
115748,4
115749,3
115750,3
115751,4
115752,4
115753,4
115754,4
115755,3
115756,3
115757,4
115758,3
115759,4
115760,4
115761,3
115762,4
115763,4
115764,3
115765,4
115766,4
115767,4
115768,4
115769,4
115770,4
115771,4
115772,4
115773,4
115774,4
115775,4
115776,4
115777,4
115778,4
115779,4
115780,4
115781,4
115782,4
115783,4
115784,4
115785,4
115786,4
115787,4
115788,4
115789,4
115790,4
115791,4
115792,4
115793,4
115794,3
115795,4
115796,4
115797,4
115798,4
115799,4
115800,4
115801,3
115802,4
115803,3
115804,4
115805,4
115806,4
115807,4
115808,4
115809,4
115810,4
115811,4
115812,4
115813,4
115814,4
115815,4
115816,4
115817,4
115818,3
115819,3
115820,4
115821,4
115822,4
115823,4
115824,4
115825,4
115826,4
115827,4
115828,4
115829,4
115830,4
115831,4
115832,4
115833,4
115834,4
115835,4
115836,4
115837,4
115838,4
115839,4
115840,4
115841,4
115842,4
115843,4
115844,4
115845,4
115846,4
115847,4
115848,4
115849,4
115850,4
115851,4
115852,4
115853,4
115854,4
115855,4
115856,4
115857,4
115858,4
115859,4
115860,4
115861,4
115862,4
115863,4
115864,4
115865,4
115866,3
115867,4
115868,4
115869,3
115870,1
115871,4
115872,4
115873,4
115874,4
115875,4
115876,4
115877,1
115878,4
115879,4
115880,4
115881,4
115882,3
115883,4
115884,4
115885,4
115886,4
115887,4
115888,3
115889,4
115890,4
115891,4
115892,4
115893,4
115894,4
115895,4
115896,4
115897,4
115898,4
115899,4
115900,4
115901,4
115902,3
115903,4
115904,4
115905,4
115906,4
115907,4
115908,4
115909,4
115910,4
115911,4
115912,4
115913,4
115914,4
115915,4
115916,4
115917,4
115918,1
115919,3
115920,4
115921,1
115922,3
115923,3
115924,4
115925,4
115926,4
115927,3
115928,4
115929,4
115930,4
115931,4
115932,3
115933,4
115934,4
115935,4
115936,4
115937,4
115938,4
115939,4
115940,4
115941,4
115942,4
115943,4
115944,4
115945,4
115946,4
115947,4
115948,4
115949,4
115950,4
115951,4
115952,4
115953,4
115954,4
115955,4
115956,4
115957,4
115958,4
115959,4
115960,4
115961,4
115962,4
115963,4
115964,4
115965,4
115966,4
115967,4
115968,4
115969,4
115970,4
115971,4
115972,4
115973,4
115974,4
115975,4
115976,4
115977,4
115978,4
115979,4
115980,4
115981,4
115982,4
115983,4
115984,4
115985,3
115986,4
115987,4
115988,1
115989,4
115990,3
115991,3
115992,4
115993,4
115994,4
115995,4
115996,4
115997,4
115998,4
115999,4
116000,4
116001,3
116002,4
116003,4
116004,4
116005,4
116006,4
116007,4
116008,4
116009,4
116010,4
116011,4
116012,4
116013,4
116014,4
116015,4
116016,4
116017,4
116018,4
116019,4
116020,4
116021,4
116022,4
116023,4
116024,4
116025,4
116026,4
116027,4
116028,4
116029,4
116030,4
116031,4
116032,4
116033,4
116034,4
116035,4
116036,4
116037,3
116038,4
116039,4
116040,4
116041,4
116042,3
116043,4
116044,3
116045,4
116046,4
116047,4
116048,4
116049,4
116050,4
116051,3
116052,3
116053,3
116054,4
116055,3
116056,4
116057,4
116058,4
116059,3
116060,3
116061,4
116062,4
116063,4
116064,3
116065,4
116066,4
116067,4
116068,4
116069,4
116070,4
116071,4
116072,4
116073,4
116074,4
116075,4
116076,4
116077,4
116078,4
116079,4
116080,4
116081,4
116082,4
116083,4
116084,4
116085,4
116086,4
116087,4
116088,4
116089,4
116090,4
116091,4
116092,4
116093,4
116094,4
116095,4
116096,4
116097,3
116098,3
116099,1
116100,3
116101,1
116102,4
116103,4
116104,4
116105,4
116106,4
116107,4
116108,1
116109,4
116110,4
116111,4
116112,4
116113,4
116114,4
116115,4
116116,4
116117,4
116118,4
116119,4
116120,4
116121,4
116122,4
116123,4
116124,4
116125,4
116126,4
116127,4
116128,3
116129,4
116130,4
116131,4
116132,4
116133,4
116134,3
116135,4
116136,4
116137,4
116138,4
116139,4
116140,4
116141,4
116142,4
116143,4
116144,4
116145,3
116146,4
116147,4
116148,4
116149,4
116150,4
116151,4
116152,3
116153,4
116154,4
116155,4
116156,4
116157,3
116158,4
116159,4
116160,3
116161,4
116162,4
116163,4
116164,4
116165,4
116166,4
116167,3
116168,4
116169,4
116170,4
116171,4
116172,3
116173,4
116174,3
116175,4
116176,3
116177,4
116178,4
116179,4
116180,4
116181,4
116182,4
116183,4
116184,4
116185,4
116186,4
116187,4
116188,3
116189,3
116190,4
116191,4
116192,4
116193,4
116194,4
116195,4
116196,4
116197,4
116198,4
116199,4
116200,4
116201,4
116202,4
116203,4
116204,4
116205,4
116206,4
116207,4
116208,4
116209,4
116210,4
116211,4
116212,4
116213,4
116214,4
116215,4
116216,4
116217,3
116218,4
116219,4
116220,4
116221,4
116222,4
116223,3
116224,4
116225,4
116226,3
116227,4
116228,4
116229,4
116230,4
116231,4
116232,3
116233,4
116234,4
116235,3
116236,4
116237,4
116238,4
116239,4
116240,4
116241,4
116242,4
116243,4
116244,4
116245,4
116246,4
116247,4
116248,4
116249,4
116250,4
116251,4
116252,4
116253,4
116254,4
116255,4
116256,4
116257,4
116258,4
116259,4
116260,4
116261,4
116262,4
116263,4
116264,4
116265,4
116266,4
116267,4
116268,4
116269,4
116270,4
116271,4
116272,4
116273,4
116274,4
116275,4
116276,4
116277,4
116278,4
116279,4
116280,4
116281,4
116282,4
116283,1
116284,4
116285,4
116286,1
116287,4
116288,4
116289,4
116290,4
116291,4
116292,3
116293,4
116294,4
116295,4
116296,4
116297,4
116298,4
116299,4
116300,4
116301,3
116302,4
116303,4
116304,4
116305,4
116306,4
116307,4
116308,4
116309,4
116310,4
116311,4
116312,4
116313,4
116314,4
116315,4
116316,4
116317,4
116318,4
116319,4
116320,4
116321,4
116322,4
116323,4
116324,4
116325,4
116326,4
116327,4
116328,4
116329,4
116330,4
116331,4
116332,4
116333,3
116334,3
116335,3
116336,4
116337,4
116338,3
116339,4
116340,4
116341,4
116342,4
116343,1
116344,3
116345,1
116346,3
116347,4
116348,3
116349,4
116350,3
116351,4
116352,3
116353,4
116354,4
116355,4
116356,3
116357,4
116358,4
116359,4
116360,4
116361,4
116362,4
116363,4
116364,4
116365,4
116366,4
116367,4
116368,4
116369,4
116370,4
116371,4
116372,4
116373,4
116374,4
116375,4
116376,4
116377,4
116378,4
116379,4
116380,4
116381,4
116382,4
116383,4
116384,3
116385,4
116386,4
116387,4
116388,4
116389,4
116390,4
116391,4
116392,4
116393,3
116394,4
116395,4
116396,4
116397,4
116398,4
116399,4
116400,4
116401,4
116402,4
116403,4
116404,3
116405,4
116406,1
116407,4
116408,3
116409,4
116410,4
116411,3
116412,4
116413,4
116414,4
116415,3
116416,3
116417,4
116418,4
116419,4
116420,4
116421,3
116422,4
116423,4
116424,4
116425,4
116426,4
116427,4
116428,4
116429,4
116430,4
116431,4
116432,4
116433,3
116434,3
116435,4
116436,4
116437,4
116438,4
116439,4
116440,4
116441,4
116442,4
116443,4
116444,4
116445,4
116446,4
116447,4
116448,4
116449,4
116450,4
116451,4
116452,4
116453,4
116454,4
116455,4
116456,4
116457,4
116458,4
116459,1
116460,4
116461,4
116462,4
116463,4
116464,4
116465,4
116466,3
116467,3
116468,4
116469,3
116470,4
116471,4
116472,4
116473,3
116474,4
116475,4
116476,4
116477,4
116478,4
116479,4
116480,4
116481,4
116482,4
116483,4
116484,4
116485,4
116486,4
116487,4
116488,4
116489,3
116490,4
116491,4
116492,4
116493,4
116494,4
116495,4
116496,4
116497,4
116498,4
116499,4
116500,4
116501,4
116502,4
116503,4
116504,4
116505,4
116506,4
116507,3
116508,4
116509,4
116510,3
116511,4
116512,4
116513,4
116514,4
116515,3
116516,3
116517,4
116518,4
116519,4
116520,4
116521,3
116522,4
116523,1
116524,4
116525,1
116526,3
116527,1
116528,3
116529,4
116530,3
116531,4
116532,4
116533,3
116534,4
116535,4
116536,4
116537,4
116538,4
116539,4
116540,4
116541,3
116542,3
116543,4
116544,4
116545,4
116546,4
116547,4
116548,4
116549,4
116550,4
116551,4
116552,4
116553,4
116554,4
116555,4
116556,4
116557,4
116558,4
116559,4
116560,4
116561,4
116562,4
116563,3
116564,4
116565,4
116566,4
116567,4
116568,4
116569,4
116570,4
116571,4
116572,4
116573,4
116574,3
116575,4
116576,4
116577,3
116578,4
116579,1
116580,4
116581,4
116582,4
116583,4
116584,3
116585,3
116586,1
116587,4
116588,4
116589,3
116590,4
116591,4
116592,3
116593,4
116594,3
116595,3
116596,3
116597,4
116598,4
116599,4
116600,4
116601,4
116602,4
116603,4
116604,4
116605,4
116606,4
116607,4
116608,4
116609,4
116610,4
116611,4
116612,4
116613,4
116614,4
116615,4
116616,4
116617,4
116618,4
116619,4
116620,4
116621,4
116622,4
116623,4
116624,4
116625,4
116626,4
116627,4
116628,4
116629,4
116630,3
116631,4
116632,4
116633,3
116634,1
116635,4
116636,4
116637,4
116638,3
116639,4
116640,4
116641,4
116642,4
116643,4
116644,4
116645,4
116646,4
116647,4
116648,4
116649,4
116650,4
116651,4
116652,4
116653,4
116654,4
116655,4
116656,4
116657,4
116658,4
116659,4
116660,4
116661,4
116662,4
116663,4
116664,4
116665,4
116666,4
116667,4
116668,4
116669,4
116670,4
116671,4
116672,3
116673,4
116674,4
116675,4
116676,4
116677,4
116678,4
116679,4
116680,4
116681,4
116682,4
116683,4
116684,4
116685,4
116686,4
116687,4
116688,4
116689,1
116690,4
116691,4
116692,3
116693,4
116694,4
116695,4
116696,4
116697,4
116698,4
116699,3
116700,3
116701,3
116702,4
116703,4
116704,3
116705,4
116706,4
116707,4
116708,4
116709,4
116710,4
116711,4
116712,4
116713,3
116714,4
116715,4
116716,4
116717,4
116718,4
116719,4
116720,4
116721,4
116722,4
116723,4
116724,4
116725,4
116726,4
116727,3
116728,4
116729,4
116730,4
116731,4
116732,4
116733,4
116734,3
116735,4
116736,1
116737,4
116738,3
116739,4
116740,4
116741,4
116742,3
116743,4
116744,4
116745,4
116746,4
116747,4
116748,4
116749,4
116750,3
116751,4
116752,4
116753,4
116754,4
116755,4
116756,4
116757,4
116758,4
116759,4
116760,4
116761,4
116762,4
116763,4
116764,4
116765,4
116766,4
116767,4
116768,4
116769,4
116770,4
116771,4
116772,4
116773,4
116774,4
116775,4
116776,4
116777,4
116778,4
116779,4
116780,4
116781,4
116782,4
116783,3
116784,4
116785,4
116786,4
116787,4
116788,4
116789,4
116790,4
116791,4
116792,4
116793,4
116794,4
116795,4
116796,3
116797,4
116798,4
116799,4
116800,4
116801,4
116802,4
116803,3
116804,4
116805,4
116806,3
116807,4
116808,4
116809,4
116810,4
116811,3
116812,3
116813,4
116814,4
116815,4
116816,4
116817,4
116818,4
116819,4
116820,4
116821,4
116822,4
116823,4
116824,4
116825,4
116826,4
116827,3
116828,4
116829,4
116830,4
116831,4
116832,4
116833,3
116834,4
116835,4
116836,4
116837,4
116838,4
116839,4
116840,4
116841,4
116842,4
116843,4
116844,3
116845,4
116846,4
116847,3
116848,4
116849,1
116850,4
116851,4
116852,4
116853,4
116854,4
116855,4
116856,4
116857,4
116858,4
116859,4
116860,4
116861,4
116862,4
116863,4
116864,3
116865,4
116866,4
116867,4
116868,4
116869,4
116870,4
116871,4
116872,4
116873,4
116874,4
116875,4
116876,4
116877,4
116878,4
116879,4
116880,4
116881,4
116882,4
116883,4
116884,4
116885,4
116886,4
116887,4
116888,4
116889,4
116890,4
116891,4
116892,4
116893,4
116894,4
116895,4
116896,4
116897,4
116898,4
116899,4
116900,4
116901,4
116902,4
116903,4
116904,3
116905,4
116906,4
116907,3
116908,4
116909,1
116910,4
116911,1
116912,4
116913,3
116914,4
116915,4
116916,4
116917,4
116918,4
116919,4
116920,3
116921,4
116922,4
116923,4
116924,4
116925,3
116926,3
116927,4
116928,4
116929,4
116930,3
116931,4
116932,4
116933,4
116934,4
116935,4
116936,4
116937,4
116938,4
116939,4
116940,4
116941,4
116942,4
116943,4
116944,4
116945,4
116946,4
116947,4
116948,4
116949,4
116950,4
116951,4
116952,4
116953,4
116954,4
116955,4
116956,4
116957,4
116958,4
116959,4
116960,4
116961,3
116962,4
116963,4
116964,4
116965,4
116966,3
116967,3
116968,1
116969,4
116970,3
116971,4
116972,3
116973,4
116974,4
116975,4
116976,4
116977,4
116978,4
116979,4
116980,4
116981,3
116982,3
116983,4
116984,4
116985,4
116986,4
116987,4
116988,4
116989,4
116990,4
116991,4
116992,4
116993,4
116994,4
116995,4
116996,4
116997,4
116998,4
116999,4
117000,4
117001,3
117002,4
117003,4
117004,4
117005,4
117006,4
117007,4
117008,4
117009,4
117010,4
117011,4
117012,4
117013,4
117014,4
117015,4
117016,4
117017,4
117018,4
117019,4
117020,4
117021,4
117022,4
117023,4
117024,4
117025,4
117026,4
117027,3
117028,3
117029,4
117030,4
117031,4
117032,3
117033,4
117034,4
117035,4
117036,4
117037,4
117038,4
117039,4
117040,4
117041,4
117042,4
117043,4
117044,4
117045,4
117046,4
117047,4
117048,4
117049,4
117050,4
117051,4
117052,4
117053,4
117054,4
117055,4
117056,4
117057,4
117058,4
117059,4
117060,4
117061,4
117062,4
117063,4
117064,4
117065,4
117066,4
117067,4
117068,4
117069,4
117070,4
117071,4
117072,4
117073,4
117074,1
117075,4
117076,4
117077,3
117078,4
117079,4
117080,3
117081,4
117082,4
117083,4
117084,4
117085,3
117086,4
117087,4
117088,4
117089,4
117090,4
117091,4
117092,4
117093,3
117094,4
117095,4
117096,4
117097,4
117098,3
117099,4
117100,4
117101,4
117102,4
117103,4
117104,4
117105,4
117106,4
117107,4
117108,4
117109,4
117110,4
117111,3
117112,4
117113,4
117114,4
117115,4
117116,4
117117,4
117118,4
117119,4
117120,4
117121,4
117122,4
117123,4
117124,4
117125,4
117126,4
117127,4
117128,3
117129,4
117130,4
117131,4
117132,3
117133,3
117134,4
117135,4
117136,4
117137,3
117138,3
117139,4
117140,4
117141,4
117142,4
117143,4
117144,4
117145,4
117146,4
117147,4
117148,4
117149,4
117150,4
117151,4
117152,4
117153,4
117154,4
117155,4
117156,4
117157,4
117158,3
117159,4
117160,4
117161,4
117162,4
117163,4
117164,4
117165,4
117166,4
117167,4
117168,4
117169,4
117170,4
117171,4
117172,4
117173,4
117174,3
117175,4
117176,3
117177,3
117178,3
117179,4
117180,3
117181,4
117182,4
117183,4
117184,4
117185,4
117186,4
117187,4
117188,4
117189,4
117190,4
117191,4
117192,4
117193,4
117194,4
117195,3
117196,4
117197,4
117198,4
117199,4
117200,4
117201,4
117202,4
117203,4
117204,4
117205,4
117206,4
117207,4
117208,4
117209,4
117210,4
117211,4
117212,4
117213,4
117214,4
117215,4
117216,4
117217,4
117218,4
117219,4
117220,4
117221,4
117222,4
117223,4
117224,4
117225,4
117226,4
117227,4
117228,4
117229,4
117230,3
117231,4
117232,4
117233,3
117234,1
117235,3
117236,3
117237,4
117238,3
117239,4
117240,4
117241,4
117242,4
117243,3
117244,4
117245,4
117246,4
117247,4
117248,4
117249,4
117250,4
117251,3
117252,4
117253,4
117254,4
117255,4
117256,4
117257,4
117258,3
117259,4
117260,4
117261,4
117262,4
117263,4
117264,4
117265,4
117266,4
117267,4
117268,4
117269,4
117270,4
117271,4
117272,4
117273,4
117274,4
117275,4
117276,4
117277,4
117278,4
117279,4
117280,4
117281,4
117282,4
117283,3
117284,4
117285,4
117286,4
117287,4
117288,4
117289,1
117290,4
117291,1
117292,1
117293,4
117294,4
117295,4
117296,3
117297,4
117298,4
117299,3
117300,4
117301,4
117302,3
117303,4
117304,4
117305,4
117306,3
117307,4
117308,4
117309,4
117310,4
117311,3
117312,4
117313,4
117314,4
117315,4
117316,4
117317,4
117318,4
117319,4
117320,4
117321,4
117322,4
117323,4
117324,4
117325,3
117326,4
117327,4
117328,4
117329,4
117330,4
117331,4
117332,4
117333,4
117334,4
117335,4
117336,4
117337,4
117338,4
117339,4
117340,4
117341,4
117342,4
117343,4
117344,3
117345,4
117346,3
117347,4
117348,3
117349,4
117350,3
117351,4
117352,4
117353,4
117354,4
117355,4
117356,4
117357,4
117358,4
117359,4
117360,4
117361,4
117362,3
117363,4
117364,4
117365,4
117366,4
117367,4
117368,4
117369,4
117370,4
117371,4
117372,4
117373,4
117374,4
117375,4
117376,4
117377,4
117378,4
117379,4
117380,4
117381,4
117382,4
117383,4
117384,4
117385,4
117386,4
117387,4
117388,4
117389,4
117390,4
117391,4
117392,4
117393,1
117394,4
117395,4
117396,3
117397,4
117398,3
117399,4
117400,4
117401,4
117402,4
117403,4
117404,3
117405,4
117406,4
117407,4
117408,4
117409,4
117410,4
117411,4
117412,4
117413,4
117414,4
117415,4
117416,4
117417,4
117418,4
117419,4
117420,4
117421,4
117422,4
117423,4
117424,4
117425,4
117426,4
117427,4
117428,4
117429,4
117430,4
117431,4
117432,4
117433,4
117434,4
117435,4
117436,4
117437,4
117438,4
117439,4
117440,4
117441,4
117442,4
117443,4
117444,4
117445,4
117446,4
117447,4
117448,4
117449,4
117450,4
117451,4
117452,3
117453,4
117454,3
117455,3
117456,4
117457,3
117458,3
117459,4
117460,4
117461,4
117462,4
117463,4
117464,4
117465,4
117466,4
117467,4
117468,4
117469,3
117470,4
117471,3
117472,4
117473,4
117474,4
117475,3
117476,4
117477,4
117478,4
117479,4
117480,3
117481,4
117482,4
117483,4
117484,4
117485,4
117486,4
117487,4
117488,1
117489,4
117490,4
117491,4
117492,4
117493,1
117494,1
117495,4
117496,3
117497,4
117498,3
117499,3
117500,3
117501,4
117502,3
117503,4
117504,4
117505,4
117506,3
117507,3
117508,4
117509,4
117510,4
117511,4
117512,4
117513,3
117514,4
117515,4
117516,4
117517,4
117518,4
117519,4
117520,4
117521,4
117522,4
117523,4
117524,4
117525,4
117526,4
117527,3
117528,4
117529,3
117530,4
117531,3
117532,4
117533,4
117534,4
117535,4
117536,4
117537,4
117538,4
117539,4
117540,4
117541,4
117542,4
117543,4
117544,4
117545,4
117546,4
117547,4
117548,4
117549,3
117550,4
117551,4
117552,4
117553,4
117554,1
117555,4
117556,3
117557,4
117558,4
117559,4
117560,3
117561,3
117562,4
117563,4
117564,3
117565,4
117566,4
117567,3
117568,4
117569,4
117570,4
117571,4
117572,4
117573,4
117574,4
117575,4
117576,4
117577,4
117578,4
117579,4
117580,4
117581,4
117582,4
117583,3
117584,4
117585,4
117586,4
117587,4
117588,4
117589,4
117590,4
117591,4
117592,4
117593,4
117594,4
117595,4
117596,4
117597,4
117598,4
117599,4
117600,4
117601,4
117602,4
117603,4
117604,4
117605,4
117606,1
117607,4
117608,4
117609,4
117610,4
117611,4
117612,3
117613,3
117614,4
117615,4
117616,4
117617,4
117618,3
117619,4
117620,4
117621,4
117622,4
117623,4
117624,4
117625,4
117626,3
117627,4
117628,4
117629,4
117630,4
117631,4
117632,4
117633,3
117634,4
117635,4
117636,4
117637,4
117638,4
117639,4
117640,4
117641,4
117642,4
117643,4
117644,4
117645,4
117646,4
117647,4
117648,4
117649,4
117650,1
117651,3
117652,3
117653,4
117654,4
117655,4
117656,4
117657,4
117658,4
117659,3
117660,3
117661,4
117662,4
117663,4
117664,3
117665,4
117666,4
117667,4
117668,4
117669,4
117670,4
117671,4
117672,4
117673,4
117674,4
117675,4
117676,4
117677,4
117678,4
117679,4
117680,4
117681,4
117682,4
117683,3
117684,4
117685,4
117686,4
117687,4
117688,4
117689,4
117690,4
117691,4
117692,4
117693,4
117694,4
117695,4
117696,4
117697,4
117698,4
117699,4
117700,4
117701,4
117702,4
117703,1
117704,4
117705,3
117706,4
117707,1
117708,1
117709,4
117710,3
117711,3
117712,3
117713,3
117714,4
117715,3
117716,3
117717,4
117718,4
117719,3
117720,4
117721,3
117722,4
117723,4
117724,4
117725,4
117726,4
117727,4
117728,4
117729,3
117730,4
117731,4
117732,4
117733,4
117734,4
117735,4
117736,3
117737,4
117738,4
117739,4
117740,4
117741,4
117742,4
117743,4
117744,4
117745,4
117746,4
117747,4
117748,4
117749,4
117750,3
117751,4
117752,4
117753,4
117754,4
117755,3
117756,4
117757,4
117758,4
117759,4
117760,4
117761,4
117762,4
117763,4
117764,4
117765,4
117766,4
117767,4
117768,4
117769,4
117770,4
117771,4
117772,4
117773,3
117774,3
117775,4
117776,4
117777,4
117778,4
117779,4
117780,4
117781,4
117782,4
117783,4
117784,4
117785,4
117786,4
117787,3
117788,4
117789,4
117790,4
117791,4
117792,3
117793,4
117794,4
117795,4
117796,4
117797,4
117798,4
117799,4
117800,4
117801,4
117802,4
117803,4
117804,4
117805,4
117806,4
117807,4
117808,4
117809,4
117810,4
117811,4
117812,4
117813,4
117814,4
117815,4
117816,4
117817,4
117818,4
117819,4
117820,4
117821,4
117822,4
117823,4
117824,4
117825,4
117826,4
117827,4
117828,4
117829,4
117830,4
117831,4
117832,4
117833,4
117834,4
117835,4
117836,4
117837,4
117838,4
117839,4
117840,4
117841,3
117842,4
117843,4
117844,4
117845,4
117846,3
117847,3
117848,4
117849,4
117850,4
117851,4
117852,4
117853,4
117854,4
117855,4
117856,4
117857,4
117858,4
117859,4
117860,4
117861,4
117862,4
117863,4
117864,4
117865,4
117866,4
117867,4
117868,4
117869,4
117870,4
117871,4
117872,4
117873,4
117874,4
117875,4
117876,4
117877,4
117878,4
117879,4
117880,4
117881,4
117882,4
117883,4
117884,4
117885,3
117886,4
117887,4
117888,3
117889,4
117890,4
117891,4
117892,4
117893,4
117894,4
117895,4
117896,4
117897,3
117898,4
117899,4
117900,4
117901,4
117902,4
117903,4
117904,4
117905,4
117906,4
117907,3
117908,4
117909,3
117910,4
117911,4
117912,4
117913,4
117914,4
117915,4
117916,4
117917,4
117918,4
117919,4
117920,4
117921,4
117922,4
117923,4
117924,4
117925,4
117926,4
117927,4
117928,4
117929,4
117930,4
117931,4
117932,4
117933,4
117934,4
117935,4
117936,4
117937,4
117938,4
117939,4
117940,4
117941,3
117942,4
117943,4
117944,3
117945,3
117946,4
117947,4
117948,4
117949,4
117950,4
117951,3
117952,4
117953,4
117954,4
117955,4
117956,4
117957,4
117958,4
117959,4
117960,4
117961,4
117962,4
117963,4
117964,3
117965,4
117966,4
117967,4
117968,4
117969,4
117970,4
117971,4
117972,3
117973,4
117974,4
117975,4
117976,4
117977,4
117978,4
117979,4
117980,4
117981,4
117982,4
117983,4
117984,4
117985,4
117986,4
117987,4
117988,4
117989,4
117990,4
117991,4
117992,4
117993,4
117994,3
117995,1
117996,4
117997,4
117998,3
117999,4
118000,4
118001,4
118002,4
118003,4
118004,4
118005,4
118006,4
118007,4
118008,4
118009,4
118010,3
118011,4
118012,3
118013,4
118014,4
118015,4
118016,3
118017,4
118018,4
118019,4
118020,4
118021,4
118022,4
118023,4
118024,4
118025,4
118026,4
118027,4
118028,4
118029,3
118030,4
118031,4
118032,4
118033,4
118034,4
118035,4
118036,4
118037,4
118038,4
118039,4
118040,4
118041,4
118042,4
118043,4
118044,4
118045,4
118046,4
118047,4
118048,4
118049,4
118050,4
118051,4
118052,4
118053,4
118054,4
118055,4
118056,4
118057,4
118058,4
118059,4
118060,4
118061,4
118062,4
118063,4
118064,4
118065,4
118066,4
118067,4
118068,4
118069,4
118070,4
118071,3
118072,4
118073,4
118074,3
118075,3
118076,3
118077,4
118078,4
118079,3
118080,4
118081,4
118082,4
118083,4
118084,4
118085,3
118086,4
118087,4
118088,4
118089,4
118090,4
118091,4
118092,4
118093,4
118094,4
118095,4
118096,4
118097,4
118098,4
118099,4
118100,4
118101,4
118102,3
118103,4
118104,4
118105,4
118106,4
118107,3
118108,4
118109,4
118110,4
118111,4
118112,4
118113,4
118114,4
118115,4
118116,4
118117,4
118118,4
118119,4
118120,4
118121,4
118122,4
118123,4
118124,4
118125,4
118126,4
118127,4
118128,4
118129,3
118130,4
118131,4
118132,4
118133,4
118134,3
118135,3
118136,3
118137,4
118138,4
118139,4
118140,4
118141,4
118142,4
118143,3
118144,4
118145,4
118146,4
118147,4
118148,4
118149,4
118150,4
118151,4
118152,4
118153,4
118154,4
118155,4
118156,4
118157,4
118158,4
118159,4
118160,4
118161,4
118162,4
118163,4
118164,4
118165,4
118166,4
118167,4
118168,3
118169,4
118170,4
118171,3
118172,4
118173,4
118174,4
118175,4
118176,4
118177,4
118178,4
118179,4
118180,4
118181,4
118182,4
118183,4
118184,4
118185,4
118186,4
118187,4
118188,4
118189,1
118190,3
118191,4
118192,4
118193,4
118194,4
118195,4
118196,4
118197,4
118198,4
118199,4
118200,3
118201,4
118202,4
118203,3
118204,4
118205,4
118206,3
118207,4
118208,4
118209,4
118210,4
118211,4
118212,4
118213,4
118214,3
118215,4
118216,4
118217,4
118218,4
118219,4
118220,4
118221,4
118222,4
118223,4
118224,4
118225,4
118226,4
118227,4
118228,4
118229,4
118230,4
118231,4
118232,4
118233,4
118234,4
118235,3
118236,4
118237,4
118238,3
118239,4
118240,4
118241,4
118242,3
118243,4
118244,4
118245,1
118246,1
118247,3
118248,3
118249,3
118250,4
118251,4
118252,4
118253,4
118254,4
118255,3
118256,3
118257,4
118258,4
118259,4
118260,4
118261,4
118262,4
118263,4
118264,4
118265,4
118266,4
118267,4
118268,4
118269,4
118270,4
118271,4
118272,4
118273,4
118274,4
118275,4
118276,4
118277,4
118278,4
118279,4
118280,4
118281,4
118282,4
118283,4
118284,4
118285,4
118286,4
118287,4
118288,4
118289,4
118290,4
118291,3
118292,1
118293,1
118294,4
118295,4
118296,3
118297,4
118298,4
118299,4
118300,4
118301,3
118302,3
118303,4
118304,4
118305,3
118306,4
118307,4
118308,4
118309,4
118310,4
118311,4
118312,4
118313,4
118314,4
118315,4
118316,4
118317,4
118318,3
118319,4
118320,4
118321,4
118322,4
118323,4
118324,4
118325,4
118326,4
118327,4
118328,4
118329,4
118330,4
118331,4
118332,4
118333,4
118334,4
118335,4
118336,4
118337,4
118338,1
118339,1
118340,1
118341,4
118342,4
118343,4
118344,4
118345,3
118346,4
118347,4
118348,4
118349,4
118350,4
118351,4
118352,4
118353,4
118354,4
118355,4
118356,4
118357,3
118358,4
118359,4
118360,4
118361,4
118362,4
118363,4
118364,4
118365,4
118366,4
118367,4
118368,4
118369,4
118370,4
118371,4
118372,4
118373,4
118374,4
118375,4
118376,3
118377,4
118378,4
118379,4
118380,4
118381,4
118382,4
118383,4
118384,4
118385,4
118386,4
118387,4
118388,4
118389,4
118390,4
118391,4
118392,4
118393,4
118394,4
118395,4
118396,4
118397,1
118398,4
118399,4
118400,1
118401,3
118402,3
118403,4
118404,4
118405,3
118406,4
118407,4
118408,4
118409,4
118410,4
118411,4
118412,4
118413,4
118414,4
118415,4
118416,4
118417,3
118418,4
118419,3
118420,4
118421,3
118422,4
118423,4
118424,4
118425,4
118426,4
118427,4
118428,4
118429,4
118430,4
118431,4
118432,4
118433,4
118434,4
118435,4
118436,4
118437,4
118438,4
118439,4
118440,4
118441,3
118442,4
118443,4
118444,3
118445,4
118446,4
118447,4
118448,4
118449,4
118450,4
118451,4
118452,4
118453,4
118454,4
118455,3
118456,3
118457,4
118458,4
118459,4
118460,3
118461,3
118462,4
118463,4
118464,4
118465,4
118466,4
118467,4
118468,4
118469,4
118470,4
118471,4
118472,4
118473,4
118474,4
118475,3
118476,4
118477,4
118478,4
118479,4
118480,4
118481,4
118482,4
118483,4
118484,4
118485,4
118486,4
118487,3
118488,4
118489,4
118490,4
118491,4
118492,4
118493,4
118494,4
118495,4
118496,4
118497,4
118498,4
118499,4
118500,4
118501,4
118502,4
118503,4
118504,4
118505,4
118506,4
118507,4
118508,4
118509,4
118510,4
118511,1
118512,4
118513,3
118514,4
118515,4
118516,4
118517,3
118518,4
118519,4
118520,4
118521,4
118522,4
118523,4
118524,4
118525,4
118526,4
118527,4
118528,4
118529,4
118530,4
118531,4
118532,4
118533,4
118534,4
118535,3
118536,4
118537,4
118538,4
118539,4
118540,4
118541,4
118542,4
118543,4
118544,4
118545,4
118546,4
118547,4
118548,4
118549,4
118550,3
118551,3
118552,4
118553,4
118554,4
118555,4
118556,3
118557,4
118558,4
118559,4
118560,4
118561,3
118562,3
118563,4
118564,4
118565,4
118566,4
118567,4
118568,4
118569,4
118570,4
118571,4
118572,4
118573,4
118574,4
118575,4
118576,4
118577,4
118578,4
118579,4
118580,4
118581,4
118582,3
118583,4
118584,4
118585,4
118586,4
118587,4
118588,4
118589,4
118590,4
118591,3
118592,4
118593,4
118594,4
118595,4
118596,4
118597,4
118598,4
118599,4
118600,4
118601,4
118602,4
118603,4
118604,4
118605,4
118606,4
118607,4
118608,4
118609,4
118610,4
118611,4
118612,4
118613,4
118614,4
118615,4
118616,4
118617,4
118618,4
118619,4
118620,4
118621,3
118622,4
118623,3
118624,4
118625,3
118626,3
118627,3
118628,4
118629,3
118630,4
118631,4
118632,4
118633,4
118634,4
118635,4
118636,4
118637,4
118638,4
118639,4
118640,4
118641,4
118642,4
118643,4
118644,4
118645,4
118646,4
118647,4
118648,4
118649,4
118650,4
118651,3
118652,4
118653,4
118654,4
118655,4
118656,4
118657,4
118658,4
118659,4
118660,4
118661,4
118662,4
118663,4
118664,4
118665,4
118666,4
118667,4
118668,4
118669,4
118670,4
118671,4
118672,4
118673,4
118674,4
118675,4
118676,4
118677,4
118678,3
118679,4
118680,4
118681,4
118682,4
118683,4
118684,4
118685,4
118686,4
118687,4
118688,3
118689,4
118690,4
118691,4
118692,4
118693,4
118694,4
118695,4
118696,4
118697,3
118698,4
118699,4
118700,4
118701,4
118702,4
118703,4
118704,4
118705,4
118706,4
118707,4
118708,4
118709,4
118710,4
118711,4
118712,3
118713,3
118714,4
118715,4
118716,4
118717,4
118718,4
118719,4
118720,4
118721,4
118722,4
118723,4
118724,4
118725,4
118726,4
118727,4
118728,4
118729,4
118730,4
118731,4
118732,4
118733,4
118734,4
118735,4
118736,4
118737,3
118738,3
118739,4
118740,4
118741,4
118742,4
118743,3
118744,4
118745,4
118746,3
118747,4
118748,4
118749,4
118750,4
118751,4
118752,4
118753,4
118754,4
118755,3
118756,4
118757,4
118758,4
118759,4
118760,3
118761,4
118762,4
118763,4
118764,4
118765,4
118766,4
118767,4
118768,4
118769,4
118770,4
118771,4
118772,3
118773,4
118774,4
118775,4
118776,4
118777,4
118778,4
118779,4
118780,4
118781,4
118782,4
118783,3
118784,4
118785,4
118786,4
118787,4
118788,4
118789,4
118790,4
118791,4
118792,4
118793,4
118794,4
118795,4
118796,1
118797,4
118798,4
118799,4
118800,4
118801,4
118802,3
118803,3
118804,4
118805,4
118806,4
118807,4
118808,3
118809,4
118810,4
118811,4
118812,4
118813,4
118814,4
118815,4
118816,4
118817,4
118818,4
118819,3
118820,4
118821,4
118822,4
118823,4
118824,4
118825,4
118826,4
118827,4
118828,4
118829,4
118830,4
118831,4
118832,4
118833,3
118834,4
118835,4
118836,4
118837,3
118838,4
118839,4
118840,4
118841,4
118842,4
118843,4
118844,4
118845,4
118846,4
118847,4
118848,4
118849,4
118850,4
118851,4
118852,4
118853,4
118854,1
118855,4
118856,4
118857,4
118858,3
118859,4
118860,4
118861,4
118862,4
118863,4
118864,3
118865,4
118866,4
118867,4
118868,4
118869,4
118870,4
118871,4
118872,4
118873,4
118874,4
118875,3
118876,4
118877,4
118878,3
118879,4
118880,4
118881,4
118882,4
118883,4
118884,4
118885,4
118886,4
118887,4
118888,4
118889,4
118890,4
118891,3
118892,4
118893,4
118894,4
118895,4
118896,4
118897,4
118898,4
118899,4
118900,4
118901,4
118902,4
118903,4
118904,4
118905,4
118906,4
118907,4
118908,4
118909,4
118910,3
118911,4
118912,4
118913,4
118914,4
118915,4
118916,4
118917,4
118918,4
118919,4
118920,4
118921,4
118922,4
118923,4
118924,4
118925,4
118926,4
118927,4
118928,4
118929,4
118930,4
118931,4
118932,4
118933,4
118934,4
118935,1
118936,1
118937,3
118938,4
118939,4
118940,4
118941,3
118942,4
118943,4
118944,4
118945,4
118946,4
118947,4
118948,4
118949,4
118950,4
118951,4
118952,4
118953,3
118954,4
118955,4
118956,4
118957,4
118958,4
118959,4
118960,4
118961,4
118962,4
118963,4
118964,4
118965,4
118966,3
118967,4
118968,4
118969,4
118970,4
118971,4
118972,4
118973,4
118974,3
118975,4
118976,4
118977,4
118978,4
118979,4
118980,4
118981,4
118982,4
118983,4
118984,4
118985,4
118986,4
118987,4
118988,4
118989,4
118990,3
118991,4
118992,4
118993,4
118994,1
118995,1
118996,4
118997,4
118998,4
118999,4
119000,4
119001,4
119002,4
119003,3
119004,3
119005,4
119006,4
119007,4
119008,4
119009,4
119010,4
119011,3
119012,4
119013,4
119014,4
119015,4
119016,4
119017,4
119018,4
119019,4
119020,4
119021,4
119022,4
119023,4
119024,4
119025,4
119026,4
119027,4
119028,4
119029,4
119030,4
119031,4
119032,4
119033,4
119034,4
119035,4
119036,4
119037,4
119038,4
119039,4
119040,4
119041,4
119042,4
119043,4
119044,4
119045,4
119046,4
119047,4
119048,4
119049,4
119050,4
119051,3
119052,4
119053,4
119054,4
119055,4
119056,4
119057,4
119058,4
119059,4
119060,3
119061,4
119062,4
119063,4
119064,4
119065,4
119066,4
119067,4
119068,4
119069,4
119070,4
119071,4
119072,4
119073,4
119074,4
119075,4
119076,4
119077,4
119078,4
119079,4
119080,4
119081,4
119082,4
119083,4
119084,4
119085,4
119086,4
119087,4
119088,4
119089,4
119090,4
119091,4
119092,4
119093,4
119094,4
119095,4
119096,4
119097,4
119098,1
119099,4
119100,4
119101,1
119102,3
119103,4
119104,4
119105,4
119106,3
119107,4
119108,4
119109,4
119110,4
119111,4
119112,4
119113,4
119114,4
119115,4
119116,4
119117,4
119118,4
119119,4
119120,4
119121,4
119122,3
119123,4
119124,4
119125,4
119126,4
119127,4
119128,4
119129,4
119130,4
119131,4
119132,4
119133,4
119134,4
119135,4
119136,4
119137,4
119138,4
119139,4
119140,4
119141,4
119142,4
119143,4
119144,4
119145,4
119146,4
119147,4
119148,4
119149,4
119150,4
119151,4
119152,4
119153,3
119154,3
119155,4
119156,1
119157,3
119158,4
119159,4
119160,4
119161,4
119162,4
119163,4
119164,3
119165,4
119166,4
119167,4
119168,4
119169,3
119170,4
119171,4
119172,4
119173,4
119174,4
119175,4
119176,4
119177,4
119178,4
119179,4
119180,4
119181,4
119182,4
119183,4
119184,4
119185,4
119186,4
119187,4
119188,4
119189,4
119190,4
119191,4
119192,4
119193,4
119194,4
119195,4
119196,4
119197,4
119198,4
119199,4
119200,4
119201,4
119202,4
119203,4
119204,4
119205,4
119206,4
119207,4
119208,4
119209,4
119210,4
119211,4
119212,4
119213,4
119214,4
119215,4
119216,4
119217,4
119218,1
119219,4
119220,3
119221,3
119222,4
119223,4
119224,4
119225,4
119226,3
119227,4
119228,4
119229,4
119230,4
119231,4
119232,4
119233,4
119234,4
119235,4
119236,4
119237,4
119238,4
119239,4
119240,4
119241,4
119242,4
119243,4
119244,4
119245,4
119246,4
119247,4
119248,4
119249,4
119250,4
119251,4
119252,4
119253,4
119254,4
119255,4
119256,4
119257,4
119258,4
119259,4
119260,4
119261,4
119262,4
119263,1
119264,1
119265,1
119266,4
119267,4
119268,4
119269,4
119270,4
119271,4
119272,3
119273,4
119274,3
119275,4
119276,3
119277,4
119278,4
119279,4
119280,4
119281,4
119282,4
119283,4
119284,4
119285,4
119286,4
119287,4
119288,4
119289,3
119290,4
119291,4
119292,4
119293,4
119294,3
119295,4
119296,4
119297,4
119298,3
119299,4
119300,4
119301,4
119302,4
119303,4
119304,4
119305,4
119306,4
119307,4
119308,4
119309,4
119310,4
119311,4
119312,4
119313,4
119314,4
119315,4
119316,4
119317,4
119318,4
119319,4
119320,4
119321,4
119322,4
119323,4
119324,4
119325,4
119326,4
119327,4
119328,4
119329,4
119330,4
119331,4
119332,4
119333,1
119334,3
119335,3
119336,4
119337,4
119338,4
119339,4
119340,4
119341,4
119342,3
119343,4
119344,4
119345,4
119346,4
119347,3
119348,4
119349,4
119350,3
119351,4
119352,3
119353,4
119354,3
119355,4
119356,4
119357,4
119358,4
119359,4
119360,4
119361,4
119362,4
119363,4
119364,4
119365,4
119366,4
119367,3
119368,4
119369,4
119370,4
119371,4
119372,4
119373,4
119374,4
119375,4
119376,4
119377,4
119378,4
119379,4
119380,4
119381,4
119382,4
119383,4
119384,1
119385,4
119386,4
119387,1
119388,4
119389,4
119390,4
119391,3
119392,4
119393,4
119394,4
119395,4
119396,4
119397,4
119398,4
119399,4
119400,4
119401,4
119402,4
119403,4
119404,4
119405,4
119406,4
119407,4
119408,4
119409,3
119410,4
119411,4
119412,4
119413,4
119414,4
119415,4
119416,4
119417,4
119418,3
119419,4
119420,4
119421,4
119422,4
119423,4
119424,4
119425,4
119426,4
119427,4
119428,4
119429,4
119430,4
119431,4
119432,4
119433,4
119434,4
119435,4
119436,4
119437,4
119438,4
119439,4
119440,4
119441,4
119442,4
119443,4
119444,1
119445,1
119446,4
119447,4
119448,4
119449,4
119450,4
119451,3
119452,3
119453,4
119454,4
119455,4
119456,4
119457,3
119458,4
119459,4
119460,3
119461,4
119462,4
119463,4
119464,4
119465,3
119466,4
119467,4
119468,4
119469,4
119470,4
119471,4
119472,4
119473,4
119474,4
119475,4
119476,4
119477,4
119478,3
119479,4
119480,4
119481,4
119482,4
119483,4
119484,4
119485,4
119486,4
119487,4
119488,3
119489,1
119490,1
119491,1
119492,1
119493,4
119494,4
119495,3
119496,4
119497,4
119498,4
119499,4
119500,4
119501,4
119502,4
119503,4
119504,4
119505,4
119506,4
119507,4
119508,4
119509,4
119510,4
119511,4
119512,4
119513,4
119514,4
119515,4
119516,4
119517,4
119518,4
119519,4
119520,4
119521,4
119522,4
119523,4
119524,4
119525,4
119526,3
119527,3
119528,4
119529,3
119530,4
119531,3
119532,4
119533,4
119534,4
119535,3
119536,4
119537,4
119538,4
119539,4
119540,4
119541,3
119542,4
119543,4
119544,4
119545,4
119546,4
119547,4
119548,4
119549,4
119550,4
119551,4
119552,4
119553,4
119554,4
119555,4
119556,4
119557,4
119558,4
119559,4
119560,4
119561,3
119562,4
119563,4
119564,4
119565,4
119566,4
119567,4
119568,4
119569,4
119570,4
119571,4
119572,4
119573,4
119574,4
119575,4
119576,4
119577,4
119578,4
119579,4
119580,4
119581,4
119582,1
119583,4
119584,4
119585,4
119586,4
119587,4
119588,4
119589,4
119590,3
119591,4
119592,4
119593,4
119594,4
119595,4
119596,4
119597,4
119598,4
119599,4
119600,4
119601,4
119602,4
119603,4
119604,4
119605,4
119606,4
119607,4
119608,4
119609,4
119610,4
119611,4
119612,4
119613,4
119614,4
119615,4
119616,4
119617,4
119618,4
119619,4
119620,4
119621,4
119622,4
119623,4
119624,4
119625,4
119626,4
119627,4
119628,4
119629,4
119630,4
119631,3
119632,4
119633,4
119634,4
119635,4
119636,4
119637,4
119638,4
119639,4
119640,4
119641,4
119642,4
119643,3
119644,4
119645,4
119646,4
119647,4
119648,4
119649,4
119650,4
119651,4
119652,4
119653,4
119654,4
119655,4
119656,4
119657,4
119658,4
119659,4
119660,3
119661,4
119662,4
119663,4
119664,4
119665,4
119666,4
119667,4
119668,4
119669,4
119670,4
119671,4
119672,4
119673,4
119674,4
119675,4
119676,4
119677,4
119678,4
119679,4
119680,4
119681,4
119682,4
119683,4
119684,4
119685,4
119686,3
119687,4
119688,4
119689,4
119690,3
119691,4
119692,4
119693,3
119694,4
119695,4
119696,3
119697,4
119698,4
119699,4
119700,4
119701,4
119702,4
119703,4
119704,4
119705,4
119706,4
119707,4
119708,4
119709,4
119710,4
119711,4
119712,4
119713,4
119714,4
119715,4
119716,4
119717,4
119718,4
119719,4
119720,4
119721,4
119722,4
119723,4
119724,3
119725,4
119726,4
119727,4
119728,4
119729,4
119730,4
119731,4
119732,4
119733,4
119734,4
119735,3
119736,4
119737,4
119738,4
119739,4
119740,4
119741,4
119742,4
119743,4
119744,4
119745,4
119746,4
119747,4
119748,4
119749,4
119750,4
119751,4
119752,4
119753,3
119754,4
119755,4
119756,3
119757,4
119758,4
119759,4
119760,3
119761,4
119762,4
119763,4
119764,4
119765,4
119766,4
119767,4
119768,3
119769,4
119770,4
119771,4
119772,4
119773,4
119774,3
119775,4
119776,4
119777,4
119778,4
119779,4
119780,4
119781,4
119782,4
119783,4
119784,4
119785,4
119786,4
119787,4
119788,4
119789,4
119790,4
119791,3
119792,4
119793,3
119794,4
119795,1
119796,4
119797,4
119798,4
119799,4
119800,4
119801,3
119802,4
119803,3
119804,4
119805,4
119806,4
119807,4
119808,4
119809,3
119810,4
119811,4
119812,4
119813,4
119814,4
119815,4
119816,4
119817,4
119818,4
119819,4
119820,4
119821,4
119822,4
119823,4
119824,4
119825,4
119826,4
119827,4
119828,4
119829,4
119830,4
119831,3
119832,4
119833,4
119834,4
119835,4
119836,4
119837,4
119838,4
119839,4
119840,4
119841,4
119842,3
119843,4
119844,4
119845,4
119846,4
119847,4
119848,4
119849,4
119850,4
119851,4
119852,3
119853,4
119854,4
119855,4
119856,3
119857,4
119858,3
119859,4
119860,3
119861,4
119862,4
119863,4
119864,4
119865,4
119866,4
119867,4
119868,4
119869,4
119870,4
119871,3
119872,4
119873,4
119874,4
119875,4
119876,4
119877,4
119878,4
119879,4
119880,4
119881,4
119882,4
119883,4
119884,4
119885,4
119886,4
119887,4
119888,4
119889,4
119890,4
119891,4
119892,3
119893,4
119894,4
119895,4
119896,4
119897,4
119898,4
119899,4
119900,4
119901,4
119902,4
119903,4
119904,4
119905,4
119906,4
119907,3
119908,4
119909,3
119910,3
119911,3
119912,3
119913,4
119914,4
119915,3
119916,4
119917,4
119918,3
119919,4
119920,4
119921,4
119922,4
119923,4
119924,4
119925,4
119926,4
119927,4
119928,4
119929,4
119930,4
119931,4
119932,4
119933,4
119934,4
119935,4
119936,4
119937,4
119938,4
119939,4
119940,4
119941,4
119942,4
119943,4
119944,4
119945,4
119946,4
119947,4
119948,4
119949,4
119950,4
119951,3
119952,4
119953,3
119954,4
119955,4
119956,4
119957,4
119958,4
119959,4
119960,4
119961,4
119962,4
119963,4
119964,4
119965,4
119966,4
119967,4
119968,4
119969,4
119970,4
119971,4
119972,4
119973,4
119974,4
119975,4
119976,4
119977,4
119978,4
119979,4
119980,3
119981,4
119982,4
119983,4
119984,4
119985,4
119986,4
119987,4
119988,4
119989,4
119990,4
119991,4
119992,4
119993,1
119994,1
119995,1
119996,4
119997,3
119998,4
119999,4
120000,4
120001,4
120002,4
120003,4
120004,4
120005,4
120006,4
120007,4
120008,4
120009,4
120010,4
120011,4
120012,4
120013,4
120014,4
120015,4
120016,3
120017,4
120018,4
120019,4
120020,4
120021,4
120022,4
120023,4
120024,4
120025,4
120026,4
120027,4
120028,4
120029,3
120030,4
120031,4
120032,4
120033,4
120034,4
120035,4
120036,4
120037,4
120038,4
120039,4
120040,4
120041,4
120042,4
120043,4
120044,4
120045,4
120046,3
120047,4
120048,4
120049,4
120050,4
120051,1
120052,4
120053,1
120054,4
120055,3
120056,4
120057,4
120058,4
120059,4
120060,4
120061,4
120062,4
120063,4
120064,4
120065,4
120066,4
120067,4
120068,4
120069,4
120070,3
120071,4
120072,4
120073,4
120074,4
120075,4
120076,4
120077,4
120078,4
120079,4
120080,4
120081,4
120082,4
120083,4
120084,3
120085,4
120086,4
120087,4
120088,4
120089,4
120090,4
120091,4
120092,4
120093,4
120094,4
120095,4
120096,4
120097,3
120098,4
120099,1
120100,3
120101,4
120102,4
120103,3
120104,4
120105,4
120106,4
120107,4
120108,4
120109,4
120110,4
120111,4
120112,3
120113,4
120114,4
120115,4
120116,4
120117,4
120118,4
120119,4
120120,4
120121,4
120122,4
120123,4
120124,4
120125,4
120126,4
120127,4
120128,4
120129,4
120130,4
120131,4
120132,4
120133,4
120134,4
120135,4
120136,4
120137,4
120138,4
120139,4
120140,4
120141,4
120142,4
120143,4
120144,1
120145,4
120146,4
120147,3
120148,4
120149,4
120150,4
120151,4
120152,4
120153,4
120154,3
120155,4
120156,4
120157,4
120158,4
120159,4
120160,4
120161,4
120162,3
120163,4
120164,4
120165,4
120166,3
120167,4
120168,4
120169,4
120170,4
120171,4
120172,3
120173,4
120174,4
120175,4
120176,4
120177,4
120178,4
120179,4
120180,4
120181,4
120182,4
120183,4
120184,4
120185,4
120186,4
120187,4
120188,4
120189,4
120190,4
120191,4
120192,4
120193,4
120194,3
120195,4
120196,4
120197,4
120198,4
120199,4
120200,4
120201,4
120202,4
120203,4
120204,3
120205,4
120206,4
120207,3
120208,4
120209,4
120210,3
120211,4
120212,4
120213,4
120214,4
120215,4
120216,4
120217,4
120218,4
120219,4
120220,4
120221,4
120222,4
120223,4
120224,4
120225,4
120226,4
120227,4
120228,4
120229,4
120230,4
120231,4
120232,4
120233,3
120234,4
120235,1
120236,4
120237,4
120238,4
120239,4
120240,4
120241,4
120242,4
120243,4
120244,3
120245,4
120246,4
120247,4
120248,4
120249,4
120250,3
120251,4
120252,4
120253,4
120254,4
120255,4
120256,4
120257,4
120258,4
120259,4
120260,4
120261,4
120262,4
120263,4
120264,4
120265,4
120266,4
120267,4
120268,4
120269,4
120270,4
120271,4
120272,4
120273,4
120274,4
120275,4
120276,4
120277,4
120278,4
120279,1
120280,1
120281,4
120282,4
120283,3
120284,4
120285,4
120286,3
120287,4
120288,4
120289,4
120290,4
120291,3
120292,4
120293,4
120294,4
120295,4
120296,4
120297,3
120298,3
120299,4
120300,4
120301,4
120302,4
120303,4
120304,4
120305,4
120306,4
120307,4
120308,4
120309,4
120310,4
120311,4
120312,4
120313,4
120314,4
120315,4
120316,4
120317,4
120318,4
120319,4
120320,4
120321,4
120322,4
120323,4
120324,4
120325,4
120326,4
120327,4
120328,4
120329,4
120330,4
120331,4
120332,4
120333,4
120334,4
120335,4
120336,3
120337,1
120338,4
120339,4
120340,4
120341,4
120342,4
120343,4
120344,3
120345,4
120346,4
120347,4
120348,4
120349,3
120350,4
120351,4
120352,4
120353,4
120354,4
120355,4
120356,4
120357,4
120358,3
120359,4
120360,4
120361,4
120362,4
120363,4
120364,4
120365,4
120366,4
120367,4
120368,4
120369,4
120370,4
120371,4
120372,4
120373,4
120374,3
120375,4
120376,4
120377,4
120378,4
120379,4
120380,4
120381,4
120382,4
120383,4
120384,4
120385,4
120386,4
120387,4
120388,4
120389,4
120390,4
120391,4
120392,4
120393,4
120394,4
120395,4
120396,3
120397,3
120398,3
120399,4
120400,4
120401,4
120402,4
120403,4
120404,4
120405,4
120406,4
120407,4
120408,4
120409,4
120410,4
120411,4
120412,3
120413,4
120414,4
120415,4
120416,3
120417,4
120418,4
120419,4
120420,4
120421,4
120422,4
120423,4
120424,4
120425,4
120426,3
120427,4
120428,4
120429,4
120430,4
120431,4
120432,4
120433,4
120434,4
120435,4
120436,4
120437,3
120438,4
120439,4
120440,3
120441,4
120442,4
120443,4
120444,4
120445,4
120446,4
120447,4
120448,4
120449,4
120450,4
120451,4
120452,4
120453,4
120454,4
120455,4
120456,4
120457,4
120458,4
120459,3
120460,4
120461,4
120462,4
120463,4
120464,4
120465,4
120466,4
120467,4
120468,4
120469,4
120470,4
120471,4
120472,4
120473,4
120474,4
120475,4
120476,4
120477,4
120478,4
120479,4
120480,3
120481,4
120482,4
120483,4
120484,4
120485,4
120486,4
120487,4
120488,3
120489,4
120490,4
120491,4
120492,4
120493,3
120494,4
120495,4
120496,4
120497,4
120498,4
120499,4
120500,4
120501,4
120502,4
120503,4
120504,4
120505,3
120506,4
120507,4
120508,4
120509,4
120510,4
120511,4
120512,4
120513,4
120514,4
120515,4
120516,4
120517,4
120518,4
120519,4
120520,4
120521,4
120522,4
120523,4
120524,4
120525,4
120526,4
120527,4
120528,4
120529,4
120530,3
120531,4
120532,4
120533,3
120534,4
120535,3
120536,4
120537,3
120538,4
120539,4
120540,4
120541,3
120542,4
120543,4
120544,4
120545,4
120546,4
120547,4
120548,4
120549,4
120550,4
120551,4
120552,4
120553,4
120554,4
120555,4
120556,4
120557,4
120558,4
120559,4
120560,4
120561,4
120562,4
120563,4
120564,4
120565,4
120566,4
120567,4
120568,4
120569,4
120570,4
120571,3
120572,4
120573,4
120574,4
120575,3
120576,3
120577,3
120578,4
120579,3
120580,4
120581,4
120582,3
120583,4
120584,4
120585,3
120586,4
120587,4
120588,4
120589,3
120590,4
120591,4
120592,4
120593,4
120594,4
120595,4
120596,3
120597,4
120598,4
120599,4
120600,4
120601,4
120602,3
120603,4
120604,4
120605,4
120606,4
120607,4
120608,4
120609,4
120610,4
120611,4
120612,4
120613,4
120614,4
120615,4
120616,4
120617,4
120618,4
120619,4
120620,4
120621,1
120622,3
120623,4
120624,4
120625,4
120626,4
120627,4
120628,3
120629,4
120630,3
120631,4
120632,4
120633,4
120634,3
120635,4
120636,4
120637,4
120638,4
120639,4
120640,4
120641,4
120642,4
120643,3
120644,4
120645,3
120646,4
120647,4
120648,4
120649,4
120650,4
120651,4
120652,4
120653,4
120654,4
120655,4
120656,4
120657,4
120658,4
120659,4
120660,4
120661,4
120662,4
120663,4
120664,4
120665,4
120666,4
120667,4
120668,4
120669,4
120670,4
120671,4
120672,4
120673,3
120674,4
120675,4
120676,4
120677,4
120678,4
120679,4
120680,3
120681,4
120682,4
120683,4
120684,3
120685,4
120686,4
120687,4
120688,4
120689,4
120690,4
120691,4
120692,4
120693,4
120694,4
120695,4
120696,4
120697,4
120698,3
120699,4
120700,4
120701,4
120702,4
120703,4
120704,4
120705,4
120706,4
120707,4
120708,4
120709,4
120710,4
120711,4
120712,3
120713,4
120714,4
120715,4
120716,4
120717,4
120718,4
120719,4
120720,4
120721,4
120722,4
120723,4
120724,4
120725,1
120726,4
120727,4
120728,4
120729,4
120730,3
120731,4
120732,4
120733,4
120734,4
120735,4
120736,4
120737,4
120738,4
120739,4
120740,4
120741,4
120742,4
120743,4
120744,4
120745,4
120746,4
120747,4
120748,4
120749,4
120750,4
120751,4
120752,4
120753,4
120754,4
120755,4
120756,4
120757,4
120758,4
120759,4
120760,4
120761,4
120762,4
120763,3
120764,4
120765,4
120766,4
120767,4
120768,4
120769,4
120770,4
120771,3
120772,1
120773,3
120774,3
120775,4
120776,4
120777,4
120778,4
120779,3
120780,4
120781,3
120782,4
120783,4
120784,3
120785,4
120786,4
120787,4
120788,4
120789,4
120790,3
120791,4
120792,4
120793,4
120794,4
120795,4
120796,4
120797,4
120798,4
120799,3
120800,4
120801,4
120802,4
120803,4
120804,4
120805,4
120806,4
120807,4
120808,4
120809,4
120810,4
120811,4
120812,4
120813,4
120814,4
120815,3
120816,4
120817,4
120818,4
120819,4
120820,4
120821,4
120822,4
120823,4
120824,4
120825,4
120826,4
120827,4
120828,4
120829,4
120830,4
120831,3
120832,4
120833,4
120834,3
120835,4
120836,4
120837,4
120838,4
120839,4
120840,4
120841,4
120842,4
120843,4
120844,4
120845,4
120846,3
120847,4
120848,4
120849,4
120850,4
120851,4
120852,4
120853,3
120854,4
120855,4
120856,4
120857,4
120858,4
120859,4
120860,3
120861,4
120862,4
120863,4
120864,4
120865,4
120866,4
120867,4
120868,4
120869,4
120870,4
120871,4
120872,4
120873,4
120874,4
120875,4
120876,4
120877,4
120878,4
120879,3
120880,4
120881,4
120882,4
120883,3
120884,4
120885,4
120886,4
120887,4
120888,4
120889,4
120890,4
120891,3
120892,4
120893,4
120894,4
120895,4
120896,4
120897,4
120898,4
120899,4
120900,4
120901,4
120902,4
120903,4
120904,4
120905,3
120906,4
120907,4
120908,4
120909,4
120910,4
120911,4
120912,4
120913,4
120914,4
120915,4
120916,4
120917,4
120918,4
120919,4
120920,3
120921,4
120922,4
120923,4
120924,3
120925,4
120926,4
120927,4
120928,4
120929,4
120930,4
120931,4
120932,4
120933,4
120934,4
120935,3
120936,3
120937,4
120938,4
120939,4
120940,4
120941,4
120942,3
120943,4
120944,4
120945,4
120946,4
120947,4
120948,4
120949,4
120950,4
120951,4
120952,4
120953,4
120954,4
120955,4
120956,4
120957,4
120958,4
120959,4
120960,4
120961,4
120962,4
120963,4
120964,4
120965,4
120966,4
120967,4
120968,3
120969,4
120970,4
120971,4
120972,4
120973,4
120974,4
120975,4
120976,4
120977,4
120978,4
120979,3
120980,4
120981,4
120982,3
120983,4
120984,4
120985,4
120986,4
120987,3
120988,4
120989,4
120990,4
120991,4
120992,4
120993,4
120994,4
120995,4
120996,4
120997,4
120998,4
120999,4
121000,4
121001,3
121002,4
121003,4
121004,4
121005,4
121006,4
121007,4
121008,4
121009,4
121010,4
121011,4
121012,4
121013,4
121014,4
121015,4
121016,4
121017,4
121018,4
121019,4
121020,4
121021,4
121022,4
121023,4
121024,3
121025,4
121026,4
121027,4
121028,3
121029,4
121030,4
121031,4
121032,4
121033,4
121034,4
121035,4
121036,4
121037,4
121038,4
121039,4
121040,4
121041,3
121042,4
121043,4
121044,4
121045,4
121046,4
121047,4
121048,4
121049,3
121050,4
121051,4
121052,4
121053,4
121054,4
121055,3
121056,4
121057,4
121058,4
121059,4
121060,3
121061,4
121062,4
121063,4
121064,4
121065,4
121066,4
121067,4
121068,1
121069,4
121070,4
121071,4
121072,3
121073,4
121074,4
121075,4
121076,4
121077,4
121078,4
121079,4
121080,3
121081,4
121082,4
121083,3
121084,4
121085,4
121086,4
121087,4
121088,4
121089,4
121090,4
121091,4
121092,4
121093,4
121094,4
121095,4
121096,4
121097,4
121098,4
121099,4
121100,4
121101,4
121102,4
121103,4
121104,4
121105,4
121106,4
121107,4
121108,4
121109,4
121110,4
121111,1
121112,3
121113,3
121114,3
121115,4
121116,4
121117,4
121118,4
121119,3
121120,4
121121,4
121122,4
121123,4
121124,4
121125,4
121126,4
121127,4
121128,4
121129,4
121130,4
121131,3
121132,4
121133,4
121134,4
121135,3
121136,4
121137,4
121138,3
121139,4
121140,4
121141,4
121142,4
121143,4
121144,3
121145,4
121146,4
121147,4
121148,4
121149,4
121150,4
121151,4
121152,4
121153,4
121154,4
121155,4
121156,3
121157,4
121158,1
121159,4
121160,4
121161,4
121162,4
121163,4
121164,3
121165,4
121166,4
121167,4
121168,4
121169,4
121170,4
121171,4
121172,3
121173,4
121174,4
121175,4
121176,4
121177,4
121178,4
121179,3
121180,4
121181,4
121182,4
121183,4
121184,4
121185,4
121186,4
121187,4
121188,4
121189,4
121190,4
121191,4
121192,4
121193,4
121194,4
121195,4
121196,4
121197,4
121198,4
121199,4
121200,3
121201,4
121202,4
121203,4
121204,4
121205,4
121206,4
121207,4
121208,3
121209,4
121210,4
121211,3
121212,4
121213,4
121214,4
121215,4
121216,3
121217,4
121218,4
121219,4
121220,4
121221,4
121222,4
121223,4
121224,4
121225,4
121226,4
121227,4
121228,4
121229,4
121230,4
121231,4
121232,4
121233,4
121234,4
121235,4
121236,4
121237,4
121238,4
121239,4
121240,4
121241,1
121242,4
121243,4
121244,4
121245,4
121246,4
121247,4
121248,3
121249,4
121250,4
121251,4
121252,4
121253,4
121254,4
121255,3
121256,4
121257,4
121258,4
121259,4
121260,4
121261,4
121262,3
121263,3
121264,3
121265,4
121266,4
121267,3
121268,4
121269,4
121270,4
121271,4
121272,3
121273,4
121274,4
121275,4
121276,4
121277,4
121278,4
121279,4
121280,4
121281,4
121282,4
121283,4
121284,4
121285,4
121286,4
121287,4
121288,4
121289,4
121290,4
121291,4
121292,4
121293,4
121294,4
121295,4
121296,4
121297,4
121298,4
121299,4
121300,4
121301,4
121302,4
121303,4
121304,4
121305,1
121306,4
121307,4
121308,4
121309,4
121310,4
121311,4
121312,4
121313,4
121314,4
121315,4
121316,4
121317,4
121318,4
121319,4
121320,4
121321,4
121322,4
121323,4
121324,4
121325,4
121326,4
121327,4
121328,4
121329,4
121330,4
121331,4
121332,4
121333,4
121334,4
121335,4
121336,4
121337,4
121338,4
121339,4
121340,4
121341,4
121342,4
121343,4
121344,4
121345,4
121346,4
121347,4
121348,4
121349,3
121350,3
121351,4
121352,4
121353,4
121354,4
121355,4
121356,4
121357,4
121358,4
121359,4
121360,4
121361,4
121362,4
121363,4
121364,4
121365,4
121366,4
121367,4
121368,4
121369,3
121370,3
121371,4
121372,4
121373,4
121374,4
121375,4
121376,4
121377,3
121378,4
121379,4
121380,4
121381,4
121382,3
121383,4
121384,4
121385,4
121386,4
121387,4
121388,4
121389,4
121390,4
121391,3
121392,4
121393,3
121394,4
121395,4
121396,4
121397,4
121398,4
121399,4
121400,4
121401,4
121402,4
121403,4
121404,4
121405,4
121406,4
121407,1
121408,4
121409,4
121410,4
121411,4
121412,4
121413,4
121414,4
121415,4
121416,4
121417,4
121418,4
121419,4
121420,4
121421,4
121422,4
121423,4
121424,4
121425,3
121426,3
121427,4
121428,4
121429,3
121430,4
121431,4
121432,4
121433,4
121434,4
121435,4
121436,4
121437,4
121438,3
121439,4
121440,4
121441,4
121442,4
121443,4
121444,4
121445,4
121446,4
121447,4
121448,4
121449,4
121450,4
121451,4
121452,4
121453,4
121454,4
121455,4
121456,3
121457,4
121458,4
121459,4
121460,4
121461,4
121462,4
121463,4
121464,4
121465,4
121466,4
121467,4
121468,4
121469,3
121470,4
121471,4
121472,4
121473,4
121474,3
121475,4
121476,4
121477,4
121478,3
121479,3
121480,4
121481,4
121482,4
121483,4
121484,4
121485,4
121486,4
121487,4
121488,4
121489,4
121490,4
121491,4
121492,4
121493,4
121494,4
121495,4
121496,4
121497,4
121498,4
121499,4
121500,4
121501,4
121502,4
121503,4
121504,3
121505,3
121506,4
121507,4
121508,4
121509,4
121510,4
121511,4
121512,4
121513,4
121514,4
121515,3
121516,4
121517,4
121518,4
121519,4
121520,4
121521,4
121522,4
121523,4
121524,4
121525,4
121526,4
121527,4
121528,4
121529,4
121530,4
121531,4
121532,4
121533,4
121534,4
121535,4
121536,4
121537,4
121538,4
121539,4
121540,4
121541,4
121542,4
121543,4
121544,4
121545,4
121546,4
121547,4
121548,4
121549,3
121550,4
121551,1
121552,4
121553,4
121554,4
121555,4
121556,4
121557,4
121558,4
121559,4
121560,4
121561,4
121562,4
121563,4
121564,3
121565,4
121566,4
121567,4
121568,4
121569,4
121570,4
121571,4
121572,4
121573,4
121574,4
121575,4
121576,4
121577,4
121578,4
121579,4
121580,4
121581,4
121582,4
121583,4
121584,4
121585,4
121586,4
121587,3
121588,4
121589,3
121590,3
121591,4
121592,4
121593,4
121594,4
121595,4
121596,4
121597,4
121598,4
121599,4
121600,4
121601,4
121602,4
121603,4
121604,4
121605,4
121606,3
121607,4
121608,4
121609,4
121610,4
121611,4
121612,3
121613,4
121614,3
121615,4
121616,4
121617,4
121618,4
121619,4
121620,4
121621,4
121622,4
121623,4
121624,4
121625,4
121626,4
121627,4
121628,4
121629,4
121630,4
121631,4
121632,4
121633,4
121634,4
121635,4
121636,4
121637,4
121638,4
121639,4
121640,4
121641,3
121642,4
121643,4
121644,4
121645,4
121646,4
121647,4
121648,3
121649,1
121650,4
121651,3
121652,4
121653,4
121654,4
121655,4
121656,4
121657,4
121658,4
121659,4
121660,4
121661,4
121662,4
121663,4
121664,4
121665,4
121666,4
121667,4
121668,4
121669,4
121670,4
121671,4
121672,4
121673,4
121674,4
121675,4
121676,3
121677,4
121678,4
121679,4
121680,4
121681,4
121682,4
121683,4
121684,4
121685,4
121686,4
121687,4
121688,4
121689,4
121690,4
121691,4
121692,4
121693,4
121694,4
121695,4
121696,4
121697,4
121698,1
121699,3
121700,4
121701,4
121702,4
121703,4
121704,4
121705,4
121706,4
121707,4
121708,4
121709,4
121710,3
121711,4
121712,4
121713,4
121714,4
121715,4
121716,3
121717,4
121718,4
121719,4
121720,4
121721,4
121722,4
121723,4
121724,4
121725,4
121726,4
121727,4
121728,4
121729,4
121730,3
121731,4
121732,4
121733,4
121734,4
121735,4
121736,4
121737,4
121738,4
121739,4
121740,4
121741,4
121742,4
121743,4
121744,3
121745,4
121746,4
121747,4
121748,4
121749,4
121750,3
121751,4
121752,4
121753,4
121754,4
121755,4
121756,4
121757,4
121758,3
121759,3
121760,4
121761,4
121762,4
121763,4
121764,4
121765,4
121766,4
121767,4
121768,4
121769,4
121770,4
121771,3
121772,4
121773,4
121774,3
121775,3
121776,4
121777,4
121778,4
121779,4
121780,4
121781,4
121782,4
121783,4
121784,3
121785,1
121786,3
121787,4
121788,4
121789,4
121790,4
121791,4
121792,4
121793,4
121794,4
121795,3
121796,4
121797,4
121798,4
121799,4
121800,4
121801,4
121802,4
121803,4
121804,3
121805,4
121806,3
121807,4
121808,4
121809,4
121810,4
121811,4
121812,4
121813,4
121814,4
121815,4
121816,4
121817,4
121818,4
121819,4
121820,4
121821,4
121822,4
121823,4
121824,4
121825,4
121826,4
121827,4
121828,3
121829,4
121830,4
121831,3
121832,4
121833,4
121834,4
121835,4
121836,4
121837,4
121838,4
121839,4
121840,4
121841,4
121842,4
121843,3
121844,4
121845,4
121846,4
121847,4
121848,4
121849,4
121850,4
121851,4
121852,4
121853,4
121854,4
121855,4
121856,4
121857,4
121858,1
121859,4
121860,3
121861,4
121862,4
121863,1
121864,1
121865,4
121866,4
121867,4
121868,4
121869,4
121870,4
121871,4
121872,4
121873,4
121874,4
121875,4
121876,4
121877,4
121878,4
121879,4
121880,4
121881,4
121882,4
121883,4
121884,4
121885,4
121886,4
121887,4
121888,4
121889,4
121890,4
121891,4
121892,4
121893,4
121894,4
121895,4
121896,4
121897,4
121898,4
121899,4
121900,4
121901,4
121902,4
121903,4
121904,4
121905,4
121906,3
121907,4
121908,4
121909,3
121910,4
121911,3
121912,4
121913,4
121914,4
121915,3
121916,3
121917,4
121918,4
121919,4
121920,4
121921,4
121922,4
121923,4
121924,4
121925,4
121926,4
121927,4
121928,4
121929,4
121930,4
121931,4
121932,3
121933,1
121934,3
121935,4
121936,4
121937,4
121938,4
121939,4
121940,4
121941,4
121942,4
121943,4
121944,4
121945,4
121946,4
121947,3
121948,4
121949,4
121950,3
121951,4
121952,4
121953,4
121954,4
121955,4
121956,4
121957,4
121958,4
121959,4
121960,4
121961,4
121962,4
121963,4
121964,4
121965,1
121966,1
121967,4
121968,4
121969,4
121970,4
121971,4
121972,4
121973,4
121974,4
121975,4
121976,4
121977,4
121978,4
121979,4
121980,4
121981,4
121982,4
121983,4
121984,4
121985,4
121986,4
121987,4
121988,4
121989,4
121990,4
121991,4
121992,4
121993,4
121994,4
121995,4
121996,4
121997,4
121998,4
121999,4
122000,4
122001,4
122002,4
122003,4
122004,4
122005,4
122006,4
122007,4
122008,4
122009,4
122010,4
122011,4
122012,4
122013,4
122014,4
122015,4
122016,4
122017,4
122018,4
122019,3
122020,4
122021,4
122022,4
122023,4
122024,4
122025,4
122026,4
122027,4
122028,4
122029,4
122030,4
122031,4
122032,4
122033,4
122034,4
122035,4
122036,4
122037,4
122038,4
122039,1
122040,4
122041,4
122042,4
122043,4
122044,4
122045,4
122046,4
122047,4
122048,4
122049,4
122050,4
122051,4
122052,4
122053,4
122054,4
122055,4
122056,4
122057,4
122058,4
122059,4
122060,4
122061,4
122062,4
122063,4
122064,4
122065,4
122066,4
122067,4
122068,4
122069,4
122070,4
122071,4
122072,4
122073,4
122074,4
122075,4
122076,4
122077,4
122078,4
122079,4
122080,4
122081,3
122082,4
122083,4
122084,4
122085,4
122086,4
122087,4
122088,4
122089,4
122090,4
122091,4
122092,3
122093,3
122094,4
122095,4
122096,4
122097,4
122098,4
122099,4
122100,4
122101,4
122102,4
122103,4
122104,4
122105,4
122106,4
122107,4
122108,4
122109,4
122110,4
122111,4
122112,4
122113,4
122114,3
122115,3
122116,4
122117,4
122118,4
122119,4
122120,3
122121,3
122122,4
122123,4
122124,4
122125,3
122126,4
122127,4
122128,4
122129,4
122130,4
122131,4
122132,4
122133,4
122134,4
122135,4
122136,4
122137,3
122138,4
122139,4
122140,4
122141,4
122142,4
122143,4
122144,4
122145,4
122146,4
122147,4
122148,4
122149,4
122150,4
122151,4
122152,4
122153,4
122154,4
122155,4
122156,4
122157,3
122158,4
122159,4
122160,4
122161,4
122162,4
122163,4
122164,4
122165,4
122166,4
122167,4
122168,4
122169,4
122170,4
122171,4
122172,4
122173,4
122174,4
122175,4
122176,4
122177,4
122178,4
122179,4
122180,4
122181,4
122182,4
122183,4
122184,4
122185,4
122186,4
122187,4
122188,4
122189,4
122190,4
122191,3
122192,4
122193,3
122194,4
122195,4
122196,4
122197,4
122198,4
122199,4
122200,3
122201,4
122202,4
122203,4
122204,4
122205,4
122206,4
122207,4
122208,4
122209,4
122210,4
122211,4
122212,4
122213,4
122214,4
122215,4
122216,4
122217,4
122218,3
122219,4
122220,4
122221,4
122222,4
122223,4
122224,4
122225,4
122226,4
122227,4
122228,4
122229,4
122230,4
122231,4
122232,4
122233,4
122234,4
122235,4
122236,4
122237,4
122238,4
122239,4
122240,4
122241,4
122242,4
122243,4
122244,4
122245,4
122246,4
122247,4
122248,4
122249,4
122250,4
122251,4
122252,4
122253,4
122254,4
122255,4
122256,4
122257,4
122258,4
122259,4
122260,4
122261,4
122262,4
122263,4
122264,4
122265,4
122266,4
122267,4
122268,4
122269,4
122270,4
122271,4
122272,4
122273,4
122274,4
122275,4
122276,4
122277,4
122278,4
122279,4
122280,4
122281,4
122282,3
122283,4
122284,4
122285,4
122286,4
122287,4
122288,4
122289,4
122290,4
122291,3
122292,4
122293,4
122294,4
122295,4
122296,4
122297,4
122298,4
122299,4
122300,4
122301,1
122302,4
122303,4
122304,1
122305,4
122306,4
122307,4
122308,4
122309,4
122310,4
122311,4
122312,4
122313,4
122314,4
122315,4
122316,4
122317,4
122318,4
122319,4
122320,4
122321,4
122322,4
122323,4
122324,4
122325,4
122326,4
122327,4
122328,4
122329,4
122330,4
122331,4
122332,4
122333,4
122334,1
122335,4
122336,3
122337,4
122338,4
122339,4
122340,4
122341,4
122342,3
122343,4
122344,4
122345,4
122346,4
122347,4
122348,4
122349,4
122350,4
122351,4
122352,4
122353,4
122354,4
122355,4
122356,4
122357,4
122358,4
122359,4
122360,4
122361,3
122362,4
122363,4
122364,4
122365,4
122366,4
122367,4
122368,4
122369,4
122370,4
122371,4
122372,4
122373,4
122374,4
122375,4
122376,4
122377,4
122378,4
122379,4
122380,4
122381,4
122382,4
122383,4
122384,4
122385,4
122386,4
122387,4
122388,4
122389,4
122390,4
122391,4
122392,4
122393,4
122394,4
122395,4
122396,4
122397,4
122398,4
122399,4
122400,4
122401,4
122402,4
122403,4
122404,4
122405,4
122406,4
122407,4
122408,4
122409,4
122410,4
122411,4
122412,4
122413,4
122414,4
122415,4
122416,4
122417,4
122418,4
122419,4
122420,4
122421,4
122422,4
122423,4
122424,4
122425,4
122426,4
122427,4
122428,4
122429,4
122430,4
122431,4
122432,3
122433,4
122434,4
122435,4
122436,3
122437,4
122438,4
122439,4
122440,4
122441,4
122442,4
122443,4
122444,4
122445,4
122446,4
122447,4
122448,4
122449,4
122450,4
122451,4
122452,4
122453,4
122454,4
122455,4
122456,4
122457,4
122458,3
122459,4
122460,4
122461,4
122462,4
122463,4
122464,4
122465,4
122466,4
122467,4
122468,4
122469,4
122470,4
122471,4
122472,3
122473,4
122474,4
122475,4
122476,4
122477,4
122478,4
122479,4
122480,4
122481,4
122482,4
122483,4
122484,4
122485,4
122486,4
122487,4
122488,4
122489,4
122490,4
122491,4
122492,4
122493,4
122494,4
122495,4
122496,4
122497,1
122498,4
122499,4
122500,4
122501,4
122502,4
122503,4
122504,4
122505,4
122506,4
122507,4
122508,4
122509,4
122510,3
122511,4
122512,4
122513,3
122514,4
122515,4
122516,4
122517,4
122518,4
122519,4
122520,4
122521,4
122522,4
122523,4
122524,4
122525,4
122526,4
122527,4
122528,4
122529,1
122530,3
122531,3
122532,4
122533,4
122534,4
122535,4
122536,4
122537,4
122538,4
122539,4
122540,4
122541,4
122542,4
122543,4
122544,4
122545,4
122546,4
122547,4
122548,4
122549,1
122550,1
122551,4
122552,4
122553,4
122554,4
122555,4
122556,4
122557,4
122558,3
122559,4
122560,4
122561,4
122562,4
122563,4
122564,4
122565,4
122566,4
122567,4
122568,4
122569,4
122570,4
122571,4
122572,4
122573,4
122574,4
122575,4
122576,4
122577,4
122578,4
122579,4
122580,4
122581,4
122582,4
122583,4
122584,4
122585,4
122586,4
122587,4
122588,4
122589,4
122590,4
122591,4
122592,4
122593,4
122594,4
122595,4
122596,4
122597,4
122598,4
122599,4
122600,4
122601,4
122602,4
122603,4
122604,4
122605,4
122606,4
122607,4
122608,4
122609,4
122610,4
122611,4
122612,4
122613,3
122614,3
122615,4
122616,4
122617,4
122618,4
122619,4
122620,4
122621,4
122622,4
122623,4
122624,4
122625,4
122626,4
122627,4
122628,4
122629,4
122630,4
122631,4
122632,4
122633,4
122634,4
122635,4
122636,4
122637,4
122638,4
122639,4
122640,4
122641,4
122642,4
122643,4
122644,4
122645,4
122646,3
122647,4
122648,4
122649,4
122650,4
122651,4
122652,4
122653,4
122654,4
122655,4
122656,4
122657,4
122658,4
122659,4
122660,4
122661,4
122662,4
122663,4
122664,4
122665,4
122666,4
122667,3
122668,4
122669,4
122670,4
122671,4
122672,4
122673,4
122674,4
122675,4
122676,4
122677,3
122678,4
122679,4
122680,4
122681,4
122682,4
122683,4
122684,4
122685,4
122686,4
122687,4
122688,4
122689,4
122690,4
122691,4
122692,4
122693,4
122694,4
122695,4
122696,4
122697,4
122698,4
122699,4
122700,4
122701,4
122702,4
122703,4
122704,4
122705,4
122706,3
122707,4
122708,3
122709,4
122710,4
122711,4
122712,4
122713,4
122714,4
122715,4
122716,4
122717,4
122718,4
122719,4
122720,4
122721,4
122722,4
122723,4
122724,4
122725,4
122726,4
122727,4
122728,4
122729,4
122730,4
122731,4
122732,4
122733,4
122734,4
122735,4
122736,4
122737,4
122738,4
122739,4
122740,4
122741,4
122742,4
122743,4
122744,1
122745,4
122746,4
122747,4
122748,4
122749,3
122750,4
122751,4
122752,4
122753,4
122754,4
122755,4
122756,4
122757,4
122758,4
122759,4
122760,4
122761,4
122762,4
122763,4
122764,4
122765,4
122766,4
122767,4
122768,4
122769,3
122770,4
122771,4
122772,4
122773,4
122774,4
122775,4
122776,4
122777,4
122778,4
122779,4
122780,4
122781,4
122782,4
122783,4
122784,4
122785,4
122786,4
122787,4
122788,4
122789,4
122790,4
122791,4
122792,4
122793,4
122794,4
122795,4
122796,4
122797,3
122798,4
122799,4
122800,4
122801,4
122802,4
122803,4
122804,4
122805,4
122806,4
122807,4
122808,4
122809,4
122810,4
122811,4
122812,4
122813,3
